"","host_id","accommodates","review_scores_rating","distance","demand","entire_home","washer_drier","superhost","response","price_pp"
"1",1,3,97,4.53186309859202,1.79,1,1,1,86,98.3333333333333
"2",1,2,95,6.97374051955163,1.38,0,1,1,100,54.5
"3",1,5,98,7.00133112356628,25.8,1,1,0,60,67
"4",1,2,86,5.52005071477452,4.48,0,1,1,83,63.5
"5",1,4,97,3.99536424673922,1.15,1,0,0,100,415
"6",0,3,98,5.44462753323023,5.66,0,0,1,100,83
"7",1,2,94,5.16482942189611,4.25,0,1,1,100,92.5
"8",1,2,99,1.85375063681142,5.7,1,1,0,NA,97.5
"9",1,3,89,4.41837369611213,9,1,1,0,100,128.333333333333
"10",1,5,91,3.8763279453248,4.8,1,1,0,100,80.4
"11",1,2,92,2.61921981153778,7.2,1,1,0,100,147.5
"12",1,2,80,4.88355548664439,1.92,0,1,1,83,73.5
"13",1,2,64,5.08597872417876,1.92,0,1,1,83,73.5
"14",1,1,98,5.37142266903704,10.44,0,0,1,100,89
"15",1,4,95,6.05298483206763,6,1,1,1,100,127.25
"16",1,3,98,5.91999965523712,2.94,1,0,1,100,110
"17",1,4,96,3.37018745642072,3.9,1,1,0,100,175
"18",0,3,96,6.66167411877009,16.2,1,1,0,0,42.3333333333333
"19",1,2,97,4.14606886641093,8.32,0,0,1,91,70
"20",1,2,78,5.6967266283758,4.48,0,1,1,83,63.5
"21",1,1,98,6.96280617370204,6.45,0,0,1,100,128
"22",1,2,98,5.77044636857514,10.35,1,0,1,100,107.5
"23",1,2,98,5.96248429651944,5.14,0,1,1,100,119.5
"24",0,1,96,4.43536620001374,1.76,0,1,0,NA,79
"25",1,4,96,2.71856546821714,13.6,1,0,1,100,48.75
"26",1,2,99,7.44995473488371,4.75,0,1,1,100,92.5
"27",1,2,98,3.71134800269777,11.76,0,0,1,91,70
"28",1,3,95,5.4664703911232,10.96,0,0,1,100,68.3333333333333
"29",1,10,91,3.88906384916435,0.99,1,1,0,100,79
"30",0,4,96,5.24113685775924,0.52,0,0,1,100,93.5
"31",1,4,97,7.88314718376918,0.64,1,1,1,100,92.5
"32",1,4,99,8.3250847644386,1.1,1,0,1,100,48.75
"33",0,2,96,7.54920153624853,24.6,1,1,0,NA,75
"34",0,2,99,5.08093813161024,5.19,1,1,1,100,175
"35",1,2,95,6.67035536373813,6.3,1,0,1,100,131
"36",1,2,98,7.4643917437315,13.2,1,1,0,NA,79.5
"37",1,2,92,5.32410997549438,25.8,1,1,1,100,79
"38",1,3,94,5.3789052823759,1.96,1,1,1,100,93
"39",1,2,98,7.47131043279393,6.96,0,0,1,100,88.5
"40",1,4,96,5.77233301385735,27.9,1,1,1,100,102.5
"41",1,2,93,8.28025506288973,1.8,1,0,1,100,120
"42",1,2,87,8.22656415084647,1.2,1,0,1,100,120
"43",0,2,91,6.33323153754278,1.1,1,0,0,NA,52
"44",1,3,80,6.49686583798319,0.9,1,1,1,100,101.666666666667
"45",1,2,56,4.42000699246547,2.1,1,1,1,100,177
"46",1,4,100,6.32628007052548,0.9,1,0,0,NA,78.75
"47",1,2,94,5.43933482669851,3.78,1,0,1,100,95.5
"48",1,2,97,10.2240870431616,8.4,1,0,1,100,114
"49",0,2,96,1.81930922471681,7.2,1,0,1,100,140
"50",1,4,100,5.83835186265227,25.55,1,0,0,NA,2527.25
"51",1,2,98,4.19766392808235,28.8,1,0,1,100,147
"52",1,2,98,7.71625574623248,3.87,0,1,1,100,75
"53",1,2,88,2.20957750166143,5.7,1,1,1,100,157.5
"54",0,2,94,1.97521477478797,10.8,1,1,1,100,137.5
"55",1,4,94,6.79899769508017,2.7,1,1,1,100,78
"56",1,4,95,6.99285092496716,7.2,1,1,1,100,79
"57",1,4,96,2.20720310897382,2.4,1,1,1,100,46.75
"58",0,4,90,6.90639874280423,0.6,1,1,0,0,118.75
"59",1,2,98,7.00155639709377,6.28,1,1,1,100,105
"60",0,4,96,0.566071151877394,4.7,0,1,0,100,74.75
"61",1,2,20,8.65560472252726,0.6,0,1,0,NA,150
"62",1,6,97,4.52639680779308,7.52,1,1,0,100,115
"63",1,2,97,7.43820547861245,1.26,0,1,1,100,87.5
"64",0,6,96,5.09983021730628,1.62,1,1,0,100,200
"65",1,2,94,6.54182028781028,6.84,1,0,1,100,115.5
"66",1,2,99,1.10903201532035,19.8,0,1,1,100,102.5
"67",0,2,84,6.27325578551552,28.8,1,1,0,NA,85
"68",1,6,96,8.73100247407329,3.9,1,1,1,100,86.8333333333333
"69",1,3,79,7.07373445426058,12.3,1,1,1,100,80
"70",0,2,99,6.00205070919762,10.8,1,1,1,100,253
"71",1,2,98,5.47167778051103,15,1,0,0,100,100
"72",1,2,91,8.67997947637089,11.1,0,0,0,74,55.5
"73",1,2,82,8.55622814597228,7.8,0,1,0,74,48.5
"74",1,4,93,8.74999329134398,2.1,1,1,1,100,110
"75",1,3,98,7.00109765983265,3.3,1,1,1,100,36
"76",0,1,93,1.88316243240427,4.2,0,1,0,96,30
"77",0,1,92,1.90018558234964,3.67,0,1,0,96,45
"78",1,2,98,6.96874712050649,9.57,0,1,1,100,84.5
"79",1,2,60,5.43228488481748,0.6,1,0,0,100,100
"80",1,8,92,3.90083505619754,27.6,1,1,0,83,27.25
"81",0,2,94,2.02746445867208,3.78,0,1,0,96,45
"82",1,6,89,3.77103117566696,14.7,1,1,0,83,21.5
"83",1,4,96,4.02581504195041,6,1,1,0,83,52.5
"84",1,2,84,8.54983352680544,9.9,0,0,0,74,43.5
"85",1,2,100,8.55590942066049,2.7,0,0,0,74,47.5
"86",1,2,88,8.64600326315488,9.9,0,0,0,74,50
"87",1,2,98,7.8713431461959,10.89,1,1,1,100,92.5
"88",1,3,82,8.54824746398957,7.2,0,1,0,74,45.6666666666667
"89",1,1,95,5.76891811080723,26.7,0,0,0,89,175
"90",1,2,98,4.69246268865161,9.9,1,1,1,100,120
"91",0,4,94,3.58478761220302,4.8,1,1,1,100,63.25
"92",1,3,78,8.53424604842544,6,0,1,0,74,36.6666666666667
"93",1,1,97,3.11299643830309,5.1,1,0,0,NA,325
"94",1,1,97,3.4000809306929,0.94,0,0,1,100,145
"95",1,2,97,8.87420937220828,2.4,1,1,1,100,120
"96",1,2,95,5.86552494803035,12.45,1,0,1,100,80
"97",1,2,99,7.02224218077539,6.82,0,0,1,100,72.5
"98",1,6,95,5.82745442201202,28.5,1,1,0,NA,65.1666666666667
"99",1,5,100,5.78916109321466,0.44,1,1,0,100,90
"100",1,1,80,9.05430964761164,6.75,0,1,0,100,170
"101",1,2,99,2.52930543187753,17.4,1,1,0,100,140
"102",1,4,94,9.26910042444833,7.06,1,0,1,100,63.75
"103",0,4,94,10.5902466400378,2.7,1,1,0,100,72.5
"104",1,1,97,5.33716274359507,5.57,0,0,1,100,125
"105",1,4,98,0.858164150141994,3,1,1,1,100,72.5
"106",1,2,99,4.29868566030195,11.7,1,0,0,NA,175
"107",1,5,97,5.03987944775718,24.6,1,1,0,93,55
"108",1,3,99,5.68798153458046,4.44,1,1,1,100,182.666666666667
"109",0,2,98,5.80642765921671,24.9,1,1,1,100,98.5
"110",1,2,96,7.60678025732011,1.27,0,0,1,100,57
"111",1,4,97,0.872893219148708,2.1,1,1,0,100,107.5
"112",1,6,94,5.95986777595813,0.68,1,1,0,NA,125
"113",0,10,NA,4.7001852089962,0,1,1,0,100,59.4
"114",1,2,98,6.80290760737884,5.08,0,0,1,100,86
"115",0,2,96,6.93325164306029,4.2,1,1,0,100,117.5
"116",1,8,98,5.92159420485131,1.35,1,1,0,100,200
"117",1,3,93,1.59993041191864,19.5,1,0,0,100,100
"118",1,2,99,5.69140072858111,3.15,0,1,0,100,100
"119",1,2,97,7.70484760427193,2.96,0,0,1,100,67.5
"120",1,4,98,6.15710509354013,7.8,1,1,1,100,137.25
"121",1,6,99,4.63066035797359,0.95,1,1,0,NA,70.8333333333333
"122",0,2,99,5.52746276068143,6.81,0,1,1,100,52.5
"123",1,2,97,8.5107630310493,17.7,0,1,1,100,61.5
"124",1,2,87,2.28565584609497,7.2,1,0,1,100,132.5
"125",1,2,94,2.2628921837864,15,1,1,1,100,145
"126",1,2,83,8.53083661147928,3.3,0,1,0,74,40.5
"127",0,4,97,1.52359319938512,18.6,1,1,0,90,52.5
"128",1,2,93,5.86918543522175,6,1,1,0,100,130
"129",1,4,97,8.15387601452467,7.89,1,1,1,100,90
"130",1,2,98,7.72414433953675,3.4,0,0,1,100,67.5
"131",1,2,98,1.18852739998929,2.4,1,0,1,100,120
"132",1,2,97,4.7976135630116,9.56,1,0,1,100,90.5
"133",1,1,99,6.9629689295705,9.9,0,1,1,89,100
"134",0,2,100,1.23978852944026,3.3,1,1,0,NA,203.5
"135",1,8,96,7.28426493675315,7.7,1,1,1,100,59.625
"136",1,1,96,6.92894485935072,9.3,0,1,1,100,178
"137",1,2,96,0.685076067234401,14.19,1,0,1,100,112.5
"138",1,2,93,4.96492269193704,4.75,0,0,0,100,64.5
"139",1,4,100,5.89041183248282,4.3,1,1,0,100,107
"140",1,4,91,4.96371047553101,4.44,0,0,0,100,47
"141",1,2,89,4.92141678076418,4.87,0,0,0,100,57.5
"142",1,6,96,5.48047493285151,11.7,1,1,1,NA,95.8333333333333
"143",0,2,99,7.13873118391401,2.45,1,1,0,100,116
"144",1,2,97,9.18516085290626,5.16,0,0,0,100,62.5
"145",1,4,93,5.39205352448046,13.5,1,0,0,83,51.25
"146",1,2,89,5.06249416586017,4.31,0,0,0,100,57.5
"147",0,6,95,0.6116467885475,4.1,0,1,0,100,73.1666666666667
"148",1,2,98,5.85949257033316,2.2,1,1,1,100,125
"149",1,2,96,4.55407333259721,5.88,0,0,1,NA,67
"150",0,3,93,2.05259870209546,3.63,0,1,0,96,45
"151",1,4,97,7.76702583251338,5.7,1,1,0,100,77.5
"152",1,10,88,1.9852004267497,1.34,1,1,0,100,158.9
"153",1,4,99,6.15023034770344,24,1,1,1,100,118.75
"154",0,3,96,0.579356793699168,4.4,0,1,0,100,79.6666666666667
"155",1,4,95,10.5997396485869,6.27,1,0,1,100,67.5
"156",0,4,93,2.09245900493228,3.26,0,1,0,96,45
"157",1,2,97,3.8048217398944,2.37,1,1,1,100,112.5
"158",0,4,97,1.62007222031742,21.9,1,1,0,90,52.5
"159",0,2,90,2.78040964282136,3.3,1,1,1,96,127.5
"160",1,5,98,5.80390656224011,1.44,1,1,0,100,81
"161",1,2,98,5.56198271175677,6.08,0,0,1,100,97
"162",1,1,97,4.85882668667979,6.42,0,1,1,100,140
"163",0,2,88,1.18745204714926,8.58,0,0,0,100,57.5
"164",0,1,92,1.92192436002689,2.44,0,1,0,96,45
"165",0,5,94,1.8932367800432,2.29,0,1,0,96,45
"166",1,2,90,5.7619209747591,3.9,1,1,0,100,106.5
"167",0,2,80,2.76537294199157,0.3,1,1,1,96,119
"168",1,2,95,5.37345517939891,3.88,0,1,1,100,95
"169",1,2,95,5.43313189447805,2.5,1,1,1,100,150
"170",1,4,98,5.98432583091162,1.8,1,1,1,100,118.75
"171",0,2,95,9.68516832713118,2.52,0,1,0,100,48
"172",1,1,97,4.47125723191115,1.24,0,1,1,100,116
"173",1,3,97,9.14640542696618,11.28,1,1,1,92,61.6666666666667
"174",1,7,97,6.13173211453828,0.39,1,0,0,NA,110.714285714286
"175",1,4,94,8.30290702143056,0.45,0,1,0,100,62.5
"176",0,1,88,6.90077938594493,29.1,0,0,0,100,102
"177",1,2,100,1.58603790449007,2.76,1,1,1,100,200
"178",1,4,100,5.33093841508089,1.5,1,1,0,90,115
"179",1,8,96,5.48570770983318,1.56,1,1,0,100,96.875
"180",1,6,98,8.58023528973555,2.19,1,1,1,100,100
"181",1,2,98,5.95959173595308,3.92,1,0,1,100,130
"182",1,2,82,8.58580513773461,5.7,0,1,0,74,47.5
"183",0,4,98,5.38432635927718,3.48,1,1,1,100,96
"184",1,1,96,8.66407277501509,3.6,0,1,0,74,60
"185",0,2,96,9.60359190234657,6.81,1,0,0,100,196
"186",0,2,97,6.52990781102015,4.76,1,1,1,100,114.5
"187",1,6,97,2.56803627374626,3.99,1,1,0,100,95.8333333333333
"188",0,5,99,0.992881050501526,2.1,1,1,1,100,165
"189",1,2,94,5.28066236984107,9,1,0,0,83,95
"190",1,1,97,9.20438321238406,1.64,0,1,0,100,83
"191",1,4,97,5.29707170810547,3.81,1,1,1,100,111.75
"192",1,2,94,2.72530078661027,11.1,1,1,0,100,119
"193",0,2,100,3.52736233400731,1.8,1,0,0,NA,200
"194",1,2,99,4.78699392344072,2.22,1,1,1,100,236.5
"195",0,1,98,5.46776241460387,6.3,0,0,1,100,149
"196",1,1,100,2.7696550739534,1.2,0,1,0,100,168
"197",1,8,100,5.3802449712807,1.32,1,1,0,NA,115
"198",0,2,98,9.24954315253057,0.42,0,1,0,100,72.5
"199",1,2,93,5.07138523761685,0.24,0,1,1,100,107
"200",1,4,93,7.2640169701604,1.08,1,0,0,100,75
"201",1,4,96,4.47364577148657,11.7,1,1,1,100,77.5
"202",1,2,99,7.10184765341553,3.22,0,1,1,100,117.5
"203",1,1,96,5.7047695175119,13.5,0,1,1,100,118
"204",1,2,97,5.61926365660464,8.14,0,1,1,100,82.5
"205",1,2,69,8.74104792609302,6.6,0,1,0,74,42.5
"206",1,2,83,8.66814645901597,8.4,0,1,0,74,47.5
"207",1,3,90,5.76351418995443,6.2,0,1,1,100,65
"208",1,2,100,4.22590311676521,0.64,0,1,1,100,95
"209",0,2,NA,9.18539824209185,0,0,1,0,100,42.5
"210",1,2,97,5.66372794854171,2.44,0,1,1,100,85
"211",0,4,NA,2.68854586709275,1.5,1,1,0,67,150
"212",1,6,95,5.70071198056875,1.41,1,1,1,100,104
"213",0,1,90,6.36361086426417,3.6,0,0,0,100,105
"214",1,8,98,5.1789291020802,0.7,1,1,0,NA,109
"215",1,2,93,5.22167114352565,9.21,1,1,0,100,90
"216",1,6,96,6.9118690474347,0.56,1,1,0,100,96.6666666666667
"217",1,2,97,7.01106293825435,5.91,0,0,1,100,86
"218",1,2,97,5.52495876863103,5.76,1,1,1,100,165
"219",1,4,96,7.3137919179528,25.2,1,0,1,100,44.75
"220",1,4,100,5.33899747113732,0.76,1,1,0,100,126.25
"221",0,6,96,5.93449037988948,0.76,1,1,0,NA,141.666666666667
"222",1,4,98,7.56149857218537,2.61,1,0,1,100,62.25
"223",0,2,96,1.72004808586133,6.9,1,1,1,100,145
"224",1,2,97,5.0719782290007,6.56,0,1,1,100,97
"225",1,2,96,4.47646252423382,3.36,1,0,0,88,197
"226",1,3,95,5.78517424617285,7.2,1,1,1,100,89.6666666666667
"227",1,4,99,5.72914586201177,6.9,0,0,1,100,85.5
"228",1,1,97,5.51537959973637,8.68,0,1,1,100,118
"229",1,2,89,6.43329153768969,7.17,1,0,0,56,105
"230",0,2,95,2.76292949478882,3.3,1,1,1,96,112
"231",0,1,96,1.85825856176066,3.3,0,1,0,100,30
"232",0,1,100,1.81535173484851,3.6,0,1,0,100,30
"233",0,1,94,1.79836484794843,2.7,0,1,0,100,30
"234",1,2,99,8.35905596941145,6.06,0,1,1,100,105.5
"235",1,2,95,5.56537909231348,1.34,0,1,1,100,95.5
"236",1,2,97,5.5831335906066,0.31,0,1,1,100,92
"237",1,9,90,5.57734988123186,0.31,1,1,1,100,72.1111111111111
"238",1,2,98,3.7843283140151,6.6,1,0,0,NA,181
"239",1,6,99,9.68097948811546,5.52,1,0,1,100,80.6666666666667
"240",0,5,100,7.59699471489915,2.7,1,1,1,100,108
"241",1,7,87,4.00944666637655,6.9,1,1,0,83,35.7142857142857
"242",0,2,97,3.97196671547072,1.38,0,1,1,100,64.5
"243",1,6,93,3.62570423854219,1.41,1,1,0,100,87.5
"244",1,4,100,9.22962048690193,0.96,1,1,0,100,102.5
"245",1,2,100,0.862517100460349,0.9,0,1,0,90,174
"246",0,2,97,9.06730543569683,9.52,1,0,1,100,100
"247",1,2,99,6.83630297123488,6.63,1,0,1,100,102.5
"248",0,12,92,0.763923138324317,0.42,1,1,0,100,195
"249",0,4,94,4.57720590215192,0.87,1,1,0,NA,95
"250",1,2,98,4.57653454797065,2.9,0,1,1,100,90
"251",0,1,100,1.84139921174595,0.3,0,1,0,96,30
"252",1,6,97,9.42497319154727,5.42,0,1,1,100,58.3333333333333
"253",1,2,94,5.84631297171893,3.04,1,1,1,100,79.5
"254",1,6,95,7.61005134922238,0.78,1,1,1,NA,58.3333333333333
"255",1,6,96,8.33721545962254,2.44,1,1,1,100,125
"256",1,4,94,7.6927902087457,1.18,1,1,0,100,78.75
"257",0,5,89,5.98460101856142,1.04,1,1,0,100,63
"258",0,6,98,6.11236760803565,8.16,0,1,1,100,116.5
"259",1,5,96,4.18268880003443,1.17,1,0,1,71,95
"260",1,2,98,4.33242626633969,3.27,0,0,1,71,77.5
"261",1,2,97,9.04525725249045,2.72,1,1,0,100,150
"262",1,4,92,6.67588981719553,5.22,1,0,0,100,63.75
"263",0,2,96,5.52920781220495,7.14,1,0,1,100,80
"264",1,4,97,6.55443502190845,2.19,1,1,1,100,111.25
"265",1,2,98,1.78381227404094,1.8,1,1,1,100,207
"266",0,8,87,7.28381700840224,2.4,1,1,0,100,63.125
"267",0,4,91,7.24259397053453,0.72,1,0,0,NA,83.75
"268",1,2,97,4.69215284753835,22.5,1,1,1,100,105
"269",1,2,97,5.55227402781156,10.38,0,1,1,100,85
"270",1,4,100,4.83530487904887,0.45,1,0,0,100,173.75
"271",1,2,99,0.815181749746081,26.97,1,0,0,NA,123
"272",1,6,95,5.39310335300418,1.59,1,1,1,100,107.5
"273",1,2,96,8.09829723794705,10.5,0,0,0,NA,150
"274",1,1,97,9.32082068580347,0.35,0,0,1,100,170
"275",1,2,100,10.2163611144591,1.92,0,1,1,100,81
"276",1,8,99,8.12484529643661,1.12,1,1,0,100,81.125
"277",1,2,89,8.72547305159927,5.1,0,0,0,74,49
"278",1,8,97,5.32590919964369,1.36,1,1,1,100,118.75
"279",0,2,96,6.69113016311716,8.51,1,0,1,100,67
"280",0,7,99,2.37501597123471,1.28,1,1,1,100,191.428571428571
"281",0,2,97,7.28050941924867,5.04,1,0,1,100,102
"282",1,3,100,5.30525370066391,0.7,1,1,0,100,123.333333333333
"283",0,5,98,4.8580621547555,0.81,1,1,0,100,118
"284",0,3,100,6.98568283023274,9.64,0,1,1,100,68.3333333333333
"285",1,4,97,5.2329164753943,7.6,0,1,1,100,63.25
"286",1,2,99,1.36813198378476,0.42,1,1,0,NA,150
"287",0,2,97,7.24005257732914,14,0,0,1,100,55
"288",1,1,98,8.53614432080955,8.18,0,0,1,100,68
"289",1,6,100,4.84180862522616,0.56,1,1,0,100,103.333333333333
"290",1,3,100,5.27764299087339,0.32,0,1,1,100,86.3333333333333
"291",1,8,99,6.16598542482524,0.88,1,0,0,100,162.375
"292",1,4,100,4.27414453742112,0.6,1,1,0,NA,100
"293",1,1,97,4.12982138897581,2.2,0,1,0,100,153
"294",0,5,95,1.67396303718503,10.95,1,1,1,100,65.8
"295",1,8,100,1.8472885453315,0.4,1,1,0,NA,174.875
"296",1,2,95,7.08975355956082,12.16,1,1,0,100,94
"297",0,2,95,6.56144141394141,7.89,1,0,1,100,62
"298",1,6,99,5.17733237052215,2.61,1,1,1,100,100
"299",1,6,96,1.38230773595642,1.4,1,1,0,100,132.5
"300",1,2,100,6.82648487827809,0.84,1,0,0,100,172.5
"301",1,2,92,5.68368992690128,0.56,0,1,1,100,124
"302",1,2,83,5.57297866883126,6.9,1,1,0,100,110
"303",1,1,98,4.32878028536361,8.02,0,1,1,100,95
"304",1,2,96,5.53542771161561,9.39,0,1,1,100,80
"305",1,2,97,3.98145310758855,20.7,1,0,0,100,77.5
"306",0,5,100,4.18392085497292,1.2,1,1,0,100,120
"307",1,6,98,7.23685072754435,0.45,1,1,0,NA,187.5
"308",1,1,100,5.36964046632613,3.72,0,1,1,100,132
"309",1,2,90,6.78313489416821,18.3,0,0,0,100,69.5
"310",1,6,97,5.44666412757908,1.83,1,1,1,100,108.333333333333
"311",1,6,92,1.5988905146276,5.6,1,0,0,83,95
"312",1,4,96,3.16368265989973,13.2,1,1,0,100,32
"313",1,2,100,6.90390721420743,1.2,0,0,0,100,97.5
"314",1,4,96,5.54561302247134,1.29,0,1,1,100,85
"315",0,1,94,8.08158634594105,9.61,0,1,0,100,95
"316",0,2,100,7.54924124304989,3.3,1,1,1,100,147.5
"317",1,2,96,3.27516465196658,0.19,0,1,1,100,160
"318",1,15,97,3.22485948272391,1.31,1,1,1,100,68.3333333333333
"319",1,4,99,4.74068247947706,0.66,1,1,0,80,200
"320",1,4,100,6.95335873011331,4.2,1,1,0,NA,94.5
"321",1,2,95,1.31067137839975,13.8,0,1,1,100,140
"322",1,4,99,10.1345024810896,3.26,1,1,1,100,103.75
"323",1,2,96,7.52137288480337,8.88,0,1,1,100,62
"324",1,2,95,8.37431102894913,3.74,0,1,1,100,65
"325",1,2,99,7.0862702414178,10.29,0,1,1,100,57.5
"326",1,10,100,6.80468858512284,2.1,1,1,0,100,88
"327",1,4,100,1.47416958176256,1.8,1,1,0,NA,49.75
"328",0,2,100,5.9828588050753,2.25,1,1,0,60,211
"329",1,7,97,5.6102006151811,1.36,1,1,1,100,68.5714285714286
"330",1,2,93,6.12723456756758,9.16,0,0,1,100,103
"331",1,6,97,6.10782252046268,0.56,1,1,1,100,125
"332",1,6,99,5.26168140450296,2.13,1,1,0,NA,90.8333333333333
"333",1,2,98,4.82951555172815,13.59,1,1,1,100,80
"334",1,2,97,6.24792218101983,6.02,1,0,1,100,100
"335",1,1,NA,4.02674308235564,0,0,1,0,NA,67
"336",1,1,86,8.76100600888248,6.3,0,0,0,74,65
"337",0,6,99,5.73806731580485,1.52,1,1,0,100,108.333333333333
"338",1,4,97,5.00484167357763,3,1,1,1,100,140
"339",1,5,96,5.8259686737932,6.47,1,0,1,100,52
"340",0,4,100,4.94310089497163,1.5,1,1,0,NA,82.5
"341",1,4,99,5.13550948196013,27.9,1,1,0,100,77.5
"342",1,2,96,8.77280432229926,13.64,1,1,1,100,66.5
"343",1,2,95,5.35970437478824,7.41,1,1,1,100,92.5
"344",1,6,96,5.89739310009556,15.6,0,1,0,100,89.6666666666667
"345",1,4,96,5.05785810312106,0.84,1,1,1,100,108
"346",1,2,98,10.0633253756752,5.31,1,1,1,100,106.5
"347",1,2,97,3.11212813225528,19.2,1,1,0,100,147.5
"348",0,2,98,6.7050200029885,9.9,1,1,1,100,92
"349",1,2,92,6.25157707232835,7.2,1,1,0,100,72.5
"350",1,6,98,6.37507470907965,0.85,1,1,0,56,128.333333333333
"351",0,3,95,2.31215971222871,9.3,1,1,0,100,114
"352",0,2,100,5.4303249726578,0.14,0,1,0,60,119
"353",0,5,94,0.232753320857182,4.5,1,0,0,100,104
"354",0,2,72,2.00927956301246,3,1,1,1,100,61.5
"355",1,3,97,5.83351914550486,4.02,0,1,1,100,84.6666666666667
"356",1,3,98,5.76369291055802,7.65,0,0,1,100,56.6666666666667
"357",1,2,98,5.90123829522217,7.74,0,0,1,100,80
"358",1,3,98,4.46236228355437,25.5,1,1,1,100,161.666666666667
"359",1,6,95,4.89383877099344,9.6,1,1,0,100,83.3333333333333
"360",0,3,96,2.18265863200373,8.1,1,0,1,100,138.333333333333
"361",0,4,96,7.77981841118359,4.06,1,1,0,100,81.25
"362",1,3,97,5.71063464898685,3.85,1,1,1,100,199.666666666667
"363",1,8,96,7.80559707308398,2.34,1,1,0,100,75.625
"364",0,2,95,5.78837267760462,2.88,0,1,0,90,77.5
"365",1,2,98,7.33211751271967,7.14,1,0,1,100,107
"366",1,2,97,5.35872435654159,9.38,0,0,1,100,175
"367",1,6,99,5.98403342074326,2.56,1,1,1,100,107.5
"368",1,2,95,4.41752357559973,6.6,0,1,0,100,101.5
"369",1,3,98,6.42808372351944,2.89,0,1,1,100,91.6666666666667
"370",1,4,74,3.10447030179016,7.32,1,1,0,NA,112.5
"371",0,3,99,5.54425759697342,6.6,1,1,1,100,141.666666666667
"372",1,6,92,8.79479768319371,5.94,1,0,0,90,55
"373",1,3,99,4.38739005883898,7.5,1,0,1,100,91.6666666666667
"374",1,4,95,10.2172424837778,0.84,1,0,0,NA,63.75
"375",1,2,99,3.10424006877748,3.32,1,1,1,100,197.5
"376",1,2,98,3.83549775371451,6.48,0,0,1,100,80
"377",1,2,99,1.06198447679279,14.4,0,1,1,100,105
"378",0,2,94,1.19851556303493,0.6,1,0,0,NA,177.5
"379",1,1,95,9.37015916756013,5.7,0,1,1,100,90
"380",1,4,100,2.69353759775697,7.2,1,1,0,100,154.75
"381",0,6,87,6.99790826662439,0.75,1,1,0,100,53.3333333333333
"382",1,6,100,4.14290888828106,5.04,1,0,1,100,154
"383",1,4,93,7.65536078623762,3.03,1,1,1,100,62.5
"384",1,3,83,1.62946686458689,4,1,1,0,NA,58.3333333333333
"385",1,3,76,2.84844712169034,3.6,1,1,0,86,140
"386",0,2,88,6.96548078001599,3.9,1,1,0,100,137.5
"387",1,4,94,4.24150596540027,1.2,1,1,0,100,99.75
"388",1,2,89,11.0881673565115,9.51,0,0,0,90,50
"389",1,2,88,10.9855616471066,8.61,0,0,0,90,47.5
"390",1,4,93,4.09015940781894,0.25,1,0,0,100,420
"391",1,2,89,10.9747772045915,7.71,0,0,0,90,47.5
"392",1,2,99,3.63800717432188,3.39,1,1,1,100,175
"393",1,1,100,5.09688442804287,1.77,0,1,1,100,238
"394",1,2,97,5.68027762209485,2.48,0,1,0,NA,80
"395",1,2,97,4.71231628576687,7.84,0,0,1,100,94.5
"396",0,2,100,3.25613014414168,0.3,1,1,1,96,133
"397",1,3,96,5.09169438277795,14.4,1,1,0,100,225
"398",1,1,100,4.10045317668871,1.52,0,0,1,100,225
"399",1,4,99,4.61633938376593,2,1,1,1,100,162.25
"400",1,5,97,7.41078205652779,3.12,1,1,0,100,102
"401",0,2,73,5.39498790785358,1.5,0,1,0,75,85
"402",0,3,NA,1.33907776055995,0,1,1,0,NA,68.3333333333333
"403",1,6,95,3.37283717675426,0.1,1,1,0,NA,109.166666666667
"404",1,3,93,1.59070318574676,0.39,1,1,1,100,205
"405",1,3,97,6.87500797550636,6.76,1,1,1,NA,81.6666666666667
"406",1,1,96,0.540851386220177,2.91,0,1,1,100,203
"407",1,4,91,4.33320236280505,0.44,1,1,0,100,117.25
"408",1,6,100,1.64857342237956,0.16,1,1,1,100,137.5
"409",1,1,92,6.47740155453534,11.1,1,1,0,NA,356
"410",1,2,98,5.78011175561481,15.3,1,1,0,NA,347.5
"411",1,2,100,3.41380061026388,0.9,1,1,0,90,224.5
"412",1,2,97,6.59165726584923,9.6,0,1,1,95,60
"413",1,1,100,4.67334057924835,11.44,0,1,1,100,113
"414",0,4,98,5.61482089737115,27,1,1,1,100,75
"415",1,10,99,7.11367626421062,0.68,1,1,1,100,110.9
"416",0,2,99,5.24215277477998,5.49,1,1,1,100,175
"417",1,1,90,3.76197476133955,4.5,0,1,0,100,87
"418",1,5,95,5.9236250225324,21.45,1,1,1,100,71
"419",1,2,84,4.20610359044324,13.5,1,1,0,100,100
"420",1,6,100,2.2353902139627,0.65,1,1,0,100,190
"421",1,4,95,5.38184938603516,24.6,1,1,0,100,28.75
"422",1,2,97,5.43244855150176,1.9,0,1,1,NA,195
"423",1,4,95,5.38482575722177,2.34,1,1,1,100,75
"424",1,2,94,3.69149373656684,7.5,1,1,1,100,152.5
"425",0,3,100,5.72752389714598,2.1,1,1,0,NA,65.3333333333333
"426",1,4,97,4.46636303143082,7.04,1,1,0,100,100
"427",1,1,98,8.45639544947731,16.8,0,1,0,100,89
"428",0,2,96,3.9144254762508,19.8,1,1,0,100,118
"429",0,6,99,4.12555737187084,2.31,1,1,0,100,126.666666666667
"430",1,2,95,9.75597388071241,2.94,0,1,0,100,82.5
"431",1,2,99,3.69756864884438,9.6,0,0,0,100,87.5
"432",1,4,97,4.33484656575521,0.34,1,1,1,100,146.25
"433",1,2,99,4.02440542184775,6.1,0,1,1,100,87.5
"434",1,4,100,4.63512497669366,1.8,1,1,0,90,137.5
"435",1,10,93,10.2761499096538,2.55,1,1,0,100,109
"436",0,2,87,4.94978375537492,0.9,0,1,0,100,37.5
"437",1,6,98,5.84271607437239,2.08,1,1,0,100,62.5
"438",1,2,97,8.2627835263326,7.14,1,1,1,100,92.5
"439",0,2,84,1.34675566008793,8.84,0,0,0,100,47.5
"440",1,1,89,5.07451175267521,5.52,0,0,0,100,68
"441",1,2,99,9.53506958961052,8.49,0,0,1,100,45
"442",1,3,94,5.92376589616092,2,1,0,0,100,116.666666666667
"443",1,1,97,5.50742416662946,5.1,0,0,1,89,99
"444",0,2,98,5.55614130725308,0.96,1,0,0,60,206
"445",1,2,97,5.13840795298888,7.24,0,0,1,100,110
"446",0,4,92,6.85145992403842,27.6,1,1,0,NA,91.25
"447",1,2,93,9.15884534688833,2.54,0,0,1,100,81.5
"448",0,5,95,2.29759258401333,2.4,1,1,1,100,235
"449",1,7,95,4.9042732451707,0.8,1,1,1,100,85.5714285714286
"450",1,1,93,6.57137703646348,2.67,0,1,0,98,105
"451",1,2,92,6.57425550812391,4.39,0,1,0,98,72.5
"452",1,4,99,4.51670928270756,2.19,1,1,1,100,127.5
"453",0,2,100,6.67911831626256,2.4,1,0,0,NA,108.5
"454",1,6,98,9.39649139003269,2.05,1,1,1,100,66.6666666666667
"455",0,4,98,0.452925334921082,0.34,1,0,0,67,74.5
"456",1,2,99,6.01168054280351,7.29,0,1,1,100,85.5
"457",1,1,97,2.76135809519128,6.16,0,1,1,100,84
"458",0,2,95,7.99690886560851,4.94,0,0,1,100,67
"459",0,4,98,0.94562286346247,2.96,1,1,1,100,167.5
"460",1,2,94,6.33948518350001,3.56,0,0,1,100,60
"461",1,2,99,5.71806245044928,1.12,0,1,1,100,70
"462",1,4,98,3.39546963762854,0.83,1,1,0,NA,236.25
"463",1,2,97,6.33252196152037,0.13,0,1,0,100,131.5
"464",1,1,80,7.91511979098244,1.68,0,1,0,100,168
"465",1,2,96,5.35117260133104,18.3,1,1,0,100,90
"466",1,6,100,4.26447410953832,1.47,1,1,1,100,108.333333333333
"467",1,5,99,3.35989667178019,1.32,1,1,0,NA,140
"468",0,4,89,8.21126018123144,6.4,1,0,0,100,58.5
"469",0,6,98,5.76973530137317,1.76,1,1,0,100,230
"470",0,6,100,2.37960265302578,1.24,1,1,0,100,108.333333333333
"471",1,2,100,1.84857953708742,7.88,0,0,1,100,120.5
"472",0,2,99,5.57027344913574,8.6,0,1,1,100,90
"473",1,2,94,9.15846966114647,3.98,0,0,1,100,79
"474",1,1,95,9.02245403937381,3.8,0,0,1,100,98
"475",1,4,97,7.80430543367743,0.92,1,1,0,NA,59.5
"476",1,2,94,5.61521812435877,1.17,0,1,1,100,112.5
"477",1,2,96,1.91928777552904,5.1,1,1,0,100,187.5
"478",1,2,100,3.06572095875029,0.14,0,1,1,100,170
"479",1,7,91,9.24398809381977,1.89,1,1,0,NA,60
"480",1,5,NA,2.70363519556869,0,1,1,0,100,68
"481",1,1,98,5.10138860322691,11.55,0,0,1,100,150
"482",1,6,100,2.00691879224095,7.2,1,1,0,NA,186.5
"483",1,4,100,3.60177841009776,1.8,1,1,0,NA,108.75
"484",0,3,93,1.07602792749181,1.2,1,1,0,NA,113.333333333333
"485",0,6,94,8.95711787623016,12.9,1,1,0,100,62.3333333333333
"486",1,4,99,3.62619360484025,2,1,1,1,100,101.25
"487",1,2,97,1.6653556027077,0.78,0,1,1,100,242.5
"488",1,4,96,1.34698990662663,6,1,1,0,NA,100
"489",1,2,100,1.43631355670068,1.5,1,1,0,NA,140
"490",1,4,98,3.67908171978974,2.97,1,1,1,100,102.5
"491",1,6,93,3.82371141367427,0.72,1,1,0,75,86.6666666666667
"492",1,4,96,6.03521758189263,1.44,1,1,0,100,62
"493",1,2,96,6.40903940770514,7.12,0,0,1,100,50
"494",1,1,98,1.71683132966582,8.7,0,0,0,100,165
"495",0,1,98,8.76975950817002,6.3,0,0,1,100,185
"496",0,2,99,3.50108424262378,12.3,1,1,1,100,100
"497",0,4,99,5.79857373411427,1.14,1,1,1,100,97.5
"498",1,3,96,7.24489297321928,7.2,0,1,1,100,74.3333333333333
"499",1,2,88,4.83191034879463,2.66,0,1,0,100,69.5
"500",1,2,99,2.05107579300634,5.32,0,0,1,100,120.5
"501",0,2,100,6.1703634930727,0.18,1,0,0,100,175
"502",0,3,92,10.6125403673414,5.7,1,0,0,100,75
"503",1,2,86,4.80384303712816,3.49,0,1,0,100,64.5
"504",1,2,84,4.94943167502443,4.74,0,1,0,100,59.5
"505",1,2,89,4.93130932315829,2.63,0,1,0,100,69.5
"506",1,8,96,4.38233784485062,0.42,1,1,0,100,237.5
"507",0,5,100,5.59787673980775,0.14,0,0,1,100,94
"508",0,8,97,5.64108866826007,3.87,1,0,1,100,96.875
"509",1,5,98,2.48863311103877,5.2,1,0,1,100,237.8
"510",0,5,99,6.84733839016595,2.34,1,1,0,100,89
"511",1,2,97,5.515938827594,3.72,0,1,1,100,111.5
"512",1,5,96,3.39230175717096,11.02,1,1,0,NA,73.2
"513",1,2,91,8.16799228035821,7.53,0,1,0,100,59.5
"514",1,4,94,0.922541969967968,1.61,1,1,0,100,141.75
"515",1,5,98,2.49487822451194,11.1,0,0,1,100,205
"516",1,7,95,7.93072263784124,1.2,1,1,1,100,56.4285714285714
"517",1,2,75,3.68127725905922,5.1,0,1,0,100,45
"518",0,2,92,2.92197478104976,7.2,1,1,1,96,108.5
"519",1,4,97,4.84668640734689,1.1,1,1,0,100,135
"520",1,2,NA,5.55856567014361,0,1,1,0,NA,130
"521",1,2,97,4.71587636838046,6.75,0,1,0,100,75
"522",1,2,96,9.31026233670754,3.27,1,1,1,100,102.5
"523",1,2,96,7.30443561047635,2.43,0,1,1,100,92.5
"524",1,3,99,4.44571702817431,2.55,1,1,0,100,131.666666666667
"525",1,6,93,5.73748221750122,17.79,1,1,0,100,38.3333333333333
"526",1,2,99,8.07531580760173,10.24,1,1,1,100,102.5
"527",0,4,97,2.41526144128898,2.16,0,0,1,100,45
"528",1,6,100,7.69157959997594,0.34,1,1,1,100,55
"529",1,5,100,5.53079532825009,1.16,1,1,0,100,70.8
"530",1,6,98,1.95687228027198,0.52,1,1,1,100,362.5
"531",1,4,97,4.32448739788286,2.4,1,1,0,100,79
"532",1,3,95,7.26852476422073,21.9,1,1,0,NA,106.666666666667
"533",1,2,92,4.33518682794926,4.53,0,1,0,100,86.5
"534",1,4,100,1.22808778318396,4.2,1,1,0,100,118.75
"535",1,6,98,4.59617109508574,0.78,1,1,0,NA,195.833333333333
"536",0,6,NA,0.803819169015126,0,1,1,0,NA,190.833333333333
"537",1,4,100,4.11258102684482,1.32,1,1,1,100,107.5
"538",1,1,98,3.80923692137493,4.98,0,1,1,100,125
"539",1,3,98,4.96168840713436,2.54,0,1,1,100,78
"540",0,4,98,1.47434107455996,1.2,1,1,0,NA,151.25
"541",1,4,100,5.75297798547121,0.56,1,1,0,100,200
"542",1,3,98,3.88174517399726,4.5,1,1,0,100,100
"543",1,2,99,4.55961671095694,11.04,0,0,1,100,106
"544",1,3,98,6.46405246666818,5.37,0,1,1,100,71.3333333333333
"545",1,2,97,3.79435693021556,9.24,0,1,1,100,72.5
"546",1,2,97,5.56759448430872,2.37,0,1,1,100,122.5
"547",1,2,92,5.31498607726598,4.25,1,0,0,100,130
"548",0,1,93,8.61162573211901,4.5,0,0,1,100,192
"549",1,1,96,8.16261940271828,15.3,0,0,0,100,47
"550",1,2,98,4.38678959288123,5.4,1,1,0,NA,302.5
"551",1,2,95,6.37768346971989,8.18,1,1,1,100,137
"552",1,2,98,3.56458872821988,5.76,0,1,1,100,132
"553",1,2,100,2.10099222976822,29.7,1,1,1,100,224.5
"554",1,1,94,5.90097322863795,16.5,1,0,0,NA,225
"555",1,8,91,6.01896796665927,2.52,1,1,0,100,87.5
"556",1,4,97,9.13601908939085,9.15,0,0,1,100,61
"557",1,6,98,7.15868738522025,7.99,0,1,1,100,31.5
"558",1,6,94,6.75864876379625,1,1,1,0,NA,66.6666666666667
"559",1,8,100,7.42921173520979,1.02,1,1,0,NA,65.625
"560",0,6,97,5.45933830995789,1.96,1,1,1,100,133.333333333333
"561",1,1,98,5.13482020358113,4.51,0,1,1,100,110
"562",1,4,97,3.54301625711926,22.2,1,1,1,100,71.25
"563",0,2,99,4.24648982760793,5.12,1,0,0,NA,168
"564",1,2,97,4.89004452538903,19.17,1,0,1,100,97
"565",1,2,98,9.15418323657236,7.44,0,0,1,100,97
"566",0,2,96,6.69666687471387,13.2,1,1,0,100,187
"567",1,1,100,5.62117965523111,9.3,0,0,1,89,89
"568",1,2,91,5.32665629358781,5.1,1,1,0,100,120.5
"569",1,2,93,2.59377248484873,0.4,1,1,0,NA,537.5
"570",1,2,96,0.589877960140586,0.08,1,1,1,100,137.5
"571",1,6,100,6.98325703476766,3.93,1,1,1,100,106.666666666667
"572",1,2,97,4.99552788893874,6.92,0,1,0,89,110
"573",1,1,93,5.782719417496,3.14,0,0,1,100,225
"574",1,2,93,6.79948368646283,3,1,1,1,100,130
"575",0,2,97,6.94898990995684,3.12,0,1,1,100,167
"576",0,2,100,3.45388454017912,8.4,1,1,1,96,115.5
"577",1,3,100,5.5863706774379,0.38,1,1,0,100,86
"578",1,2,89,4.95548585457528,5.1,1,1,0,60,78.5
"579",1,7,95,7.07639275313742,3.12,1,0,1,100,71.2857142857143
"580",1,5,99,3.62286548163029,2.1,1,0,1,100,190
"581",1,6,86,5.11056903424858,5.6,1,1,0,100,55
"582",1,2,100,2.95537676340369,2.1,1,1,1,83,229
"583",0,2,97,3.21969264016236,10.8,1,1,1,100,150
"584",1,2,98,10.9057573479861,13.02,1,0,1,100,74
"585",1,3,98,4.28763652792373,16.59,0,0,1,100,75
"586",1,2,98,8.56127978179215,9.4,0,0,1,100,55
"587",0,6,93,4.08837128956751,18.6,1,1,0,100,84.6666666666667
"588",1,4,99,5.2463105570677,7.77,1,1,1,100,85
"589",1,4,98,1.58008377330755,19.2,1,1,0,NA,111.25
"590",1,4,96,7.89310891256416,6.68,1,0,0,100,62.25
"591",1,6,92,6.89848638966901,8.5,1,1,0,100,66.1666666666667
"592",1,6,99,9.4552906702692,3.63,1,1,0,100,90.8333333333333
"593",1,4,92,3.77236385715543,1.1,1,1,0,100,93.75
"594",1,5,97,6.47525119780171,10.5,1,1,1,90,84
"595",0,4,92,3.99222666566794,10.8,1,1,0,100,112.25
"596",0,5,97,8.10184018307733,2.97,1,1,1,100,127.4
"597",1,4,98,6.45895405496678,1.02,1,1,0,100,112.5
"598",1,2,97,4.05604116004451,0.2,0,1,0,100,127.5
"599",1,8,99,9.52611700684289,2.1,1,1,1,100,53.75
"600",1,5,97,1.32016544019075,1.54,1,1,1,100,144.8
"601",1,4,99,9.339819412172,11.22,1,1,1,100,57.5
"602",1,2,100,4.99556423572941,9.52,0,1,1,100,87
"603",1,2,98,4.05170531112639,1.38,1,0,1,100,150
"604",1,4,93,5.41312715540959,4.6,1,1,0,100,100
"605",1,4,97,3.89949206998348,22.8,1,1,0,NA,74.75
"606",1,2,99,6.99886492832029,22.8,1,1,1,100,122.5
"607",1,2,100,6.79322667702101,1.84,0,1,1,100,107.5
"608",0,2,98,1.4546858963462,10.2,1,0,0,NA,147.5
"609",1,2,89,4.88217831074388,2.7,1,1,0,60,74
"610",1,4,98,5.67264463397285,2.12,1,0,0,100,125
"611",1,2,96,3.98156266442868,16.2,1,1,1,100,100
"612",1,2,97,3.12543322184263,12.9,1,1,1,100,90
"613",1,3,97,6.18433955807045,10.5,1,0,1,100,99.6666666666667
"614",0,8,94,8.14899787913954,11.38,1,0,0,100,58.75
"615",1,4,93,5.33193892822029,27.6,1,1,0,NA,250
"616",1,2,94,5.67801779177911,5.86,1,1,0,88,129
"617",1,6,100,7.85017215416066,0.4,1,1,0,NA,118.333333333333
"618",1,4,95,5.5671687292808,7.02,1,1,1,100,100
"619",0,2,100,5.5294116040365,16.5,1,1,1,100,60
"620",1,4,98,7.150627543661,3.9,1,1,0,NA,87.5
"621",1,2,99,4.33156215729554,1.8,1,1,0,NA,140
"622",1,2,98,1.59580083222494,4.56,1,1,0,100,85
"623",1,1,94,5.48916815252567,4.32,0,1,0,100,119
"624",1,2,93,3.60554354411503,18,1,1,1,100,98
"625",1,2,99,3.91440052430405,1.03,0,1,0,100,155
"626",1,2,97,3.60947034044846,8.04,0,1,1,100,112
"627",0,2,95,9.16476745820381,1.74,0,1,1,100,82.5
"628",1,2,100,2.96502145748926,1.36,0,0,1,100,135
"629",1,2,96,6.4632324027346,6.09,1,1,1,90,130
"630",0,2,98,5.47686165468814,9.51,0,0,1,100,95
"631",1,2,95,1.3529048894831,17.7,0,1,0,100,130.5
"632",0,1,96,2.15484379726659,15,0,1,0,60,129
"633",1,4,98,3.62866074563102,10.8,1,1,0,100,235
"634",1,1,94,8.57578141908683,4.38,1,0,0,NA,198
"635",0,2,80,9.15318474035499,4.89,0,1,0,82,47.5
"636",0,2,89,9.1826189022198,1.67,0,1,0,82,45.5
"637",1,4,95,6.00918480347655,2.8,1,0,1,100,72
"638",1,1,99,5.25775621642877,2.44,0,1,1,100,189
"639",1,4,97,8.57926251557278,3.15,1,1,1,100,81.25
"640",1,1,88,11.0683041495347,19.8,0,1,0,NA,79
"641",1,3,100,3.31243098831259,1.74,0,0,1,100,126.666666666667
"642",1,6,94,6.14558953296807,5.8,0,0,0,100,173.166666666667
"643",0,3,86,5.27979159691649,0.3,1,1,0,NA,108.333333333333
"644",1,2,98,6.49386348795244,10.02,1,0,1,100,87.5
"645",1,1,99,5.92176182071007,0.32,0,0,0,100,190
"646",0,1,99,5.57153485862799,5.3,0,0,1,90,125
"647",1,5,99,5.54277512301169,6.03,1,1,1,100,145
"648",1,2,80,5.92945724665546,1.5,1,1,0,60,70.5
"649",1,6,98,5.6872619920034,0.98,1,1,0,100,38.3333333333333
"650",0,2,96,6.28445442336784,5.42,0,1,1,100,82.5
"651",0,1,100,6.95565050013967,18.29,0,0,0,100,215
"652",1,4,100,5.09732950002345,1.11,1,1,0,100,129.5
"653",1,4,98,6.20493922214864,11.16,1,1,1,100,152
"654",0,4,93,3.26930364854808,11.1,1,1,0,NA,164.5
"655",1,4,96,9.24161063956663,9.6,1,0,1,100,67
"656",1,10,88,2.76827165066216,0.6,1,1,1,100,85
"657",0,4,100,5.68493658097648,1.24,1,1,1,100,97.5
"658",1,5,98,3.93534199076068,6.54,1,0,1,100,87
"659",1,2,99,4.35750401152942,5.1,0,1,1,100,85
"660",1,1,96,6.81449949845457,9.9,0,1,0,100,110
"661",1,2,97,6.06602354417479,4.12,0,1,1,100,72.5
"662",0,2,99,7.49885840194652,11.96,1,1,1,100,125
"663",1,2,96,5.11881047573163,5.86,1,0,1,100,175
"664",1,2,98,3.49605562404595,5.25,1,1,1,100,112.5
"665",1,2,99,5.5252848968461,14.7,1,1,0,100,130
"666",0,2,NA,2.259550948333,0,1,1,0,100,119.5
"667",1,2,99,3.81274694205501,9.69,0,1,1,100,94.5
"668",1,10,93,5.85000007801095,4.14,1,1,0,100,81.8
"669",1,11,94,5.76010712946106,1.2,1,1,0,100,179.545454545455
"670",0,3,94,7.26885338077134,6.68,1,0,1,100,84.3333333333333
"671",1,1,95,9.21109179850523,5.56,0,0,1,100,99
"672",1,1,100,6.44273431164458,1.41,0,1,0,100,240
"673",0,5,92,4.06150460941101,3.84,1,0,0,100,77
"674",1,2,100,6.35425008057083,5.7,1,1,1,NA,125
"675",1,2,98,6.46317142101108,7.36,1,1,1,88,150
"676",1,2,100,2.68369012134158,7.5,1,1,1,NA,100
"677",1,2,96,5.09346447149284,3.15,0,1,1,100,75
"678",1,2,100,4.33701920212993,0.31,1,1,0,100,187.5
"679",0,1,98,5.04287632013,9.3,0,1,0,NA,200
"680",1,3,98,5.57493899115696,12.06,1,1,1,100,73.3333333333333
"681",1,2,98,3.86505723609215,3.3,0,1,0,100,50
"682",1,2,96,4.88460692452889,6.28,1,1,1,100,111.5
"683",1,4,99,5.28268165108484,8.88,1,0,1,100,85
"684",0,8,94,8.3019679739314,2.79,1,1,1,NA,103.125
"685",0,2,100,3.75786402092219,7.2,1,1,1,100,160
"686",1,2,93,4.5446976082735,4.65,0,1,0,100,83.5
"687",1,2,93,4.34228325408727,2.79,0,1,0,100,79.5
"688",1,2,93,3.58736318115107,1.5,1,0,0,60,100
"689",1,2,85,3.63039580876,13.2,1,1,0,100,99
"690",0,8,98,2.53186344777819,3.27,1,1,0,67,155.625
"691",1,2,100,5.61199254229527,1.8,1,1,0,NA,185
"692",0,1,100,5.36887470928062,8.55,0,1,1,100,80
"693",1,2,88,5.03121519910181,2.7,1,1,0,60,78.5
"694",1,2,97,3.69567886633021,19.8,1,1,0,100,225
"695",1,6,94,10.1177121483655,6.6,1,1,0,NA,65.1666666666667
"696",1,7,100,6.31681646196691,1.4,1,1,0,NA,171.428571428571
"697",1,5,97,6.13485453116532,1.45,1,1,0,NA,86.8
"698",0,6,95,2.99163041587578,2.12,1,0,1,100,108.333333333333
"699",1,4,100,4.89604236245941,0.84,1,1,0,NA,225
"700",1,8,97,6.98485676911268,8.36,0,1,1,100,31.25
"701",1,4,97,9.60928098645502,3.7,0,0,1,100,62.75
"702",1,2,97,1.88567857030951,17.4,1,0,1,80,140
"703",1,2,96,9.55366081941015,5.84,1,0,0,100,62.5
"704",1,2,99,2.19216274313231,26.4,1,0,0,100,175
"705",1,4,92,5.2092556229665,2.57,0,0,1,100,70
"706",1,3,98,6.26715815620369,3.98,0,1,1,100,80
"707",1,1,99,7.31688955123602,4.04,1,0,1,100,135
"708",1,5,97,5.58071474585962,0.44,1,1,1,100,284.2
"709",1,1,95,5.65415119897135,0.78,0,1,1,100,240
"710",0,2,100,6.62514516040777,7.32,0,1,1,100,72.5
"711",0,2,98,3.48765121616929,8.68,1,1,0,NA,135
"712",0,2,99,4.88121078921622,6.24,1,1,1,100,124.5
"713",1,1,99,4.66850994949619,3.48,0,1,1,100,150
"714",1,4,95,2.52092183964616,8.1,1,1,0,100,24.5
"715",1,2,95,5.15701360342652,3.57,0,1,0,100,102.5
"716",1,2,96,7.57856254672968,2.03,0,0,1,78,67.5
"717",0,6,100,5.58377408505085,0.15,1,1,1,93,108.166666666667
"718",1,5,99,6.38341568290796,5.88,1,1,1,100,97.8
"719",1,3,88,7.56421890641936,10.2,1,1,0,100,141
"720",1,3,98,4.43615084066979,3.42,1,1,1,100,166.666666666667
"721",1,2,98,2.56162503445971,4.2,0,1,0,100,102.5
"722",1,2,100,3.28982022040022,8.7,1,1,1,100,78.5
"723",1,6,NA,7.70541242611865,0,1,1,0,NA,125
"724",1,2,97,7.63238818726534,7.65,0,1,1,100,105
"725",0,1,98,4.37596472078756,4.01,0,1,1,100,132
"726",1,2,98,5.84499560356832,9.56,0,1,1,100,76
"727",1,2,90,5.14221008406133,3.6,1,1,0,100,137.5
"728",1,4,99,5.3554853392624,13.14,0,0,0,NA,99.25
"729",1,2,95,9.4237423921946,10.42,0,0,1,100,47
"730",1,5,96,7.57281247625506,3,1,1,0,100,153.8
"731",1,4,93,3.25949016466969,1.44,1,1,0,NA,162.5
"732",1,3,84,6.51448096000561,1.05,1,1,0,NA,99.6666666666667
"733",1,2,94,10.0350936994433,4.49,0,1,1,100,59.5
"734",1,3,96,4.29401493502813,3.25,1,1,0,100,89
"735",1,6,100,6.40754214459397,0.96,1,1,0,100,150
"736",1,6,100,5.30395024000072,0.18,1,1,0,100,108.333333333333
"737",1,6,99,4.89683275005223,12.18,1,1,1,100,133.333333333333
"738",1,3,98,8.63532731842354,8.18,0,1,1,100,61.3333333333333
"739",1,2,96,9.39124311337709,10.3,0,0,1,100,49.5
"740",1,2,89,5.2891781627493,10.55,1,1,0,60,114.5
"741",1,2,94,9.36873072198346,10.66,0,0,1,100,47
"742",1,6,96,5.07925465385289,1.75,1,1,0,NA,120.833333333333
"743",1,4,98,5.05554439124959,7.53,1,1,1,100,81.25
"744",1,1,NA,2.94115504032028,0,1,0,0,NA,182
"745",1,2,98,6.62030493850817,9.05,0,1,1,95,52.5
"746",1,5,98,8.55670369073798,1.68,1,1,0,100,68
"747",1,3,96,5.26437391234021,11.4,1,1,0,NA,78.3333333333333
"748",0,2,93,5.19805533737117,5.7,0,1,0,NA,107.5
"749",1,4,90,2.50343777726716,13.8,1,1,0,100,24.75
"750",1,1,96,4.10778993616709,2.37,0,1,1,100,91
"751",1,2,95,9.39672168713176,10.08,0,0,1,100,49.5
"752",1,2,94,10.6003274691581,21.3,0,0,0,100,57.5
"753",1,5,99,8.33407384914881,2.72,1,1,1,100,74.6
"754",1,2,95,1.50787542691391,24,0,1,0,100,110
"755",1,2,96,8.77396077644598,8.68,1,0,1,NA,130.5
"756",1,4,96,10.4002950709933,5.12,1,1,1,100,58.75
"757",1,2,96,5.52055028719149,5.62,0,1,1,100,95
"758",1,1,95,9.21690778601224,6.46,0,0,1,100,99
"759",1,6,98,4.36294338327251,0.56,1,1,0,100,88.3333333333333
"760",1,2,98,2.66508887647251,11.04,0,1,1,100,125
"761",1,4,92,9.48089451713921,8.48,0,0,1,100,68.75
"762",1,2,97,1.67664835306129,11.4,1,0,0,100,135
"763",1,6,99,8.6653877538184,0.84,1,1,0,100,104.833333333333
"764",0,3,97,9.21375815429887,8.88,0,1,1,91,43.3333333333333
"765",1,3,98,3.63953212129295,26.4,1,1,1,NA,66
"766",1,5,96,2.5404027954619,3.12,1,1,1,100,122.4
"767",0,3,98,6.88687286316258,1.98,1,0,0,NA,81.6666666666667
"768",1,2,99,5.99026220214899,2.1,0,0,1,100,85
"769",1,2,98,7.42896978617195,11.5,0,1,1,100,67.5
"770",1,2,80,3.33994932545703,0.6,1,1,1,83,180
"771",1,4,100,3.17795105940925,2.4,1,1,1,83,106.25
"772",1,2,100,3.31083747677479,0.9,1,1,1,83,170
"773",1,9,96,5.28446987124005,1.26,1,1,1,100,74.8888888888889
"774",0,2,92,4.44089361845276,2.1,1,0,0,100,131
"775",1,2,98,1.1277747452872,12.6,1,1,1,NA,160
"776",1,4,92,5.1979113845187,0.56,1,0,0,NA,274.75
"777",1,5,91,4.03355540212345,1.53,1,1,0,100,99.8
"778",1,1,96,5.44963357239294,4.96,0,0,1,100,115
"779",1,2,80,1.28429958693553,0.9,1,1,1,83,232
"780",0,2,99,4.15770025791655,9.42,0,1,1,100,81
"781",0,3,NA,9.03144771296757,0,0,1,0,100,166.666666666667
"782",1,1,100,1.11786908461587,4.03,0,1,0,NA,275
"783",1,4,98,10.2629290530966,8.44,1,0,1,100,60
"784",1,2,92,7.8681389790432,5.02,1,0,0,100,77.5
"785",1,2,99,1.38294874167759,11.4,1,1,1,NA,157.5
"786",1,3,88,11.0245614732378,16.2,1,1,0,0,226.666666666667
"787",1,4,99,7.06489278250324,18.29,1,0,0,NA,94.75
"788",1,8,98,8.84387209771134,0.64,1,1,1,100,98.75
"789",1,4,89,2.17774891587573,3.04,1,1,0,100,162.5
"790",1,2,99,8.45879724814763,8.58,0,1,1,100,57
"791",1,6,95,4.51980110102822,7.86,1,1,0,100,137.5
"792",1,4,96,9.1908370208056,7.08,1,0,1,100,60.5
"793",1,1,98,6.53237526091589,4.71,0,1,1,100,170
"794",1,2,100,2.35220233921194,0.2,0,0,1,100,109.5
"795",1,2,99,2.44215015007047,0.79,0,1,1,100,165
"796",1,2,94,3.53599556208881,10.8,1,1,1,100,92.5
"797",1,2,97,7.54492399588809,23.7,1,1,1,100,90
"798",1,4,90,5.72813007701106,0.12,0,1,1,100,120
"799",1,2,99,3.55242248907806,9,1,1,1,100,74.5
"800",1,2,100,6.96800156908314,0.96,1,1,0,NA,175
"801",0,1,97,2.71143096049517,3,1,1,0,100,243
"802",1,3,98,3.44785276183327,13.41,0,1,1,100,48.3333333333333
"803",1,4,97,4.50037013221642,12.9,1,1,1,100,80
"804",0,3,100,2.20106539405631,1.2,1,1,0,100,160
"805",1,2,98,5.66401624415994,8.06,0,1,1,100,92.5
"806",1,2,98,5.46064803707548,4.72,1,1,1,100,182.5
"807",1,2,96,8.28458908508187,7.42,1,1,1,100,92.5
"808",1,2,97,4.04717535839168,3.06,1,0,0,100,130
"809",1,6,87,1.57021120189485,10.2,1,1,0,60,130.833333333333
"810",1,9,NA,2.93640527238233,0,1,1,0,NA,333.333333333333
"811",1,10,100,8.47044346960068,0.51,1,1,0,100,239
"812",0,4,98,7.72402721291884,7.5,1,1,0,100,58.25
"813",1,2,97,9.86516451366073,3.54,0,0,1,100,60
"814",1,2,87,4.92236111026266,24.3,1,1,0,75,130.5
"815",1,3,97,6.23881449524568,15.39,1,0,1,100,65
"816",1,6,99,8.28122890013426,3.78,1,1,1,100,83.5
"817",1,15,99,8.28887188621184,2.52,1,1,1,100,95.2
"818",1,4,98,8.80329451825792,6.21,1,0,1,100,81.75
"819",1,2,92,6.71791033694276,26.7,1,1,1,100,167.5
"820",0,2,100,4.90588351883904,15.64,1,1,0,100,134
"821",1,2,100,3.23280211295736,0.6,1,1,0,90,232
"822",1,2,94,10.0574947659699,21.9,0,0,0,100,55
"823",0,2,99,8.8400074448831,10.2,0,0,1,100,114
"824",1,8,96,7.36792127690122,1.82,1,1,1,100,73.75
"825",1,2,93,3.50273199252503,18,1,1,0,100,150
"826",1,4,97,9.19622341853282,8.1,1,1,0,100,62.25
"827",1,2,99,2.41903311030689,0.22,0,0,1,100,109.5
"828",0,2,100,3.77424697580868,2.7,1,1,0,NA,125
"829",1,2,97,5.26141311933519,6.32,0,1,0,NA,112.5
"830",1,3,90,2.60392540433036,2.7,1,1,0,100,32.3333333333333
"831",1,8,100,6.17045062780444,1.88,1,1,1,100,125
"832",1,2,97,2.24263102967943,0.11,0,0,1,100,109.5
"833",1,1,98,7.07792549965582,2.1,0,1,0,57,125
"834",1,2,95,3.97176628211652,2.17,0,1,1,100,47.5
"835",1,2,97,6.28297493806708,5.7,1,0,1,100,214.5
"836",1,4,94,8.38174045549552,29.14,1,1,1,100,47.5
"837",0,4,97,8.86569497750848,11.58,1,1,1,100,46.25
"838",0,6,100,6.26999666614389,5,1,0,0,100,53.3333333333333
"839",1,2,100,4.83030693620309,1.8,1,1,0,100,62.5
"840",1,6,96,3.66338301459495,9.3,1,1,0,NA,138.833333333333
"841",1,6,90,7.72484588209759,1.8,1,1,0,100,73.3333333333333
"842",1,2,97,6.52211078707214,3.42,0,0,0,100,77.5
"843",1,4,93,6.52449993837105,2.45,1,0,0,100,88.75
"844",1,2,98,1.73706593099061,18.9,1,1,1,100,162.5
"845",1,1,92,10.2259419681688,22.96,0,0,1,100,100
"846",1,2,90,7.52202125087524,11.4,0,0,0,60,77.5
"847",0,6,90,1.93426096992324,0.48,1,0,0,100,157.5
"848",1,2,98,7.32152505044572,11.6,0,1,1,100,119.5
"849",1,2,88,8.77985815553631,11.4,1,0,1,100,76
"850",1,2,82,3.01462182837188,7.8,0,0,0,100,82.5
"851",1,2,96,8.41435493736584,14,1,1,1,100,61.5
"852",1,12,97,7.4196310759364,3.84,1,1,1,100,87.5
"853",0,1,92,5.79603586311687,14.7,1,1,0,100,315
"854",1,4,97,5.13727856497717,27.3,1,1,0,100,104.5
"855",1,2,99,6.5137661215884,7.56,0,1,1,100,72.5
"856",1,4,88,4.19392431069672,1.1,1,1,1,100,58.75
"857",1,2,86,1.53205216136632,7.5,1,1,0,60,106
"858",1,2,87,1.49208036708887,8.7,1,1,0,60,141
"859",1,2,98,4.48142531275392,11.12,0,1,1,100,81.5
"860",1,5,98,3.56056113549669,7.4,1,0,1,100,102.6
"861",1,4,94,5.42345282957103,0.92,1,1,0,96,115
"862",1,2,94,8.28175113244318,2.84,0,1,0,100,53.5
"863",0,2,98,1.68827691198429,5.7,1,1,1,100,150
"864",1,2,96,2.68427499284966,4.5,1,1,0,100,46.5
"865",0,2,80,1.71412239641645,13.8,1,0,0,NA,95
"866",1,2,97,5.84656254999716,9.9,1,1,0,NA,118
"867",0,2,88,1.27424887743625,5.4,1,0,0,50,87.5
"868",1,4,100,2.13249852233728,0.27,0,0,0,100,79.75
"869",1,2,99,5.61428115194527,7.36,1,1,0,NA,90
"870",0,4,98,5.75578806858418,4.12,1,0,1,100,70
"871",1,2,98,5.31930123047939,5.27,0,1,1,100,59.5
"872",0,5,86,7.14684889762664,1.18,1,1,0,100,124
"873",1,6,95,7.56182793216355,1.92,1,1,0,NA,70
"874",1,1,98,6.08210071389107,6.3,0,0,1,100,134
"875",1,2,96,5.33933069968776,5.24,0,1,1,100,95
"876",0,1,NA,3.94874584252034,0,1,0,0,NA,614
"877",1,2,98,7.56573592034782,3.96,0,1,1,100,94
"878",1,2,99,5.04408439396671,1,1,1,0,NA,132
"879",1,4,95,2.20267417796647,6,1,1,0,90,118.75
"880",1,6,99,1.07189834302289,2.16,1,1,0,100,195.833333333333
"881",1,3,96,5.10105535793792,8.98,1,1,1,92,103.333333333333
"882",1,2,97,5.59035963365109,1.32,0,1,1,100,85
"883",1,6,98,5.91331948044565,5.52,1,0,1,100,100
"884",1,5,94,4.01113537015341,4.44,1,0,0,100,48
"885",0,5,96,9.6241173204364,4.28,1,0,1,100,81
"886",1,2,94,5.66992317398582,6.14,0,1,1,100,75
"887",1,2,94,6.02496141633415,4.58,0,1,1,100,65
"888",1,2,97,6.45331137008153,7.95,1,0,1,100,160
"889",1,2,97,0.436247736910941,13.56,1,0,1,100,122.5
"890",1,3,100,5.41115969040992,3.65,1,1,0,80,158.333333333333
"891",1,2,95,8.11375510063772,8.42,0,1,0,100,62
"892",1,3,95,2.50174123578658,16.8,1,1,0,NA,213
"893",1,2,99,3.52096776890619,8.1,1,1,1,100,187.5
"894",1,7,100,5.15663774435732,0.54,1,1,0,50,71.4285714285714
"895",1,2,96,6.16869763597754,22.8,1,1,1,100,160
"896",1,6,NA,4.96607320659514,0,1,1,0,NA,95.8333333333333
"897",1,4,95,7.29664365302079,0.52,1,1,0,100,96.25
"898",1,2,96,1.02061764794421,13.5,0,0,0,NA,128.5
"899",1,2,98,7.47939448854558,1.68,1,1,0,NA,105
"900",0,4,98,2.29858180396047,1.3,0,0,1,100,44.75
"901",1,2,99,4.54375535318917,5.24,0,1,1,100,107
"902",1,2,98,4.50334921364558,5.06,0,1,1,100,90
"903",0,2,97,2.07137210930203,3.6,1,1,1,100,103.5
"904",1,1,99,5.61851803219958,8.4,0,0,1,89,99
"905",1,6,98,10.14522104315,4.95,1,1,1,100,95.8333333333333
"906",1,4,98,5.76675943841228,0.68,1,1,0,NA,87.5
"907",1,3,97,9.00232749160218,6.94,0,1,1,100,53.3333333333333
"908",1,3,99,7.53493198620115,27.59,1,1,1,67,145
"909",1,5,93,5.2842331611363,1.8,1,1,0,100,30
"910",1,6,100,6.7795644046431,6.96,1,1,1,NA,132.5
"911",1,2,98,8.41953546365452,19.89,0,1,1,100,57.5
"912",1,4,98,0.98642019961308,3.28,1,1,1,100,104.5
"913",1,6,98,6.12555863720807,2.66,1,1,1,100,133.166666666667
"914",1,2,NA,5.7845934863239,0,1,1,0,NA,143.5
"915",1,1,100,7.08084372393429,7.8,1,1,1,NA,200
"916",1,6,90,8.15775061044399,2.4,1,1,0,NA,58.3333333333333
"917",1,2,98,6.73346896068775,4.85,0,0,1,100,68
"918",1,2,97,9.94203559071293,1.67,0,0,0,100,57
"919",1,2,98,4.07301074250063,29.4,0,1,1,100,95
"920",0,2,87,4.24888570230126,11.7,1,1,1,100,65
"921",1,3,97,10.280040220603,9.26,0,0,1,100,54
"922",1,1,99,4.97327708225865,2.01,0,1,0,100,200
"923",1,1,98,2.11173664970949,3.4,0,0,1,100,134
"924",1,2,95,4.58449523315383,13.04,1,0,0,100,80
"925",1,2,100,4.21996039808933,2.45,1,0,0,100,150
"926",1,1,100,4.32290794755854,0.12,0,1,1,100,125
"927",1,2,60,3.21709320002771,8.7,1,1,0,90,167.5
"928",1,2,98,5.88111967247243,4.02,0,1,0,100,72.5
"929",1,3,95,5.31788634892425,16.2,0,1,0,100,136.666666666667
"930",1,6,99,4.20843692384299,2.07,1,1,1,100,100
"931",1,10,94,8.29196742961111,6,1,0,1,100,64.5
"932",1,2,100,6.0558701629672,5.96,0,1,1,100,107.5
"933",1,1,97,8.46516061902081,17.25,0,1,1,100,90
"934",1,5,100,5.40947473522834,0.27,1,1,0,NA,91
"935",1,6,95,7.09359616705965,1.28,0,1,1,100,83.1666666666667
"936",1,2,97,5.16658410059436,25.62,0,0,1,100,77.5
"937",1,6,100,5.61064987050256,2.22,1,0,0,100,141.666666666667
"938",1,4,96,6.31007244609319,2.31,1,1,1,100,93.75
"939",1,2,99,6.1985674223984,1.36,1,0,0,NA,112.5
"940",0,2,97,9.37324087823723,5.42,1,0,0,100,112.5
"941",1,4,100,3.27866734699518,6.6,1,1,1,100,137.5
"942",1,2,96,4.7460118449518,1.32,1,1,1,100,125
"943",1,2,99,4.37658324366237,4.54,0,1,1,100,95
"944",1,4,98,7.18159162058112,3.32,1,0,1,100,97.5
"945",1,2,99,5.52502463011359,8.96,0,1,1,100,98
"946",0,8,98,5.15573501604273,27,1,1,1,100,75
"947",0,4,80,9.00770558230418,0.18,1,0,0,100,71.25
"948",1,4,99,6.18111587326981,2.17,1,1,0,100,131.25
"949",1,2,96,5.70376634249512,4.98,0,1,1,100,115
"950",1,4,96,8.68804877104866,13.26,1,1,1,100,67.25
"951",1,4,100,2.6228084585009,2.4,1,1,0,0,150
"952",0,4,96,0.729154505086477,3.58,1,0,0,100,98.25
"953",1,4,99,4.04782508454324,16.5,1,1,0,100,162.5
"954",1,2,96,4.21887822001429,6.3,0,1,1,100,292.5
"955",1,6,98,7.2988501197878,1.5,1,0,1,100,133.333333333333
"956",1,2,98,5.92140696874522,6.32,0,1,1,100,88
"957",1,2,90,6.24235447833876,5.4,1,1,0,100,158.5
"958",0,2,93,7.31701546210638,6.54,1,0,0,100,135
"959",0,2,100,4.20639896699275,4.8,1,1,1,96,131.5
"960",1,2,98,4.87736172714432,7.32,0,1,1,100,130
"961",0,4,NA,0.574899758166768,0,0,1,0,NA,172.25
"962",0,10,87,5.83782681886147,7.5,1,1,0,100,56.3
"963",1,4,95,8.58003418550805,7.69,1,0,1,100,58.75
"964",1,2,95,8.0431014032518,7.66,0,1,0,100,51.5
"965",1,1,97,3.61964334495798,6.39,0,1,1,100,209
"966",1,6,100,8.64192221014419,0.42,1,1,0,NA,81.6666666666667
"967",0,4,99,8.11521319554404,1.76,1,1,1,100,85
"968",1,2,98,4.2796261363587,10.08,0,0,0,100,75
"969",1,2,100,1.45423967717815,0.84,1,0,0,NA,287.5
"970",1,2,97,1.93660063893826,5.21,0,0,1,100,92
"971",1,4,99,9.82055527196896,1.32,1,1,0,100,98.75
"972",1,2,98,7.72426489902603,11.44,1,0,1,100,137.5
"973",1,2,98,4.3613863382122,11.66,0,1,1,100,60
"974",1,2,97,7.31401592037864,4.95,1,0,1,100,122.5
"975",1,2,95,4.98001216751337,11.7,1,1,0,98,105
"976",0,2,97,5.71209327519862,6.86,1,0,1,100,127.5
"977",1,2,97,6.18482480504603,7.67,0,0,1,100,79.5
"978",1,4,100,6.35665257432413,0.84,1,0,0,100,97.5
"979",1,2,100,5.53243397320439,5.84,0,0,1,100,105
"980",0,2,98,1.89625574612475,3.9,1,1,1,96,131.5
"981",1,4,92,5.90679149677942,2.7,1,1,1,100,99.25
"982",1,2,91,1.46837402897086,18.9,0,0,0,100,75
"983",1,2,100,3.55257847201714,1.96,0,1,1,100,113.5
"984",0,4,97,7.39532133441627,2.04,1,1,1,50,93.75
"985",1,2,96,7.98454056643693,3.98,0,0,1,90,72
"986",1,4,98,6.5755871418274,15.3,1,1,1,89,88.75
"987",1,4,96,5.32729639598297,2.76,1,1,1,100,109.25
"988",1,4,93,4.30436882394881,0.44,1,1,0,NA,113.75
"989",1,2,97,6.01997111938502,8.8,1,1,1,100,110
"990",1,2,98,2.67883348071718,2.08,1,1,0,60,124.5
"991",0,6,100,7.46357289362629,0.65,1,1,0,NA,175
"992",1,2,98,2.54302884530858,17.85,1,1,0,100,137.5
"993",1,2,99,6.6231920843875,5.47,0,1,1,100,89
"994",1,2,99,7.1029423267126,12.6,0,1,1,100,68
"995",1,2,99,7.75760798678961,10.08,1,0,1,100,95
"996",1,4,99,1.23361442788097,6.37,1,1,0,100,97
"997",1,2,99,7.93335967022141,14.62,1,0,1,100,72.5
"998",1,2,100,2.75527728381923,4.2,1,1,1,100,87.5
"999",1,4,85,2.03392807514257,1.8,1,1,0,90,124
"1000",1,2,100,2.07504865088738,1.2,1,1,0,90,199
"1001",1,7,95,5.04168825729812,1.89,1,1,0,100,98.5714285714286
"1002",1,2,93,5.59024031160481,18,1,1,1,100,140
"1003",1,2,97,5.89784493747997,5.18,0,1,1,100,89
"1004",1,4,97,4.96109151613221,8.4,1,1,0,98,57.5
"1005",1,2,98,6.35383019403491,17.04,1,1,1,100,117.5
"1006",0,2,NA,7.16860064706333,0,0,1,0,100,110
"1007",1,5,98,2.21293065130685,1.6,1,1,0,100,135
"1008",1,6,97,5.63368207081387,18.6,1,1,0,0,175
"1009",1,5,98,6.096845498719,0.59,1,1,1,100,90
"1010",1,6,90,2.13098969536479,0.9,1,1,0,90,113.166666666667
"1011",1,2,98,5.1239253736913,6.09,0,1,1,100,94.5
"1012",1,2,99,6.08392680642009,6.58,0,1,1,100,74
"1013",0,4,94,6.08800490762629,27.6,1,1,1,100,83.75
"1014",1,5,96,4.29184846636947,2.32,1,1,0,50,110
"1015",1,4,100,5.88354474513092,0.78,1,1,0,NA,75
"1016",1,4,100,4.10988300328248,9.9,1,1,0,100,112.5
"1017",1,4,98,5.41489545610941,3.76,0,1,0,100,137.5
"1018",0,2,89,2.56119801371479,2.01,0,1,0,83,67.5
"1019",1,4,100,7.23924895817485,0.54,0,0,1,100,131.25
"1020",1,6,100,6.36627703153348,0.7,1,1,0,NA,191.666666666667
"1021",1,2,84,1.08715357609769,4.2,1,1,0,90,199
"1022",1,2,96,7.8454910001878,2.54,0,0,1,90,71
"1023",1,5,94,5.0458247062234,7.06,1,1,0,100,65.8
"1024",1,2,86,2.19635508026137,12,1,0,0,0,118
"1025",0,6,92,9.02840749800227,4.73,1,1,0,100,55.6666666666667
"1026",0,7,98,5.25638571781609,6,1,1,1,100,80
"1027",1,4,98,7.78954443030188,12.6,1,1,1,100,107
"1028",1,2,98,6.5476764334149,10.65,0,1,1,95,57.5
"1029",1,2,97,9.87216012930369,11.44,1,0,1,NA,58.5
"1030",1,2,98,7.43196100792873,0.57,0,1,1,100,92.5
"1031",1,2,99,6.69212044378599,9.26,1,1,1,100,95.5
"1032",1,2,99,6.73158767388695,9.44,1,1,1,100,124.5
"1033",0,3,95,6.57997069220705,3.3,1,1,0,NA,101.666666666667
"1034",1,2,99,5.81518356016414,15.3,1,1,0,100,150
"1035",1,2,94,7.93587640867686,6.18,1,1,1,100,62
"1036",1,3,97,4.90784879328072,14.73,1,0,1,100,81.6666666666667
"1037",1,14,98,1.86825332900155,1.66,1,1,1,100,125
"1038",1,5,99,3.11024062699224,15.9,1,1,1,100,69
"1039",1,2,94,1.21438670772121,7.5,1,1,0,NA,280
"1040",1,2,98,3.59130736345281,11.48,1,0,1,100,107.5
"1041",1,8,93,5.94897932796203,0.76,1,1,0,NA,87.5
"1042",1,6,97,5.38746019143676,2.55,1,1,1,100,83.3333333333333
"1043",1,3,99,7.17871491712707,6.25,1,1,1,100,86.3333333333333
"1044",1,3,96,4.83615139244193,5.28,1,1,0,100,115
"1045",1,2,94,6.85623668816364,12.6,1,0,1,100,197.5
"1046",1,2,97,5.90613356778878,11.58,0,0,1,100,95
"1047",0,6,NA,7.1039807897005,0,1,0,0,100,85
"1048",1,2,96,9.26329953520489,7.41,1,1,1,100,105
"1049",1,6,99,4.75867779274259,7.2,1,1,1,100,77.5
"1050",1,4,100,7.14016508342135,0.62,1,0,0,100,173.75
"1051",1,2,98,3.727287932642,7.6,0,1,1,100,112
"1052",0,6,99,5.34828599360312,6.24,1,1,1,100,49.1666666666667
"1053",1,2,96,4.46068910289868,7.14,1,0,1,100,132.5
"1054",1,4,96,1.53428195132646,16.8,1,1,1,100,149.75
"1055",1,3,94,4.23520640995584,13.8,1,1,1,100,88.3333333333333
"1056",1,1,93,7.93481704238492,4.5,0,1,0,NA,110
"1057",1,4,84,3.83615566573351,8.1,1,1,0,98,58.75
"1058",1,2,97,5.54240957723937,9.08,0,0,1,100,97.5
"1059",1,4,97,1.79531570204735,1.04,1,1,1,100,192.5
"1060",1,4,97,5.59424792202026,3.18,1,1,1,100,143.75
"1061",1,4,97,8.33144938470299,9.94,1,0,1,100,52.5
"1062",1,2,100,9.25453310535478,1.8,1,1,0,100,158.5
"1063",1,3,60,3.32813444425467,0.9,0,1,0,100,149
"1064",0,2,91,1.37628457421222,1.31,0,0,0,99,54.5
"1065",0,4,90,1.35339392957523,4.41,0,0,0,99,32.25
"1066",1,6,92,8.59778034122495,0.32,1,1,1,100,140.833333333333
"1067",1,6,91,10.2914269432203,14.4,1,1,0,NA,85
"1068",1,1,98,6.2410894656773,4.8,0,1,0,100,120
"1069",0,4,92,9.53258824993249,4.89,1,1,0,92,74.5
"1070",1,12,100,3.24377021672002,0.78,1,1,1,100,166.666666666667
"1071",1,5,100,1.37015508665883,1.5,1,1,0,100,140
"1072",0,2,99,3.35790360673167,8.7,0,0,1,100,102.5
"1073",0,4,89,1.30276705547329,3.68,0,0,0,99,32.25
"1074",0,4,97,9.17453691577673,13.76,1,1,0,96,56.25
"1075",1,2,99,4.43231375437028,5.88,1,1,1,100,162.5
"1076",1,2,98,5.2342441761646,1.05,1,1,0,NA,155
"1077",1,4,100,3.93604164190388,0.05,1,1,0,100,262.5
"1078",1,1,99,7.17314299096325,6.5,0,1,1,100,179
"1079",1,3,98,7.11838796907397,8.98,0,1,1,100,79.6666666666667
"1080",1,2,98,2.83158199596149,5,1,1,1,100,135
"1081",1,4,95,3.88316519952802,29.7,1,0,1,100,79.5
"1082",1,2,97,5.61431879733771,9.06,0,1,1,100,79
"1083",1,3,98,7.08620173117795,6.04,0,1,1,100,79.6666666666667
"1084",1,2,98,7.14942290093704,6.78,0,0,1,100,95
"1085",0,2,91,1.34078534808581,1.94,0,0,0,99,49.5
"1086",1,4,96,10.8862164099403,3.9,1,0,1,100,60
"1087",1,2,99,6.31672452989376,4.2,0,1,1,100,75
"1088",1,1,98,5.60350016109493,5.8,0,1,1,100,154
"1089",0,2,89,6.2856362353175,4.2,1,1,0,100,115.5
"1090",1,2,NA,9.09455254696372,0,1,1,0,100,260
"1091",1,2,99,7.31930422845499,10.8,1,1,0,100,122.5
"1092",1,2,97,1.04303252316046,21.3,1,0,1,100,147.5
"1093",1,4,100,5.32427126990302,1.08,1,1,1,100,100
"1094",1,4,96,3.95005708996471,4.32,1,1,0,NA,31.25
"1095",0,6,100,3.60856385675925,0.5,1,1,1,100,212.5
"1096",1,2,99,4.52419874598333,12.28,0,1,1,100,87
"1097",1,2,98,5.30508092936224,1.14,1,1,0,100,147.5
"1098",1,2,96,10.2078837825914,5.58,1,0,1,100,107.5
"1099",1,2,95,5.62830159261559,8.46,0,0,1,100,70
"1100",1,4,95,1.63069448091046,8.4,1,1,0,NA,103.75
"1101",1,3,99,9.73315902726638,2.55,1,1,1,100,125
"1102",0,3,99,9.7736073438907,13.42,1,1,1,100,75
"1103",1,3,87,9.67935072623819,21.9,1,1,0,100,80
"1104",1,2,98,3.03894066362517,15.63,1,0,1,100,105
"1105",1,2,100,4.18292917242709,1.24,0,1,1,100,175
"1106",1,2,92,2.3022453592724,1.44,0,1,0,100,105
"1107",1,4,94,7.63560612563476,9.74,1,0,1,100,71.25
"1108",1,2,99,8.09781415615057,8.76,1,0,1,100,149.5
"1109",1,2,100,9.95474091483308,2.4,1,1,0,100,37.5
"1110",1,2,99,4.17367656566671,3.69,0,1,0,NA,99.5
"1111",1,4,98,4.26579341777821,1.06,1,1,1,NA,95
"1112",0,2,NA,4.09802125592762,0,1,1,0,100,85
"1113",1,6,100,5.852455487567,0.7,1,1,0,NA,150
"1114",0,4,91,1.34427563062624,4.5,0,0,0,99,32.25
"1115",0,2,97,6.26452990312801,2.36,1,1,1,100,117.5
"1116",0,3,99,8.36321887378988,18.66,1,1,1,100,73.3333333333333
"1117",1,2,94,9.09657286979683,1.89,1,0,0,100,110
"1118",1,2,99,2.48471052184206,9.48,0,0,1,100,94.5
"1119",1,2,100,2.72020017720704,1.2,1,0,0,90,179.5
"1120",1,2,99,3.32330207395456,10.2,0,0,1,100,174.5
"1121",1,2,89,6.96709559589353,7.2,1,0,0,100,150
"1122",0,2,91,1.39368788489214,2.28,0,1,0,100,47.5
"1123",0,2,98,10.0958993654706,3.94,0,0,1,100,75
"1124",1,6,100,2.20023790847862,0.5,1,1,0,100,250
"1125",1,4,99,5.79608796957902,2.56,1,1,1,100,146.25
"1126",1,2,97,8.81955481358749,3.14,1,0,1,100,102.5
"1127",0,2,93,1.48980606457443,1.46,0,1,0,100,47.5
"1128",1,2,99,2.50538380798858,9.29,0,0,1,100,94.5
"1129",1,2,98,6.13356312296276,21.9,1,1,1,100,175
"1130",0,4,90,5.94399938240678,1.74,0,0,0,100,62.25
"1131",1,2,87,3.80082119877844,10.8,1,1,0,98,105
"1132",1,2,92,6.46770027583195,26.1,0,1,0,100,125
"1133",1,8,94,6.27036446417257,26.4,0,1,0,100,46.125
"1134",0,5,92,1.4351981702347,4.94,0,1,0,100,51.6
"1135",1,6,96,3.96251262050085,2.56,1,1,1,100,83.3333333333333
"1136",1,4,95,7.03977325622888,6,1,1,0,100,100
"1137",1,4,88,8.31002711574293,19.22,1,1,1,100,50
"1138",1,4,100,6.69001336922238,0.26,1,1,0,100,94.75
"1139",1,1,96,3.83059035558153,2.92,0,1,1,100,85
"1140",1,2,92,5.65026764128056,14.7,1,1,0,100,145
"1141",0,4,88,8.45617330190551,2.56,1,0,0,90,73.75
"1142",1,2,97,0.58013103356011,3.96,1,1,1,80,220
"1143",0,4,94,1.44225029704239,4.16,0,1,0,100,47
"1144",1,3,95,8.60483772366656,11.36,1,1,1,100,45
"1145",0,4,100,6.17620466640948,4.96,1,1,0,100,89.75
"1146",1,4,99,6.27632754807532,8.07,1,0,1,100,94.5
"1147",0,2,99,4.42011720160239,6.66,0,1,1,100,80
"1148",1,4,98,7.48085345497681,4.54,1,0,0,100,56
"1149",1,4,98,4.1207512546701,0.6,1,0,0,100,81.25
"1150",1,2,97,0.745816722041656,3.8,1,0,0,100,135
"1151",1,2,97,4.15021912591722,6,1,1,1,100,49.5
"1152",1,4,99,3.58038240237646,5.69,0,1,1,96,87
"1153",0,2,97,1.95302487991469,3.6,0,1,0,100,65
"1154",0,2,85,5.69304510566164,2.4,0,1,0,100,95
"1155",1,2,95,8.44770958632564,7.98,0,1,1,100,71.5
"1156",0,3,NA,3.49214809602252,0,1,1,1,96,216.666666666667
"1157",1,1,100,3.5042149306214,15.6,0,1,1,100,172
"1158",1,3,99,5.54527997469937,0.49,1,1,0,100,125
"1159",1,4,98,9.6680145260365,0.62,1,0,1,89,131.25
"1160",1,5,99,6.23313068220674,17.04,1,1,1,100,71
"1161",1,2,93,5.45954424737973,7.5,1,1,0,100,211.5
"1162",1,3,97,6.48620351241581,4.98,1,1,1,100,135
"1163",1,6,98,8.47403737815375,12.08,1,1,1,100,44
"1164",1,4,93,4.16709017019211,6.3,1,0,1,100,62.5
"1165",1,4,98,5.88790332305263,2.44,0,1,1,100,104.75
"1166",0,2,87,1.32953134446681,2.53,0,0,0,99,44.5
"1167",0,2,91,1.33176799818215,1.71,0,0,0,99,54.5
"1168",1,2,99,6.51591522183254,0.57,0,1,0,89,75
"1169",0,2,88,2.47014217714633,1.6,0,1,0,83,67.5
"1170",1,1,97,5.08226577059158,4.65,0,1,1,100,200
"1171",1,2,97,9.12248349881522,3.84,0,0,0,100,50
"1172",1,2,96,7.29088254408818,18.7,1,1,0,NA,145
"1173",1,2,98,9.23202868295698,29.25,0,1,1,100,58.5
"1174",1,4,96,7.14114375192712,5.67,1,0,1,100,61.25
"1175",1,8,98,7.13332632308331,0.87,1,1,1,100,114.375
"1176",1,1,85,4.80042791480018,9.6,1,0,0,93,249
"1177",1,1,100,6.66567402099842,2.1,0,1,1,100,225
"1178",1,6,100,6.78150681843711,0.81,1,1,0,100,104.166666666667
"1179",1,2,97,5.53655333394047,8.64,1,0,1,100,94.5
"1180",1,4,99,2.40732310342589,0.82,1,0,1,97,89.5
"1181",1,1,99,3.50508640370261,11.84,0,0,1,100,125
"1182",1,2,94,10.2405536050943,11.36,0,0,0,100,60
"1183",1,2,93,4.15246071051222,4.8,1,1,0,94,240
"1184",1,3,100,1.15760829462935,6,1,1,0,94,200.333333333333
"1185",0,2,95,3.93907434464791,4,0,1,1,100,69.5
"1186",0,1,88,2.50606056271928,1.45,0,1,0,83,114
"1187",1,1,97,5.77333126141476,25.2,0,1,1,100,148
"1188",1,11,95,8.68257830016392,0.76,1,1,0,NA,45.4545454545455
"1189",1,2,98,5.7741332516884,1.26,1,1,0,100,185
"1190",0,2,97,9.13142959300442,2.74,0,0,1,100,71
"1191",1,4,90,5.39341424186887,9.7,1,0,0,100,82.5
"1192",1,6,98,7.29782374394937,1.04,1,1,1,NA,88.1666666666667
"1193",0,3,99,7.7236578192616,14.4,1,1,1,100,110
"1194",1,1,NA,7.20822172922928,0,0,1,1,100,215
"1195",1,2,100,7.48030769280634,3,0,1,1,NA,32
"1196",1,2,98,4.64399218117049,1.9,1,1,0,100,147
"1197",0,2,100,6.17604904358503,2.1,1,1,0,NA,165
"1198",1,1,99,3.63786469929068,7.9,0,0,1,100,140
"1199",1,4,100,2.47947710275253,4,1,1,1,100,173.75
"1200",1,2,98,9.11938664531537,7.32,0,1,1,100,42.5
"1201",1,4,90,7.58864375915396,15,0,0,0,60,53.75
"1202",1,6,96,10.660411065267,1.2,1,1,1,100,84.1666666666667
"1203",1,6,100,7.69843774399332,1.2,0,1,0,60,68.3333333333333
"1204",0,2,100,3.62404948432456,2.1,1,1,1,96,124.5
"1205",0,3,90,1.17388466824927,4.5,1,0,0,100,96.6666666666667
"1206",1,1,98,3.7106096857107,0.38,0,0,1,100,145
"1207",1,12,91,10.8634577845581,1.24,1,1,0,100,82.0833333333333
"1208",1,3,93,5.73310754229617,3.3,1,1,0,NA,68.6666666666667
"1209",1,2,98,8.0162310823397,17.2,0,1,1,100,44.5
"1210",0,2,95,1.57792513329004,1.09,0,1,0,100,41.5
"1211",0,2,91,1.42409904016554,1.02,0,1,0,100,41.5
"1212",1,4,96,7.02560694393229,3.04,1,1,0,100,95
"1213",0,6,88,1.34012311889778,2.99,0,0,0,99,28.1666666666667
"1214",0,1,97,3.07949192045009,14.4,0,0,0,NA,140
"1215",0,2,90,2.45223645601151,6.09,0,0,0,100,57
"1216",0,4,95,1.57618791097568,4.3,0,1,0,100,50.75
"1217",0,2,90,2.54082714620886,6.64,0,0,0,100,75
"1218",0,2,91,2.60628733366402,5.51,0,0,0,100,67
"1219",1,1,95,6.48356253899052,22.2,0,1,0,80,200
"1220",0,2,91,2.46278217377682,6.39,0,0,0,100,77
"1221",1,1,NA,7.92272381152753,0,0,1,0,100,195
"1222",1,6,97,3.21180980409995,9.84,1,1,1,100,90
"1223",1,2,93,5.12244071320847,6.41,0,0,0,100,57.5
"1224",1,2,91,5.16944416503187,7.3,0,0,0,100,52.5
"1225",1,3,92,6.137428931975,8.24,1,1,0,100,85
"1226",0,2,99,3.5909497205092,12.33,1,0,1,100,150
"1227",1,6,92,8.23614326364973,10.58,1,1,1,100,59.8333333333333
"1228",0,2,95,8.69771874131529,0.85,0,1,0,100,79.5
"1229",0,4,97,4.57215033086723,3.08,1,1,0,NA,77.5
"1230",1,1,100,5.30223284982403,2,0,1,1,100,191
"1231",1,10,98,4.02123646941867,3,1,1,0,90,102.5
"1232",1,2,NA,2.74231077546155,0,1,1,0,90,199
"1233",0,2,90,2.62078019803208,7.84,0,0,0,100,90.5
"1234",1,2,99,2.5740423279193,9.75,0,0,1,100,94.5
"1235",1,1,96,5.52970134372486,15.6,0,1,0,NA,520
"1236",0,2,87,1.76773409337092,3.3,0,1,0,100,100
"1237",0,2,95,1.90630013375838,9,0,0,0,100,110
"1238",1,3,89,6.71195003763606,4.2,1,1,0,94,147.333333333333
"1239",0,4,100,9.11268930189336,10.8,1,1,1,100,60.75
"1240",0,2,92,2.46988586745359,0.94,0,1,0,83,42
"1241",0,2,90,2.41052891762527,0.97,0,1,0,83,57
"1242",1,2,90,5.93912686378726,2.4,1,1,0,60,87.5
"1243",1,1,100,3.49212243201697,10.2,0,1,1,100,139
"1244",1,1,98,7.40420216416842,7.38,0,1,1,100,90
"1245",1,2,100,2.12390517980553,0.28,0,0,0,89,175
"1246",1,2,99,4.72303836231408,5.15,1,1,1,100,225
"1247",1,2,99,6.73185330160153,4,0,0,1,100,97
"1248",1,12,99,8.91125665465951,4.86,1,1,1,100,56.25
"1249",1,2,98,8.9154507937526,2.43,0,1,1,100,55
"1250",1,2,94,7.38923555358494,4.1,0,0,0,100,67.5
"1251",0,1,100,3.77157391658574,23.7,0,1,0,NA,100
"1252",1,4,95,2.20577031728197,3.62,0,1,0,99,83.25
"1253",0,4,98,10.4069315431515,6.26,1,1,0,100,96.25
"1254",0,2,NA,7.41696031278095,0,0,1,0,NA,130
"1255",1,4,96,5.88793399321976,1.72,1,1,0,100,168.75
"1256",1,2,85,11.1335336528093,13.2,0,0,0,100,64
"1257",1,2,90,11.175174817968,12.9,0,0,0,100,59
"1258",0,4,99,4.49151315682913,0.52,1,0,0,100,90
"1259",1,2,90,11.1777540494904,28.8,1,0,0,100,58
"1260",1,1,96,5.69370697827111,8.66,0,1,0,98,55
"1261",1,2,100,4.79275890857827,1.5,1,1,0,60,100
"1262",1,2,100,6.0672289001345,12,1,1,0,NA,167.5
"1263",1,2,93,8.99097308504831,3.02,0,0,1,100,96.5
"1264",1,5,96,4.2623918467527,7.65,1,1,1,100,79
"1265",1,3,98,5.85780931888864,5.24,1,0,1,100,86.6666666666667
"1266",1,2,100,3.17858676135029,1.2,1,1,0,NA,190
"1267",0,3,93,1.56585223648702,3.29,0,1,0,100,33
"1268",1,2,98,4.07227951909922,1.42,1,1,0,NA,145
"1269",0,2,NA,9.57591166557802,0,0,0,0,82,55
"1270",0,2,30,9.48147786390616,3,0,0,0,82,52
"1271",1,5,98,3.44620963366793,10.5,1,1,0,NA,68
"1272",1,2,98,6.87713146236441,0.37,1,0,0,100,125
"1273",1,1,97,9.25817488199839,3.94,0,0,1,100,129
"1274",1,1,95,4.27616006164036,14.7,0,1,1,100,210
"1275",0,2,99,6.32471775129054,2.62,1,0,0,NA,137.5
"1276",1,5,100,2.7769791581326,0.7,1,1,0,NA,115
"1277",1,2,99,5.88347620220675,7.8,0,1,1,100,107.5
"1278",1,3,92,7.54216530524849,11.7,0,0,0,60,61.6666666666667
"1279",1,3,95,5.49245389244142,9.64,0,1,0,NA,63
"1280",1,3,100,2.61410426581173,3.6,0,1,0,90,138
"1281",0,8,97,3.05535650665537,10.5,1,1,0,100,36
"1282",1,4,94,4.78608865493197,14.95,1,0,0,93,96
"1283",1,6,100,3.35381179708712,9.9,1,1,1,100,91.6666666666667
"1284",1,1,NA,6.03071011285481,0,0,0,0,NA,110
"1285",1,4,100,5.63480480442022,0.33,1,1,0,75,100
"1286",0,1,97,3.00205941706923,1.25,0,1,0,NA,70
"1287",0,4,90,1.39907567044339,3.8,0,0,0,99,32.25
"1288",1,5,94,9.18213188861649,1.38,1,1,0,NA,48
"1289",0,2,98,7.27104594062065,7.32,0,0,1,88,86
"1290",1,7,100,7.53479938672405,2.3,1,1,0,100,71.4285714285714
"1291",1,2,98,6.09124916721391,5.54,0,1,1,100,97.5
"1292",1,6,98,7.37138600251541,13.76,1,0,1,100,46.1666666666667
"1293",1,4,100,3.38134883549355,9.61,1,1,1,100,107.5
"1294",0,4,97,6.13808079047001,9.9,1,1,0,100,70.25
"1295",0,2,98,6.18325261701202,2.22,0,1,1,100,107.5
"1296",1,2,NA,5.86460785704872,0,0,1,0,NA,97.5
"1297",1,2,98,1.87861090014647,5.28,0,0,1,100,104.5
"1298",1,4,95,9.51545904785862,8.19,1,0,1,100,80
"1299",1,4,97,5.98086215489089,2.9,1,1,1,100,93.75
"1300",1,4,87,4.40483200907289,3.6,1,1,1,100,63.5
"1301",0,4,100,2.41060257207458,3.3,1,1,0,NA,31.25
"1302",0,6,100,2.29762528734786,1.2,1,1,0,NA,88.8333333333333
"1303",0,3,96,2.05255918562895,0.28,1,1,0,100,526.666666666667
"1304",1,2,98,8.14598846070782,3.28,0,0,1,100,110
"1305",1,2,98,5.33469296810939,4.02,0,1,0,NA,85
"1306",1,1,99,1.46431346436925,1.32,0,1,1,NA,139
"1307",0,4,96,6.91651531006793,5.86,1,1,0,100,57.5
"1308",1,8,80,4.92570372352961,1.2,0,1,0,100,65.625
"1309",1,2,97,2.05115777064343,7.8,1,1,0,90,90
"1310",1,2,91,2.09059663939734,5.7,1,1,0,90,95
"1311",1,2,90,4.28708231989059,21.3,1,1,0,86,100
"1312",0,1,94,6.93087537538357,4.08,1,1,0,100,295
"1313",1,2,97,8.80560832573213,2.41,1,1,1,100,107.5
"1314",1,2,100,7.02220473219676,0.44,0,1,0,100,60
"1315",1,4,87,7.58031491924558,5.31,0,0,0,97,35
"1316",0,6,97,1.44760901376801,1.74,1,1,0,100,167.5
"1317",0,6,93,9.23827285271866,3.6,1,1,0,100,84
"1318",0,5,92,9.16341107135363,15,1,1,0,100,99.4
"1319",0,2,99,4.42540305201344,10.53,1,0,1,100,151
"1320",1,2,95,3.85769192144799,7.68,0,1,0,92,99
"1321",1,2,98,9.61367749904688,5.55,0,1,1,100,52.5
"1322",1,6,100,4.00010675709453,1.5,1,1,0,94,173.333333333333
"1323",1,2,97,5.35115279191678,1.02,0,1,1,100,140
"1324",1,2,99,7.90564081909962,5.82,0,1,1,100,144
"1325",0,8,90,2.17565879544828,3.3,0,0,0,90,55.875
"1326",1,5,100,6.76528235679612,1.71,1,1,1,NA,104
"1327",1,2,97,5.14762201469008,7.95,0,0,0,90,77.5
"1328",1,6,100,4.64691337349489,4.8,1,1,0,0,80.8333333333333
"1329",1,1,95,2.20679695952538,12.18,0,1,1,100,139
"1330",1,2,98,2.12330163104281,5.25,0,1,1,100,69.5
"1331",1,2,97,8.51826763312741,17.7,0,0,0,0,60
"1332",1,1,95,3.82817580917496,2.28,0,1,1,100,95
"1333",1,5,95,7.71066594933743,3.74,1,1,0,100,82
"1334",1,3,90,6.18913831795321,2.2,1,1,0,NA,93.3333333333333
"1335",1,4,99,3.57710407386111,2.29,1,1,0,100,101
"1336",0,2,99,3.57458575573445,10.2,1,1,0,NA,199.5
"1337",1,6,100,7.89402831716853,0.46,1,1,1,100,104.166666666667
"1338",1,1,98,5.17803067629148,5.16,0,0,1,100,110
"1339",1,6,100,2.50734895322411,0.11,1,1,0,100,216.666666666667
"1340",1,8,100,2.46136249330728,0.04,1,1,0,100,156.5
"1341",0,4,99,5.02735870893131,1.08,1,1,1,100,407.5
"1342",1,4,100,2.53248592735603,0.04,1,1,0,100,243.75
"1343",1,2,97,8.42251054316895,8.1,1,1,0,100,94
"1344",1,2,99,5.51938805822044,1.35,1,1,0,NA,185
"1345",1,6,100,4.60372701708497,2.7,1,1,0,0,80.8333333333333
"1346",1,2,94,7.5539381649722,3.47,0,1,0,100,67.5
"1347",1,4,100,1.58658186879417,12.9,1,1,1,100,101.25
"1348",1,2,99,3.46278947956992,18.93,1,1,1,100,92.5
"1349",0,4,97,1.37467286613387,0.65,1,1,0,NA,115
"1350",1,3,83,8.28436574208252,0.33,0,1,1,100,66.6666666666667
"1351",1,6,100,8.10058918486861,0.65,1,1,0,NA,65.5
"1352",1,7,99,5.66239276415244,1.26,1,1,0,NA,89.2857142857143
"1353",1,10,100,7.0848736327789,0.06,1,1,0,100,70
"1354",1,2,98,7.66670832728481,3.52,1,1,1,100,137.5
"1355",0,2,95,1.23825218492887,11.6,0,0,1,100,103
"1356",1,4,97,10.3764420268347,6.34,1,1,1,100,52.5
"1357",1,4,NA,7.0439365916406,0,1,1,0,NA,75
"1358",1,1,91,9.87764473337193,0.42,0,0,0,100,140
"1359",1,2,99,6.04475705005191,6.17,1,1,1,100,171.5
"1360",1,2,98,4.97202494214566,10.13,1,0,1,100,132
"1361",0,1,97,5.56099685083011,0.79,0,1,1,93,104
"1362",0,6,86,1.30327653765935,3.97,0,0,0,99,34.8333333333333
"1363",1,6,98,5.84794673431145,8.16,1,0,1,100,73.1666666666667
"1364",1,6,100,7.62612318305853,0.63,1,1,0,NA,65.8333333333333
"1365",1,2,97,9.52865676815447,5.48,1,0,1,100,105
"1366",0,2,97,5.76809501784114,6.9,1,1,0,NA,87.5
"1367",1,2,99,5.1470484859971,11.28,0,1,1,100,124.5
"1368",1,2,97,10.6761163898524,6.36,0,1,1,100,44.5
"1369",1,6,98,1.3952663274275,0.6,1,1,1,100,114
"1370",1,3,94,10.6089233893945,4.92,1,1,1,100,86.6666666666667
"1371",1,2,95,2.55943770239839,5.1,1,1,0,NA,240
"1372",0,4,85,1.36331189680492,3.48,0,0,0,99,32.25
"1373",0,3,100,4.53486926758888,0.6,1,1,0,99,118
"1374",1,3,96,6.8072838037387,0.56,1,1,0,NA,108.333333333333
"1375",1,2,97,3.86140147621437,7.2,1,1,0,98,105
"1376",1,5,98,4.60662455307596,1.38,1,0,0,100,120
"1377",0,2,100,6.86254870452966,1.67,1,1,1,100,250
"1378",0,6,100,3.29321661138278,9.3,1,1,0,NA,63.8333333333333
"1379",0,2,96,4.26056948664053,3.2,0,0,1,100,135
"1380",1,2,94,6.06066651824225,3.6,1,1,0,100,115.5
"1381",1,2,97,5.23147294920514,2,0,1,0,NA,217.5
"1382",1,2,100,2.05129151608405,11.7,1,1,1,100,150.5
"1383",1,1,97,8.89068479246545,2.67,0,1,1,100,95
"1384",1,4,100,6.43715792927404,0.75,1,1,0,NA,103.75
"1385",1,3,99,2.89785203193799,9.2,1,0,1,100,128.333333333333
"1386",1,6,97,4.11300375023529,7.5,1,1,1,100,520
"1387",1,2,97,4.26563943002142,20.4,0,1,1,100,120
"1388",1,3,95,7.42177934636397,6.88,1,1,0,100,87
"1389",1,8,97,6.38964097902609,5.61,1,1,1,100,111.25
"1390",1,2,99,4.1704723102162,4.26,0,1,1,90,145
"1391",1,1,60,1.74709238421651,5.6,0,1,0,NA,200
"1392",1,1,98,6.55358541421794,4.5,0,1,1,100,169
"1393",1,2,97,1.39287784047362,2.05,1,1,1,100,187.5
"1394",0,3,100,2.21376438850513,1,0,0,1,100,66.6666666666667
"1395",1,2,100,4.04305903890864,0.9,1,1,0,NA,246
"1396",1,3,99,7.38566019638489,1.91,0,0,1,100,69.6666666666667
"1397",0,2,92,2.02861111652743,2.7,1,1,1,100,118
"1398",0,2,97,5.28583209880111,9.52,0,0,1,100,40
"1399",0,8,98,6.59154098194573,0.98,1,1,0,100,98.75
"1400",1,6,100,4.58514253757214,1.36,1,1,0,100,158.333333333333
"1401",1,5,97,4.02446162384423,11.12,1,1,0,100,63
"1402",1,7,99,4.57972020755136,8.35,1,1,1,100,74.2857142857143
"1403",1,3,99,9.36099131106339,11.6,1,1,1,100,74.6666666666667
"1404",1,2,98,6.08583788006031,8.82,0,1,1,100,80
"1405",1,2,88,4.70585954076252,9.16,0,1,0,100,45.5
"1406",1,6,87,1.49537680181952,11.1,1,1,0,100,92.8333333333333
"1407",0,2,97,7.41645631169257,3.72,0,0,0,NA,95
"1408",1,4,97,2.3099046689898,0.86,1,0,1,97,82
"1409",1,4,100,5.78080956633123,1.74,1,1,0,100,180
"1410",0,6,91,5.89828709141136,0.6,1,1,0,100,70.6666666666667
"1411",1,4,97,9.19755969162616,6.08,0,1,1,100,51
"1412",1,4,99,6.33663096053107,8.6,1,0,0,100,75
"1413",1,4,98,7.29626572701156,19.8,1,1,0,100,112.5
"1414",1,5,98,5.07046693267468,4.71,1,1,1,100,83
"1415",1,4,100,4.04558456459614,2.7,1,1,0,NA,87.5
"1416",1,2,100,6.55868245330608,0.4,0,1,1,100,175
"1417",1,2,100,6.92026928884005,7.32,1,0,1,100,167.5
"1418",1,1,80,2.47331834497566,0.9,1,1,0,NA,204
"1419",0,2,100,5.00013217747553,2.4,0,0,0,NA,62.5
"1420",1,2,97,7.22794781311827,12.65,1,0,1,100,97
"1421",1,1,99,5.86211667352187,4.32,0,1,1,100,167
"1422",1,6,97,5.47250758253587,1.14,1,1,0,100,93.1666666666667
"1423",1,3,97,9.28729232956016,5.8,0,1,1,100,53.3333333333333
"1424",1,2,100,6.71193861006361,10.17,1,0,1,100,87.5
"1425",1,1,100,4.83024130305501,1.2,0,1,0,100,58
"1426",1,1,100,3.9092990405737,2.1,0,1,0,100,465
"1427",1,4,97,1.34110031090482,3.3,1,1,1,NA,140
"1428",1,1,100,6.23609081083574,13.95,0,1,1,100,120
"1429",1,4,73,10.9846769836806,10.5,1,0,0,100,61
"1430",1,5,98,6.65452338919241,1.2,1,1,1,100,107
"1431",1,2,99,6.64950168874846,2.24,0,1,1,100,122.5
"1432",0,7,96,4.97923606385075,15.6,1,1,0,100,85.7142857142857
"1433",1,2,95,3.63099666374822,8.18,0,1,1,100,77
"1434",1,2,96,8.85904771731872,7.26,0,1,1,NA,70
"1435",1,2,100,7.31419333585228,13.5,0,1,0,100,82.5
"1436",0,2,94,7.44946873358205,2.73,0,1,0,100,92.5
"1437",1,4,96,2.27742032711589,0.18,1,0,1,97,87
"1438",1,2,94,4.12334157621788,2.38,1,0,0,100,112
"1439",1,6,100,5.62022961585296,0.93,1,0,1,100,90.8333333333333
"1440",0,2,97,7.28673289076157,7.44,0,0,1,100,62.5
"1441",1,2,100,6.49881184720705,3.9,0,1,0,NA,60
"1442",1,3,100,1.11404531659796,1.5,1,1,0,94,206.666666666667
"1443",0,2,98,4.60719410354654,0.76,1,1,1,100,100
"1444",1,2,97,10.1838361045239,22.8,1,1,1,100,125
"1445",1,4,99,4.83619062773557,30,1,1,0,100,88.5
"1446",1,4,99,5.93179997612669,3.68,1,1,0,100,125
"1447",1,6,94,5.41301110556359,3.64,1,1,1,91,100
"1448",1,2,98,8.24102284693029,0.96,1,1,0,100,220
"1449",0,3,100,5.95529490396784,4.5,1,1,1,NA,151.666666666667
"1450",0,4,NA,9.61329563652229,0,1,1,0,NA,77.5
"1451",1,4,96,6.26614053425098,0.51,1,1,0,100,72.5
"1452",1,3,97,7.45752157273215,0.94,1,0,1,NA,79.6666666666667
"1453",1,2,98,1.79411339874601,26.1,1,1,0,100,160
"1454",1,2,100,1.18563242597918,8.1,1,1,0,94,245
"1455",1,2,100,2.83095341399197,0.6,1,1,0,94,251
"1456",1,4,99,2.36965596559272,0.28,1,0,1,97,79.5
"1457",1,3,93,6.2400575516138,4.68,1,0,0,100,94.3333333333333
"1458",1,6,94,3.74016997377665,9.9,1,1,0,0,230.833333333333
"1459",0,6,100,6.96604048989406,1.26,1,1,0,100,151.666666666667
"1460",1,7,100,6.29821671526536,1.15,1,1,0,100,192.857142857143
"1461",1,2,100,7.08110775928067,7.2,1,1,1,100,82.5
"1462",1,4,98,2.41954910300404,1.2,0,0,1,100,57.5
"1463",1,4,100,5.82416069016597,0.18,1,0,0,NA,93.75
"1464",1,2,100,5.24447753834417,3.3,1,1,0,NA,125
"1465",1,4,98,6.04616700388214,3.99,1,1,1,100,125
"1466",1,2,60,1.70859829580865,1.2,1,1,0,94,235
"1467",1,1,98,4.80502634044499,3.64,0,1,1,100,135
"1468",1,2,98,5.79018310580332,1.77,0,0,1,100,87.5
"1469",0,8,97,6.1570509942158,2.73,1,0,1,NA,80.625
"1470",1,2,97,2.57421931082707,2.16,1,1,0,100,99
"1471",1,4,99,5.7530556070028,3.06,1,0,0,100,107.5
"1472",1,6,94,9.49258381214029,8.7,1,0,1,100,115.666666666667
"1473",1,1,98,5.71344257700396,2.34,1,1,1,100,385
"1474",1,4,94,8.30541659723923,6.45,0,0,1,100,50
"1475",1,1,97,9.93970767602007,0.33,0,0,0,100,115
"1476",1,1,84,9.81185887187857,0.63,0,0,0,100,110
"1477",1,1,80,1.69965224031384,6.3,0,1,0,100,233
"1478",1,3,96,6.79854607803721,10.1,1,0,1,100,166.666666666667
"1479",1,2,98,3.6202665502644,12.75,0,1,1,100,109.5
"1480",0,2,98,4.47916751704831,5.02,0,0,1,100,102.5
"1481",1,1,99,8.9049725238955,0.96,0,1,1,100,90
"1482",1,2,96,4.60263688634601,0.58,0,1,1,100,151
"1483",1,4,NA,11.0984909900445,0,1,1,1,100,93.75
"1484",1,1,96,10.4252447374571,7.98,1,0,1,100,150
"1485",1,2,99,1.37032304336969,8.56,0,1,1,100,114
"1486",1,4,96,4.25044795357766,2.31,1,0,0,100,76.25
"1487",0,4,99,10.5494191405301,1.89,0,0,0,NA,81
"1488",1,2,97,8.14988684673647,5.04,0,1,1,90,55
"1489",1,2,99,4.96787005933027,1.53,0,1,1,100,62.5
"1490",1,2,97,6.41662136742976,6.9,0,1,1,100,131.5
"1491",0,4,96,6.05629402087365,1.98,1,1,1,100,57.5
"1492",1,1,99,4.31883804875823,5.52,0,1,1,100,133
"1493",1,2,99,6.58119897901187,12.94,0,0,1,100,82.5
"1494",1,2,98,9.28628044575529,2.13,0,1,1,100,125
"1495",1,6,98,7.19769280934517,7.2,1,1,1,100,66.6666666666667
"1496",1,1,100,6.77461385610388,3.48,0,1,1,100,150
"1497",1,2,99,8.73734919823189,3.64,1,1,1,100,127
"1498",1,7,95,6.94652250065546,1.32,1,1,0,NA,48.5714285714286
"1499",1,2,NA,2.36011597897889,0,1,1,0,75,89.5
"1500",1,2,93,9.44752927170988,5.76,0,0,0,90,89.5
"1501",0,8,97,10.9418244249883,1.52,1,0,1,100,36.75
"1502",1,4,98,11.0047381418578,11.4,1,1,1,100,87.5
"1503",1,1,98,10.0720050761512,7.22,0,1,1,100,88
"1504",1,3,100,4.04789088300693,9.9,1,0,0,NA,44
"1505",0,2,99,10.6922866721524,8.52,0,0,1,100,79
"1506",0,1,99,10.5416429285679,6.62,0,0,1,100,127
"1507",0,1,100,8.878255108615,1.2,0,1,0,NA,50
"1508",1,6,100,2.67901595631129,0.39,1,1,0,100,316.666666666667
"1509",0,3,95,8.29608022365713,1.05,0,1,0,NA,73
"1510",0,2,86,2.52436732168361,1.7,0,1,0,83,67.5
"1511",1,4,93,2.29595365463517,0.24,1,0,0,100,112.25
"1512",1,2,99,3.53771739642188,9.3,1,1,1,100,95
"1513",0,6,97,4.13983342346121,6.23,0,1,1,100,59.6666666666667
"1514",1,3,100,3.40189808580644,17.08,1,1,1,100,159.666666666667
"1515",1,1,91,8.25651012993175,7.1,1,1,0,NA,220
"1516",1,12,95,4.98718421614759,1.35,1,1,0,NA,89.5833333333333
"1517",1,2,99,5.92355116446259,11.22,0,0,1,100,95
"1518",0,2,98,2.82094627503514,19.2,1,1,1,100,224.5
"1519",1,5,99,4.87369966540422,1.02,1,1,0,NA,94
"1520",0,4,98,5.11601120037681,6.2,1,1,1,100,96.25
"1521",0,2,91,1.5364081590755,3.9,1,0,0,NA,117.5
"1522",1,2,96,6.40111793528567,11.96,1,0,1,100,92
"1523",1,3,95,1.68884562089756,7.38,0,0,1,100,98.6666666666667
"1524",1,5,97,2.79151925477317,14.4,1,1,1,100,180
"1525",0,6,99,2.02559527992088,1.7,1,1,0,NA,212.5
"1526",1,6,98,7.5534725004214,1.54,1,1,0,NA,100
"1527",1,3,97,8.51472523147421,7.44,1,0,1,100,53.3333333333333
"1528",1,2,89,9.42558105664326,3.56,0,0,0,100,107.5
"1529",1,1,92,9.36005065921755,2.32,0,0,0,100,100
"1530",1,2,92,9.4119935438163,3.64,0,0,0,100,90
"1531",1,2,99,5.72825877604605,7.04,0,1,1,100,57.5
"1532",0,6,94,10.0162526845702,3.24,1,1,0,NA,70
"1533",1,1,98,4.36109700841536,9.04,0,1,1,100,95
"1534",1,2,96,7.25159502781949,1.86,1,0,1,100,117.5
"1535",0,3,100,5.39916574483981,7,1,1,0,NA,61.3333333333333
"1536",0,3,96,4.13449092501845,0.72,1,1,0,100,148.333333333333
"1537",1,4,97,7.30377388399443,8.58,1,0,1,100,74.75
"1538",1,2,60,8.216295329793,1.8,1,1,1,100,162.5
"1539",1,3,100,6.27275931653521,17.58,1,1,1,100,122.666666666667
"1540",1,5,97,6.67199007093692,11.56,1,0,1,100,80
"1541",1,2,95,5.38489048791086,0.45,0,1,0,100,155.5
"1542",1,2,93,9.08915726676837,3.58,0,0,0,100,47.5
"1543",1,2,100,6.33629157379143,3.96,0,1,1,100,125
"1544",1,8,97,2.99700403610147,5.37,1,0,1,100,200
"1545",1,9,96,5.21242925317237,3.85,1,0,0,100,65.5555555555556
"1546",1,2,100,6.44086253758363,3.44,0,1,1,100,125
"1547",1,2,98,8.43362576986808,1.77,1,0,0,100,135
"1548",1,2,99,5.99008240644462,10.3,0,1,1,100,82.5
"1549",0,2,89,2.43683626656204,1.99,0,1,0,83,67.5
"1550",1,3,93,6.78301236320432,3.6,1,1,1,100,115
"1551",1,6,96,5.77371644008847,2.12,1,1,1,100,208.333333333333
"1552",1,2,97,9.26634466594617,5.42,1,1,1,100,150
"1553",0,3,88,3.89545443616504,0.56,1,1,0,100,104.666666666667
"1554",0,5,90,7.75217227170772,0.56,1,1,0,100,84
"1555",0,2,97,3.63276645961902,12.6,1,1,0,NA,219
"1556",0,6,100,5.3773422317516,3.8,1,1,0,100,109.166666666667
"1557",1,4,100,3.23259199297007,7.2,1,1,1,99,110.75
"1558",1,6,99,9.59675760558607,11.55,1,0,1,100,48
"1559",1,4,100,7.57897049908641,1.2,1,1,0,94,117
"1560",1,2,96,1.78443646257965,13.2,1,1,0,94,241
"1561",1,3,100,7.36389866525569,0.26,0,0,0,NA,93.3333333333333
"1562",0,4,98,8.8506911410843,8.6,0,0,1,100,50
"1563",0,6,100,7.81406344500842,0.9,1,1,0,NA,141.666666666667
"1564",1,1,98,2.60289537370695,10.02,1,0,1,100,143
"1565",0,2,89,2.64066728479855,1.73,0,1,0,83,67.5
"1566",0,6,98,5.56112713030439,1.98,1,1,1,100,112.333333333333
"1567",1,8,98,5.25161667729759,4.08,1,1,1,100,168.75
"1568",1,2,100,2.01244269034882,0.6,1,0,0,67,225
"1569",0,6,98,6.34540833905137,3.03,1,1,1,100,133.333333333333
"1570",1,2,99,3.2382204988265,10.41,1,1,1,100,206
"1571",1,2,93,4.68833060307212,4.8,1,1,1,100,150
"1572",1,3,100,5.73821322752731,5.4,1,1,0,100,93.3333333333333
"1573",1,1,94,3.066657394807,16.2,0,1,1,100,45
"1574",1,2,96,3.70833411839226,3.8,0,1,1,100,80
"1575",1,5,99,3.47849241161877,0.9,1,1,0,NA,155
"1576",1,5,67,4.5391777684691,2.48,1,1,0,NA,69
"1577",1,6,99,5.35530527102858,1.02,1,1,0,100,140.333333333333
"1578",1,1,100,4.73166611575439,1.68,0,1,0,100,299
"1579",1,4,96,2.11511956457404,6.51,1,1,0,99,75
"1580",1,2,99,2.14308239287902,2.62,0,1,1,100,151.5
"1581",1,2,100,5.61114233999762,10.5,0,1,0,67,120
"1582",0,4,93,0.25922654324363,0.39,1,1,0,100,62.5
"1583",1,2,98,8.82515758178668,2.27,0,1,1,100,55
"1584",0,6,100,5.48670744054899,1.08,0,0,0,NA,87.5
"1585",1,4,100,7.61749896579544,0.24,1,1,0,NA,156.25
"1586",1,10,100,8.33885924586509,2.07,1,1,0,100,144.5
"1587",0,2,94,0.640803330219562,6.26,0,1,1,100,115
"1588",1,6,100,2.48019805329011,0.05,1,1,0,100,216.666666666667
"1589",0,2,98,4.1958609781734,0.34,0,1,0,NA,82.5
"1590",1,6,95,5.58061779517994,0.6,1,0,0,NA,77.5
"1591",1,3,98,6.05323580398636,4.22,0,1,1,100,70
"1592",0,1,NA,2.67470888135163,0,0,1,0,50,111
"1593",1,4,98,2.40101508767399,0.23,1,0,1,97,84.5
"1594",1,4,99,4.52876835846199,1.16,1,1,1,100,146.75
"1595",0,4,93,9.67193789092393,5.06,1,0,0,90,43.75
"1596",1,6,94,8.83747987695951,9.8,1,1,1,100,58.6666666666667
"1597",1,2,100,5.73117537018407,0.7,1,1,0,NA,149.5
"1598",0,4,99,5.15144123338294,2.34,1,1,1,100,80
"1599",1,4,100,7.46445166082851,0.68,1,1,0,NA,98.75
"1600",0,2,95,2.645802202919,5.16,1,1,0,100,325
"1601",1,2,95,5.66747633768165,6.42,1,1,1,100,182.5
"1602",1,6,88,1.11691174868465,5.7,1,1,1,100,52.8333333333333
"1603",1,4,96,7.25633269926756,1.89,1,0,1,100,83.75
"1604",1,7,99,7.19255278363008,5.07,1,1,1,100,78.5714285714286
"1605",1,2,100,5.41310731983189,1.5,0,1,0,NA,190
"1606",1,4,94,2.23937022573734,10.5,1,1,0,67,90
"1607",1,2,95,4.53735134829652,3.96,0,1,0,100,150
"1608",1,4,98,6.02856062884516,1.46,1,1,1,100,146.25
"1609",1,2,95,5.72995119314626,9.51,1,1,0,100,62.5
"1610",1,2,96,5.74411485871013,0.92,1,1,0,100,300
"1611",1,2,100,5.45679050511867,1.66,1,0,0,NA,115
"1612",1,2,94,6.06942121991076,9.92,1,0,0,90,130
"1613",1,1,80,3.46699086696792,2.4,0,0,0,NA,100
"1614",1,2,97,10.8465744480934,10.1,0,1,1,97,60
"1615",1,4,99,0.996920641112681,3.3,1,0,0,100,122.5
"1616",1,2,96,8.45405309972101,7.54,0,0,0,100,79.5
"1617",0,4,97,1.58009004807758,1.84,1,1,1,100,93.75
"1618",1,2,99,6.36683990113691,21.9,1,1,1,100,140
"1619",1,7,97,9.29265858537451,4.94,0,1,1,100,57.7142857142857
"1620",1,2,98,6.92582075781108,4.92,0,1,1,100,82.5
"1621",0,2,95,6.10988070238113,5.83,0,0,1,100,79.5
"1622",0,2,96,6.07505516920479,5.38,0,0,1,100,82
"1623",1,4,97,8.61418985290852,0.64,1,1,1,100,87.5
"1624",1,4,97,2.2635289522784,0.27,1,0,1,97,84.5
"1625",1,2,97,4.80647649175289,0.48,1,1,0,100,185
"1626",1,4,100,1.01236330397124,3.22,1,1,1,100,208.75
"1627",1,2,95,4.01854155320634,6.46,1,1,0,100,125
"1628",1,2,100,3.54310358355174,11.4,0,1,1,89,99
"1629",1,4,98,7.02285284831454,2.82,1,1,1,100,147.5
"1630",1,3,99,4.15999712050384,0.72,0,1,1,100,109
"1631",1,2,98,1.39703725343634,18.36,0,1,1,100,97.5
"1632",1,2,100,6.39205195372813,2.36,0,1,1,100,126.5
"1633",0,6,97,6.45398236447142,28.8,1,1,0,NA,63.3333333333333
"1634",1,1,96,10.1099282827021,29.7,0,1,1,NA,70
"1635",1,2,98,6.4163634156669,5.21,0,1,1,100,84.5
"1636",1,2,100,7.18694684302563,0.08,1,1,1,100,100
"1637",1,7,100,5.55587057282996,0.75,1,1,0,100,92.1428571428571
"1638",1,4,97,10.6797826584461,6.88,0,1,1,97,47.5
"1639",1,8,91,9.78184815023892,12.9,1,1,0,100,45.25
"1640",1,6,98,5.99696142718541,1.56,1,1,1,100,79.1666666666667
"1641",1,3,100,4.71771611405719,0.6,1,1,0,100,133
"1642",1,6,90,5.3938775680675,4.2,1,1,0,100,129
"1643",1,1,100,6.43149988034005,5.8,0,1,0,80,204
"1644",1,3,NA,1.88531670574429,0,1,1,0,100,124
"1645",1,2,96,2.08660022467302,11.68,0,0,1,100,69.5
"1646",1,6,94,7.11393876579665,0.74,1,1,0,100,91.6666666666667
"1647",1,3,100,2.81559616930636,2.4,1,1,0,94,200.333333333333
"1648",1,4,99,5.53781204579203,2.25,1,1,1,100,147.5
"1649",1,4,97,6.88760444463999,1.64,1,1,0,NA,87.25
"1650",0,2,98,6.3660238922597,5.67,0,0,1,100,89.5
"1651",1,16,100,3.36472207227913,0.92,1,1,1,100,156.25
"1652",1,11,87,3.3508864057269,12.9,1,1,0,100,64.0909090909091
"1653",1,2,NA,3.45402366005768,0,0,1,0,100,66.5
"1654",1,2,100,3.55045581262069,4.5,0,1,0,100,65
"1655",1,2,NA,3.44800365156265,0,0,1,0,100,77.5
"1656",1,2,100,3.41433688067278,9.3,0,1,0,100,62.5
"1657",1,2,NA,5.56279055272925,0,1,1,0,80,162.5
"1658",1,1,93,6.436442828279,4.2,0,1,0,100,174
"1659",1,2,99,5.15611146872893,2.54,0,1,1,100,137.5
"1660",1,12,98,9.60357938537763,6.21,0,1,0,100,64.9166666666667
"1661",1,1,NA,3.73469564767434,0,0,1,0,NA,200
"1662",0,4,96,4.98415430788512,12,1,0,1,NA,115
"1663",0,2,98,8.17071138441274,11.9,0,0,1,100,81.5
"1664",1,2,98,3.66121696953545,3.03,0,1,1,100,95
"1665",0,4,96,6.68885224115812,7.27,1,0,1,100,65
"1666",1,2,96,5.02300406264414,10.28,1,0,0,100,112.5
"1667",1,2,98,6.39822277135865,11.4,1,1,1,90,80
"1668",0,2,93,7.05645800813048,8.12,0,0,0,100,97.5
"1669",1,4,100,2.25909510005064,0.42,1,0,1,97,79.5
"1670",1,4,94,6.42954302610815,5.56,1,1,0,100,81
"1671",0,4,100,2.70649440413816,9.6,1,1,1,100,99.75
"1672",1,2,97,2.37697666230389,3.57,1,1,1,100,145
"1673",1,1,93,6.1477290768767,3.6,0,0,0,100,114
"1674",1,2,96,8.57354842021354,4.92,0,1,1,100,65
"1675",1,2,98,4.95589484297196,12.6,1,0,1,100,120
"1676",0,2,97,6.2622790589715,9.1,1,0,1,100,187
"1677",1,2,99,4.78773146952577,4.4,0,0,1,100,80
"1678",1,2,98,8.96906861105934,17.08,0,1,1,100,52
"1679",1,2,98,4.21336672726798,3.49,0,1,1,100,62
"1680",0,2,95,10.2305515061169,2.91,0,0,0,100,70
"1681",1,2,97,5.0354848195217,10.34,0,0,1,100,97.5
"1682",1,2,99,5.27716793794628,2.42,1,0,0,100,117.5
"1683",1,3,95,5.53183746116062,9.48,0,1,0,NA,63
"1684",0,2,94,3.7870075339183,29.7,0,0,1,100,87.5
"1685",1,3,98,6.81130980643282,5.48,1,0,1,NA,101.666666666667
"1686",1,5,96,6.80188907049815,7.38,1,0,1,NA,90
"1687",1,2,95,3.88683044090573,2.4,1,1,0,98,105
"1688",1,2,83,2.66747873375637,4.2,1,1,0,94,252.5
"1689",1,4,100,2.15910114769218,4.03,1,1,0,99,84
"1690",1,2,NA,3.10067698965836,0,0,1,0,NA,100
"1691",1,2,99,8.48037801085143,9.25,0,0,1,100,73.5
"1692",1,2,98,10.8129510132152,9.74,0,1,1,100,54
"1693",1,2,90,7.80433490795936,4.35,1,0,0,100,80
"1694",1,2,99,7.04353674169039,7.78,0,0,1,100,80
"1695",1,5,100,3.51219298024303,1.2,1,0,0,NA,178.6
"1696",1,2,100,2.82018232109688,2.1,1,1,0,94,400.5
"1697",1,4,97,5.52529463653037,4.08,1,0,1,100,110
"1698",1,2,90,2.24418547842938,3.3,1,1,0,100,300
"1699",1,8,87,5.53033687938201,1.04,0,1,0,NA,56.875
"1700",0,2,100,6.63468702415391,4.02,0,1,1,100,75
"1701",1,2,100,1.01140251288539,7.83,0,0,1,NA,105
"1702",1,4,93,3.98407171321097,1.26,1,1,0,NA,87.5
"1703",1,3,97,9.70022563176291,6.68,1,0,1,100,84.6666666666667
"1704",1,4,97,9.71889699330841,7.62,1,1,1,100,61.75
"1705",1,2,98,8.30079758423605,7.36,1,1,1,100,74.5
"1706",1,2,98,2.84397735353977,12.9,1,1,1,100,105
"1707",1,2,99,6.65265555432391,6.44,1,1,1,100,165
"1708",1,2,93,1.24848509028431,2.1,1,1,0,94,248
"1709",1,2,99,0.85760967815835,14.79,1,0,1,100,127.5
"1710",1,3,92,9.58337589031272,14.7,1,1,0,100,89.3333333333333
"1711",0,2,92,2.51501465665595,1.63,0,0,0,83,67.5
"1712",1,4,98,4.37469194921874,1.76,1,0,1,100,86.25
"1713",0,2,87,2.4555642532168,1.77,0,0,0,83,67.5
"1714",0,2,97,7.31465296020066,2.34,0,1,0,100,85
"1715",1,8,99,4.28654317760212,2.1,1,1,0,NA,99.875
"1716",1,4,100,3.73053898956357,3.3,1,1,0,NA,250
"1717",1,6,100,5.65131760993664,0.6,1,1,0,75,70
"1718",0,6,NA,4.64472954369421,0,1,1,0,75,216.666666666667
"1719",1,3,97,5.97803229223783,12.9,1,1,0,100,85
"1720",1,2,96,7.00609904087035,0.3,0,1,1,100,207.5
"1721",1,2,99,8.7398782068498,1.22,0,0,1,100,91.5
"1722",0,8,97,1.52015182830136,1.8,1,1,0,100,85.5
"1723",1,2,99,2.2054863065665,17.7,1,1,0,100,235
"1724",0,9,97,7.96763367626963,1.36,1,1,1,100,51.1111111111111
"1725",0,2,88,2.60459562572869,1.3,0,1,0,83,67.5
"1726",0,2,87,2.46233697099204,1.75,0,1,0,83,57
"1727",0,2,88,2.63429452041609,1.89,0,1,0,83,32.5
"1728",1,2,99,6.40862885523518,2.94,1,1,0,NA,156
"1729",1,2,NA,2.88159737436713,0,0,1,0,86,240
"1730",1,2,99,5.45402208007609,16.16,1,1,1,100,130
"1731",0,1,NA,6.73299400424949,0,0,1,0,100,69
"1732",1,2,86,8.83316917658004,4.72,0,1,0,97,49.5
"1733",1,4,92,0.809015209878909,3,1,1,0,NA,162.5
"1734",1,4,95,3.98238495351979,1.6,1,1,0,100,145
"1735",1,2,97,6.36661415886789,6.86,1,0,1,100,122.5
"1736",0,2,99,2.88012398662794,0.46,0,1,0,NA,75
"1737",1,2,94,5.81523684631807,3.72,0,0,0,100,100
"1738",1,2,80,1.6187113206564,0.9,0,1,0,90,206.5
"1739",0,6,99,5.18228020146746,1.76,1,1,1,100,102.333333333333
"1740",1,8,100,2.34634926055921,0.28,1,0,1,97,82.5
"1741",1,6,100,7.71115567065792,0.84,1,1,1,100,108.333333333333
"1742",1,4,NA,3.16828864101034,0,1,1,0,NA,40
"1743",1,2,99,6.73678062984756,2.04,1,0,0,100,122.5
"1744",1,3,98,8.07301347394709,10.46,1,0,0,100,78.3333333333333
"1745",1,9,99,3.07129601500087,2.68,1,1,1,100,172.222222222222
"1746",1,3,100,4.18428464081412,2.32,1,1,1,100,94.3333333333333
"1747",1,1,99,3.8884640977277,1.03,0,0,0,NA,124
"1748",0,3,NA,2.8582701076078,0,1,1,0,99,134.666666666667
"1749",1,2,95,5.11131607748722,10.18,1,0,0,100,125
"1750",1,3,98,6.21784922450564,5.65,0,1,1,100,81
"1751",1,4,76,3.94796851652433,6.3,1,1,0,83,50
"1752",0,3,NA,1.44500131637709,0,1,1,0,99,109.666666666667
"1753",1,6,47,4.89373630030587,5.1,1,1,0,94,101.666666666667
"1754",1,6,93,5.07813845720443,4.2,1,1,0,94,95
"1755",0,4,94,1.49400345601124,6.6,1,1,0,78,57.5
"1756",1,4,98,4.76828155160498,1.76,1,1,1,100,184.75
"1757",1,2,97,4.81626327648264,2.44,0,1,1,100,134.5
"1758",0,2,90,4.16250731230515,3.35,0,1,0,100,100
"1759",0,2,98,6.71194582607914,8.4,0,1,1,100,75
"1760",0,2,100,2.98429398106999,3.96,0,1,1,100,110.5
"1761",1,6,97,6.24921847320846,2,1,1,1,100,82
"1762",1,2,98,4.58493185585488,10.67,0,0,1,100,54.5
"1763",0,8,100,8.19875997660974,0.44,1,1,0,100,86.875
"1764",1,2,95,5.47063634794758,2.7,1,1,0,90,197.5
"1765",0,2,95,4.2353967807478,3.4,0,1,1,100,80
"1766",1,1,99,7.16248276094603,3.22,1,1,1,100,86
"1767",1,7,95,10.7746157352229,1.6,1,1,0,NA,37.7142857142857
"1768",1,6,99,6.3384610023982,1.14,1,1,0,NA,85
"1769",1,2,95,8.29914919103364,4.76,0,1,1,98,75
"1770",1,6,100,7.71864297544402,1.2,1,1,0,NA,103.333333333333
"1771",1,2,95,8.37712373054339,3.95,0,1,1,98,75
"1772",0,2,97,3.15722577563819,2.53,0,0,1,100,84.5
"1773",0,1,100,6.28977337849703,7.5,0,1,0,100,148
"1774",1,4,95,5.69937886115838,4.34,0,1,0,92,40
"1775",1,2,NA,5.22539966182969,0,0,0,0,100,74.5
"1776",1,1,100,5.85951052456324,0.81,0,0,0,NA,144
"1777",1,1,93,10.644348267003,3.3,0,1,0,100,115
"1778",1,1,99,5.23641662526669,5.2,0,1,0,100,100
"1779",1,8,99,6.84316029637986,8.01,0,1,1,100,64.875
"1780",1,2,96,8.42579299213241,5.61,0,1,1,100,73
"1781",1,2,100,4.98949840961602,9.18,0,0,1,100,77.5
"1782",1,2,100,1.69017003634015,1.24,1,1,0,75,150
"1783",1,2,100,5.4393446203028,9.9,1,1,1,100,95
"1784",1,2,95,1.8506828742728,6.8,1,1,0,NA,85
"1785",1,2,97,2.04754607303041,7.5,1,1,0,100,100
"1786",1,1,97,8.69388955889198,19.5,0,0,0,NA,125
"1787",0,4,99,3.10017109266352,5.73,0,1,1,100,86.5
"1788",1,5,99,9.14619673244532,1.02,1,0,0,NA,90
"1789",1,2,95,3.36582668081372,0.44,0,0,0,NA,82
"1790",1,2,100,6.20438986262705,0.9,1,1,0,100,144
"1791",1,2,96,2.45737974648411,5.58,0,0,1,100,107
"1792",1,2,96,10.5111811468724,2.78,1,0,0,100,144
"1793",1,10,100,6.24119520454561,2.1,1,1,1,100,129.5
"1794",0,5,98,6.61340859526033,3.57,1,1,1,100,137
"1795",1,2,97,7.09037943552512,4.18,0,1,0,100,84
"1796",1,2,99,6.59085136222624,3.28,0,0,1,100,125
"1797",1,4,90,9.61501787678018,8.6,1,0,0,100,62.25
"1798",1,3,100,5.78416559145404,13.08,1,0,1,100,53.3333333333333
"1799",1,2,80,3.970052020896,3.3,1,1,0,90,179.5
"1800",1,1,100,3.18054512346873,0.6,0,1,1,100,50
"1801",0,6,100,3.50798835503537,1.52,1,1,0,100,120.833333333333
"1802",1,4,95,6.16286151647284,9.26,0,0,0,100,51.25
"1803",1,1,95,6.03797089956269,11.7,0,1,1,100,109
"1804",0,4,100,1.57301931911313,1.8,1,1,0,NA,68.75
"1805",1,2,97,6.86424327791749,7.78,0,0,1,100,57.5
"1806",1,4,100,6.26401489492012,0.06,1,0,0,NA,68.75
"1807",1,7,100,1.73964975885105,6.6,1,1,1,100,50
"1808",1,4,95,5.75250864474945,3.3,0,1,0,90,126
"1809",0,8,97,3.87072454423245,6.3,1,1,0,100,177.5
"1810",0,2,60,5.6895682428154,2.1,0,1,0,100,95
"1811",1,4,100,0.246939468037345,3.9,1,1,0,NA,412.5
"1812",0,4,100,5.84806470237715,3.18,1,0,0,100,106.25
"1813",1,4,100,5.29973954677348,1.53,1,1,0,NA,92.5
"1814",1,2,98,7.0153950434415,5.74,0,0,1,100,62.5
"1815",1,8,96,6.84419480612577,0.94,1,1,0,100,118.75
"1816",1,2,98,6.73336723368171,0.24,0,1,0,100,101.5
"1817",1,4,96,10.0435112069691,6.72,0,0,1,100,61
"1818",0,7,99,4.1506213525916,5.4,1,1,1,100,128.571428571429
"1819",1,4,97,2.59146911366691,9.3,1,1,0,NA,71.25
"1820",0,2,94,1.57985946890822,1.63,0,1,0,100,47.5
"1821",0,2,94,1.40318981776011,1.45,0,1,0,100,47.5
"1822",0,1,100,6.12312118936144,6,1,1,0,100,97
"1823",0,3,95,1.52618543229366,1.97,0,1,0,100,33
"1824",0,3,95,1.57843870311598,2.26,1,1,0,100,105
"1825",0,2,100,2.49076272349154,0.48,1,1,0,100,237.5
"1826",1,1,100,4.5216247592668,2.6,0,0,1,100,120
"1827",0,2,92,2.41686675743421,7.06,0,0,0,100,77
"1828",1,7,95,5.31931056116744,5.4,1,0,0,100,59.2857142857143
"1829",1,1,95,5.67439116491002,3.62,0,1,1,100,129
"1830",1,1,99,6.27451864052048,13.5,0,1,0,NA,165
"1831",1,4,99,5.32850968071486,7.12,1,1,1,100,162.5
"1832",1,4,95,6.55368721831729,2.95,1,1,1,100,109.5
"1833",0,2,100,8.71074054538286,23.1,1,1,0,100,115
"1834",1,2,98,6.6794880362216,6.9,1,1,0,NA,117
"1835",0,2,95,4.24618149985554,5.22,0,1,1,100,87.5
"1836",1,7,NA,7.14111685568383,0,1,1,0,NA,78.5714285714286
"1837",1,4,93,2.0525212971627,7.13,1,1,0,99,75
"1838",1,12,97,8.4006484228272,8.9,1,1,1,100,62.4166666666667
"1839",1,2,89,2.24877061301709,3.98,0,1,0,100,52.5
"1840",1,1,97,3.61940749918338,4.8,0,1,0,NA,160
"1841",1,2,99,7.24825977273013,8.89,1,0,1,97,97
"1842",1,4,99,2.31061377396082,11.16,1,1,0,100,125
"1843",1,5,90,10.4982359878405,0.51,1,1,0,NA,36
"1844",1,4,100,6.43102619705715,2.1,1,1,0,94,155.5
"1845",1,1,100,5.28106105861424,8.37,0,1,1,100,130
"1846",1,6,NA,7.77056486282277,0,1,1,1,100,87.5
"1847",1,2,99,2.72430357402261,5.82,1,1,1,100,92.5
"1848",0,2,100,2.38189104089463,3,1,1,0,NA,140
"1849",1,1,100,6.31958334356159,0.6,0,1,0,NA,285
"1850",1,1,96,6.10211039405052,2.14,0,0,0,100,172
"1851",1,4,98,4.00101619994075,10.1,1,1,1,100,86.25
"1852",1,6,100,4.41587245307756,2.4,1,1,0,100,62.5
"1853",1,10,99,6.3623086573666,1.76,1,1,1,100,92.4
"1854",1,6,100,5.98018910191096,1.25,1,1,0,100,125
"1855",1,4,94,5.85461931874588,3.3,1,1,0,92,57.5
"1856",0,4,100,5.54292907027494,0.85,1,1,0,NA,108.5
"1857",1,2,98,9.25253260453457,2.34,0,1,1,100,87.5
"1858",1,5,100,5.68672874862822,1.5,1,1,1,100,63.6
"1859",1,5,93,3.646336761984,20.4,1,1,0,30,100
"1860",1,2,100,5.96711788894059,2.56,1,1,1,100,117.5
"1861",1,6,97,6.10203878468072,21.3,1,1,0,100,100.833333333333
"1862",0,8,97,5.7110964917771,3.42,1,0,0,NA,96.875
"1863",1,2,99,8.41287826101584,3.84,1,1,1,NA,95
"1864",0,2,100,8.18417058390741,0.69,0,1,0,100,49.5
"1865",1,6,97,6.07038937581466,26.4,1,1,0,100,75
"1866",0,5,95,9.95597723023114,1.78,1,1,1,NA,58
"1867",1,3,100,4.9352541811593,2.4,1,1,0,94,160
"1868",1,2,99,6.17489634227475,10.8,0,1,0,100,132.5
"1869",1,4,97,6.59499419517895,14.85,1,0,1,90,66
"1870",1,3,98,6.10082345712989,2.84,0,1,1,100,99
"1871",1,6,97,5.63792447260917,0.56,1,1,1,100,95.8333333333333
"1872",1,2,100,4.11536484182525,2.85,1,1,1,100,222
"1873",0,5,98,3.38093095975905,5.43,1,1,1,100,95
"1874",1,4,100,5.27371700008218,2.16,1,1,0,100,93.75
"1875",1,2,98,2.29296040022206,6,0,0,1,71,87.5
"1876",1,2,97,1.89799307230135,9.9,1,1,0,100,97.5
"1877",1,2,91,1.72955951909952,6.9,1,1,0,100,97.5
"1878",0,2,100,6.44738363126962,2.1,1,1,0,100,55
"1879",1,2,98,5.20454373754674,7.56,0,1,1,100,106.5
"1880",0,2,98,3.75326955149266,6.96,1,0,1,100,112.5
"1881",1,2,95,2.21144126335775,4.77,0,0,1,71,87.5
"1882",1,4,100,3.19033138660221,11.47,1,1,1,NA,100
"1883",0,2,92,5.25781749862563,17.1,1,0,0,70,67.5
"1884",1,2,93,0.854127639812583,0.76,1,1,0,NA,187.5
"1885",0,3,96,2.58616460240466,3.6,1,1,1,100,115
"1886",1,5,98,4.32942994231603,1.03,1,1,1,100,120
"1887",1,2,91,8.0051825914663,5.46,0,0,0,100,58
"1888",0,4,96,3.26412502912554,1.04,0,0,1,100,56
"1889",1,4,100,4.78804469256176,4.5,1,1,0,98,57.5
"1890",1,2,95,3.13352308598216,2.46,1,0,1,90,97.5
"1891",1,4,100,6.36564039427411,0.9,1,1,0,NA,76.25
"1892",0,4,92,9.99115169117552,6.39,1,0,0,NA,65
"1893",1,4,100,5.60363883840686,2.7,1,1,1,100,133.5
"1894",1,2,99,3.42869458056776,4.23,0,1,1,100,212.5
"1895",1,2,99,5.58381629258359,7.48,0,1,1,100,102.5
"1896",1,2,92,8.21932719092336,7.38,0,1,1,100,59.5
"1897",1,2,100,2.25895374714743,0.2,0,0,1,71,139.5
"1898",1,2,87,2.23471846031725,0.35,0,0,1,71,164.5
"1899",1,5,100,5.59649343738155,5.7,1,1,0,100,92.2
"1900",1,4,95,7.75826292130943,4.2,1,1,0,100,64
"1901",1,4,97,11.0561453104633,7.02,1,1,1,100,62.5
"1902",0,2,98,9.94487118989666,6.14,0,1,1,100,49
"1903",1,3,99,6.33574279971804,11.91,1,0,1,100,88.3333333333333
"1904",1,8,100,0.455337802246022,0.31,1,1,0,60,206.25
"1905",1,2,99,8.67585448158374,5.05,0,1,1,100,85
"1906",0,8,97,4.58523304475545,0.15,1,1,0,100,198.5
"1907",1,4,96,8.77870505300683,2.1,1,1,0,100,66.75
"1908",0,2,97,10.0554808087686,8.06,0,1,1,100,69.5
"1909",0,6,100,4.47069782436281,1.52,1,1,0,NA,212.333333333333
"1910",1,4,98,9.2079340815439,11.6,1,1,1,100,37.5
"1911",1,4,100,4.92423939903509,2.7,1,1,0,0,31.75
"1912",1,3,98,4.88709834927861,7.5,1,1,1,100,110
"1913",0,4,98,2.27647317010801,3.23,0,0,1,100,58.75
"1914",1,6,96,8.53752206833489,0.93,1,1,1,100,141.666666666667
"1915",0,12,100,5.88601147650016,2.82,1,1,0,NA,85.8333333333333
"1916",1,2,99,3.55853872459533,7.22,0,1,1,100,49
"1917",1,2,97,3.89157927127829,3.18,0,1,1,100,99.5
"1918",0,4,100,0.290720448089887,5.7,1,1,1,100,60
"1919",1,2,99,4.94342638127417,14.56,1,0,1,100,140.5
"1920",1,2,100,6.5830048640604,6.9,1,1,0,100,105
"1921",1,2,99,6.80611695112544,1.26,0,0,1,100,102
"1922",1,2,95,4.46542512180575,3.3,1,0,0,NA,140
"1923",1,2,98,5.83438740868649,12.1,0,0,1,100,92.5
"1924",1,6,100,7.79799876011063,2.7,1,1,1,100,70
"1925",0,2,98,7.91633292382063,15.48,1,0,1,100,81.5
"1926",1,4,94,2.29689971344075,0.22,1,0,1,97,82
"1927",1,2,98,8.70267854403745,3.38,0,0,0,100,97.5
"1928",0,1,97,5.77528079427703,6.1,0,0,1,80,200
"1929",0,5,98,5.41150899670714,1.44,1,0,1,100,77.8
"1930",0,2,97,3.16452217774961,29.34,0,1,1,90,152
"1931",1,4,98,8.66209934037013,23.7,1,1,0,NA,91.25
"1932",0,2,97,6.56522750073529,12.26,1,0,1,100,58.5
"1933",1,2,96,9.91059674918746,6.2,1,1,0,100,115
"1934",1,1,99,5.24130066815333,4.92,0,1,0,100,130
"1935",1,5,100,6.71628976757029,14.4,1,1,0,NA,219.8
"1936",1,4,89,2.18191285412222,1.47,1,0,0,NA,58.75
"1937",0,4,98,5.76210724166724,29.4,1,0,1,100,98.75
"1938",1,2,97,5.5121189143183,5.12,0,1,1,100,77.5
"1939",1,3,100,1.14620693362236,0.48,1,1,0,NA,108.333333333333
"1940",1,4,100,2.21457646282796,0.92,1,0,1,90,66.25
"1941",1,5,100,6.39185032169126,27.3,1,1,1,100,45
"1942",1,2,100,2.22378700625425,29.7,0,1,1,NA,117
"1943",1,2,98,2.31436576412906,1.78,1,1,1,100,175
"1944",0,1,99,3.42734232757557,7.06,0,0,1,90,145
"1945",1,2,91,6.45231153729719,8.7,0,1,1,100,70.5
"1946",1,2,98,1.3765533938284,6.46,0,1,1,100,101.5
"1947",1,4,100,3.88800628169388,0.87,1,1,0,NA,100
"1948",1,3,93,5.48154583549137,2.4,1,1,0,90,133.333333333333
"1949",1,6,99,7.39269703167768,3.04,1,1,1,100,65.8333333333333
"1950",1,6,98,10.0150329935814,13.8,1,1,1,100,195
"1951",1,5,96,6.09821171458021,1.23,1,1,1,100,84.4
"1952",1,6,99,5.56580526774527,6.33,1,0,1,100,108.333333333333
"1953",0,2,98,2.43288509623525,6,1,1,1,100,165
"1954",0,4,95,9.23323380588394,3.75,1,1,0,100,75
"1955",1,2,98,7.25453331427554,14.12,0,1,1,100,62.5
"1956",1,2,96,5.03667723131998,6.75,0,1,1,100,85
"1957",0,4,99,8.21775086866199,4.59,1,1,1,100,105
"1958",0,7,99,1.00367789686305,3.54,1,1,1,100,143.857142857143
"1959",0,3,88,7.57396846421805,19.8,1,1,0,100,70
"1960",0,2,91,2.11380545986344,0.26,1,1,0,100,102.5
"1961",0,3,97,1.15327206376732,3.68,1,0,1,100,104.333333333333
"1962",1,2,99,9.18356689052273,5.36,0,0,1,100,50
"1963",0,2,100,6.02446013979271,1.5,1,0,0,NA,110
"1964",1,4,100,5.09846679562531,5.25,1,0,0,100,162.5
"1965",0,8,99,5.10523531203973,2.46,1,1,1,100,125
"1966",1,2,99,3.76370941600665,4.9,0,1,1,100,77.5
"1967",0,2,91,8.21198073256898,7.26,1,1,0,100,77.5
"1968",1,4,100,3.93154891718142,3.92,1,1,1,100,103.75
"1969",1,2,89,8.10213599317851,4.04,0,1,0,100,54.5
"1970",0,2,100,3.77256414959355,3.6,1,0,0,100,117.5
"1971",1,6,96,9.16095860074522,2.48,1,1,1,100,75
"1972",1,2,100,1.98499779603179,0.09,1,0,1,100,122.5
"1973",1,4,100,2.11308048810156,0.22,0,1,0,80,75
"1974",1,4,85,4.73741090993652,5.1,1,0,0,100,100.25
"1975",1,2,97,4.79802615298392,3.9,1,0,0,100,158.5
"1976",0,2,97,4.22256196709032,6.14,0,1,1,82,97
"1977",0,2,100,6.12868888734593,3.08,0,1,1,100,120
"1978",1,6,97,0.570784156998339,0.19,1,1,0,100,241.5
"1979",1,7,94,4.04397599647583,3.08,1,1,1,100,75
"1980",0,12,99,4.61302287447348,2.07,1,1,1,100,100.833333333333
"1981",1,4,100,2.78268906470183,0.24,1,1,1,100,223.75
"1982",1,4,97,5.30677012272689,1.64,1,1,1,100,272.5
"1983",1,6,100,4.9428829344155,1.4,1,1,0,NA,104.166666666667
"1984",1,2,99,7.75290802109505,5.1,1,0,0,NA,70
"1985",1,4,96,4.00957874567985,9.9,0,1,1,100,62.5
"1986",0,5,100,4.25458677223358,3.9,1,1,1,100,89
"1987",1,4,94,7.57478103272403,7.42,1,0,0,92,65
"1988",0,6,96,3.70547351889966,27,1,1,0,NA,65.6666666666667
"1989",0,2,97,9.29357564038994,3.31,0,0,1,100,80
"1990",1,4,90,2.20564789362406,2.7,1,1,0,90,135
"1991",0,4,100,5.18709724986869,2.08,1,1,0,NA,80
"1992",1,2,100,6.81804623531485,8.1,1,0,1,100,82.5
"1993",1,2,NA,6.43404230888457,0,1,1,0,100,180
"1994",0,8,88,2.85374893552115,2.31,0,0,0,90,54
"1995",1,2,98,11.0564852787656,1.79,0,0,1,100,72.5
"1996",1,2,100,6.30072280565747,4.24,0,1,1,100,87.5
"1997",0,2,96,2.31485675370516,29.7,1,1,0,100,137.5
"1998",1,5,93,5.37212383752502,7.94,1,1,0,100,55.8
"1999",1,4,98,6.79637577301621,0.9,1,0,0,100,100
"2000",1,3,93,4.588555333731,8.64,0,0,0,100,64.6666666666667
"2001",1,2,99,5.81993733992671,5.22,0,0,1,100,82.5
"2002",1,2,97,10.0350180178058,5.5,1,1,0,100,55
"2003",1,4,96,7.85694501329544,9.84,1,1,1,100,76.25
"2004",0,1,93,1.11816106816874,4.03,0,1,0,100,154
"2005",1,2,90,2.07952160215217,0.26,0,1,0,80,125
"2006",1,2,96,2.0707523933099,0.14,0,1,0,80,150
"2007",0,3,100,9.69250508988965,3.8,1,0,0,100,156.666666666667
"2008",1,2,97,9.95197148309274,4.86,0,1,1,100,74
"2009",1,5,99,10.2533939538143,0.76,1,1,1,100,42
"2010",1,2,97,12.0043212780187,9.6,0,1,1,100,50
"2011",1,2,98,5.96006115851215,3.42,0,1,1,100,122.5
"2012",0,4,NA,1.04996413623974,0,1,0,0,NA,50
"2013",1,2,97,6.82806013625044,3.9,0,1,1,100,85
"2014",1,6,99,0.997800012132903,28.8,1,1,0,NA,95.6666666666667
"2015",1,2,100,3.55041970187068,7.5,1,1,1,100,187.5
"2016",1,2,NA,8.99078190431852,0,1,1,0,NA,82.5
"2017",0,2,96,8.66371983082262,10.14,1,1,1,100,70
"2018",1,4,98,10.9140943965706,8.4,1,1,0,100,84.75
"2019",1,2,97,2.09152682227037,0.26,0,1,0,80,125
"2020",0,2,NA,6.28081618193315,0,1,0,0,NA,82.5
"2021",1,2,99,9.35791179053786,22.49,0,1,1,100,51.5
"2022",1,2,100,8.36158340682504,0.27,1,1,1,100,187.5
"2023",0,2,96,7.94745070568283,4.38,1,0,0,100,90
"2024",1,5,99,5.75562793630656,11.34,1,1,1,100,131.8
"2025",1,4,99,5.96154134176542,2.76,1,0,0,NA,116.25
"2026",1,3,96,7.21427448081416,6,1,0,1,100,72
"2027",1,11,100,4.15604307257893,0.25,1,1,0,NA,140
"2028",0,3,98,8.16723763406394,2.38,0,1,1,100,70
"2029",0,6,98,7.21325348192185,2.31,1,0,1,100,75
"2030",1,4,75,6.12909202920395,2.7,1,0,0,100,80.25
"2031",1,6,99,1.14191973455169,3.6,1,1,1,100,147.5
"2032",1,2,100,5.39311031130736,11.92,1,0,1,100,95
"2033",1,3,NA,3.11212552609666,0,1,1,0,100,108.333333333333
"2034",1,3,NA,4.59388771626135,0,1,1,0,100,68.3333333333333
"2035",1,3,NA,2.88856357680766,0,1,1,0,100,71.6666666666667
"2036",1,3,97,6.19885069917563,12.48,0,1,1,100,73.3333333333333
"2037",0,4,100,2.22716113404032,4.8,1,1,0,90,225
"2038",1,12,92,10.1196106408336,0.94,1,0,0,100,29.1666666666667
"2039",1,1,98,6.25176378700033,7.3,0,1,1,100,148
"2040",0,2,96,1.9395437259519,3.9,0,1,0,100,110
"2041",0,2,95,1.98095240799689,15.6,0,1,0,100,110
"2042",0,2,89,1.89346355434708,10.8,0,1,0,100,95
"2043",0,2,70,1.80179087709365,1.2,0,1,0,100,110
"2044",0,2,97,1.76798576844562,10.5,0,1,0,100,110
"2045",1,4,82,4.82188845985718,6,1,0,0,100,96
"2046",0,2,100,9.62191533793191,3.6,1,1,0,NA,170
"2047",0,2,95,1.59807031846319,3.06,0,1,0,100,34.5
"2048",1,2,100,2.1759625252282,1.5,1,1,0,90,178.5
"2049",1,4,100,0.899708670825351,7.8,1,1,0,NA,100
"2050",0,6,95,2.97011732641638,22.2,1,1,1,100,90.8333333333333
"2051",1,2,NA,3.73678212161009,0,1,1,0,90,187
"2052",1,2,100,8.23952987502676,8.67,1,0,1,100,82
"2053",0,2,99,5.24021161784924,2.92,1,1,1,100,160
"2054",1,4,100,3.48870816227428,3.72,1,1,0,100,33.75
"2055",0,2,NA,2.14904910778828,1.24,1,0,0,0,375
"2056",1,4,98,8.05873775976225,6.06,1,0,1,100,58.5
"2057",1,2,98,5.70815729926543,10.5,0,0,1,100,92.5
"2058",0,6,100,2.39595204340554,0.99,1,1,0,NA,266.666666666667
"2059",1,2,98,3.46521986224607,6.16,0,1,1,98,100
"2060",1,2,99,3.58174560969665,6.12,0,1,1,98,97.5
"2061",1,2,97,3.50870339855443,6.36,0,1,1,98,95
"2062",1,2,97,3.46177059097374,5.67,0,1,1,98,90
"2063",0,3,87,2.04189336241544,2.1,1,1,1,100,91.3333333333333
"2064",0,3,75,2.06010278940936,3.6,1,1,1,100,49.6666666666667
"2065",0,2,80,2.04366051098277,1.5,1,1,1,100,125.5
"2066",0,14,82,2.91437228017272,0.78,0,0,0,90,163.642857142857
"2067",1,2,95,4.87888907313421,12.72,1,0,0,100,106.5
"2068",1,2,93,5.01728253012854,6.9,1,1,0,100,99
"2069",0,2,100,7.10864929189149,8.1,1,1,0,100,183
"2070",0,2,78,2.90518611965872,0.78,0,0,0,90,141.5
"2071",1,2,94,9.34382100899188,7.89,1,0,0,100,83
"2072",1,5,99,4.44108008026214,5.52,1,1,1,100,130
"2073",1,4,90,5.69156419443898,5.1,1,1,0,100,66
"2074",1,2,99,7.48247736891916,3.93,1,0,0,100,106
"2075",0,2,100,7.84890485403464,0.09,0,1,0,NA,70
"2076",1,2,NA,8.27766427191538,0,1,1,0,100,40
"2077",1,6,96,4.88496337514956,4.48,1,1,0,100,58.1666666666667
"2078",1,2,97,9.91442294163616,9.81,0,1,1,100,69
"2079",1,4,95,7.10572687651258,7.77,1,0,1,80,71.25
"2080",1,7,81,7.86313853233226,0.54,1,1,0,91,121.428571428571
"2081",0,1,100,3.85755346724273,16.5,0,0,0,NA,210
"2082",1,2,94,8.18685476029489,5.58,0,0,1,100,65
"2083",1,2,100,1.98796902400232,11.4,1,1,1,100,149
"2084",0,4,98,9.20691362572497,6.12,1,1,1,NA,87.5
"2085",1,6,98,9.62962733183168,2.32,1,0,1,89,116.666666666667
"2086",0,3,NA,5.96769520435138,0,1,0,0,100,70.3333333333333
"2087",0,2,98,7.50404916960599,6.6,1,1,1,100,122.5
"2088",0,4,100,5.87065044067765,2.59,1,1,0,NA,102.5
"2089",1,3,97,9.26682812064265,20.16,1,1,1,100,73.3333333333333
"2090",1,5,92,5.28887323818126,6.45,1,1,0,100,75.8
"2091",1,3,89,3.89969448490912,2.31,1,1,0,90,155
"2092",1,2,96,4.71174296747512,13.11,0,1,1,100,84
"2093",1,2,100,5.56623615723649,9.9,1,1,1,100,125
"2094",1,4,98,6.130292550828,13.4,1,0,1,100,85
"2095",0,4,88,7.89302603822265,6.64,1,0,0,NA,108.5
"2096",0,2,96,5.64889618816262,3.2,1,0,0,100,136
"2097",1,8,100,3.78201721172959,0.42,1,1,0,100,250
"2098",0,3,NA,1.19853894875997,0,1,0,0,100,96.6666666666667
"2099",1,2,98,1.99233496937761,9.6,1,1,1,100,122.5
"2100",0,4,98,2.65252273051129,6.6,1,1,1,100,87.25
"2101",0,2,NA,5.61061192150574,0,0,1,0,75,85
"2102",1,4,98,3.9651244631211,1.02,1,0,0,NA,79.5
"2103",0,4,90,9.28517476001081,9.21,1,0,0,100,57.5
"2104",0,5,100,5.7756839202423,1.2,1,1,0,NA,62
"2105",1,8,73,1.27352001494334,2.1,1,1,1,100,70
"2106",0,2,80,2.76238914287421,3.3,1,1,0,100,87
"2107",1,2,100,6.88806688509244,2.48,0,0,1,100,122.5
"2108",1,3,87,7.53647545255952,6.15,0,0,0,97,31.6666666666667
"2109",0,8,98,5.71701764676163,1.62,1,1,0,100,106.25
"2110",0,2,98,6.76041145115544,27.6,0,1,0,0,80
"2111",0,2,86,6.69508546984972,0.94,1,0,0,NA,120
"2112",1,2,99,8.82778216726059,4.83,1,0,1,100,110.5
"2113",1,2,99,6.25763643996976,13.38,1,0,1,100,120
"2114",0,6,100,8.52436047737664,0.99,1,1,0,NA,75
"2115",1,2,99,5.15651354238147,5.7,0,0,1,100,90
"2116",1,5,98,6.03897092292234,1.54,1,1,0,NA,122
"2117",1,2,99,5.09117259910247,6.09,0,0,1,100,110
"2118",0,2,99,3.58980253638565,3.1,0,0,0,100,87.5
"2119",0,2,100,2.01821086867517,0.9,1,1,1,100,61.5
"2120",0,2,97,10.397606324245,4.74,0,0,1,100,104.5
"2121",0,6,94,8.3230625207286,5.57,1,0,0,NA,44
"2122",1,2,97,7.09485425464461,7.08,0,0,1,100,59.5
"2123",1,2,97,7.05387519588015,8.3,0,0,1,100,62.5
"2124",0,4,97,7.14447416334405,10.92,1,0,1,100,77
"2125",1,2,97,7.93036512095289,12.9,0,0,0,100,37.5
"2126",1,2,93,6.42788189827775,6,0,1,1,100,103
"2127",1,4,100,5.75132289931499,9,1,1,1,100,85
"2128",0,6,85,3.55807936058025,6.3,1,1,0,100,62.3333333333333
"2129",1,3,91,9.99919253276966,1.92,1,0,0,100,72.6666666666667
"2130",0,2,87,2.43129140096468,1.06,0,0,0,83,67.5
"2131",0,2,89,5.73336460840348,4.88,0,1,0,100,52
"2132",1,2,100,1.2671662823209,6.3,1,1,0,100,117.5
"2133",1,6,100,4.18631354723603,1.5,1,1,0,0,104.166666666667
"2134",0,5,86,8.98655526765946,2.61,1,0,0,82,51.6
"2135",1,1,100,8.02582422455726,0.6,0,0,0,100,45
"2136",1,4,96,6.83132129305083,1.14,1,0,0,100,81
"2137",1,2,86,6.38304704616032,4.8,1,0,0,100,125
"2138",1,2,85,3.44724210645683,3.6,1,1,0,NA,110
"2139",1,4,97,11.0650000149595,4.91,1,1,1,100,70
"2140",0,4,99,4.71169027007719,10.88,1,1,1,100,81.25
"2141",1,3,100,6.87376907701902,4.8,1,1,0,NA,116.666666666667
"2142",1,1,95,3.17711940921765,17.7,0,1,0,100,264
"2143",1,2,99,3.76092771055258,5.65,1,0,1,100,125
"2144",1,4,98,7.38776791945858,1.2,1,0,0,NA,141.25
"2145",1,4,73,1.42320788172921,5.1,1,0,0,100,52.25
"2146",1,2,98,6.89071791222812,5.94,0,1,1,100,70
"2147",0,2,93,1.50754721006335,2.02,0,1,0,100,34.5
"2148",1,8,94,10.8337290644525,4.62,1,1,1,97,50
"2149",1,2,100,5.67416692820164,2.4,1,1,0,90,203.5
"2150",1,2,100,5.66412490648614,1.46,0,1,0,100,47.5
"2151",1,2,98,7.2294075735039,3.41,1,1,1,NA,64.5
"2152",0,4,84,3.80840084937092,3.3,1,1,0,100,218.5
"2153",1,2,99,5.43171389305157,1.78,0,1,0,NA,100
"2154",1,4,99,2.07621236561936,4.42,1,1,1,100,73.75
"2155",0,2,93,3.06604980436135,5.88,1,0,0,100,192.5
"2156",1,2,100,2.38293190610159,0.16,0,0,1,100,104.5
"2157",1,5,95,1.37975254533269,24.9,1,1,0,0,70
"2158",0,2,100,5.91117690097107,0.9,0,1,0,NA,242.5
"2159",0,2,100,5.79407256843254,2.4,0,1,0,NA,217.5
"2160",0,4,100,1.43018358734178,13.8,1,0,0,33,143.75
"2161",0,2,85,4.83877570386665,3,1,1,0,100,82
"2162",0,2,94,5.38432410586956,7.5,1,0,0,96,77
"2163",1,2,100,1.47542309695552,0.09,0,1,1,100,87.5
"2164",0,2,100,1.81461438057645,8.1,0,1,0,100,80
"2165",0,6,86,9.16278540410583,1.29,1,1,0,82,50.5
"2166",0,2,89,2.56344291085638,1.87,1,1,0,83,67.5
"2167",1,3,98,10.6380230460931,7.93,0,1,1,100,36.6666666666667
"2168",0,2,89,2.40312968813229,2.73,1,1,0,83,67.5
"2169",1,2,100,8.63651632725277,10.82,1,1,1,100,75
"2170",0,2,100,5.27359403710799,7.2,0,1,1,100,127.5
"2171",0,2,97,4.97837783293013,2.58,1,0,1,60,100
"2172",1,2,96,8.39937354941988,8.54,1,0,1,100,75
"2173",1,8,99,1.98987633541693,3.62,1,1,1,100,211.25
"2174",0,4,97,2.4912766846131,1.44,1,1,1,100,162.75
"2175",0,8,97,6.82395336926315,0.28,1,1,0,100,68.625
"2176",1,5,100,5.58855528865766,3.3,1,1,1,NA,97.2
"2177",0,4,97,10.3288152619986,7.58,1,1,1,100,69.75
"2178",1,2,98,6.33917013822791,12.28,0,1,1,100,62.5
"2179",1,4,99,9.14851256636013,8.72,0,1,1,100,57.5
"2180",0,2,100,1.11365180963713,1.2,1,1,0,NA,300
"2181",0,4,NA,9.17871609111444,0,1,1,0,100,117.5
"2182",0,4,NA,9.13920718935515,1.2,1,1,0,100,138.75
"2183",0,2,93,2.4134656298359,2.58,1,1,0,83,67.5
"2184",1,4,96,6.91665696909048,8.06,1,0,0,100,72.5
"2185",1,5,100,5.11603073605882,0.8,1,1,0,NA,73
"2186",1,8,100,6.90003515611185,2.97,1,1,0,100,125
"2187",1,4,98,4.0638700334258,0.87,1,1,0,NA,150
"2188",1,8,98,7.75541220889056,1.3,1,1,0,100,66.25
"2189",1,2,99,8.03459288208951,13.12,1,0,1,100,75
"2190",1,4,100,2.08671487833779,0.45,0,1,0,NA,112.5
"2191",1,4,98,4.2216036762752,0.84,1,1,0,100,93.75
"2192",1,6,100,6.90560961888797,0.06,1,1,1,100,150
"2193",0,2,70,5.96811947712477,2.1,1,0,0,100,95.5
"2194",1,1,99,8.89731066580979,1.76,0,1,0,100,100
"2195",1,7,94,8.99798915123107,10.56,1,1,0,100,42.8571428571429
"2196",0,4,100,0.311870292296043,3.3,1,1,1,100,60
"2197",1,2,100,1.95950453528485,7.8,1,1,1,100,149
"2198",1,1,96,7.65376163751226,12.6,1,1,1,NA,230
"2199",1,3,99,8.62678935334054,4.82,0,1,1,100,59.6666666666667
"2200",1,5,98,1.49091022551042,3.3,1,1,0,90,128
"2201",1,2,98,6.48487481868549,4.58,0,1,1,100,110
"2202",0,4,100,9.19817239495971,0.6,1,0,1,NA,115
"2203",0,3,100,2.98782774281173,12,1,0,0,NA,54
"2204",1,2,96,6.43958114727615,3.14,0,1,1,100,105
"2205",0,2,96,3.35481774496964,3.35,0,0,1,100,84.5
"2206",1,4,97,0.932787761219361,28.5,1,1,0,NA,93.75
"2207",0,2,99,5.19311577804639,4.18,0,1,1,100,55.5
"2208",1,6,98,9.56859284415584,8.4,1,1,0,NA,64.1666666666667
"2209",1,3,99,9.17988465771197,5,0,1,1,100,50
"2210",1,2,99,9.31980559748725,4.67,0,1,1,100,49
"2211",1,2,99,9.30147044583284,3.97,0,1,1,100,47.5
"2212",1,3,99,5.3508425461515,0.45,1,0,0,NA,110.666666666667
"2213",1,5,100,4.24699527497503,2.1,1,1,0,NA,164
"2214",1,6,98,1.13156706357277,3.32,1,1,1,100,124.833333333333
"2215",1,2,96,6.24642061691201,4.8,1,0,0,100,125.5
"2216",0,2,100,6.17105098000032,5.1,0,1,1,100,70
"2217",1,2,90,7.84864326257864,3.39,1,0,0,91,87.5
"2218",1,4,95,2.39274900355911,0.41,1,0,1,97,79.5
"2219",1,4,98,2.44727390792476,0.46,1,0,1,97,84.5
"2220",1,2,100,4.98067056197112,9,0,1,1,100,115
"2221",0,8,90,5.77841509059458,3,1,0,0,100,55
"2222",0,2,99,5.24535386540378,6.69,0,1,1,100,53
"2223",0,2,99,5.25583484357088,7.13,0,1,1,100,47.5
"2224",1,4,98,7.7979370245261,1.12,1,1,0,NA,80
"2225",1,4,97,6.04745952745926,0.51,1,1,0,100,88.75
"2226",1,2,97,11.1804794065026,8.31,1,0,0,100,100
"2227",1,2,99,7.58365130369949,2.7,0,1,0,NA,104.5
"2228",1,14,90,3.45525615000155,0.6,1,1,0,100,242.142857142857
"2229",1,2,98,9.47893881702329,8.42,1,1,1,100,117.5
"2230",1,6,97,6.0924708430448,0.76,1,1,0,100,95.8333333333333
"2231",1,10,92,6.52257901167942,16.8,1,1,0,100,67
"2232",0,3,70,6.040500151609,2.7,1,1,0,100,70
"2233",1,8,100,7.44026845345142,0.78,1,1,0,100,143.75
"2234",1,4,99,8.68153759315568,14.66,1,1,1,100,63.75
"2235",1,5,92,0.353056578796285,0.84,1,1,1,97,71.2
"2236",0,5,100,6.32354950320478,1.32,1,1,1,100,110
"2237",0,4,92,1.35427556891775,4.09,0,0,0,99,32.75
"2238",0,4,92,1.36645038177159,3.61,0,0,0,99,32.25
"2239",0,4,97,5.52645973179022,1.24,1,1,0,NA,85
"2240",0,4,98,2.38716612078667,3.72,0,0,1,100,58.75
"2241",0,4,90,1.36548834421134,1.75,0,0,0,99,32.25
"2242",1,6,100,4.6531608567528,0.2,1,1,0,NA,125
"2243",1,2,80,3.32361325798631,0.9,0,1,0,90,207
"2244",1,4,95,7.00642617124707,0.52,0,1,0,NA,37.5
"2245",1,1,99,4.95140301902082,2.94,0,1,1,NA,131
"2246",0,2,95,8.47703612070937,6.11,1,0,0,NA,62.5
"2247",1,2,NA,1.24781303106999,0,1,1,1,83,203
"2248",1,6,100,7.73869385453058,0.48,1,1,1,100,150
"2249",1,2,97,5.31517216871982,14.1,1,1,0,100,127.5
"2250",1,4,99,9.26630255623945,10.62,1,0,1,100,80
"2251",0,2,84,5.93353778066782,7.8,0,1,0,100,95
"2252",1,2,NA,5.44957130467511,0,0,1,0,NA,85
"2253",0,3,97,1.68155432357485,22.8,1,0,0,NA,99.6666666666667
"2254",1,6,93,6.98649574121464,2.7,1,1,0,94,116.666666666667
"2255",0,4,97,3.39971135483653,1.09,0,0,1,100,56
"2256",1,2,93,8.87859965918703,1.71,0,1,0,100,87.5
"2257",0,4,100,5.12740540206547,13.2,1,1,0,100,72.5
"2258",0,2,94,5.07113210438654,4.64,0,1,0,100,76
"2259",0,3,94,8.8355696838781,12.21,1,0,1,100,50
"2260",0,2,92,1.4159375674184,8.7,0,0,0,71,46
"2261",1,2,100,4.42157702416971,0.22,0,1,0,NA,55
"2262",0,4,90,1.32536404317367,0.28,1,1,0,71,118.75
"2263",1,4,99,9.35161824142648,5.3,1,1,1,100,171.25
"2264",1,2,95,9.37737767778772,2.76,1,1,1,NA,85
"2265",0,2,60,2.57519707404372,2.1,1,1,0,100,85.5
"2266",0,2,94,2.97488267938434,8.7,1,1,0,80,135
"2267",1,2,100,1.8885276190636,3,1,0,0,70,107.5
"2268",1,2,NA,0.826830026251787,5.1,1,0,0,90,215
"2269",0,10,90,5.43094922407664,0.45,1,0,0,100,129.5
"2270",1,2,95,5.80308248142876,8.1,1,1,0,100,200
"2271",0,6,100,0.572198548019361,0.78,1,1,0,100,154.166666666667
"2272",1,2,97,6.1025146608652,10.8,1,0,1,80,112.5
"2273",1,4,95,5.25095137337126,5.1,1,0,0,NA,108.75
"2274",0,3,94,8.30488241351859,5.58,0,1,0,100,48.3333333333333
"2275",1,2,98,9.31145317999074,9.42,0,0,1,100,46.5
"2276",1,2,100,6.1548865910312,7.23,1,1,1,100,182.5
"2277",0,6,93,11.7380835050777,0.4,1,1,1,100,87.3333333333333
"2278",1,2,97,6.04663667584483,2.56,0,0,1,100,80
"2279",0,4,98,5.85010226071584,7.12,1,1,0,NA,80.5
"2280",1,3,95,3.59733055113325,2.86,1,1,0,100,100
"2281",1,2,98,0.78155537297855,5.25,1,0,1,100,100
"2282",1,3,97,8.55041184242059,11.98,0,0,0,100,45
"2283",0,2,99,6.82754383844803,4.23,0,1,1,100,83.5
"2284",1,2,93,2.42035945878495,9,1,1,0,NA,152.5
"2285",0,3,99,8.83237066517123,6.9,1,0,1,100,125
"2286",1,4,97,3.14112931390302,0.96,1,1,0,NA,112.5
"2287",1,2,98,7.95020237409096,6.16,0,0,1,100,82.5
"2288",1,1,98,4.01074421066263,20.1,0,1,1,100,130
"2289",1,8,100,5.68395881198574,4.04,1,1,0,90,75
"2290",0,6,93,5.55608547884571,27,1,1,0,NA,139.666666666667
"2291",1,4,96,3.88884357229275,1.71,1,1,1,100,76
"2292",1,10,100,4.05921872600582,1.14,1,1,1,100,180
"2293",1,2,100,6.95800773980381,11.92,0,1,1,100,131.5
"2294",1,4,95,10.5435006721657,5.14,0,1,1,100,49
"2295",1,2,94,1.89870322066872,5.32,1,0,0,100,135
"2296",1,6,80,8.61808902108049,4.2,1,1,0,NA,75
"2297",1,3,96,10.459888675681,1.23,0,1,1,100,51.3333333333333
"2298",0,3,96,8.26815741808485,11.94,1,0,0,100,66.3333333333333
"2299",1,2,91,9.1107506758571,1.93,0,1,0,100,84.5
"2300",0,2,98,2.90246835554559,1.74,1,1,1,100,212.5
"2301",1,6,97,9.32945327681109,4.41,1,1,1,100,66.6666666666667
"2302",1,1,92,3.56562327593485,13.46,0,0,0,100,104
"2303",1,4,99,9.6728600966223,11.06,1,0,1,100,68.75
"2304",1,4,100,8.08051283087912,1.12,1,1,0,100,67.5
"2305",1,2,99,7.97883647352034,5.52,1,0,1,100,90
"2306",1,2,100,7.2763800869468,0.96,0,1,0,NA,95
"2307",0,4,97,8.27041127058435,3.4,0,1,1,100,51.25
"2308",1,4,97,6.75349225748212,4.14,1,0,1,100,103.5
"2309",1,2,NA,10.5944063972473,0,0,1,0,62,85
"2310",0,6,95,5.61204256655076,1.81,1,1,1,100,100
"2311",1,2,98,10.3508826815845,4.66,1,1,1,100,117.5
"2312",1,2,98,9.99953318178881,5.21,1,0,1,100,81.5
"2313",1,2,99,7.73873613087099,2.75,0,0,0,100,86
"2314",0,2,99,5.2565203325127,6.16,1,0,1,100,162
"2315",1,4,94,9.05529248418753,7.48,1,1,1,NA,50
"2316",1,4,90,2.27955508639212,0.15,1,0,1,97,84.5
"2317",0,2,95,2.07510987805356,3.52,0,1,1,100,85.5
"2318",0,2,NA,9.51833859521715,0,0,1,0,NA,135
"2319",1,4,98,2.27996605589313,0.39,1,0,1,97,82
"2320",1,2,99,5.71782358921834,5.76,0,0,1,100,85
"2321",1,3,97,8.54539786304451,11.66,0,0,0,100,45
"2322",1,6,99,2.21368157781713,2.8,0,1,0,99,141.5
"2323",1,4,98,2.15206012906849,0.76,0,1,0,99,132.75
"2324",1,1,100,3.40636554428745,2.4,0,1,1,100,195
"2325",1,3,100,3.55909738045378,0.81,0,1,1,100,168
"2326",1,2,NA,4.27422907524032,0,1,1,1,100,116
"2327",1,5,100,6.39448601666084,5.46,0,1,0,80,90
"2328",1,1,99,2.08992163645061,10.54,1,0,0,100,139
"2329",0,6,100,8.84989155382723,0.56,1,1,0,NA,74.1666666666667
"2330",1,5,82,9.52123091189455,2.6,0,0,0,100,33
"2331",0,2,99,7.02923766468897,4.38,0,1,1,100,70.5
"2332",1,2,100,2.41619522077551,0.13,0,0,1,100,109.5
"2333",1,6,98,2.12468615731536,1.8,0,1,0,99,116.5
"2334",0,2,100,2.14381318764033,0.15,0,1,0,100,102
"2335",1,4,98,5.46462426103129,1,1,1,0,NA,128.75
"2336",0,2,NA,2.65795852361429,0,1,1,0,100,87
"2337",1,2,98,5.88677834689095,5.84,0,0,1,100,75
"2338",0,5,94,9.20887559795864,6.52,0,0,0,99,51.8
"2339",0,6,95,10.0568888011888,21.3,1,1,0,NA,69.1666666666667
"2340",1,2,98,5.51162328681408,3.56,0,1,1,100,82.5
"2341",0,2,96,2.06938474431132,25.5,1,0,1,100,105
"2342",0,2,99,7.00971617577351,3.8,0,1,1,100,63
"2343",1,4,100,6.36836473834076,0.27,1,0,0,NA,87.5
"2344",1,5,98,5.18117443562273,1,1,1,0,100,125
"2345",1,6,100,5.41548015788632,2.26,1,1,1,100,125
"2346",1,5,97,8.59102908609853,0.69,0,1,1,100,120
"2347",1,2,99,9.97834759023781,4.48,1,1,0,50,122
"2348",1,2,94,2.38059217411928,4.95,1,0,1,64,64.5
"2349",1,2,93,9.08194273712413,2.4,0,1,0,100,122.5
"2350",1,1,NA,8.84879429711815,0,0,1,0,100,205
"2351",1,2,100,1.9101853804635,6.3,1,1,0,100,195
"2352",0,4,100,6.53396040980051,9,1,1,0,100,137.25
"2353",1,2,99,9.26190958855038,6.12,1,0,1,100,82
"2354",0,5,NA,3.38880992255698,0,1,1,0,99,64.8
"2355",0,6,97,5.00795555126428,1.86,1,0,0,NA,116.666666666667
"2356",1,5,99,5.77270753304342,5.22,1,1,1,100,108
"2357",1,4,98,7.69668473752959,12.18,1,1,1,100,80
"2358",0,2,88,5.67265797695054,0.41,0,1,1,100,112.5
"2359",0,4,100,6.53414444696043,3.6,1,1,0,100,122.5
"2360",1,7,100,5.6263816848822,4.8,1,1,0,100,134.857142857143
"2361",1,2,NA,9.17975719175454,0,1,1,0,100,200
"2362",1,2,100,3.88028857888797,6.34,1,0,1,100,137
"2363",1,2,100,3.42077340479163,8.4,1,1,0,60,237.5
"2364",1,4,97,6.17495693784103,15.24,1,1,0,100,85.75
"2365",1,4,100,4.78499431876218,4.2,1,1,1,NA,97.5
"2366",1,2,97,11.1172577605075,4.65,0,0,0,100,107.5
"2367",0,7,97,9.82841221940189,19.8,1,1,0,86,63.5714285714286
"2368",1,2,99,1.95801103278721,1.32,1,1,0,100,152.5
"2369",0,4,100,8.56674356815602,3.3,1,1,1,100,100
"2370",0,2,100,3.89232961215444,0.45,0,1,0,NA,50
"2371",0,4,94,9.15506934567111,7.56,0,0,0,99,64.75
"2372",1,4,98,5.83775000072168,3.09,0,1,1,100,87.5
"2373",1,6,96,3.34302687449291,9.84,1,1,1,100,68.3333333333333
"2374",0,8,80,9.3738965251143,1.26,1,1,1,100,65.625
"2375",0,2,96,8.17412509466316,3.9,1,1,0,NA,139
"2376",0,5,94,9.20173161640938,7.06,0,0,0,99,55.8
"2377",1,2,99,9.29757114114012,5.9,0,1,1,100,77.5
"2378",0,10,94,11.6987417802427,2,1,1,1,100,81.4
"2379",1,2,93,9.75716557875711,1.33,0,0,1,100,69.5
"2380",1,1,99,4.70465200625835,8.36,0,1,1,100,105
"2381",0,4,98,5.70020041374147,8.12,1,1,1,100,98.75
"2382",0,2,NA,1.99279677824075,0,1,1,1,100,61.5
"2383",0,3,100,3.0074629693809,13.5,1,1,0,NA,54
"2384",0,2,98,1.49020978291761,10.41,1,1,1,100,155
"2385",1,2,96,9.02396350728343,4.68,0,0,1,100,92.5
"2386",1,2,95,6.80395428129175,7.32,0,1,1,100,59.5
"2387",0,4,87,3.48302483240459,2.34,0,0,0,90,48.25
"2388",1,4,93,8.28863606511924,9.15,1,0,0,100,50
"2389",0,2,88,2.45026089744066,1.84,1,1,0,83,72
"2390",0,3,100,2.99597814394162,9,1,1,0,NA,54
"2391",1,2,99,4.49990252593577,11.37,1,0,1,100,120
"2392",1,2,97,6.43603818215289,0.36,1,0,0,100,200
"2393",0,2,100,9.5545863802172,3.3,0,0,1,100,65
"2394",1,3,93,9.37524056372616,7.65,0,0,0,100,46.6666666666667
"2395",1,2,96,8.31333572828546,4.86,0,0,0,100,77.5
"2396",0,1,94,11.104654564701,15.5,0,0,1,100,105
"2397",1,2,100,1.0535853066227,3.3,0,1,0,90,235
"2398",1,6,100,6.93530634069309,6.69,1,1,1,100,75
"2399",1,4,95,6.6978200895333,0.66,1,1,1,100,54.75
"2400",1,5,97,5.58526516914797,1.8,1,1,1,100,79.6
"2401",1,2,96,4.74449997797572,9.28,0,1,1,100,69.5
"2402",0,2,98,7.88486764086036,19.5,1,1,0,80,112.5
"2403",1,4,99,4.91543928349729,12.32,1,0,1,100,82.5
"2404",1,5,97,8.53015713693642,11.42,1,1,1,100,69
"2405",1,5,100,7.12713433321764,0.9,1,1,0,NA,90
"2406",0,3,100,4.86113318382585,9.6,1,1,0,100,65.3333333333333
"2407",0,2,88,2.42748581150074,1.01,1,1,0,83,68
"2408",0,2,95,9.65403091808059,12,0,1,1,100,136.5
"2409",0,1,97,9.40756631325372,11.4,0,1,1,100,259
"2410",1,4,100,6.80846768330133,9.66,1,1,1,100,81.25
"2411",0,4,100,5.55110598947601,1.72,1,1,0,100,102.5
"2412",0,4,98,6.7888335879315,1.44,1,0,0,100,78.75
"2413",0,3,87,3.55414120605875,1.98,0,0,0,90,53
"2414",1,2,100,3.78975559540529,0.72,1,0,0,100,142.5
"2415",0,7,96,10.4329314143502,7.92,1,1,1,100,39.7142857142857
"2416",1,2,100,3.4837270709996,4.38,0,1,0,NA,44.5
"2417",1,1,93,4.59639405190758,13.05,0,1,1,100,115
"2418",1,2,99,8.57369800005316,11.85,1,0,1,100,48.5
"2419",0,4,99,7.23488288987375,5.67,1,0,1,100,153.75
"2420",1,2,97,10.3772055392644,3.08,1,1,0,100,84
"2421",1,8,95,7.15328953264491,1.38,1,1,1,NA,56.125
"2422",0,2,98,4.04089537834402,8.07,1,0,1,100,117
"2423",1,2,98,6.93073893810835,10.24,1,0,1,100,77.5
"2424",1,1,92,3.60664990401907,11.56,0,0,0,100,103
"2425",1,2,90,4.0040785795022,0.45,1,1,0,80,164.5
"2426",0,2,96,9.59054495003086,12.3,0,1,1,100,134
"2427",0,2,99,1.00688246773092,2.36,1,1,0,100,220
"2428",0,1,88,9.6309918549505,7.8,0,1,1,100,258
"2429",0,1,96,9.41198033472408,13.8,0,1,1,100,258
"2430",1,2,95,4.30193112799471,2.09,0,1,0,NA,43.5
"2431",1,2,96,9.06670270087707,2.98,0,0,0,100,4035
"2432",1,7,NA,8.09176929257206,0,1,1,0,90,72.1428571428571
"2433",1,6,100,6.20913164720819,9.3,1,1,0,NA,100
"2434",1,6,97,7.60941450022083,1.26,1,1,0,100,82.5
"2435",1,4,94,9.35928299967015,6.3,1,1,0,100,108.75
"2436",0,2,93,11.8407371841584,5.51,0,0,0,99,55
"2437",1,6,100,2.23765892391627,0.77,0,1,0,NA,75
"2438",0,1,98,4.46178778815442,5.94,1,0,1,100,234
"2439",1,5,99,3.48150726529764,9.58,0,1,1,100,45.6
"2440",1,2,97,8.67545004278862,2.72,0,1,0,100,82
"2441",0,4,93,11.8252440599141,5.09,0,0,0,99,44.25
"2442",0,6,98,5.74890013913846,8.28,1,1,1,100,87.5
"2443",1,6,100,5.5722654042296,12.36,1,1,1,100,104.166666666667
"2444",1,4,100,3.79033921288202,0.05,1,1,0,NA,76.25
"2445",1,2,96,5.59025604141852,1.44,0,1,1,100,85
"2446",0,2,100,11.0944035628033,2.48,0,1,1,100,52.5
"2447",1,12,100,4.53276444079092,11.1,1,1,1,100,84.1666666666667
"2448",0,2,100,1.88441076895585,4.2,1,1,0,NA,125
"2449",1,2,NA,1.50628100239238,0,0,0,0,100,157.5
"2450",1,7,95,3.82612617740439,29.4,1,0,1,90,75
"2451",1,2,99,8.89274589070282,8.67,0,0,1,100,72.5
"2452",1,2,86,8.46261275479951,19.8,0,1,0,80,50
"2453",1,2,100,7.18689278901773,12.78,1,0,1,100,82.5
"2454",1,4,97,9.04599157138316,11.46,1,1,1,100,65
"2455",1,1,93,8.38412625867993,11.85,0,0,0,100,35
"2456",1,4,98,5.96361915854076,3.51,1,1,1,100,181.25
"2457",1,4,93,6.63470016458239,0.15,1,1,0,100,101.25
"2458",0,4,95,5.35552856258887,0.4,1,1,0,100,131.25
"2459",1,4,97,8.50059171969579,10.64,1,0,1,100,63.75
"2460",0,1,NA,1.07074803716111,0,1,0,0,NA,3250
"2461",0,4,87,2.18450194963996,4.4,0,1,0,99,42
"2462",0,2,99,5.16902931491622,6.84,0,1,0,100,87.5
"2463",0,5,93,10.7259946585612,2.4,1,1,0,NA,64
"2464",0,2,97,1.94444812490398,2.24,0,0,1,100,119.5
"2465",1,2,98,3.86516581090514,5.74,0,1,1,100,72
"2466",1,2,96,9.14662231177822,5.46,1,0,0,100,90
"2467",1,4,95,8.40521460499527,8.86,1,1,0,100,66.25
"2468",1,3,100,3.53365752124072,1.8,1,1,0,NA,90
"2469",0,6,100,7.33101281036492,1.12,1,1,0,100,62.5
"2470",1,4,100,7.12487514206587,0.6,1,1,0,100,92.5
"2471",0,2,85,2.23029679194765,6.46,0,1,0,99,59.5
"2472",0,2,99,1.61330906327693,8.52,1,1,1,100,170
"2473",1,4,92,4.4516300009895,14.7,1,1,0,NA,124.75
"2474",1,2,NA,3.50596073934597,0,1,1,1,100,187.5
"2475",0,5,96,7.11062736926011,1.9,1,1,1,100,115
"2476",1,4,90,3.2365182968872,27.9,1,1,0,NA,87.25
"2477",1,5,98,7.74652873375042,2.36,1,0,1,100,97
"2478",1,1,98,6.24490480017893,0.34,1,0,1,100,240
"2479",1,1,95,5.55001526411619,4.96,0,1,1,100,130
"2480",1,1,97,5.739045802435,1.08,0,1,0,NA,110
"2481",1,1,100,4.18023598518073,1.39,0,1,1,NA,175
"2482",0,6,97,8.17805910639659,13.5,1,0,1,90,61.3333333333333
"2483",0,6,96,3.58326025747498,2.52,1,1,1,100,190
"2484",0,1,99,0.980597581756205,11.16,0,1,1,94,80
"2485",0,1,99,0.917904012915528,13.02,0,1,1,94,49
"2486",1,4,100,2.10203087697575,0.15,0,1,0,90,99.75
"2487",0,2,96,9.54008907039892,4.77,0,1,1,100,54
"2488",1,4,70,2.27144196429407,0.3,0,1,0,90,124.75
"2489",0,3,98,7.67975222718177,6.19,1,0,1,100,66.6666666666667
"2490",1,2,100,7.0435035732956,4.2,1,1,1,100,146.5
"2491",1,4,NA,2.09507963985972,0,0,1,0,90,117.25
"2492",1,4,100,2.23957158610175,0.39,0,1,0,90,124.75
"2493",1,5,98,6.30508470216236,6.08,1,1,1,100,70
"2494",1,2,100,4.13086468230484,24,0,1,1,100,133.5
"2495",1,3,97,11.3118503767826,10.65,1,0,1,100,48.3333333333333
"2496",0,1,100,5.29986856912827,7.5,0,1,0,100,139
"2497",1,6,91,3.57121633434883,0.88,1,1,0,100,116.5
"2498",0,4,88,2.220020122531,3.96,0,1,0,99,32.75
"2499",1,4,97,2.43567472422817,0.24,1,0,1,97,82
"2500",1,2,100,8.00078694308096,2.1,1,1,0,100,87.5
"2501",0,2,96,8.13183169066159,11.76,1,1,0,100,109
"2502",0,1,96,11.1961264518678,13.5,0,0,1,100,115
"2503",1,4,100,3.35670358368204,3,1,1,0,100,37.5
"2504",0,4,100,2.11208922736717,0.16,1,1,0,100,218.75
"2505",1,5,NA,0.6803614536049,0,1,1,0,100,56
"2506",1,2,91,6.1348937986846,5.4,0,1,0,NA,102.5
"2507",1,1,97,3.32974700971493,11.7,0,1,0,100,225
"2508",1,4,100,4.51708806692893,5.1,1,1,1,100,92.5
"2509",0,2,99,3.53045333701491,6.24,0,1,1,100,137.5
"2510",0,4,100,1.66340292340036,7.5,1,1,0,83,40
"2511",1,4,NA,2.24520211588836,0,0,1,0,90,174.75
"2512",1,6,98,6.70735319172255,3.12,1,1,0,100,66.6666666666667
"2513",1,4,NA,8.61000665826803,0,1,1,0,100,87
"2514",0,2,95,7.730364837827,7.93,1,0,0,100,64.5
"2515",0,2,99,7.59028139585661,5.66,0,1,0,100,80
"2516",1,3,98,4.44409262812965,5.28,1,1,1,100,155
"2517",1,4,100,2.27132260646451,0.27,0,1,0,90,109.75
"2518",1,3,95,9.65734175592294,9.98,0,1,0,100,34.6666666666667
"2519",1,6,100,5.73274350656403,4.6,1,1,1,100,83.3333333333333
"2520",1,4,99,0.455371541548073,2.91,0,1,1,100,92.5
"2521",1,4,100,1.46298078021546,3.6,1,1,0,NA,82.25
"2522",1,2,100,5.6888307020268,1.8,0,1,0,90,202.5
"2523",1,4,100,5.47703973061807,1.8,1,1,0,90,131.25
"2524",0,2,70,2.70875524337664,2.4,1,1,0,100,85.5
"2525",0,5,NA,2.58105223194318,0,1,1,0,100,44.2
"2526",1,2,97,7.23919733866925,14.64,0,0,1,100,55
"2527",1,2,100,1.18561178248422,1.2,1,1,0,NA,140
"2528",1,2,93,4.72321062857858,17.1,0,1,0,NA,62.5
"2529",1,6,98,3.47365373744108,18.9,1,1,0,NA,66.3333333333333
"2530",1,4,95,8.09444863179208,6.9,1,1,0,100,89.25
"2531",1,2,98,4.66446488431322,24,0,0,1,100,95
"2532",0,6,99,1.76603903554102,1.58,1,1,1,100,175
"2533",1,2,84,6.21617319676556,4.2,1,0,0,100,103
"2534",1,4,94,7.17963505965206,7.08,0,0,1,100,68.75
"2535",0,5,95,9.76728758456892,8.13,0,1,1,100,45.6
"2536",1,2,98,10.4933430328972,7.18,0,0,1,100,40
"2537",1,2,NA,1.36997924034921,0,0,1,0,90,180
"2538",0,4,93,4.67922306845128,1.71,1,1,0,100,199.75
"2539",1,1,98,5.91056710883164,21.3,0,1,1,100,102
"2540",1,1,100,6.00286587300067,15,0,1,1,100,109
"2541",1,1,95,6.05129747058677,22.8,0,1,1,100,106
"2542",1,1,96,5.52405614567272,4.34,0,1,1,100,135
"2543",1,1,98,6.06543504239687,15,0,1,1,100,106
"2544",1,1,98,5.8910991471281,14.1,0,1,1,100,108
"2545",0,4,97,0.631679652522312,9.4,1,1,0,100,67.75
"2546",1,6,100,5.75713000272885,3.06,1,1,0,NA,123.333333333333
"2547",1,8,98,3.57101857450623,6.98,1,1,1,100,115.875
"2548",1,8,100,5.32966954534627,0.21,1,1,0,NA,78.125
"2549",0,1,100,5.47861264878659,1.8,0,1,0,100,60
"2550",1,6,98,6.87022804455488,1.48,1,1,0,100,100
"2551",1,1,100,5.46587904838826,3.41,0,1,1,100,132
"2552",1,1,93,5.49341695682664,24.18,0,1,1,100,132
"2553",0,2,100,4.8940730623889,3.3,1,0,0,100,160
"2554",0,3,100,5.99930245002048,11.1,1,0,1,100,154.666666666667
"2555",0,9,100,4.66407738521723,3.6,1,1,0,100,172.111111111111
"2556",0,3,94,7.46860028766817,8.06,0,0,0,100,54.6666666666667
"2557",0,4,95,4.52290745997533,7.38,1,0,1,100,96.25
"2558",1,6,100,10.4383739830459,0.72,1,1,0,100,83.3333333333333
"2559",0,2,94,9.28358268597654,8.68,1,0,0,100,95
"2560",1,1,100,5.25925135652477,2.4,0,0,0,100,94
"2561",0,2,100,5.68734210775266,0.9,0,1,0,100,85
"2562",1,2,100,5.07651553080143,0.9,1,1,1,100,125
"2563",1,4,100,4.96280492803063,1.24,1,0,0,100,137.5
"2564",0,2,99,9.18049547917486,2.96,0,0,0,NA,72
"2565",1,2,96,6.92571071393691,2.34,0,1,0,NA,60
"2566",1,12,100,5.34002978288817,1.54,1,0,0,NA,62.5
"2567",0,5,70,7.237562096424,3.9,1,0,0,100,52
"2568",1,2,99,6.67561009984564,9.38,0,1,1,100,92.5
"2569",0,3,100,6.25912846846915,3.6,1,0,0,100,70.3333333333333
"2570",0,2,94,2.54515342003061,1.04,1,1,0,83,56.5
"2571",0,2,92,2.4661715453216,1.06,1,1,0,83,57.5
"2572",0,2,87,2.3919592594719,2.65,1,1,0,83,57.5
"2573",0,2,70,2.51513156959174,2.7,1,1,0,100,91
"2574",0,2,80,2.70396617022816,5.67,0,1,0,80,45
"2575",1,2,97,10.3038904963439,3.72,1,0,1,100,127.5
"2576",0,3,100,6.08264882909778,11.7,1,1,1,100,103.333333333333
"2577",0,4,91,2.13977666365428,0.49,0,1,0,90,75.75
"2578",0,2,NA,4.91101813723032,0,0,1,0,100,90.5
"2579",1,4,98,3.31615080902496,19.8,1,1,0,100,87
"2580",1,2,80,4.48524199874481,4.5,1,1,0,100,124
"2581",1,3,97,5.42111079605013,2.24,0,1,1,100,98.3333333333333
"2582",1,4,70,3.65261162090038,2.1,1,1,0,100,90.25
"2583",0,4,100,1.00336947838391,23.1,1,0,0,100,180
"2584",1,2,100,6.33248736754563,0.4,0,1,1,100,79
"2585",1,1,100,6.22961482577364,23.1,0,0,0,100,105
"2586",1,2,99,6.51652718433825,2.96,1,1,1,100,137
"2587",0,2,60,2.67084127919793,0.13,0,1,0,80,50
"2588",0,2,87,2.69679395747594,1.15,0,1,0,80,45
"2589",0,2,88,2.4346177222594,8.54,0,1,0,80,45
"2590",1,2,NA,4.24382703248246,0,1,1,0,100,125
"2591",0,6,100,5.2847309400706,3.72,1,1,1,100,104
"2592",0,2,83,3.57317303598668,2.14,0,0,0,90,66.5
"2593",1,1,94,8.41566677739054,1.42,0,0,0,100,160
"2594",1,4,98,0.282937470419088,3.18,0,1,1,100,80
"2595",0,2,99,8.62451357301181,9.27,1,1,1,100,75
"2596",1,4,93,2.04854276828581,1.22,1,1,0,NA,125
"2597",0,2,100,2.35590844939857,1.8,1,1,0,NA,137.5
"2598",1,1,97,4.84201082323337,7,0,1,0,89,125
"2599",0,8,95,0.699872357252438,2.52,1,1,1,100,118.75
"2600",1,7,99,8.50756932463016,1.83,1,1,0,NA,57.1428571428571
"2601",1,2,99,6.65807435407364,3.18,1,1,1,100,135
"2602",1,5,98,4.46064776773343,1.56,1,1,0,NA,68
"2603",0,5,98,9.18999367587653,2.98,1,1,1,100,105
"2604",1,1,99,6.07964592443157,13.7,0,1,1,100,139
"2605",1,5,99,6.31473181160446,1.2,1,1,1,100,119.8
"2606",1,5,84,3.89471565912079,4.8,1,1,0,100,80.4
"2607",0,5,100,2.02149754014306,14.4,1,1,0,NA,109
"2608",0,2,84,2.36029761501865,15.68,0,1,0,99,30
"2609",1,8,99,7.54980073993865,3.96,1,1,1,100,68.25
"2610",0,2,99,3.28106930007021,1.88,0,1,0,100,50
"2611",1,4,97,4.30450357687626,5.7,0,1,1,100,60
"2612",0,4,100,0.916745490171477,7.2,1,0,0,NA,50
"2613",1,4,95,4.18918489576888,3.3,0,1,1,100,60
"2614",0,2,99,9.38931070164574,8.32,1,0,1,100,90
"2615",0,2,87,2.41924694660796,21.12,0,1,0,99,34.5
"2616",1,4,100,5.35611409712395,7.34,0,1,1,100,70
"2617",0,3,97,5.13746386978401,9.6,0,1,0,60,53
"2618",1,4,90,9.2617191292766,6.5,1,0,0,100,70
"2619",1,4,99,9.55876847384267,2.56,1,1,1,100,38.75
"2620",1,2,95,9.40839143384112,10.5,0,1,0,100,100
"2621",0,2,96,10.0648655819748,13.5,1,1,0,94,45
"2622",1,8,98,6.79754983855391,3.74,1,1,0,100,95
"2623",1,2,97,8.06380884725609,11.12,1,1,1,100,106
"2624",1,2,100,5.60919946474293,7.5,1,1,0,NA,132.5
"2625",1,3,100,2.13072964985223,4.5,1,1,0,87,110
"2626",1,3,100,1.65464101434163,1.8,1,1,0,87,113.333333333333
"2627",1,2,99,3.53596171438122,9.94,0,1,1,100,105
"2628",1,4,99,2.22181914754296,10.36,1,1,1,100,83.75
"2629",0,2,100,4.00722270177671,1.2,0,1,0,100,47
"2630",1,4,99,6.91705299887076,10,1,1,1,100,72.25
"2631",0,2,89,2.46515602141295,0.84,0,1,0,80,47.5
"2632",0,2,100,6.2723021272717,2.24,0,1,1,100,112.5
"2633",1,8,96,6.65792525467537,2.14,1,0,0,100,133.75
"2634",1,5,98,7.33364943144937,4.17,1,0,1,100,51.8
"2635",0,10,100,5.87297485023246,0.9,1,1,0,NA,295
"2636",0,2,100,10.0901991259751,0.12,0,0,0,NA,42.5
"2637",1,5,99,7.07736498164647,0.8,1,0,1,100,67.8
"2638",0,2,93,4.97529834942631,2.7,1,1,0,86,109
"2639",1,2,99,7.78424346967887,5.52,0,1,1,100,65
"2640",0,2,NA,10.4542269359447,0,1,1,0,NA,74.5
"2641",0,2,86,2.39610011718477,6.52,0,1,0,99,59.5
"2642",1,2,99,9.20967089682023,11.28,1,1,1,100,105
"2643",0,2,98,8.36180627271298,2.28,0,1,1,100,50
"2644",0,4,99,1.13157320431208,8.07,1,0,1,90,92.5
"2645",0,2,100,5.6119339698431,7.2,1,1,0,100,104
"2646",1,4,100,5.44672434139419,9.2,1,1,1,100,183.5
"2647",0,2,86,2.4067675356375,6.08,0,1,0,99,59.5
"2648",0,2,99,5.22745733954825,4.37,1,0,1,100,175
"2649",0,4,85,2.3967585135536,4.8,0,1,0,99,45.25
"2650",1,4,100,5.51937047253383,1.44,1,1,0,NA,120
"2651",1,2,100,5.43858797987217,1.54,1,1,0,100,132.5
"2652",1,2,98,6.31961254120496,25.8,1,1,1,100,97.5
"2653",1,2,99,8.58660943020285,0.9,1,1,0,100,75
"2654",1,2,100,4.14749828586324,0.11,0,1,0,NA,75
"2655",0,4,96,3.9736607274248,4.5,0,1,0,100,39.25
"2656",1,4,73,4.53420021917998,0.22,0,1,0,67,181.25
"2657",1,2,99,5.32307062351224,9.35,0,1,1,100,95
"2658",1,3,83,5.49941182051657,5.4,1,1,0,87,110
"2659",1,3,100,2.08664524561769,2.1,1,0,0,87,110
"2660",1,8,90,3.65777205519181,8.4,0,1,1,100,55
"2661",1,4,99,5.69040124293099,2,1,1,1,100,118.75
"2662",1,4,96,7.41067249650725,11.7,1,1,1,100,90
"2663",0,3,91,5.92621457153589,6.55,0,1,0,100,45
"2664",0,2,87,2.41128950709122,5.53,0,1,0,99,59.5
"2665",1,2,98,10.5779632307906,2.64,0,1,1,100,52.5
"2666",0,2,95,6.30439706722744,27,1,1,0,100,125
"2667",1,2,94,3.46183269768984,2.88,0,1,0,100,103
"2668",0,5,97,6.4134151102982,4.16,1,1,1,NA,72
"2669",1,2,99,7.68836602517553,13.77,1,0,1,100,127
"2670",0,2,88,2.408628644185,5.58,0,1,0,99,54.5
"2671",1,10,94,6.0734727735825,24.3,1,1,0,NA,60.2
"2672",1,2,95,6.15131913458129,9.5,0,0,0,100,120
"2673",1,2,60,7.33034253222454,0.9,1,1,0,100,110
"2674",0,5,95,5.90987045919043,4.2,1,1,0,80,92
"2675",0,4,87,3.78590599284082,3.3,0,1,0,100,38.25
"2676",0,4,95,10.1105627775963,7.98,1,0,0,100,57.5
"2677",1,1,100,10.4522860617881,2.1,0,1,1,100,50
"2678",0,4,95,5.35654258983701,1.02,1,1,0,NA,87.5
"2679",1,4,99,4.99794746142158,2.38,1,1,1,100,117.5
"2680",1,7,97,9.41603447452023,3.3,1,1,0,100,71.4285714285714
"2681",1,4,98,10.1125689559139,8.22,1,1,1,90,100
"2682",1,4,99,8.52171301985074,1.62,1,0,0,50,80
"2683",0,4,99,8.03213578372666,5,1,1,1,100,83.5
"2684",0,4,95,0.944134687153701,1.04,1,0,0,100,200
"2685",1,2,98,5.1727317791536,3.58,0,1,1,100,120
"2686",0,6,99,6.43210979364352,5.35,1,1,1,100,81.6666666666667
"2687",1,2,97,8.32706659290145,8.64,0,0,1,100,65
"2688",1,1,95,5.74281842276635,3.08,0,1,1,100,140
"2689",1,4,92,3.70213571823539,4.2,0,1,1,100,60
"2690",1,4,93,3.64529311602304,7.5,0,1,1,100,60.75
"2691",1,2,95,8.23000792990926,6.87,0,1,1,100,85.5
"2692",1,3,97,8.71424492948958,8.62,1,0,1,100,88.3333333333333
"2693",0,11,96,4.19840232755615,0.67,1,1,1,100,118.181818181818
"2694",0,2,88,2.37053354216143,6.56,0,1,0,99,44.5
"2695",1,6,92,6.2301128843465,16.8,1,1,0,100,108.5
"2696",1,2,96,2.87349127619713,7.17,0,1,1,100,93.5
"2697",0,1,99,9.72590345200928,0.78,1,1,0,80,300
"2698",1,3,93,2.14344000608608,2.7,1,1,0,100,100
"2699",1,3,80,1.98759482159941,6,1,1,0,87,110
"2700",0,2,99,6.72607144622751,10.08,0,0,1,100,36
"2701",1,1,80,10.5295844082923,0.9,0,1,1,100,40
"2702",1,4,98,6.80489495449013,0.99,1,1,0,100,75
"2703",1,2,94,2.05263747051025,0.4,0,1,0,80,112.5
"2704",0,5,99,6.72964471574648,3.54,1,0,0,100,105
"2705",0,2,93,9.68512076132268,9.9,1,0,1,100,73.5
"2706",1,2,99,5.4925929846659,11.3,1,0,1,100,160
"2707",1,1,96,4.09648302472395,5.34,0,1,1,100,81
"2708",0,5,88,4.87068979693898,4.8,1,0,0,100,52
"2709",0,2,91,9.11978983839915,3.38,0,0,0,82,51.5
"2710",1,2,100,4.19421502337171,3,1,0,1,NA,62.5
"2711",0,4,95,2.54614679227298,7.8,1,1,0,NA,250
"2712",0,1,100,3.0740919412094,6,0,1,0,NA,264
"2713",1,2,97,6.93319699481137,4.32,0,0,1,100,77.5
"2714",0,1,93,1.08098959361342,6.9,0,1,0,100,145
"2715",1,2,99,7.95439179433254,12.63,1,0,1,90,65.5
"2716",0,3,90,1.51267805477783,4.8,1,1,0,88,86.3333333333333
"2717",1,8,100,7.31892440661243,0.14,1,1,1,100,123.625
"2718",0,3,NA,1.81922069057968,0,1,1,0,100,53.3333333333333
"2719",1,4,97,9.1338085331954,4.37,1,0,1,100,62.5
"2720",0,2,98,4.7993472965498,12.3,1,1,1,100,118.5
"2721",1,4,100,4.4015254370813,2.12,1,1,0,100,81.25
"2722",1,1,100,3.30779017233371,10.77,0,1,1,100,234
"2723",1,10,100,6.03791829177069,7.2,1,1,0,NA,25.5
"2724",1,4,96,1.3774463212492,3.42,1,0,1,100,90
"2725",0,3,100,1.62031611686554,10.8,1,1,1,NA,86.6666666666667
"2726",1,2,98,5.25668054371299,13.41,0,0,1,100,81.5
"2727",1,4,96,4.41520703779073,5.89,1,0,0,100,51
"2728",0,6,96,3.79229945755968,2.36,1,1,0,100,126.666666666667
"2729",0,2,99,5.59301292914852,2.34,0,1,1,100,127
"2730",1,2,99,5.12257407865713,5.52,0,1,1,100,117.5
"2731",1,2,97,11.0831655335209,7,1,0,1,100,87.5
"2732",0,2,100,5.96697079097404,3.6,0,1,0,NA,111.5
"2733",0,4,92,9.54764067209145,8.4,0,0,1,100,43.25
"2734",0,2,95,9.47188457709898,4.2,1,0,1,100,64.5
"2735",0,4,88,2.19834536334687,4.47,0,1,0,99,43.25
"2736",0,2,98,5.38582662988599,4.06,0,1,1,100,47.5
"2737",1,2,99,6.9434689479963,18.87,1,0,1,100,97.5
"2738",0,2,98,11.050449970195,9.21,0,0,1,100,87.5
"2739",0,4,90,1.71473076483878,2.7,1,1,0,33,55
"2740",0,2,100,2.36054811889685,13.5,1,1,1,100,82.5
"2741",1,4,99,7.44343101188801,15.9,1,1,0,NA,116
"2742",1,6,100,8.23448182376906,0.84,1,0,0,NA,83.3333333333333
"2743",0,3,93,9.43291170055088,4.99,0,0,0,99,54.6666666666667
"2744",1,2,90,7.35998775062582,3.6,0,0,0,NA,109.5
"2745",1,2,99,7.42990595951049,8.41,0,1,1,90,47.5
"2746",1,3,97,5.38105492198525,9.66,1,1,1,100,126.666666666667
"2747",1,2,98,8.30424867271699,8.42,0,1,1,100,107.5
"2748",0,2,98,9.10006145683248,3,1,1,1,100,90
"2749",0,2,99,6.04705246169697,2.18,1,0,1,100,194.5
"2750",1,3,100,5.64722184979353,8.4,1,1,0,87,113.333333333333
"2751",1,2,96,6.55929669826785,4.3,0,1,1,100,101
"2752",1,1,100,3.40073278411645,8.68,0,1,1,100,147
"2753",1,4,100,2.14260001481357,2.17,1,1,0,99,63.75
"2754",0,5,92,5.85149289480294,6.61,0,1,0,100,49.4
"2755",1,4,88,1.98366854387327,27.3,1,1,1,100,73
"2756",1,6,99,5.25803009341709,4.76,1,1,1,100,82.5
"2757",0,2,87,2.4781042525938,1.22,0,1,0,80,47.5
"2758",0,4,98,6.55624994253507,3.1,1,0,1,100,101
"2759",0,4,94,4.40809358692015,3.51,0,1,1,100,54.25
"2760",0,2,81,3.40695001473059,3.64,0,0,0,100,84.5
"2761",1,2,99,9.82247277321833,5.63,0,0,1,100,66.5
"2762",1,2,97,1.9314906841326,6.3,1,1,1,100,149
"2763",0,2,84,2.61742921780216,0.65,0,1,0,80,47.5
"2764",0,2,88,2.6851118181229,0.85,0,1,0,80,47.5
"2765",1,1,97,4.77881430514368,15.2,1,0,1,100,190
"2766",0,2,85,2.65349283702056,0.72,0,1,0,80,50
"2767",0,2,100,3.01848431085351,1.76,0,1,1,100,110.5
"2768",0,2,81,2.48884739867676,0.49,0,1,0,80,50
"2769",0,4,96,6.74485064534143,4.5,1,1,1,100,96.75
"2770",1,4,99,6.8270241122873,3.56,1,0,1,100,56.25
"2771",0,4,100,10.0385556201463,0.76,1,0,0,NA,87.5
"2772",0,1,100,1.98532708852143,3,0,1,0,100,140
"2773",1,3,91,2.40454928472035,1.62,0,0,0,100,36.6666666666667
"2774",0,2,100,3.36798581335369,0.18,1,0,0,100,75
"2775",1,3,100,11.1359016591351,5.7,0,1,0,100,78.3333333333333
"2776",1,2,99,3.57030370967995,9.16,0,1,1,100,106.5
"2777",0,4,90,3.8214581417192,10.8,0,1,0,100,39.25
"2778",1,1,98,8.29162878009856,3.42,0,1,1,100,100
"2779",1,2,89,5.18421871926657,7.8,1,1,0,100,87.5
"2780",1,4,94,7.30143400041637,1.12,1,1,0,100,135.5
"2781",0,4,98,0.288189447388127,1.46,0,0,1,100,35
"2782",1,4,98,0.452805444231456,2.82,1,1,1,100,162.5
"2783",0,4,95,5.52807341692191,5.04,0,0,0,100,75
"2784",1,2,100,6.35403510346357,0.3,0,1,1,100,75
"2785",1,2,99,3.73487152711289,7.65,1,1,1,100,130
"2786",1,6,100,4.49341366118219,0.24,1,1,0,67,170.833333333333
"2787",0,4,93,9.24328409244473,10.5,0,1,0,100,45
"2788",1,2,99,6.92501821065547,17.88,1,0,1,100,107.5
"2789",0,2,94,5.03076275443472,4.79,0,0,0,100,75
"2790",0,1,95,5.13858940579573,2.48,0,1,0,100,65
"2791",0,2,98,9.89227252405618,5.73,0,1,1,NA,55
"2792",1,4,90,9.06623852238435,7.5,1,1,0,100,37.5
"2793",1,2,NA,8.93384818143014,0,0,0,0,100,167.5
"2794",1,2,99,4.92418679634136,8.52,1,1,1,100,165
"2795",1,1,96,8.19922245376767,6.98,0,1,1,100,32
"2796",0,4,99,10.1099983142966,6,1,1,1,100,87.25
"2797",0,1,90,7.68193593348794,4.2,0,1,0,100,178
"2798",0,4,99,0.571619075557539,14.16,1,0,1,100,62.5
"2799",1,2,100,3.83197254795395,5.4,1,1,1,100,113.5
"2800",1,4,97,8.31093409327665,7.85,1,1,1,100,53.5
"2801",0,1,93,2.38051281326048,21.76,0,0,0,100,116
"2802",0,1,92,2.20254086587102,13.44,0,0,0,100,105
"2803",0,3,97,10.1055316244901,7.84,1,0,1,100,63.3333333333333
"2804",1,2,99,4.36201179503836,8.4,0,1,1,NA,87.5
"2805",1,2,100,9.29382809330395,11.58,1,1,1,100,107.5
"2806",0,2,94,5.08765642577218,4.9,0,0,0,100,75
"2807",1,8,100,6.75368284478494,1.41,1,1,1,100,93.5
"2808",0,2,100,2.14337615818425,0.21,0,0,0,100,500
"2809",1,6,94,8.49439039797667,10.72,1,1,0,100,64.8333333333333
"2810",1,2,100,5.20902613632001,0.69,0,0,1,100,112.5
"2811",1,4,99,6.52078831840756,6.02,1,0,1,100,131.25
"2812",1,2,94,9.83229664715439,4.51,0,1,1,100,62.5
"2813",0,5,100,3.93638165896883,7.8,1,1,1,100,170
"2814",1,2,96,9.85556082725715,3.57,0,1,1,100,55
"2815",1,2,100,3.13918535028581,0.36,0,1,0,100,289.5
"2816",1,4,97,9.28458218228524,7.28,1,1,1,100,51.25
"2817",1,1,91,2.53302253639828,6.5,0,1,0,100,70
"2818",1,5,100,5.89928064215298,0.27,1,1,0,NA,80
"2819",0,6,100,5.48070182758634,8.7,1,0,1,100,104.166666666667
"2820",1,2,98,8.16620284112105,6.36,0,1,1,100,63
"2821",1,4,93,8.72712391035329,9.69,1,1,0,100,67.5
"2822",1,2,100,1.06987905411792,6.51,0,1,0,NA,115
"2823",0,2,98,6.80197637829065,8.88,0,0,1,100,42.5
"2824",0,2,NA,1.49827588490515,0,0,0,0,NA,27.5
"2825",0,6,100,7.69119377960212,0.15,1,1,0,NA,25
"2826",1,2,96,9.71073972698074,3.44,0,1,1,100,63
"2827",1,5,100,6.68666963679209,1.02,1,1,0,NA,88
"2828",0,6,99,7.97043114774929,11.55,1,1,1,100,108.333333333333
"2829",1,2,99,2.02764020638695,21.3,1,0,1,100,114.5
"2830",1,2,100,8.52193123704707,7.34,0,1,1,100,57
"2831",0,2,100,6.08240852315881,2.1,1,1,0,NA,100
"2832",0,8,85,9.68260262517284,7.96,1,0,0,100,24.875
"2833",1,3,NA,5.43636803160684,0,1,1,0,87,111.666666666667
"2834",1,2,94,10.1743987053253,5.76,0,0,0,100,51
"2835",0,2,90,3.35929670468441,5.4,1,1,0,100,122.5
"2836",0,1,90,1.9059522474231,2.4,0,1,0,100,150
"2837",1,6,99,5.49632007212122,1.53,1,1,0,100,91.6666666666667
"2838",0,2,80,1.93264719269327,5.4,0,1,0,100,73
"2839",0,2,100,1.90922648848099,2.1,0,1,0,100,88
"2840",1,3,98,6.90660078750388,7.12,1,0,1,100,64.3333333333333
"2841",1,1,97,0.427547839744147,28.2,0,1,1,100,185
"2842",1,2,100,6.65448047231012,0.7,1,1,0,NA,155
"2843",1,1,97,5.88345451379878,11.2,0,0,1,100,127
"2844",0,6,NA,2.72236538513595,0,1,1,0,100,282.5
"2845",1,4,97,8.07024276164961,3.33,1,0,0,100,75
"2846",1,4,99,5.70587050269927,1.95,1,1,0,100,73.25
"2847",1,2,100,5.38105378159413,0.68,1,1,1,100,197.5
"2848",0,2,95,5.13803276115729,4.63,0,0,0,100,62.5
"2849",1,3,100,0.970231553635609,2.1,1,0,0,87,124.666666666667
"2850",0,2,70,5.94371619499043,10.2,1,1,0,100,115
"2851",1,2,89,2.52013139225636,3.9,0,1,0,100,47.5
"2852",0,4,96,6.03199518009615,4.88,0,1,0,100,35.5
"2853",1,4,94,6.98140862587581,0.75,1,1,0,NA,68.75
"2854",1,2,97,3.5478810912007,12.6,0,0,0,NA,57.5
"2855",1,2,100,8.5406609745513,1.92,0,1,1,NA,70
"2856",0,1,96,5.1351821497621,2.42,0,0,0,100,65
"2857",1,2,93,7.28527947937714,2.7,1,1,0,NA,110.5
"2858",0,2,99,8.04221059311258,10.27,0,0,1,100,42.5
"2859",0,6,95,7.4533046418933,1.3,1,1,0,NA,52.5
"2860",0,2,94,5.03857529448081,3.25,0,0,0,100,75
"2861",0,2,92,5.06898422820222,3.84,0,0,0,100,75
"2862",0,1,96,4.33648803202558,5.4,0,1,0,100,162
"2863",1,4,98,5.15320192167782,1.24,1,1,0,100,102.5
"2864",0,2,85,2.56906715951743,0.4,0,1,0,80,50
"2865",0,2,83,2.46658740336201,0.41,0,1,0,80,50
"2866",0,2,91,2.49121592202401,4.27,0,1,0,80,50
"2867",0,2,85,2.52617076909174,5.6,0,1,0,80,50
"2868",0,2,87,2.58628716324124,5.81,0,1,0,80,49
"2869",0,4,91,5.42798060047428,7.18,1,1,0,100,92.5
"2870",0,6,89,9.87194596987388,19.5,1,1,0,86,62.5
"2871",0,4,60,3.95347462140272,2.1,0,1,0,100,38.25
"2872",0,8,NA,1.59218035749768,0,1,1,0,33,131.25
"2873",1,2,99,8.1093593198615,7.35,0,0,1,NA,77.5
"2874",1,2,96,7.91425581054058,11.38,1,1,0,100,72.5
"2875",1,2,99,7.39022835095918,8.49,0,1,1,90,50
"2876",0,7,100,6.19697233538403,1.2,0,1,0,100,74.2857142857143
"2877",1,2,100,3.9121413928221,12.6,1,1,1,100,97.5
"2878",1,6,100,4.53748510220298,0.9,1,1,0,87,75.5
"2879",1,4,80,4.70776393749,6.6,1,1,0,87,96.75
"2880",1,4,80,4.72301920752199,1.2,1,1,0,87,82.5
"2881",1,6,100,5.57271636564253,3.9,1,1,0,NA,91.6666666666667
"2882",0,2,98,1.03121565061012,9.04,0,1,1,100,90
"2883",1,2,99,7.09127732597755,26.7,1,1,1,100,80
"2884",0,2,92,5.1891218183818,1.56,0,0,0,100,75
"2885",0,2,100,2.266055408796,14.4,1,1,1,100,80
"2886",0,4,99,9.80834110452065,11.96,1,1,1,100,76.25
"2887",1,2,99,5.33930114484915,0.71,0,1,1,100,97.5
"2888",0,6,99,5.08961485851761,3.48,1,1,1,100,125
"2889",1,4,99,9.21132248258963,7.42,1,1,1,100,77.25
"2890",0,1,100,4.29355858868973,2.1,0,1,0,100,162
"2891",1,4,99,5.53399149184344,8.88,1,0,1,100,63
"2892",1,1,80,8.93544670265405,2.1,0,1,0,NA,220
"2893",1,2,100,8.33894219530355,2.68,1,1,1,100,209.5
"2894",1,2,100,3.77502301271724,3.9,0,1,0,100,27.5
"2895",1,2,93,10.5015743914054,6.3,0,1,0,100,43.5
"2896",0,6,99,4.96105432171912,10.6,1,1,1,100,145.833333333333
"2897",0,2,100,1.96859026871772,2.4,0,1,0,100,80
"2898",1,1,98,9.73699500226615,9.9,0,0,1,NA,145
"2899",1,2,70,7.29871798950698,6.3,1,1,0,100,108.5
"2900",0,1,100,10.9870131799857,10.8,0,0,0,NA,109
"2901",1,6,100,2.24106527004114,1,1,1,0,100,190
"2902",1,2,100,2.45927516995787,6,1,1,0,100,110
"2903",1,6,90,6.86424767940954,0.35,1,1,0,NA,75
"2904",1,6,85,3.77305598126516,3.9,1,0,0,83,36.8333333333333
"2905",0,1,NA,4.35353239469727,0,0,1,0,100,164
"2906",1,2,98,6.27007026688742,10.48,0,1,1,100,94.5
"2907",1,3,100,0.687191929632362,3.9,1,1,0,87,121
"2908",1,5,90,0.830822660049013,4.8,1,1,0,87,100
"2909",0,4,93,8.17564683289791,6,1,0,0,100,43.75
"2910",0,4,100,1.81769790102313,9.6,1,0,1,100,72.25
"2911",1,6,97,7.40711706823032,0.8,1,1,0,NA,93.3333333333333
"2912",1,4,97,4.6392412907022,12.3,1,1,0,100,28.75
"2913",1,2,94,5.13723174812665,4.63,0,0,0,100,54.5
"2914",1,7,100,8.2391200148669,0.09,1,1,0,NA,53.5714285714286
"2915",0,3,97,6.48444758901882,5.74,1,0,1,96,78.3333333333333
"2916",1,2,99,9.12098234341468,2.74,1,0,1,100,125
"2917",0,1,100,4.09963074392256,3,0,1,0,100,156
"2918",1,4,98,5.28086895664202,2.32,1,1,1,100,54.75
"2919",1,4,100,5.28923198893622,7.2,1,0,0,83,25
"2920",1,2,97,4.6642940139392,2.54,0,1,1,100,134.5
"2921",1,2,98,3.83275444864752,2.77,1,1,1,100,128
"2922",1,6,93,5.97815867721507,0.3,1,1,0,NA,94.1666666666667
"2923",1,2,98,2.16191737752894,8.4,1,0,0,NA,125
"2924",0,2,98,3.19206483548912,10.2,1,1,1,100,200
"2925",1,6,97,5.20200115262308,21.6,1,1,0,100,59.1666666666667
"2926",0,4,87,6.3976727195987,3.85,1,0,0,100,97.25
"2927",0,2,94,10.7882682276724,4.17,0,1,0,100,66.5
"2928",1,3,100,0.892974846503688,0.9,1,1,0,87,124.666666666667
"2929",0,3,98,5.08938249833832,3.76,0,1,1,100,80
"2930",0,8,95,8.87612397140376,8.62,1,0,1,100,57.5
"2931",0,6,100,3.1550719706847,3.9,1,1,0,0,149.166666666667
"2932",0,1,100,2.2049987033352,6.08,0,0,0,100,134
"2933",0,2,90,6.02062339979938,3.9,1,1,0,100,86.5
"2934",0,8,100,7.09786677617349,1.04,1,1,0,100,122.5
"2935",1,2,96,3.45679542531099,0.48,0,0,0,100,93.5
"2936",0,4,85,3.79882686476033,3.9,0,1,0,100,35
"2937",0,4,91,5.03087090649411,3.56,0,0,0,100,45
"2938",0,2,97,5.54377883307273,0.71,0,1,1,100,175
"2939",0,4,97,5.54469848634288,1.29,0,1,1,100,106.25
"2940",1,1,50,7.85685265660329,2.1,0,1,0,100,185
"2941",1,5,96,6.75589351976733,1.6,1,1,1,100,84
"2942",0,1,NA,3.94429225896022,0,0,1,0,100,33
"2943",0,3,99,7.90565612990454,7.2,0,1,1,100,81.6666666666667
"2944",1,2,100,3.16955720062041,7.5,1,1,0,90,221.5
"2945",0,4,98,7.43552660384376,4.56,1,1,1,NA,69.75
"2946",1,3,98,9.62270687929266,5.34,1,1,1,NA,83.3333333333333
"2947",1,4,99,4.71336132397577,2.48,1,1,1,100,143.75
"2948",0,2,97,8.78961016844729,2.3,0,1,1,100,112.5
"2949",1,2,98,7.47064073407109,7.42,1,0,1,100,107.5
"2950",1,5,100,4.32078530221088,0.96,1,0,0,NA,76.8
"2951",0,4,NA,1.07704873600882,0,1,1,0,100,83
"2952",1,2,100,2.13195860539699,0.4,0,1,0,89,175
"2953",0,12,95,4.58570090595847,15.9,1,1,0,100,197.916666666667
"2954",1,2,100,6.66524501886405,9.3,1,1,1,NA,175
"2955",1,2,93,2.12422808459322,0.42,0,1,0,89,175
"2956",1,2,100,2.09160590857245,0.14,0,1,0,89,175
"2957",1,2,NA,2.06722134285121,0,0,1,0,89,175
"2958",1,2,80,2.17324657050471,0.16,0,1,0,89,175
"2959",1,2,100,2.14861487393249,0.14,0,1,0,89,175
"2960",0,3,100,8.83586213090355,0.18,0,1,1,100,115.333333333333
"2961",1,2,NA,2.07406621548645,0,0,1,0,89,175
"2962",1,1,NA,5.5603008648976,0,0,0,0,NA,160
"2963",1,3,97,2.07675538173503,2.14,1,1,1,100,179.666666666667
"2964",1,5,80,3.60517732334753,5.7,1,1,0,100,53
"2965",0,6,90,7.00503835328255,2.1,1,1,0,75,69.5
"2966",0,4,80,7.07469455873718,3,1,1,0,75,80.5
"2967",1,2,92,3.99964537771981,19.2,0,1,0,100,134
"2968",0,11,100,5.39116589189061,1.78,1,1,1,100,145.454545454545
"2969",1,4,95,4.92401366251233,6.64,1,1,0,100,76.25
"2970",0,2,99,10.1450698611225,8.61,1,0,1,100,67.5
"2971",0,1,92,11.1803902699577,14.1,0,0,1,100,105
"2972",1,7,98,8.96889686590089,0.93,1,1,0,NA,47.1428571428571
"2973",1,8,99,5.7678964193068,2.55,1,1,0,100,86
"2974",0,1,98,11.1980710772934,12.3,0,0,1,100,95
"2975",1,2,97,9.06689821104464,10.95,1,0,1,100,97.5
"2976",1,2,100,3.23228722345965,16.5,1,1,1,NA,115
"2977",0,2,99,5.10777439270587,3.3,0,1,1,100,110
"2978",1,2,100,3.47940035208306,0.93,0,0,0,100,127.5
"2979",1,2,97,5.26565673621483,6.64,0,0,0,100,102.5
"2980",0,4,99,7.53338373759105,7.86,1,1,1,100,46.5
"2981",1,2,97,8.98002959215428,0.23,0,1,0,NA,39
"2982",1,2,95,8.48263062102394,15.04,1,1,1,100,56.5
"2983",1,4,95,7.32436217920234,7.59,0,0,0,100,35
"2984",1,4,99,9.0347677870567,14.06,1,1,1,100,40.75
"2985",0,4,100,10.1861729980136,1.06,0,1,0,NA,25
"2986",0,2,99,4.98299487524437,10.78,1,0,1,100,134.5
"2987",0,1,98,8.11826219803182,5.38,0,0,1,100,109
"2988",1,4,99,7.39722826834738,3.55,0,0,1,100,92.5
"2989",0,2,100,3.39219799540924,3.66,1,1,0,100,272.5
"2990",0,2,98,3.6128365056133,5.52,1,0,1,100,195
"2991",1,3,NA,2.03221903095344,0,1,0,0,87,90
"2992",0,5,97,6.28148521384364,0.92,1,1,0,NA,110
"2993",0,2,98,1.32680565414093,8.1,1,0,0,100,129
"2994",1,4,99,5.49713051316632,2.54,1,1,1,100,130
"2995",1,2,100,9.84675065123529,6.3,0,1,1,NA,75
"2996",0,2,100,5.18855032878609,1.2,1,1,0,50,67.5
"2997",1,2,93,6.10323078966609,16.5,1,0,0,100,123
"2998",1,2,NA,0.483956981150385,0,1,1,0,100,180
"2999",1,3,98,5.82103058398481,14.14,1,0,1,100,83.3333333333333
"3000",0,2,98,8.60625169077408,22.8,0,1,0,86,93
"3001",1,8,100,6.68001229065072,2.92,1,1,0,100,130.625
"3002",0,4,97,9.5102030779682,10.86,1,0,1,100,65
"3003",1,4,93,6.04662075015713,1.92,1,0,0,NA,111.25
"3004",1,3,99,3.21753235421741,10.06,1,0,1,100,95
"3005",0,1,98,8.29095750183202,5.32,0,0,1,100,117
"3006",0,2,99,8.32662442390256,5.76,0,0,1,100,63.5
"3007",0,4,100,7.41612398066318,23.1,1,0,0,100,88.75
"3008",1,4,80,4.5008325248749,2.1,1,1,0,87,93.5
"3009",0,8,87,10.2808229649899,11.5,1,0,0,100,25
"3010",0,3,92,8.7405838010047,6.64,1,0,0,100,108.333333333333
"3011",0,6,84,6.79941754414025,5.89,1,1,1,100,49.1666666666667
"3012",1,1,99,3.38459959171583,22.8,1,1,0,100,345
"3013",0,2,98,8.12293082598261,4.97,0,0,1,100,68.5
"3014",0,3,96,5.21636651579116,3.96,0,0,0,100,36.6666666666667
"3015",0,4,99,9.37879875318528,0.96,1,1,0,100,56.25
"3016",0,4,100,5.36343452845999,1.5,1,1,0,100,122.5
"3017",0,2,96,8.44347692759165,1.75,0,1,0,100,82.5
"3018",1,4,99,7.52389091485671,14.6,1,0,1,100,81.25
"3019",0,3,97,9.61485669012749,0.9,1,0,0,100,83
"3020",1,2,99,10.1930161289944,2.74,0,0,1,100,71.5
"3021",1,6,100,8.3475269252213,4.2,1,1,0,0,65.8333333333333
"3022",0,4,94,8.8020906865282,7.2,0,0,0,100,43.5
"3023",1,4,NA,3.31709021602507,0,1,1,0,90,137
"3024",0,2,100,8.83342816047362,4.2,0,0,0,100,66.5
"3025",1,2,97,6.42302490884113,8.05,0,1,1,100,88.5
"3026",1,6,96,5.89549930796321,1.04,1,0,0,NA,66.6666666666667
"3027",0,2,100,1.91744755140832,13.5,1,1,1,100,100
"3028",1,2,100,3.646829141569,5.4,1,0,0,100,112
"3029",1,2,97,7.49839071421287,15.9,1,1,0,100,30
"3030",1,4,100,4.42377105419588,1.59,1,0,1,NA,62.5
"3031",1,4,97,5.93161920552363,11.25,1,1,0,100,61.25
"3032",0,4,99,10.2482199872629,8.84,1,0,1,100,93.75
"3033",1,2,96,8.48188936680773,4.63,0,1,1,100,60
"3034",1,2,100,0.601619905084372,2.7,1,1,0,90,197
"3035",1,9,100,3.43355761665177,0.21,1,1,0,NA,238.888888888889
"3036",1,5,97,3.67806513295366,3,1,0,1,100,140
"3037",1,2,99,6.59239534996337,9.54,0,0,1,100,75
"3038",0,4,98,3.5668064226901,2.56,0,1,1,NA,75
"3039",0,2,99,8.38420646415392,6.06,1,0,1,100,135
"3040",0,2,99,7.21931945691817,8.42,0,1,0,NA,56
"3041",1,2,NA,3.07980725586199,0,0,1,0,NA,99.5
"3042",1,4,98,9.38635972269745,5.5,0,1,1,100,54
"3043",1,2,98,5.06615362614467,7.76,0,0,1,100,97.5
"3044",0,2,96,7.35281288785756,8.4,0,0,0,100,74.5
"3045",0,6,98,3.84282940700799,1.23,1,1,0,NA,86.6666666666667
"3046",1,6,99,4.17215174485508,2.37,1,1,1,100,190
"3047",1,4,100,5.76641650487196,1.3,1,1,0,NA,165
"3048",1,3,100,2.78205991405767,10.1,1,0,1,100,99.6666666666667
"3049",1,1,NA,6.3867296545234,0,0,1,0,NA,210
"3050",0,2,94,8.47560586705401,2.2,0,1,0,100,80
"3051",1,2,98,4.86082400306502,1.68,1,1,0,100,244.5
"3052",1,2,99,6.89506182681115,13.22,1,1,1,100,110
"3053",1,3,NA,4.44993521350277,1.2,1,0,0,NA,66.6666666666667
"3054",0,5,100,6.2885543587186,1.2,1,1,0,NA,65
"3055",1,2,87,3.32333635762833,4.8,1,1,0,100,110
"3056",1,2,NA,3.08546843392123,0,0,1,0,100,45
"3057",1,2,NA,2.02271477455673,0,1,0,0,87,136
"3058",0,5,100,5.89338748569236,0.5,1,1,0,100,127
"3059",1,2,70,2.93147362403786,3,0,1,0,100,52.5
"3060",0,4,93,5.5597316054482,6.24,0,0,0,96,54.75
"3061",1,2,97,8.50275509833285,9.57,1,1,1,100,169.5
"3062",0,2,100,8.61558525004113,1.8,0,0,0,100,66.5
"3063",1,4,100,6.25342488821329,3,1,1,0,100,25.5
"3064",0,1,NA,8.24654031752424,0,0,1,0,NA,70
"3065",0,2,97,5.46392018304996,27.3,0,0,0,NA,105
"3066",0,4,100,8.54705628859148,1.12,0,1,0,100,100
"3067",0,4,96,10.3296441034617,10.95,1,0,0,100,77.5
"3068",1,4,100,6.75263398190909,8.7,1,1,1,100,115
"3069",1,3,100,1.95898346409787,2.7,1,0,0,87,110
"3070",1,3,100,5.26391588574212,2.04,1,1,0,100,53.3333333333333
"3071",1,7,94,9.44204650114882,1.84,1,0,1,100,76.2857142857143
"3072",0,2,NA,3.31858088564114,0,1,1,0,99,122
"3073",1,3,99,6.05170424662341,4.77,1,0,1,100,118.333333333333
"3074",1,4,NA,3.00160008436909,1.5,1,1,0,NA,100
"3075",1,6,93,9.45372166074776,2.74,1,1,0,100,79.5
"3076",1,4,NA,0.921156330874887,0,1,1,0,100,58.75
"3077",1,2,80,9.58228317720862,0.22,0,1,1,100,75
"3078",1,2,93,9.53560216652429,0.22,0,1,1,100,67.5
"3079",1,7,95,9.42022750796075,3.4,1,1,1,100,82.8571428571429
"3080",0,7,100,8.00828948744454,1.64,1,1,0,100,74.2857142857143
"3081",1,2,94,5.16347593605049,9,1,1,0,100,104
"3082",1,4,60,8.19684279560182,3.3,1,1,1,100,101.25
"3083",0,6,100,2.23814630404499,6.3,1,1,0,100,233.333333333333
"3084",1,2,100,6.85539184142347,6.04,0,1,1,100,87
"3085",1,4,100,8.67605214282511,0.24,1,0,0,NA,49.75
"3086",1,4,97,10.2257566439499,4.3,0,1,0,100,43.5
"3087",1,2,99,6.83328343618478,4.68,0,1,1,100,77.5
"3088",1,4,99,8.24360609455919,8,1,1,1,100,76.25
"3089",1,2,98,5.99945120670051,6.8,0,1,0,100,70
"3090",1,4,100,5.64134551183165,16.74,1,0,1,100,86.75
"3091",0,1,NA,5.70511452093319,0,0,0,1,100,60
"3092",1,2,98,6.58905818103684,5.72,0,1,1,100,117.5
"3093",1,4,97,6.1016385526926,27.3,1,0,1,100,72.25
"3094",0,2,97,9.69494997981439,3.33,1,1,1,100,92.5
"3095",0,2,99,6.85353916561481,4.76,0,1,1,100,62.5
"3096",0,1,99,3.89799545681625,4.7,0,0,0,100,130
"3097",0,2,96,6.99506614826712,3.1,1,1,1,100,125
"3098",0,4,96,8.31045282763225,1.86,1,1,0,100,57.5
"3099",1,6,96,7.7122672551382,0.84,1,1,0,NA,104.166666666667
"3100",1,1,87,10.5047941979848,3.3,0,1,0,100,88
"3101",0,2,98,2.20850025368209,1.72,0,1,0,100,72.5
"3102",0,2,99,1.85321570910832,8.32,0,1,1,100,142.5
"3103",0,3,100,10.362654023715,8.13,0,1,1,100,67.3333333333333
"3104",1,5,100,8.48209193338877,0.52,1,1,1,100,64
"3105",1,8,100,9.78817508909979,3.66,1,1,1,100,55
"3106",0,2,93,10.9578775860089,3.49,0,1,0,100,67
"3107",1,3,100,1.23546958341011,3.3,1,1,0,NA,266.666666666667
"3108",0,2,100,7.71792430164806,12.02,0,0,1,90,55
"3109",0,4,98,2.51293077222976,4.98,1,1,1,100,120
"3110",0,2,99,7.84277942260431,8.26,0,0,1,90,60
"3111",0,2,99,3.99088975340914,9.64,1,1,0,80,97.5
"3112",1,3,97,2.72561631238705,3,1,1,0,100,88.3333333333333
"3113",0,2,99,6.13785246672456,14.24,0,1,1,100,69.5
"3114",0,1,99,6.22265921189498,4.46,0,1,1,100,139
"3115",0,2,97,1.2651475882855,8.1,0,1,0,100,136.5
"3116",1,4,100,7.72190555862765,0.42,1,0,0,NA,53.75
"3117",0,8,92,10.8238915635771,2.4,1,1,0,100,53.125
"3118",0,2,100,7.14955592001623,5.7,0,1,0,100,57.5
"3119",1,4,NA,0.83246648917626,0,1,1,0,90,141
"3120",0,4,99,4.1768123203447,7.11,1,0,1,100,51.25
"3121",1,2,NA,6.29556825731875,0,1,1,1,100,197
"3122",1,1,100,5.93640567358219,2.1,0,0,0,NA,149
"3123",0,2,92,11.7734648175219,5.7,1,1,0,NA,42
"3124",1,2,98,8.3023973576629,6.71,0,1,1,100,67.5
"3125",1,3,99,9.73913625734663,7.18,1,0,1,100,46.6666666666667
"3126",0,2,99,1.5285875151945,1.93,1,1,1,100,200
"3127",1,6,100,5.9822846623265,0.98,1,1,0,100,141.666666666667
"3128",1,2,100,2.81340446445947,1.26,1,0,0,NA,125
"3129",1,6,NA,5.31011506751996,0,1,1,0,100,95.8333333333333
"3130",0,2,95,5.84746259224979,4.9,1,0,0,88,125
"3131",1,2,93,8.58318466947653,9.6,0,1,0,80,55
"3132",1,4,NA,5.56495694234743,0,1,1,1,100,100
"3133",1,5,98,6.26866278797129,1.24,1,1,1,100,49
"3134",1,2,98,7.82402076527209,12.3,1,0,1,100,107.5
"3135",1,1,100,10.5308295094181,1.2,0,0,0,100,90
"3136",0,6,NA,10.3306492395505,0,1,1,0,NA,75
"3137",0,4,80,3.86989403842063,10.8,0,1,0,100,45.5
"3138",0,4,NA,3.95310837070687,5.4,0,1,0,100,39.25
"3139",1,5,98,6.86194319190503,1.23,1,1,0,100,144
"3140",1,4,96,2.12414932978526,1.77,1,1,0,100,56.25
"3141",0,2,60,7.26743926947494,2.1,0,1,0,100,58.5
"3142",0,2,100,7.23521024238841,9.9,0,1,0,100,63
"3143",0,2,NA,1.04927293199791,0,1,1,1,100,182
"3144",1,2,97,2.22896834492823,3.73,0,1,0,100,45
"3145",1,2,95,5.730661816097,2.25,0,0,1,100,110
"3146",0,2,100,5.58381303599335,9.3,1,1,0,100,121
"3147",0,4,100,1.88255298624239,8.1,1,1,1,100,51.25
"3148",1,4,100,4.29824201187089,0.54,1,1,0,NA,193.75
"3149",0,3,96,10.1992201120037,2.64,0,0,1,100,65.3333333333333
"3150",0,4,100,3.50736694323539,3.8,1,0,1,100,174.5
"3151",0,6,100,9.09120373313262,0.18,1,1,0,NA,93.3333333333333
"3152",0,6,97,7.70369293086706,1.38,1,1,0,100,75
"3153",0,8,97,6.68202998693943,14.4,1,1,0,NA,87.5
"3154",1,5,97,5.41102468261258,1.92,1,0,0,100,112.2
"3155",1,2,95,2.13366017008926,0.36,0,1,0,80,125
"3156",1,2,80,1.72491467978405,2.1,1,0,1,100,147.5
"3157",1,2,97,2.0061629729646,4.84,0,0,1,100,92
"3158",0,2,98,2.30476471094241,29.14,1,1,0,NA,90
"3159",1,2,75,10.313244645174,5.7,0,0,0,100,45
"3160",1,2,100,4.46057770380477,0.06,0,0,0,67,195
"3161",0,2,95,2.64374755962723,5.42,0,0,1,100,524.5
"3162",0,2,93,2.1439812529113,0.64,0,0,0,100,350
"3163",0,2,93,2.64744689500983,3.6,1,1,0,100,92
"3164",0,2,75,2.62529333098987,4.5,1,1,0,100,88
"3165",0,2,99,6.33947508903273,2.67,1,1,0,100,227.5
"3166",0,2,91,9.15135967034837,9.3,1,1,0,100,70.5
"3167",0,12,94,9.2836474134788,7.02,1,0,0,100,54.1666666666667
"3168",0,2,94,10.7813360037379,6.39,0,0,0,100,105.5
"3169",0,5,95,7.05645597228385,2,1,0,0,100,108
"3170",0,2,85,9.93259268429716,24,1,1,0,89,35
"3171",0,2,80,1.27759085845383,21,1,0,0,95,65
"3172",1,2,97,3.4959973193218,1.29,1,1,1,100,154.5
"3173",1,1,NA,6.34168628554095,1.5,0,1,0,100,245
"3174",0,3,100,5.57612266074619,7.68,0,1,1,100,122.666666666667
"3175",0,4,100,5.0066738734186,7.5,1,1,1,NA,62.5
"3176",0,4,100,1.64302549067043,8.7,1,1,1,83,78.5
"3177",1,7,100,6.80755834283618,1.05,1,1,0,NA,78.5714285714286
"3178",1,4,100,7.04784668203409,18.91,1,1,1,100,82.5
"3179",0,6,91,5.40868124527913,2.16,1,0,0,100,70.1666666666667
"3180",1,2,99,6.09170696695792,2.05,1,0,0,100,205
"3181",0,3,94,4.8505137011675,7.21,0,0,0,98,46.6666666666667
"3182",1,2,100,5.82088214449075,0.56,1,0,0,90,95
"3183",0,2,93,1.82699665781027,3.3,0,1,0,90,91
"3184",0,2,93,1.83943569892428,3.3,0,1,0,90,80
"3185",1,2,100,2.11019460013281,0.26,0,1,0,80,125
"3186",1,2,NA,3.38070558768641,0,1,1,0,100,157.5
"3187",0,2,90,7.76259046622442,30,0,1,0,100,87.5
"3188",0,2,70,4.75874483109764,6.3,1,1,0,100,82
"3189",0,3,84,0.971888515001072,27.3,0,0,0,NA,95
"3190",0,2,100,4.24732122404872,3.6,1,1,0,99,122.5
"3191",0,8,97,3.730894759836,30,1,0,0,NA,85
"3192",1,4,100,3.95342014862959,4.5,1,1,0,NA,75
"3193",0,2,87,1.63988594338207,3.6,0,1,0,90,92
"3194",1,8,98,4.32478814724449,9.78,1,1,1,100,73.125
"3195",1,4,99,3.4946146258548,3.96,1,1,1,100,92.5
"3196",0,2,97,9.42050452518868,8.33,0,0,1,100,45
"3197",1,4,99,1.66627745422944,9.12,1,0,1,100,78.5
"3198",0,2,100,1.57524208302875,24.6,1,1,1,100,105
"3199",1,1,97,10.5904421133957,27.6,0,0,0,100,209
"3200",0,2,100,2.92243141207902,12.6,0,1,0,25,49.5
"3201",1,2,99,9.20329030609863,8.15,1,1,1,100,105
"3202",1,6,100,5.99318592088921,16.5,1,1,1,100,95.5
"3203",1,4,99,4.51618054224798,4.62,1,1,1,100,132.5
"3204",1,3,98,3.55280410545731,4.06,0,1,0,100,87
"3205",1,3,100,2.06335208670276,3.3,1,0,0,87,112
"3206",1,2,94,8.45188005344313,4.13,0,0,1,98,61.5
"3207",1,2,93,8.38800238363237,1.44,0,0,1,98,61.5
"3208",1,2,98,9.40876591577463,0.29,0,1,0,100,99
"3209",0,2,94,7.09659101151269,3.27,0,0,0,NA,80
"3210",0,2,99,4.02068302814255,6.18,0,1,0,86,85
"3211",0,2,98,9.43036496103589,10.94,1,0,1,100,100
"3212",0,2,100,5.4864167034038,9.08,1,1,1,100,187.5
"3213",1,2,94,2.54022938603099,1.36,0,0,0,100,50
"3214",1,4,90,2.12350780514639,0.28,0,1,0,80,75
"3215",1,2,100,8.40638593189487,0.22,0,1,1,100,115
"3216",1,2,92,9.45920532273978,0.47,0,1,0,100,125
"3217",0,2,94,5.21760180492478,3.87,0,0,0,100,75
"3218",1,4,91,4.80971929747252,4.98,1,1,0,100,53.75
"3219",1,4,99,7.28894745962627,1.28,1,1,1,100,195
"3220",0,3,100,6.65160081991494,4.2,1,1,0,NA,151.666666666667
"3221",1,2,100,2.01068361870812,15.3,1,1,1,100,149
"3222",1,2,100,4.24612012222367,0.16,0,1,0,NA,5
"3223",1,2,96,7.03319267431245,4.72,0,1,1,100,25
"3224",1,4,100,9.68211841598088,6.94,1,1,1,100,98.75
"3225",0,4,100,1.43320647333892,2.1,1,1,0,85,103.75
"3226",0,2,86,9.92286123957179,10.8,1,1,0,89,35
"3227",1,2,89,9.15141790950272,9.3,0,1,0,100,72
"3228",1,4,98,6.62673159941878,2.44,1,1,1,100,103.75
"3229",0,2,95,8.34271284980707,1.85,0,1,0,100,35
"3230",0,2,98,5.74830075427178,5.03,1,0,1,100,117
"3231",1,1,95,2.42507428126592,1.5,0,0,1,100,325
"3232",0,4,98,9.65321430151912,2.47,0,1,1,100,67
"3233",0,2,95,8.34381819409711,1.97,0,1,1,100,90
"3234",0,4,100,0.348577059665922,6.3,1,1,0,NA,187.5
"3235",1,4,97,7.6420111251545,3.2,1,1,1,100,52.75
"3236",1,3,97,7.99251354314626,3.37,1,1,1,100,58.3333333333333
"3237",1,2,100,3.58027446776502,12.72,0,1,1,100,110
"3238",0,2,98,5.01215859920922,7.84,1,0,1,100,130
"3239",1,4,97,9.02527343416156,4.46,1,1,1,100,68
"3240",1,2,99,6.43614008310579,5.45,0,1,1,100,101
"3241",0,2,100,3.36586183663727,3.3,1,1,0,99,123
"3242",0,2,93,9.55838788041031,4.42,0,0,0,100,67.5
"3243",1,4,91,8.39674768079981,8.34,0,0,0,100,47.5
"3244",0,15,98,9.63930439729632,0.88,1,1,1,100,48.3333333333333
"3245",0,1,99,3.46560622960338,16.2,0,1,1,100,479
"3246",1,6,97,10.1706286795953,22.8,1,1,1,100,58.3333333333333
"3247",1,2,100,8.98416150021007,11.7,0,0,1,86,39
"3248",1,6,95,6.8634873475563,2.53,1,1,1,100,85.6666666666667
"3249",1,2,100,7.84213195094389,4.8,1,1,0,100,111
"3250",1,4,100,8.01768834578923,2.64,1,1,0,100,86.25
"3251",0,3,96,5.63635082558642,10.8,1,0,1,100,103
"3252",1,4,100,4.53980870114227,4.65,1,1,0,100,137.5
"3253",0,1,98,3.38790772890332,17.1,0,1,1,100,166
"3254",1,1,100,5.71188516833513,10.2,0,0,1,100,105
"3255",1,1,100,5.81149374446829,10.2,0,1,1,100,104
"3256",1,2,99,8.82378283729046,10.5,0,0,1,100,95
"3257",1,4,100,6.60097553995442,0.14,1,1,0,NA,62
"3258",0,2,99,1.70415419501181,1.74,1,1,1,100,150
"3259",0,2,96,6.7834867073118,3.41,0,0,1,100,47.5
"3260",0,1,60,2.06769073736837,2.1,0,1,0,100,61
"3261",1,4,100,4.99669655001457,4.08,1,1,1,100,173.25
"3262",1,1,98,5.72289822866196,13.5,0,1,1,100,104
"3263",1,6,95,6.23606386544387,6.3,0,1,0,100,85
"3264",1,4,100,6.51135127047268,1.8,0,1,0,100,106.25
"3265",1,2,99,6.75419742849227,5.56,0,1,1,100,70
"3266",0,4,97,6.14802081035008,3.15,1,1,1,100,168.75
"3267",0,3,91,8.55485914711772,6.52,1,0,0,NA,48.6666666666667
"3268",1,1,98,5.27429647863903,4.54,0,0,1,100,125
"3269",0,6,97,1.47834688176567,9.9,1,1,1,100,102.5
"3270",0,5,95,5.57293495254309,19.8,1,1,1,100,104.8
"3271",0,2,91,8.83535038372469,2.46,0,0,0,100,72.5
"3272",0,2,99,6.84486936203264,17.74,0,1,1,100,85
"3273",1,4,97,7.13654644619151,14.4,1,1,1,100,65
"3274",1,2,98,10.4421743198901,4.34,0,1,1,NA,74.5
"3275",1,2,98,10.0504030311315,2.22,0,0,1,100,105
"3276",1,4,98,6.84689036681945,1.4,1,0,1,100,117.5
"3277",0,1,100,3.38342067743193,3.6,0,1,0,100,305
"3278",0,1,NA,1.06689814474877,0,0,1,0,NA,350
"3279",1,4,100,4.45117034587133,18,1,1,0,100,112.5
"3280",1,2,98,7.31843233691937,9.1,0,1,1,100,67.5
"3281",1,10,91,1.70558804534026,10.5,1,1,0,100,53
"3282",1,6,100,5.72177118724246,0.9,0,1,0,90,83.3333333333333
"3283",1,4,100,1.87839813236276,3.6,1,1,0,100,77.5
"3284",0,2,97,4.04141139466449,5.3,1,0,1,100,142.5
"3285",0,4,95,4.93717109437542,2.02,1,1,1,100,112.25
"3286",0,2,97,8.28413514619141,3.87,0,0,1,100,74.5
"3287",0,5,99,7.82036652955562,6.43,1,1,1,100,94
"3288",1,12,96,10.4872404875099,9.02,1,1,1,90,44.8333333333333
"3289",1,9,100,6.02403183488269,3.35,1,1,0,100,199.444444444444
"3290",1,4,97,8.05991402004208,5.38,1,0,0,100,73
"3291",0,2,97,1.19125329409312,7.5,1,1,0,100,123
"3292",1,4,99,2.1102995349731,11.84,1,1,1,100,91.25
"3293",1,2,99,6.06021336561521,10.11,0,0,1,100,75
"3294",1,4,94,5.96982248373648,0.98,1,0,0,NA,87.5
"3295",1,1,98,9.24598473108707,2.88,0,0,1,95,88
"3296",1,2,97,5.42100509555314,5.58,0,0,1,100,60
"3297",0,2,NA,2.59356130258125,0,1,1,0,100,164
"3298",1,8,NA,6.95779948634784,0,1,1,1,100,186.875
"3299",0,3,93,10.5016120598791,8.73,1,1,0,100,63.3333333333333
"3300",0,4,100,4.79078761986253,4.9,1,1,0,89,156.25
"3301",0,3,91,10.4436428292747,8.61,1,1,0,100,45
"3302",1,4,98,5.69755573402039,15,1,1,1,100,125
"3303",1,2,85,8.04686624945025,9,0,0,0,80,56
"3304",0,2,100,4.660156773759,1.44,0,0,1,100,97.5
"3305",0,8,90,3.87248941027092,2.28,1,1,0,100,108.75
"3306",0,4,97,2.22503068189491,4.25,0,1,1,100,72.75
"3307",0,1,94,1.41616550253456,2.44,0,1,0,100,154
"3308",1,1,100,3.16578548627712,9.6,0,1,1,100,123
"3309",0,2,100,1.09624648296746,0.2,0,1,0,100,170
"3310",1,3,100,5.31905748108859,3.36,0,1,1,100,200
"3311",0,4,93,4.76465099817591,7.45,0,0,0,98,37.5
"3312",0,3,98,6.63387388934858,30,0,0,1,100,49.6666666666667
"3313",0,3,99,1.14606864786411,11.1,1,0,1,100,90
"3314",0,2,93,1.37607111856603,8.7,0,0,0,100,76.5
"3315",0,2,87,10.4740672253576,7.28,0,1,0,NA,40
"3316",1,4,98,5.71317979255412,5.08,1,1,1,100,121.25
"3317",1,2,99,4.40107951968016,8.16,0,0,1,100,80
"3318",0,2,96,7.66308858190172,6.48,1,0,0,100,62.5
"3319",0,2,98,8.72235094892781,2.28,1,1,0,80,125
"3320",0,2,60,1.79439103997896,2.4,1,1,0,NA,147.5
"3321",1,2,97,8.71707872645695,12.26,1,1,1,100,99
"3322",1,5,98,5.27465803716386,2.4,1,1,1,100,140
"3323",1,2,99,9.99524428167641,1.2,0,0,1,100,102.5
"3324",0,2,96,3.68551241601407,5.62,1,1,0,100,92
"3325",0,6,99,9.26039672679409,8.32,1,1,1,NA,57.6666666666667
"3326",1,2,80,3.60323105723047,8.4,1,1,0,90,190.5
"3327",0,2,NA,9.38611069409808,0,0,0,0,82,132.5
"3328",1,2,100,3.11653502480119,7.2,0,1,0,100,150
"3329",0,2,93,5.27685791940671,2.16,0,0,0,100,75
"3330",0,1,95,5.06255019754434,3.08,0,0,0,100,65
"3331",0,1,97,5.25321389591993,2.73,0,0,0,100,65
"3332",0,5,100,5.71173693801441,27.6,1,0,0,NA,130
"3333",1,6,97,9.79855436407555,8.34,1,1,1,100,52.3333333333333
"3334",1,2,92,9.11248009109208,9.3,0,1,0,100,44
"3335",1,5,98,10.6256847677001,5.45,1,0,1,100,25.2
"3336",0,4,98,6.6737134954362,1.78,1,1,0,71,88.5
"3337",1,6,100,5.37608272338042,1.46,1,1,1,100,174.833333333333
"3338",0,2,98,7.80224908171141,15.93,0,0,1,100,75
"3339",1,4,99,5.55865256016111,25.2,1,1,1,100,126.25
"3340",0,2,96,3.45982343222248,13.4,1,0,1,100,105
"3341",0,2,NA,7.93595500067525,0,1,1,0,NA,150
"3342",0,7,96,9.92645022142086,10.26,1,1,1,100,33.5714285714286
"3343",0,2,96,9.5267239526671,9.34,0,1,1,100,114.5
"3344",1,10,100,7.71052442232711,2.22,1,1,1,100,47
"3345",0,5,100,4.26558966893993,0.12,1,1,0,NA,85
"3346",1,2,100,5.21449991282668,8.4,1,1,1,100,145
"3347",0,2,98,5.00373774508448,8.14,0,1,1,100,59.5
"3348",1,4,95,7.39879665796899,1.94,1,1,0,100,80.75
"3349",0,2,93,4.86114439061066,3.9,1,1,0,100,91.5
"3350",0,1,100,2.83418563638897,16.8,0,1,1,100,164
"3351",0,6,99,1.97365640566871,7.92,0,1,1,100,52.5
"3352",0,2,100,5.1964394827069,2.88,0,1,1,100,149.5
"3353",1,4,100,5.65304596112213,1,0,1,0,90,123.75
"3354",0,2,99,9.22710719696676,4.64,0,0,1,100,115
"3355",1,4,99,9.22553381595505,1.58,1,1,0,100,170
"3356",0,2,94,2.17406804034906,6.83,0,1,0,100,117
"3357",1,2,95,9.13318251279987,0.3,0,1,0,100,70
"3358",0,2,92,2.21191748551306,7.85,0,1,0,100,117
"3359",0,2,98,4.83893588806592,4.41,1,0,1,100,142.5
"3360",1,1,99,5.217640631917,5.16,0,0,1,100,125
"3361",0,2,100,3.27068553662593,10.5,0,1,1,100,120.5
"3362",1,2,99,5.56544661388574,5.32,0,1,1,100,144
"3363",0,2,100,7.39053690850219,3.68,0,0,1,100,85
"3364",0,2,100,4.44866393848576,1.53,1,1,0,100,185
"3365",1,2,98,10.5877714274118,8.1,1,0,1,100,90
"3366",0,4,100,2.30760136871442,0.32,1,1,0,100,143.75
"3367",1,4,100,3.32982023299638,0.16,1,1,0,NA,49.75
"3368",0,2,100,4.02224978542029,5.76,1,0,1,100,112.5
"3369",1,4,97,3.6276673168797,4.8,1,1,1,100,104.75
"3370",0,2,100,3.08155661575049,1,0,1,0,100,120
"3371",0,4,100,2.31060448735316,0.28,1,1,0,100,206.75
"3372",0,4,98,3.86421981181746,1.68,1,0,1,100,146.25
"3373",0,3,98,8.22503635968883,5.88,1,1,1,100,84.6666666666667
"3374",0,2,98,6.37608454697615,3.42,1,0,1,100,74.5
"3375",1,3,100,6.96653084919707,0.3,0,1,1,89,650.333333333333
"3376",0,2,97,10.5367849188209,11.98,0,0,1,100,84
"3377",1,2,90,9.19960295777616,2.4,0,1,0,100,44
"3378",0,2,99,8.66030353213252,2.66,1,0,1,100,152.5
"3379",1,2,100,6.13602297608012,1.76,0,1,0,NA,112
"3380",1,4,100,1.08639870600183,8.1,1,1,1,100,117.5
"3381",0,4,98,9.05627748622225,8.88,0,0,1,100,40
"3382",0,6,90,4.75513720996206,4.5,1,1,1,100,80
"3383",1,2,98,7.84856165178503,3.59,0,0,1,100,70
"3384",0,2,93,2.41797070818515,3.9,1,1,0,100,88
"3385",1,2,98,8.75606112868874,4.5,0,1,1,100,130
"3386",0,2,95,9.7703462360676,8.35,0,1,1,100,30
"3387",0,2,80,2.47704418270662,28.2,1,1,0,100,92
"3388",0,2,98,9.17819095894976,8.02,0,0,1,100,57.5
"3389",0,2,80,2.76216486353941,5.1,1,1,0,100,86.5
"3390",1,8,100,4.55730941871951,0.76,1,1,0,100,306.25
"3391",0,2,99,10.1500761547761,7.54,1,0,1,100,87.5
"3392",0,2,NA,2.49881618629247,0,1,1,0,100,91
"3393",0,2,96,6.50879834011564,7.2,1,1,1,NA,92.5
"3394",0,1,97,6.91223639301954,8.87,0,1,1,100,89
"3395",1,1,100,10.569621039075,3.6,0,1,0,100,117
"3396",1,2,100,2.20750291862189,3,0,1,1,100,70.5
"3397",1,3,100,5.61632728095039,7.5,1,1,1,100,109.333333333333
"3398",1,1,100,10.0832107605516,13.65,0,1,0,100,71
"3399",0,3,NA,2.48981025116111,0,1,1,0,100,64.6666666666667
"3400",1,6,100,6.88735132968852,0.26,1,1,1,100,91.6666666666667
"3401",1,5,99,3.54362570021996,3.28,1,1,1,96,195.6
"3402",0,2,100,5.8031811311286,26.1,1,0,1,100,272.5
"3403",0,2,93,8.53958938591333,6.02,0,1,0,100,55
"3404",0,2,98,5.97878855228138,3.94,0,0,1,100,62
"3405",1,4,97,6.68656918119173,2.1,1,1,1,100,88.75
"3406",1,2,92,7.94201814747916,3.6,0,0,0,100,87.5
"3407",1,1,95,6.70002968461981,4.05,0,1,1,89,100
"3408",1,2,100,6.18113847488797,0.8,0,1,0,NA,90
"3409",1,4,100,4.7402245471752,9.6,1,1,1,100,87.5
"3410",1,1,98,4.19427116742302,2.22,0,0,0,100,185
"3411",1,2,99,8.80480322378571,2.92,0,1,1,100,59
"3412",1,7,100,4.54044976282583,0.64,1,1,0,NA,92.8571428571429
"3413",1,6,100,7.5350849789196,6.9,1,1,0,100,91.6666666666667
"3414",0,2,97,1.53286968954927,5.86,0,1,0,100,87
"3415",0,2,100,6.52675616919038,1.68,0,1,1,100,110
"3416",1,4,98,7.49660311782412,5.59,1,1,1,100,56.25
"3417",0,5,95,5.79008397573913,2.76,1,1,0,100,100.8
"3418",1,2,100,4.71109947736303,11.91,0,0,1,100,90
"3419",0,3,NA,4.85865939303345,0,1,1,0,100,65.3333333333333
"3420",0,4,98,7.49396747373647,6.24,1,0,1,100,75
"3421",1,2,100,6.19796121943361,5.7,0,1,0,NA,72.5
"3422",1,3,100,7.71080091453883,0.46,0,0,0,100,50
"3423",1,4,98,8.84913365164352,6.54,1,0,1,100,52.5
"3424",0,3,99,7.86595913511242,11.42,1,0,1,100,79.3333333333333
"3425",0,4,96,5.833334008505,14.88,0,1,1,100,79.75
"3426",0,5,100,6.43389654677218,1.32,1,1,0,NA,156
"3427",1,4,100,2.28075171487211,3.9,1,1,0,100,170
"3428",1,10,100,1.78057686590977,3.9,1,1,0,100,59
"3429",0,4,100,7.75746397779909,0.4,1,1,0,NA,55
"3430",0,2,98,5.36369958698495,8.46,1,0,1,100,110
"3431",0,4,100,4.32926894503181,4.5,1,1,0,NA,37.5
"3432",1,2,100,1.55236856115345,3.6,1,1,0,94,241
"3433",1,2,99,3.733637388505,3.21,0,1,1,100,99.5
"3434",0,3,100,7.82015228322507,1.95,0,0,1,100,58.3333333333333
"3435",1,2,100,5.71523299391007,4.5,1,1,0,100,170.5
"3436",0,1,97,8.51521795800811,8.44,0,1,1,100,59
"3437",1,2,97,8.84836728482792,13.75,1,0,0,100,28.5
"3438",0,2,89,11.0093171553607,13.65,0,0,0,100,52
"3439",1,3,97,5.43748660385176,10.2,1,1,0,87,116.666666666667
"3440",1,3,NA,2.04827870526924,0,1,0,0,87,115.333333333333
"3441",1,3,95,5.4206384745632,10.5,1,0,0,87,116.666666666667
"3442",0,6,98,7.52117244424682,2.9,1,1,1,100,104.166666666667
"3443",1,1,100,6.57638449302128,5.94,1,0,1,100,298
"3444",0,2,90,2.66413323734354,3.9,1,1,0,100,87.5
"3445",0,5,98,9.752575739714,12.42,1,0,1,100,48
"3446",0,2,NA,6.46866973154208,0,0,1,0,NA,207.5
"3447",0,1,NA,4.67056491621802,0,0,1,0,NA,89
"3448",0,1,100,3.11547888141331,10.5,0,1,1,NA,210
"3449",0,2,92,5.23098853650107,1.93,0,0,0,100,75
"3450",0,2,NA,2.41987969676931,0,1,1,0,100,92
"3451",1,8,100,7.82998161111474,0.16,1,1,0,NA,68.75
"3452",1,4,96,1.214915708346,0.2,1,1,0,100,100
"3453",1,1,99,1.08438416524022,2.41,0,0,1,100,140
"3454",1,1,98,7.77181549208463,4.23,0,0,1,100,119
"3455",1,5,100,4.13026311196958,10.8,1,1,1,100,37
"3456",1,3,100,4.05820376063519,1.72,1,1,0,NA,157.666666666667
"3457",0,2,73,4.89229748811293,4.5,1,1,0,100,90.5
"3458",1,4,99,5.45656466835568,10.64,1,1,1,100,118.75
"3459",0,6,98,6.71698945166979,1.34,1,1,0,100,95.8333333333333
"3460",1,2,99,7.65048134052857,10.55,1,0,1,100,125
"3461",1,2,100,6.5412937665245,0.7,1,0,0,100,287.5
"3462",0,4,93,10.5396279072603,6.64,1,1,0,100,37.5
"3463",1,2,NA,0.528759208549038,0,1,1,0,50,277.5
"3464",1,1,95,9.08678936482067,1.36,0,0,0,100,125
"3465",0,3,80,1.52971324362014,5.4,1,1,0,67,31.6666666666667
"3466",1,2,100,3.66331359394931,2.1,1,1,0,90,183.5
"3467",1,2,98,3.99055787351878,10.2,0,1,1,100,101.5
"3468",1,2,98,4.01964326227378,9.74,0,1,1,100,74
"3469",1,2,97,5.31732069852053,3.75,0,1,0,86,175
"3470",1,4,100,7.37970335618756,4.02,1,1,0,100,88.75
"3471",1,2,95,3.61728619362329,0.91,1,1,0,NA,137.5
"3472",0,7,100,1.0721053080185,11.1,1,1,0,NA,42.1428571428571
"3473",0,1,95,5.14960502645995,2.07,0,0,0,100,65
"3474",0,2,97,7.6937667575945,8.18,1,1,1,100,70
"3475",1,7,NA,5.73848076943678,0,1,1,0,NA,62.8571428571429
"3476",1,12,100,9.76961495683487,1.26,1,1,1,100,56.4166666666667
"3477",0,2,NA,6.48504729507262,0,1,1,0,NA,124.5
"3478",0,1,NA,8.69176884365604,0,0,1,0,NA,155
"3479",0,2,97,3.1708790059262,1.71,0,0,1,100,84.5
"3480",0,2,94,3.37692418701541,1.21,0,0,1,100,84.5
"3481",0,4,100,1.65547256067756,4.8,1,1,0,67,38
"3482",1,3,98,4.21300143705606,1.69,1,1,1,100,75.6666666666667
"3483",0,3,95,3.53710055024188,4.01,0,1,1,100,81
"3484",1,5,98,8.03750861594219,1.08,1,1,0,NA,85
"3485",1,1,100,5.86668909244338,3.52,0,0,1,83,108
"3486",0,6,96,8.3332038304703,9.1,0,1,1,100,53.3333333333333
"3487",0,2,96,5.87332516165788,11.88,1,1,1,100,75
"3488",0,1,97,11.3064886746863,7.5,0,0,1,100,107
"3489",1,1,100,2.01058352413784,3.9,0,1,0,100,133
"3490",0,2,NA,2.66374975890385,0,1,1,0,100,91
"3491",1,2,98,6.35405164377353,9.6,1,1,1,100,215
"3492",1,5,97,3.36997417176663,1.9,1,1,1,100,101.4
"3493",0,4,96,3.68404689139524,0.76,1,1,0,100,162.25
"3494",0,2,97,3.24800425718643,6.51,0,1,1,100,90
"3495",0,2,60,2.57774537579658,1.5,1,0,0,100,89
"3496",0,1,NA,3.18139128038536,0,0,1,0,NA,185
"3497",0,1,98,10.0938026922276,9.3,1,0,1,100,185
"3498",1,2,100,10.5602276953832,0.64,0,1,0,NA,92.5
"3499",0,2,93,10.4834885827251,6.3,0,1,0,100,45
"3500",0,3,87,2.57900809750146,5.7,1,1,0,100,65
"3501",0,1,95,3.02468325906296,2.38,0,1,1,100,150
"3502",0,2,100,1.41707488878226,7.8,0,0,0,100,73.5
"3503",0,6,97,7.59367800421687,2.05,1,1,0,100,91.6666666666667
"3504",0,2,97,1.72663114319721,3.44,0,1,1,100,87.5
"3505",0,6,97,5.02880883581109,9.94,1,0,1,100,66.5
"3506",0,4,100,5.53287490186143,20.1,1,1,0,NA,112.5
"3507",1,4,98,8.00599029547433,1.8,1,1,0,100,67.25
"3508",1,8,98,9.93775483686869,3.03,1,1,1,100,121.875
"3509",0,5,99,5.10785493895319,2.04,1,1,0,NA,124.8
"3510",0,4,70,8.79825719537058,8.4,1,1,1,100,49
"3511",0,2,100,1.66343786377076,7.8,1,0,0,NA,100
"3512",1,2,97,8.79196206966487,9.02,1,0,1,100,110
"3513",1,4,85,9.36915191870815,1.79,0,1,0,100,33.5
"3514",1,4,95,5.62886154431206,6.3,1,1,1,100,125
"3515",1,4,98,8.11135937157811,5.14,1,1,1,90,70
"3516",0,2,100,2.08901094577124,4,0,0,0,100,500
"3517",1,1,99,10.8102100690382,3.48,0,0,1,100,164
"3518",0,2,80,2.51699428663334,14.4,1,1,0,100,87
"3519",0,6,100,5.80955684581583,0.24,1,1,0,NA,71.6666666666667
"3520",0,2,93,8.51442146799698,1.78,0,1,0,100,43.5
"3521",1,2,100,6.96496044149433,6.6,0,0,1,90,50
"3522",1,4,91,4.59156620632465,1.14,1,1,0,NA,124.5
"3523",0,16,98,8.36548438680102,0.91,1,1,0,100,121.875
"3524",0,2,NA,2.65713956620039,0,1,1,0,100,91
"3525",0,3,93,7.56336651263213,8.36,0,1,0,100,41.6666666666667
"3526",0,2,80,2.71385646585567,2.7,1,1,0,100,85.5
"3527",0,2,88,7.70777918374604,7.32,0,1,0,100,52.5
"3528",0,3,91,7.56364605217072,7.94,0,1,0,100,36.6666666666667
"3529",1,3,75,9.21123661121471,1.06,0,0,0,100,80
"3530",1,2,95,1.56909819333376,9,1,0,0,87,137
"3531",1,1,80,6.38113799009282,5.7,1,0,1,100,220
"3532",0,2,80,2.4675895618263,4.8,1,1,0,100,88
"3533",0,2,100,2.50323831875439,11.7,1,1,0,100,89.5
"3534",1,2,98,9.50980745343298,3.61,0,1,1,100,64.5
"3535",1,2,99,9.5130108505003,3.76,0,1,1,100,64.5
"3536",0,3,85,1.70413638049962,2.76,1,1,0,NA,115
"3537",0,4,99,8.24454987132947,8.46,1,0,1,100,111
"3538",1,1,98,5.38432260479315,5.04,0,0,1,100,125
"3539",1,3,NA,0.518455391577213,0,1,1,0,NA,55
"3540",0,1,90,5.51562931444551,11.7,0,0,1,100,55
"3541",1,2,NA,3.5123181413783,1.8,0,0,0,100,42.5
"3542",0,1,70,2.26688817714258,3.52,0,0,0,100,130
"3543",0,1,98,2.40740188425825,15.04,0,0,0,100,111
"3544",1,6,NA,4.07377304458151,0,1,1,0,NA,99.1666666666667
"3545",0,2,93,2.54887640813261,3.9,1,1,0,100,85.5
"3546",0,2,94,2.14413877242521,9.28,0,1,0,100,68
"3547",0,2,94,2.07814633566334,8.18,0,1,0,100,79.5
"3548",0,1,100,5.5316715988348,10.8,0,0,1,100,55
"3549",0,2,NA,2.66835598290236,0,1,1,0,100,87
"3550",0,4,99,10.7123036381712,18.91,0,1,0,NA,72.5
"3551",1,10,NA,1.68095762444218,0,1,1,0,100,51
"3552",1,2,100,3.82419148877718,1.5,1,1,0,100,112.5
"3553",1,3,100,8.8544521925918,11.4,1,1,1,100,43.6666666666667
"3554",0,2,93,6.70382016363205,18.42,1,0,0,100,72
"3555",1,4,94,1.8612663695549,9,1,0,0,100,72.5
"3556",0,2,100,7.87526757155143,2.17,0,0,1,100,67.5
"3557",1,2,NA,3.67088636941099,2.7,1,1,0,90,187
"3558",0,2,100,2.92340936109163,1.5,1,1,0,99,131
"3559",1,3,92,7.89534700032319,2.5,1,0,0,100,91.6666666666667
"3560",1,3,99,6.04040053947961,11.91,0,1,1,100,51.3333333333333
"3561",0,2,98,8.4933213298799,0.69,0,1,0,100,47
"3562",0,2,97,8.12749722232327,6.06,0,0,1,100,52
"3563",0,2,100,6.36903109247067,8.1,1,1,1,100,74.5
"3564",1,2,100,0.955442032185256,6.3,1,1,0,0,100
"3565",0,4,95,6.5200715562816,1.1,1,1,1,100,95
"3566",1,8,100,10.1964562808059,4.5,1,1,1,100,66.25
"3567",0,2,NA,7.89630969505223,0,1,1,0,80,45
"3568",1,2,100,6.01407638077393,4.28,0,0,0,100,90
"3569",0,2,96,6.13028387727346,10.92,1,0,1,89,165
"3570",1,5,100,5.76826442504563,3.34,1,1,0,100,76
"3571",0,2,100,7.22349104245064,0.08,0,0,0,100,150
"3572",0,4,99,2.32925443453191,1.39,0,0,1,100,52.5
"3573",1,2,97,6.96126006849796,7.98,1,0,1,100,164.5
"3574",0,1,100,5.61606345199724,9.9,0,1,1,100,186
"3575",1,2,99,4.09050269777326,4.65,0,1,1,100,90
"3576",0,3,99,1.01481615194988,13.4,1,0,1,100,115
"3577",0,2,NA,3.22210594064725,0,1,1,0,NA,400
"3578",0,5,98,9.9080061384311,6.16,1,1,1,100,51.8
"3579",0,2,99,3.58280475278476,2.22,0,1,1,100,112.5
"3580",0,2,NA,6.1985822543863,0,1,0,0,100,94.5
"3581",0,4,93,6.95212571141647,7.92,1,0,1,100,77.5
"3582",0,2,94,1.59054990379934,8.58,0,1,0,100,92
"3583",1,8,98,3.22821039532006,18,1,1,0,NA,81.25
"3584",1,5,80,9.11077571812472,5.4,1,1,0,100,73.4
"3585",1,3,97,8.49728139495784,10.17,0,1,1,100,50
"3586",0,1,NA,7.86049482752526,0,0,1,0,NA,70
"3587",0,1,95,7.93943789210607,1.12,0,0,0,NA,110
"3588",1,12,94,9.6221615011458,4.56,1,1,0,100,62
"3589",0,2,70,0.816270978713033,14.1,0,0,0,100,95
"3590",1,6,98,3.69165552946123,3.1,1,1,1,100,145
"3591",0,4,99,2.23268085542562,6.24,1,1,1,100,82
"3592",0,5,100,5.59132347274362,1.16,1,1,1,100,110
"3593",0,4,96,3.74840591341972,14.7,1,1,0,100,70
"3594",0,3,97,6.63761529072817,8.7,1,0,1,100,85
"3595",0,3,70,6.03956410825771,4.8,1,0,0,100,70
"3596",0,1,100,6.18434926219219,2.1,1,1,0,NA,260
"3597",0,2,NA,2.36833278008422,0,0,1,0,83,35
"3598",1,4,NA,5.17895049388299,0,1,1,0,100,58.75
"3599",1,3,NA,8.68723094403206,0,1,0,0,100,71.6666666666667
"3600",1,6,NA,3.84196922844381,0,1,1,0,100,41.6666666666667
"3601",1,2,80,2.35012174878753,5.1,1,0,0,100,95
"3602",1,2,NA,2.42720848343105,0,1,1,0,100,95
"3603",1,4,100,6.26913042430986,2.7,1,1,1,100,136.25
"3604",0,2,100,4.17083622614963,2.55,1,1,1,100,212.5
"3605",0,2,80,2.52394624255873,8.1,1,1,0,100,88
"3606",0,2,60,2.73666543305455,1.8,1,1,0,100,87
"3607",1,6,NA,7.2529934484992,0,1,1,0,NA,66.6666666666667
"3608",1,2,73,4.53494118532641,0.13,0,1,0,100,299.5
"3609",1,2,NA,3.03268560482342,0,0,1,0,NA,112.5
"3610",0,2,NA,5.7307207207396,0,0,1,0,NA,80.5
"3611",1,2,80,6.86487073670927,11.4,1,0,0,100,102.5
"3612",0,2,93,1.39395918258475,6,1,0,0,100,81.5
"3613",1,4,95,8.66889304053883,11.44,1,0,0,100,61.25
"3614",0,11,98,7.88289995072173,3.4,1,1,1,100,83.1818181818182
"3615",0,6,98,5.53167524932493,1.64,0,1,1,100,58.3333333333333
"3616",0,4,87,5.22871617048424,2.26,1,0,0,100,80
"3617",0,2,100,0.683311535762597,2.4,0,0,0,100,130
"3618",0,2,94,7.34851060351339,2.64,1,1,0,100,127.5
"3619",1,4,100,6.87490533055511,1.3,1,1,0,100,80
"3620",1,4,100,5.32010383308866,18,1,1,1,100,87.5
"3621",0,8,100,6.46171314394099,0.6,1,1,0,NA,137.5
"3622",1,2,100,9.73764170047853,1.72,1,1,0,NA,112.5
"3623",1,7,100,5.24251037050139,3.3,1,1,1,100,78.5714285714286
"3624",0,2,100,5.44245577918814,2.38,1,1,0,NA,297
"3625",1,2,98,7.00122352464387,7.92,1,0,1,100,100
"3626",0,6,98,8.15890019946069,0.93,0,1,1,100,48.3333333333333
"3627",0,4,97,3.37365580666946,2.2,1,1,1,100,98.75
"3628",0,4,98,9.37853678881777,12.86,1,0,1,100,44.25
"3629",0,1,100,6.23872149628716,7.2,0,0,0,100,145
"3630",1,2,100,7.30578994783931,3,1,1,0,100,108.5
"3631",0,4,40,4.62068395540066,2.7,1,1,0,100,40
"3632",0,2,100,6.35283597381957,1.5,1,0,0,100,45
"3633",1,4,97,5.71237252059738,1.04,1,1,0,NA,115
"3634",0,6,98,1.5106255940153,2.88,1,1,0,100,115.666666666667
"3635",1,6,100,2.40598138494292,2.36,1,1,0,100,60.8333333333333
"3636",0,2,96,5.15759557658696,1.98,0,0,0,100,32.5
"3637",1,4,100,2.29165891605649,0.22,0,1,0,99,132.75
"3638",0,2,96,8.00396735320225,11.88,0,0,1,100,48.5
"3639",0,4,99,5.51056635741953,3.12,1,1,1,100,119.75
"3640",0,2,99,2.01865867004195,5.97,0,1,1,100,121
"3641",1,2,80,1.38394360291571,3.3,1,1,0,100,90
"3642",0,2,78,5.34803991340177,12.3,1,1,0,100,45
"3643",0,5,NA,3.95888539352305,0,1,1,0,100,28
"3644",1,4,100,5.25054234379322,4.95,1,1,1,100,156.25
"3645",0,4,99,5.74589924659678,10.05,1,1,1,100,116.25
"3646",0,7,100,0.965022820736299,25.8,1,1,0,NA,42.1428571428571
"3647",0,2,95,6.76358942935301,7.56,1,0,0,100,62.5
"3648",1,2,100,8.46341949739402,27,1,1,0,NA,125
"3649",0,2,100,3.64009523301321,3.9,1,1,1,96,140
"3650",0,2,95,4.59779583643077,18.84,0,0,1,100,50
"3651",0,6,95,9.30477560721701,25.5,1,1,0,100,32.5
"3652",0,2,95,5.51141948993736,6.6,1,0,1,100,122.5
"3653",1,4,88,3.77939863979351,9.6,1,1,0,83,22.5
"3654",0,4,60,0.806350883879716,1.8,0,0,0,100,62.5
"3655",1,2,96,8.87771179895501,8.79,1,0,1,100,122
"3656",1,1,100,4.44269011575737,4.06,0,0,0,100,150
"3657",0,8,NA,4.92543885782355,0,1,0,0,NA,85
"3658",1,8,NA,5.41415855131735,0,1,1,0,90,122.625
"3659",1,2,NA,1.47278473134579,0,1,0,0,100,105
"3660",0,2,NA,2.47040290823455,0,1,1,0,100,88
"3661",0,1,97,11.1639013530167,7.6,0,0,1,100,78
"3662",0,4,NA,6.66383582922695,0,1,0,0,100,26.25
"3663",0,2,97,9.65678667100677,11.12,0,1,1,100,119.5
"3664",0,2,99,9.14796124571531,10.04,0,1,1,100,54.5
"3665",1,2,99,5.01883296018304,4.92,0,1,1,100,65
"3666",1,4,99,3.11896907288762,1.72,1,1,0,100,57
"3667",1,6,NA,5.80480724590734,0,1,1,0,NA,88.8333333333333
"3668",1,5,NA,5.62786188532957,0,1,1,0,NA,120
"3669",1,10,NA,5.82826743582205,0,1,1,0,NA,111
"3670",0,2,98,4.0324139748816,5.84,0,0,1,100,67.5
"3671",1,2,92,3.38739443413378,3.64,0,1,0,100,78.5
"3672",0,6,97,6.86270771581103,9.56,1,1,1,100,85
"3673",0,2,80,0.983204026458607,9.3,0,0,0,100,42.5
"3674",1,10,93,7.44067873734382,4.63,1,1,0,100,47.5
"3675",0,1,100,10.8825959120368,2.1,0,1,0,100,159
"3676",0,2,100,5.80262491779368,7.25,0,1,1,100,70
"3677",0,2,NA,8.43399136198131,0,0,1,0,NA,141
"3678",0,2,NA,10.9787838472833,0,0,1,0,100,88.5
"3679",0,2,100,4.89125637581945,6.3,1,1,0,100,91
"3680",1,2,100,4.56063998313761,0.86,0,1,0,NA,167
"3681",0,4,98,5.89109980836047,7.5,0,1,1,100,92.5
"3682",0,16,100,3.81745664444682,3,1,1,0,100,134.0625
"3683",0,2,98,1.75973770747451,5.34,0,1,1,100,92.5
"3684",0,1,100,3.60238180838104,18.85,1,1,1,100,385
"3685",0,2,60,1.31901583727531,4.2,1,0,0,100,1525
"3686",1,4,100,10.4404812345303,3.1,1,1,1,100,53.75
"3687",0,1,100,4.03070243821517,1.38,0,1,0,100,144
"3688",1,2,100,3.48743920569101,0.48,0,1,0,100,157.5
"3689",0,2,NA,7.12738584294303,0,0,1,0,NA,135
"3690",0,2,85,6.81537191504394,7.8,0,1,0,100,67.5
"3691",1,3,NA,1.97275868072362,0,1,0,0,87,110
"3692",1,2,NA,1.74572080038303,0,1,1,0,94,253.5
"3693",0,2,95,8.53223508421362,5.93,0,1,0,100,50
"3694",0,3,92,10.4918316293042,8.97,1,1,0,100,39
"3695",1,3,100,6.47101488548833,1.56,1,1,0,100,140
"3696",0,6,100,6.78737331678433,1.5,1,1,0,100,58.3333333333333
"3697",0,2,100,2.65131731991772,5.7,1,1,0,100,92
"3698",0,2,98,8.66982629108573,24.6,0,1,0,100,119.5
"3699",0,2,97,8.19658845521434,2.32,0,0,0,100,67.5
"3700",1,2,100,6.65933356462707,7.5,0,0,1,100,77
"3701",0,4,90,4.89858539279229,3.3,1,1,0,100,26.25
"3702",0,4,100,4.0284704369053,24.3,1,0,0,NA,93.75
"3703",1,2,97,9.34181417193095,4.52,1,0,0,100,87.5
"3704",0,2,100,3.46458240007119,23.4,1,1,1,96,107.5
"3705",1,6,NA,1.33383648511717,0,1,1,0,100,133.333333333333
"3706",1,2,100,5.57002705909699,7.5,0,1,1,100,79
"3707",1,4,98,10.0345660728232,5.76,0,0,1,100,80
"3708",1,8,100,6.24699551606761,1.8,1,1,0,100,32.5
"3709",0,5,NA,4.77215822997995,0,1,1,0,100,23
"3710",0,2,100,2.56988479455206,6,1,1,0,100,91
"3711",1,4,93,5.89596272890694,4.8,1,1,0,100,104.75
"3712",0,2,70,2.6159083745851,6.6,1,1,0,100,88.5
"3713",0,2,93,6.82114359167273,5.4,0,1,0,100,63
"3714",1,7,96,7.41348122069945,2.13,1,1,1,100,177.142857142857
"3715",1,3,80,5.63012783454899,2.4,1,1,0,87,110
"3716",1,3,100,5.4330015281608,2.1,1,0,0,87,110
"3717",1,3,100,2.07213277515332,4.2,1,1,0,87,113.333333333333
"3718",0,6,93,3.11100119140602,2.44,0,1,0,100,76.1666666666667
"3719",1,6,NA,9.80691503391474,0,1,1,0,100,66.6666666666667
"3720",0,2,85,4.76823872852307,8.4,1,1,1,100,118.5
"3721",0,2,98,8.89873707614913,3.87,0,0,1,100,64.5
"3722",0,2,20,2.42558461305623,2.1,1,1,0,100,91.5
"3723",1,2,91,8.95340738983876,12,0,1,0,100,83
"3724",1,2,94,8.87157284636145,10.8,0,1,0,100,81.5
"3725",1,2,91,8.93730401966356,10.8,0,1,0,100,69
"3726",0,2,100,2.61317893725635,1.8,1,1,0,100,91
"3727",0,1,80,10.8783099496531,3,0,1,0,100,159
"3728",0,2,99,5.69300864807049,5.01,0,0,1,100,112.5
"3729",1,2,NA,2.57359426322676,0,1,1,0,NA,1005
"3730",0,2,98,8.96543527454267,17.01,1,1,1,100,65
"3731",0,2,87,0.753196438602931,5.1,0,0,0,100,104.5
"3732",0,2,100,0.863452500005063,4.8,0,0,0,100,90
"3733",1,2,100,3.98058090385605,5.1,1,1,0,98,105
"3734",1,6,80,5.69947792752664,0.57,1,1,0,NA,75
"3735",1,4,96,6.14055311633442,1.47,1,1,1,100,100
"3736",1,4,96,4.29123371673572,1.41,1,1,1,100,105
"3737",1,2,95,10.6222039788872,0.74,0,0,0,NA,60
"3738",0,6,99,5.53869401508299,5.34,1,1,1,100,108.166666666667
"3739",0,2,100,5.36073753092684,23.7,1,0,1,100,50
"3740",0,2,NA,2.57718466396127,0,1,1,0,100,91.5
"3741",0,2,100,2.29691605664474,1.14,0,0,1,100,149.5
"3742",0,4,100,3.34077867130082,8.1,1,0,0,100,83.5
"3743",1,1,100,4.15657731112664,3,0,0,1,100,205
"3744",0,2,100,2.3915936793723,1.5,1,1,0,100,44.5
"3745",0,3,NA,8.79810186779488,0,1,0,0,100,36
"3746",0,6,70,1.24478276958397,5.7,1,1,0,100,27.5
"3747",1,2,100,6.45883400761775,0.36,0,1,0,100,87.5
"3748",0,2,100,5.34082622578381,12.3,1,1,1,100,130
"3749",0,4,99,9.91608004860781,6.42,1,0,1,100,62.5
"3750",1,2,99,6.28832897250864,2.86,0,1,1,100,137.5
"3751",0,3,NA,6.01904884224947,0,1,0,0,100,70
"3752",1,1,65,3.49715645851705,5.4,0,0,0,100,75
"3753",0,2,100,4.76731434295036,3.46,0,1,1,100,102.5
"3754",0,4,99,2.80656048039526,23.1,1,1,0,100,117.5
"3755",0,2,86,6.22794984541562,13.64,0,1,0,100,52.5
"3756",0,2,90,5.93984650076058,5.7,1,1,0,100,62.5
"3757",1,2,NA,6.64417140244806,0,0,1,1,100,48
"3758",1,2,99,5.18597974117568,2.34,0,1,1,NA,120
"3759",0,2,93,4.29530040665174,4.5,0,1,0,100,115
"3760",1,8,100,7.03950138924457,2.24,1,1,0,NA,89.375
"3761",1,2,100,3.97830903765438,6.3,1,1,0,98,105
"3762",0,8,100,5.80235415566641,0.65,1,1,0,NA,118.75
"3763",1,4,100,1.67593564351399,30,1,1,0,90,135
"3764",0,2,100,4.66319615104644,1.5,1,1,0,100,90.5
"3765",0,2,100,4.65797361573099,1.5,1,1,0,100,91
"3766",0,4,95,4.11033314290919,1.98,1,1,0,100,95
"3767",1,4,93,4.2389780950926,4.2,1,0,0,100,90
"3768",1,4,100,5.26655445815307,3.66,1,1,1,NA,62.5
"3769",0,2,98,4.68892225883648,12.9,1,1,1,100,120
"3770",0,2,100,4.69074534228105,0.72,0,0,1,100,75
"3771",0,2,98,8.93975604684391,9.52,0,1,1,100,54.5
"3772",0,2,91,6.74117927101771,11.7,0,1,0,100,65.5
"3773",0,7,100,6.55416364244418,2.64,1,1,0,100,120.714285714286
"3774",0,9,100,7.8914359003749,0.4,1,1,0,NA,88.8888888888889
"3775",0,4,100,7.42945977264574,1.8,1,1,0,NA,75
"3776",1,6,98,3.48298780700166,1.82,1,1,1,100,166.666666666667
"3777",0,2,88,7.29037563556251,7.2,0,1,0,100,57
"3778",0,1,100,5.6074873316534,2.78,0,1,1,100,115
"3779",0,2,80,2.73622130043785,7.8,1,1,0,100,85.5
"3780",0,2,93,4.98230827420303,2.63,0,1,0,100,75
"3781",1,4,100,6.06053211224014,0.69,1,1,0,90,100
"3782",1,4,93,3.24625788488093,0.99,0,0,1,100,42.25
"3783",0,2,80,5.93775768319084,11.1,1,0,0,100,93
"3784",0,2,97,11.0804939613426,7.57,0,0,1,100,55
"3785",0,3,99,5.85193350368186,9.39,1,0,1,100,76.3333333333333
"3786",1,3,98,3.36771828087372,4.43,0,1,0,100,87.3333333333333
"3787",1,8,100,5.56727790618308,0.28,1,1,1,100,163
"3788",1,2,97,5.5832655254811,1.99,0,1,1,100,182.5
"3789",1,2,97,6.56295179309915,7.34,1,0,1,100,127.5
"3790",0,3,96,6.18833521074343,20.4,1,1,1,100,101.666666666667
"3791",0,1,98,11.3590949229487,10.2,0,0,1,100,97
"3792",1,2,98,5.4161002104938,2.18,0,1,1,100,170
"3793",1,2,NA,2.07544562135352,0,1,0,0,87,130
"3794",0,2,96,8.26214232478428,8.31,0,0,1,96,50.5
"3795",0,2,99,6.66812522433573,3.04,0,0,1,100,78.5
"3796",1,2,99,4.92489289670086,10.3,1,1,1,100,130
"3797",0,1,100,6.90630463906515,1.8,0,1,0,NA,165
"3798",0,6,95,2.33453026376005,2.75,1,1,1,100,98.1666666666667
"3799",0,6,100,2.31843469368029,0.76,1,1,0,NA,166.666666666667
"3800",1,2,92,11.5822814119375,3.53,0,0,0,100,45
"3801",1,3,98,6.02014706850772,11.95,0,1,1,100,43.6666666666667
"3802",1,6,100,7.47192533431081,1.66,1,1,1,100,65.8333333333333
"3803",0,3,80,2.584410277575,1.5,1,1,0,100,34
"3804",0,1,97,6.99612246316917,7.22,0,0,1,100,214
"3805",0,2,NA,6.93272687585502,0,0,1,0,NA,50
"3806",0,1,100,6.97824590895831,5.7,0,0,1,NA,216
"3807",1,3,95,8.72618498854785,12.3,1,1,1,100,96.6666666666667
"3808",1,2,96,8.88613839685175,19.98,1,1,1,100,82.5
"3809",0,2,100,6.74069231068269,9.6,1,1,0,100,75
"3810",0,5,NA,4.91737906876686,0,1,1,0,NA,60
"3811",1,2,98,5.44155577729559,2.28,0,1,1,100,127.5
"3812",0,2,100,6.06679285285354,8.99,0,1,0,100,58
"3813",1,2,100,4.03785175548266,12.3,1,1,0,98,55
"3814",1,2,99,9.33010240021663,2.48,0,0,1,100,62.5
"3815",1,4,98,4.5749868202802,2.34,0,1,1,100,137.5
"3816",1,6,100,7.98985347768671,0.87,1,0,0,100,100
"3817",0,2,97,11.0738720268766,6.5,0,0,1,100,57
"3818",0,2,95,6.43178453672842,9.21,0,1,1,100,95
"3819",1,1,100,5.63614466214673,4.88,0,1,1,100,166
"3820",1,2,89,4.42425414278836,5.95,0,1,0,100,67
"3821",0,2,80,2.5370086342521,0.19,0,0,0,78,52
"3822",0,5,90,5.82940907654532,5.7,1,1,0,100,61.2
"3823",1,4,99,5.00042838563136,3.85,1,1,1,100,58.5
"3824",0,2,86,10.8813734694848,19.8,0,0,0,100,74
"3825",0,2,98,10.9296530319818,26.7,0,0,0,100,70
"3826",0,3,97,10.8134070250449,8.7,0,1,0,100,57.6666666666667
"3827",0,2,60,2.61080925844365,2.1,1,1,0,100,90.5
"3828",1,2,99,1.12775168866755,7.2,0,1,1,93,79.5
"3829",0,2,90,2.59056290822179,4.2,1,1,0,100,88.5
"3830",1,2,100,5.96765605229983,6,1,1,0,NA,107.5
"3831",1,2,99,7.18667331753833,2.28,0,1,1,NA,85
"3832",1,1,100,8.39164898368927,9.3,0,1,1,100,108
"3833",1,2,97,6.12261808415499,6.62,0,0,1,96,65
"3834",1,2,98,6.18746657852292,3.58,0,0,1,96,69
"3835",0,5,97,5.63559565071003,9.9,1,1,1,100,69
"3836",0,2,99,5.65670449605266,13.83,1,0,1,90,147.5
"3837",0,8,100,6.05139306245446,1,1,1,0,50,231.25
"3838",1,2,100,2.04277265499011,11.1,1,1,1,100,170
"3839",0,2,97,6.62350136733177,4.36,0,0,1,100,67
"3840",1,2,94,9.34171734210341,7.46,1,0,1,100,130
"3841",0,4,NA,5.07198292080429,0,1,1,0,100,97.5
"3842",0,2,100,8.30354197901118,1.04,1,1,0,100,245
"3843",0,5,100,4.69378172046152,3,1,1,0,0,85
"3844",1,1,96,4.09990067501738,12.6,0,0,1,100,205
"3845",1,2,100,8.82174619692626,13.33,1,1,1,100,110
"3846",0,4,NA,4.95718350868941,4.8,1,1,0,100,21.75
"3847",0,2,100,5.51775522689973,8.78,0,1,1,100,105
"3848",0,5,100,5.30098392470798,2.17,1,1,0,89,105
"3849",1,2,88,7.24658690830201,0.48,0,1,0,100,70
"3850",1,1,NA,8.88395698914485,0,0,1,1,86,65
"3851",0,4,90,8.19715966148141,0.75,1,0,0,89,156.25
"3852",0,1,100,1.37736869982038,3.9,0,1,1,NA,67
"3853",0,4,94,5.65819855014252,7.52,0,0,1,100,60
"3854",1,3,100,4.3120831823299,0.3,1,1,1,100,158.333333333333
"3855",0,4,NA,7.51977547433574,5.4,1,1,0,100,140
"3856",0,5,100,8.81351666040692,0.78,1,1,0,NA,47
"3857",0,1,98,5.49216983564349,30,0,0,1,100,195
"3858",1,4,96,5.2261841177942,4.53,0,0,1,100,83.75
"3859",0,2,100,4.07522947399297,3.6,0,1,0,100,80
"3860",0,2,94,5.43136545237182,10.8,1,0,0,67,88.5
"3861",1,2,NA,4.20911006691659,0,1,1,0,90,192
"3862",0,5,NA,5.97672745569135,0,1,0,0,100,48.4
"3863",0,2,NA,2.51636201119245,0,1,1,0,100,90.5
"3864",1,6,86,9.44720690145305,1.64,0,1,0,100,29
"3865",1,4,94,9.24081326679683,2.2,0,1,0,100,34.75
"3866",1,4,96,9.42357462641937,1.42,0,1,0,100,33.5
"3867",0,2,98,5.53772959925702,8.42,0,0,1,100,87.5
"3868",0,2,98,6.93695843323998,9.38,0,0,1,100,124.5
"3869",1,2,97,4.27868375207101,1.51,0,1,0,NA,172
"3870",0,2,100,4.83005515676089,5.4,1,1,0,100,91
"3871",0,3,70,5.62163066833089,6,1,0,0,100,35
"3872",1,2,100,10.9316483274366,10.5,0,1,1,100,69.5
"3873",0,4,99,4.47372227518641,11.02,1,1,1,100,83.75
"3874",1,3,99,7.41878014173352,11.8,1,0,1,100,65
"3875",0,3,100,5.63086993163107,0.3,1,1,0,NA,168.333333333333
"3876",0,2,NA,2.71259129532866,0,1,1,0,100,86
"3877",1,5,98,5.34245964688379,3.18,1,0,1,100,155
"3878",1,3,93,11.5889022799796,5.63,0,0,0,100,38.3333333333333
"3879",1,5,94,3.57175436170598,2.46,0,0,0,86,58
"3880",1,4,94,3.73621365357615,4.06,0,1,1,94,62.5
"3881",1,4,90,11.8516344479251,5.27,0,1,0,100,38.75
"3882",1,2,NA,3.35694338445406,0,1,1,0,90,219.5
"3883",0,1,99,6.21621729459907,8.76,0,0,1,100,75
"3884",0,6,NA,4.6706304808486,1.5,1,1,0,100,95.8333333333333
"3885",0,2,NA,5.98928905466898,0,1,0,0,100,94.5
"3886",0,2,100,7.96905004926222,1.48,1,1,0,100,250
"3887",1,2,100,0.998720059091735,1.8,0,0,0,43,50
"3888",0,4,98,9.59248630676374,1.91,0,1,1,100,72
"3889",1,2,98,5.50187465168488,10.02,0,0,1,100,77.5
"3890",1,4,99,2.40696709705886,2.36,0,0,1,100,49.75
"3891",1,4,100,3.64302707263914,4.2,0,1,0,NA,112
"3892",1,6,100,6.96421223293935,1.64,1,1,0,100,75
"3893",1,4,98,2.34179087515963,1.2,0,0,1,100,49.75
"3894",1,4,98,2.41552577332036,0.77,0,0,1,100,49.75
"3895",1,4,98,3.22161957340979,0.57,0,0,1,100,44.75
"3896",0,2,99,7.05845401661341,7.86,1,0,1,100,152.5
"3897",1,4,97,2.40178853381584,1.44,0,0,1,100,49.75
"3898",1,2,95,3.19899898186272,0.97,0,0,1,100,84.5
"3899",0,6,NA,3.26992711023737,0,1,1,0,100,103.166666666667
"3900",1,4,84,9.26383184957808,7.14,1,1,0,91,47.5
"3901",1,4,98,2.24823121483256,0.81,0,0,1,100,44.25
"3902",0,6,98,8.39946277620783,1.02,1,1,1,100,113.833333333333
"3903",1,2,90,7.89847069661116,27.3,1,0,0,100,137
"3904",0,3,100,5.98659012489423,1.3,1,0,0,NA,150
"3905",0,2,95,9.65027243602957,2.34,0,1,1,100,106.5
"3906",1,4,98,1.14147835964001,8.18,0,1,1,93,67.5
"3907",0,6,100,5.14858935296906,5.32,1,1,1,100,99.1666666666667
"3908",0,1,NA,7.77907944273212,0,1,0,0,NA,175
"3909",0,4,98,9.71664201067059,2.38,0,1,1,100,59.5
"3910",1,1,97,3.48930635376689,2.82,0,1,1,100,203
"3911",1,4,100,2.26837114449994,0.98,0,0,1,100,49.75
"3912",0,2,100,9.82250807348602,5.4,1,0,0,100,57.5
"3913",0,4,98,6.62065260715845,6.58,1,1,1,100,224.75
"3914",1,2,100,4.44281760881239,2.48,1,0,0,33,150
"3915",0,2,97,3.5261967245257,0.97,0,0,1,100,454.5
"3916",0,2,NA,2.26513362255778,0,0,0,0,92,95
"3917",0,2,100,3.46965240379455,0.68,0,0,1,100,454.5
"3918",0,3,100,5.79625342915418,1.8,1,1,0,100,42.3333333333333
"3919",0,3,80,5.96515097751415,11.7,1,1,0,100,30
"3920",0,2,100,9.6262649164892,28.2,1,0,0,100,69
"3921",0,2,100,8.74041704184871,7.5,0,0,0,100,61
"3922",1,7,NA,8.19130788750097,0,1,1,0,100,57.1428571428571
"3923",1,4,100,3.89269489920586,0.69,1,0,1,100,182.5
"3924",0,9,100,1.65880445321561,0.87,1,1,1,100,266.666666666667
"3925",1,2,99,6.86446296650043,12.16,0,1,1,100,55
"3926",1,1,97,8.80303245841463,10.2,0,0,1,100,95
"3927",0,2,94,6.73545938538112,3.94,0,0,0,100,45
"3928",1,4,99,2.23462133508803,1.14,0,0,1,100,56.25
"3929",0,2,80,2.45389562215606,7.8,1,1,0,100,87.5
"3930",0,1,NA,9.06071539050819,0,1,1,0,NA,175
"3931",1,2,100,5.59684826422515,7.8,1,1,0,90,225
"3932",1,2,100,3.1800876241092,0.32,0,0,1,100,99.5
"3933",0,4,99,8.15014120785129,1.47,1,1,1,100,120
"3934",0,2,99,8.05333466985648,4.63,1,1,1,100,119.5
"3935",1,4,94,6.77581356359335,3.18,1,1,0,100,91.25
"3936",0,4,100,9.70257240409615,5.4,1,1,1,100,25
"3937",0,3,99,4.14843485544294,4.19,1,1,1,100,116.666666666667
"3938",0,6,100,5.67980186558272,0.89,1,1,0,NA,124.833333333333
"3939",1,1,98,9.24254126083917,3.78,0,0,1,95,68
"3940",1,2,99,8.25227259485282,4.08,1,0,1,100,100
"3941",0,2,100,3.49046698289791,11.7,1,1,0,NA,200
"3942",1,4,97,3.1543469187667,1.06,0,0,1,100,42.75
"3943",1,4,88,1.73671181814959,2.1,0,0,0,83,112.5
"3944",0,2,91,8.55234233337578,26.4,0,1,0,100,94.5
"3945",1,6,95,9.64934160529302,3.8,1,0,1,100,68.1666666666667
"3946",0,2,97,9.97897802403181,7.14,1,0,1,100,80
"3947",0,2,99,8.59618264805131,8.24,1,1,1,100,107.5
"3948",0,6,100,7.30830043568447,1.46,1,1,0,100,98.3333333333333
"3949",0,3,95,5.95941350780141,5.88,1,0,1,100,90
"3950",0,2,90,4.68861468460056,4.5,1,1,0,100,43
"3951",0,2,100,2.70202462874176,7.8,1,1,0,100,87
"3952",0,2,100,9.25417787959909,3.76,1,1,1,100,150
"3953",0,1,100,10.9023731995874,4.2,0,1,0,100,140
"3954",0,2,98,4.83019816534581,14.94,1,0,1,100,102.5
"3955",1,6,100,8.35553676306289,2.4,1,1,1,83,85.8333333333333
"3956",1,2,100,1.40769594124482,2.4,1,1,1,83,177.5
"3957",1,2,NA,3.30255154169259,0,1,1,1,83,224.5
"3958",1,2,NA,1.02344322344564,0,1,1,1,83,173.5
"3959",1,1,NA,0.870173784892107,0,1,0,1,83,346
"3960",0,2,60,2.74731607752183,5.1,1,1,0,100,87.5
"3961",0,4,100,3.74581909618091,2.16,1,1,1,100,137.5
"3962",1,5,99,11.7246846011393,7.67,1,0,1,100,51.8
"3963",1,7,98,2.24300878224524,1.4,1,1,0,80,178.571428571429
"3964",0,2,88,5.55704623339082,14.4,0,1,0,NA,303.5
"3965",0,2,89,5.50867254121116,12,0,1,0,NA,225.5
"3966",1,4,96,4.85932865431845,4.56,0,0,1,100,117.5
"3967",0,2,98,9.78547996987196,9.46,1,0,1,100,71.5
"3968",0,2,100,5.99253643510468,0.78,1,0,0,100,149.5
"3969",1,3,91,7.22316712787553,3.78,0,1,0,100,30
"3970",0,6,89,2.12020458089486,4.94,1,0,0,88,60.6666666666667
"3971",0,1,99,3.64914180697935,20.28,0,1,1,100,170
"3972",1,3,NA,4.36640355585687,0,1,1,0,100,96.3333333333333
"3973",0,3,97,5.12980563183529,10.2,1,0,0,100,30
"3974",1,2,99,7.08526744222978,8,0,0,1,100,70
"3975",1,3,NA,4.46595189687898,0,1,1,0,100,96.3333333333333
"3976",1,3,NA,10.979808714079,0,0,0,0,NA,66.6666666666667
"3977",0,3,97,1.54330581794271,1.88,0,1,0,100,185
"3978",0,5,97,8.72266760861234,9.82,1,1,1,100,63.8
"3979",1,3,100,5.12051544371994,9.28,1,1,0,100,150
"3980",1,2,97,4.3964551798425,0.36,1,1,1,100,160
"3981",0,4,98,5.81645217718129,2.48,1,0,1,100,136.25
"3982",1,8,100,5.37018627083404,1.8,1,1,0,83,60
"3983",0,4,98,4.31465390362591,6.57,1,1,1,100,131.25
"3984",0,3,98,4.47332356968927,2.76,1,1,1,100,135
"3985",0,2,98,4.39683250184106,3.42,1,0,1,100,138.5
"3986",0,3,97,10.8496552563861,9,0,0,0,100,57.6666666666667
"3987",0,2,NA,5.78436827541503,0,1,0,0,100,45
"3988",0,2,98,6.95879624361515,3.98,1,0,1,100,117.5
"3989",0,6,98,5.83900227247213,2.72,1,1,1,86,219.166666666667
"3990",1,2,100,3.27180899608641,3.88,1,0,1,100,233.5
"3991",0,8,100,6.11429129347622,1,1,1,0,NA,85
"3992",1,4,100,3.78887173710414,0.25,1,1,0,NA,87.5
"3993",1,1,99,9.22277473238555,5.32,0,0,1,95,58
"3994",1,3,100,10.4947173830613,12.96,1,0,1,100,86.3333333333333
"3995",1,2,100,5.97178703107037,1.8,1,1,0,80,50
"3996",1,6,100,6.388825570084,1.34,1,1,1,100,91.6666666666667
"3997",1,2,100,6.30443860497243,0.9,0,0,1,100,75
"3998",1,1,100,6.40189950280246,0.15,0,1,1,100,120
"3999",0,4,97,9.08065648154845,0.66,1,1,0,NA,92.5
"4000",0,6,96,10.2065227736117,0.81,1,1,0,NA,91.6666666666667
"4001",1,5,100,1.82286391603468,28.2,1,1,0,100,130
"4002",0,3,60,5.56983182488297,1.8,1,0,0,100,35.6666666666667
"4003",1,5,NA,6.08171800066911,1.8,1,1,0,50,61.8
"4004",0,3,100,4.57336514601181,6.84,0,0,1,100,93.3333333333333
"4005",0,4,100,3.61703215178821,2.48,1,1,1,100,142.5
"4006",1,8,100,1.36138268368906,3.9,1,1,0,100,58.75
"4007",1,1,NA,10.1828463808596,0,0,1,1,NA,50
"4008",0,4,100,2.78840691049151,5.4,1,1,0,100,191.25
"4009",1,2,NA,6.74102694702226,6.82,1,0,0,NA,65
"4010",1,2,NA,4.63450364597144,0,1,1,0,100,275
"4011",1,6,97,6.89541953001317,1.92,1,1,0,NA,100
"4012",1,2,NA,2.28903893937005,0,0,1,0,80,125
"4013",1,8,80,7.01015206262699,10.8,1,1,0,NA,55
"4014",1,3,NA,0.750072895516854,0,1,0,0,87,124.666666666667
"4015",0,6,99,4.37369648527217,4.63,0,1,1,100,61.6666666666667
"4016",0,2,96,3.63305783232902,1.16,0,1,1,NA,119.5
"4017",0,2,80,2.62505254987316,2.7,1,1,0,100,86
"4018",1,4,98,2.30125676190139,1.38,1,0,1,90,66.25
"4019",1,3,NA,3.52188581770558,0,1,1,0,100,111.666666666667
"4020",0,2,98,3.64753037563347,2.1,0,1,1,NA,169.5
"4021",0,2,100,3.75927452502782,1.92,0,1,1,NA,119.5
"4022",0,5,99,9.79846769642545,4.29,1,1,1,100,85.8
"4023",0,5,100,4.40056654313347,3.6,1,1,1,100,80
"4024",1,2,100,5.58621677371347,7.2,1,1,0,NA,250
"4025",0,10,98,8.40587988217429,9.57,1,1,1,100,69.5
"4026",0,3,NA,4.60004587187691,0,1,1,0,99,134.666666666667
"4027",0,3,NA,4.40275828801264,0,1,1,0,99,88
"4028",1,2,100,1.0786671120935,3.3,1,1,1,100,177.5
"4029",0,7,93,1.89471817088332,10.2,1,1,0,100,57.8571428571429
"4030",0,3,97,10.1864301087974,4.65,1,1,0,100,112.666666666667
"4031",0,3,NA,4.4805581976339,0,1,1,0,99,84.6666666666667
"4032",0,4,100,9.52389827756813,3.3,1,0,0,100,44.5
"4033",0,2,NA,2.15589186635824,1.5,1,1,0,NA,70
"4034",0,2,95,2.07692348521718,2.66,1,1,1,100,85.5
"4035",1,2,99,8.59381123703286,8.94,0,1,1,100,82.5
"4036",0,4,NA,2.23328603268108,0,0,1,1,100,47.75
"4037",1,2,97,4.4964381853113,10.38,1,0,1,100,117.5
"4038",1,2,98,8.91423319381763,1.48,0,0,1,NA,70
"4039",1,2,85,9.63128302486208,0.21,0,1,1,100,92
"4040",0,4,100,3.20729188897713,1.8,1,1,0,99,83.5
"4041",0,1,87,8.24199937130306,9.6,1,1,0,86,160
"4042",0,1,96,5.0517104851605,2.13,0,0,0,100,65
"4043",0,1,96,5.05282013567679,2.82,0,0,0,100,65
"4044",0,1,94,5.17093873963145,2.66,0,0,0,100,65
"4045",0,1,95,5.09493074058606,2.93,0,0,0,100,65
"4046",0,1,80,2.97584034262768,2.1,0,0,0,100,155
"4047",0,3,NA,3.40800067535356,0,1,1,0,88,124.666666666667
"4048",0,5,NA,3.45661824039957,0,1,1,0,99,58.8
"4049",1,2,100,5.66289074733427,4.29,0,1,1,100,100
"4050",1,5,100,11.8180169759644,0.21,1,0,1,100,207
"4051",0,5,98,4.35917911716004,2.04,1,1,1,100,178
"4052",0,2,100,2.4439742118125,1.8,1,1,0,100,92
"4053",0,5,100,10.4317669772793,0.4,1,1,0,100,88
"4054",0,8,90,10.4268694202965,0.78,1,1,0,100,72.5
"4055",0,2,100,10.8884416420839,5.1,0,0,0,100,76.5
"4056",0,5,NA,0.993450593888766,0,1,1,0,100,80
"4057",0,5,94,11.2548100244432,29.4,1,0,0,100,65
"4058",0,2,100,1.91328384444134,9.9,1,1,0,100,300
"4059",0,2,98,8.71606621874262,12.3,0,1,0,100,102.5
"4060",1,2,NA,1.86613294042931,0,1,1,0,90,209
"4061",1,4,98,2.38175369420326,1.57,0,0,1,100,49.75
"4062",1,6,97,1.51095948391047,9.38,1,1,1,100,67.3333333333333
"4063",0,6,95,4.57828145525554,3.76,1,1,1,100,83.3333333333333
"4064",1,4,NA,2.23466077886113,0,0,1,0,80,81.25
"4065",1,4,NA,2.21165150399496,0,0,1,0,80,81.25
"4066",0,2,87,11.458714517317,4.16,0,1,0,100,25
"4067",0,8,98,6.78730741133198,5.76,1,0,1,100,96
"4068",1,2,97,4.09334320721732,7.16,0,1,1,100,109.5
"4069",1,2,93,9.31447939698319,2.34,0,0,0,91,62
"4070",1,6,95,1.27102110540976,21.9,1,1,0,100,108.333333333333
"4071",1,2,NA,3.69559071220458,1.86,0,1,0,NA,52
"4072",1,5,99,5.42259100344684,4.3,0,1,1,100,62
"4073",1,1,100,3.64219952265528,3.6,0,1,1,89,180
"4074",1,14,98,3.68008754302617,1.26,1,1,1,94,119.642857142857
"4075",1,6,100,6.85232498266739,2.64,1,1,0,NA,66.6666666666667
"4076",1,2,100,8.69908594030025,10.2,1,1,1,100,130
"4077",0,2,100,2.37573956281666,3.6,1,1,0,100,67.5
"4078",1,5,NA,4.19518983057149,0,1,1,0,NA,119.8
"4079",1,3,97,7.60050819841142,6.51,0,1,1,100,50
"4080",0,3,100,6.03460061379308,1.8,1,0,0,100,66.6666666666667
"4081",1,4,95,6.3387844750156,2.25,1,1,1,100,146
"4082",1,1,NA,4.84390672182286,0,0,1,0,60,50
"4083",0,4,98,5.26740211717429,8.9,1,1,1,100,95
"4084",1,3,99,7.57279117069451,7.67,0,1,1,100,50
"4085",0,2,87,2.65372538792072,4.8,1,1,0,100,91.5
"4086",1,2,100,2.99149029441619,7.5,1,1,1,NA,125
"4087",0,2,96,8.14272394067486,9.32,0,0,1,96,49.5
"4088",1,5,99,7.37890015492392,7.13,0,1,1,100,42
"4089",0,2,NA,5.07114359417094,0,1,1,1,96,126
"4090",0,2,97,4.25793389683617,4.26,0,1,0,100,132
"4091",0,1,99,3.82945763331712,4.62,0,1,1,100,200
"4092",1,8,98,7.37461880800981,8.46,1,1,1,100,100
"4093",1,6,100,3.78534043941966,0.42,1,1,1,94,99.1666666666667
"4094",1,2,91,11.0744401459291,0.45,0,0,0,NA,45
"4095",0,2,89,8.99793713020453,6.41,0,0,0,90,67.5
"4096",0,2,98,6.79537652211379,1.02,0,1,0,100,154.5
"4097",1,1,100,8.75405291512633,1.82,0,1,0,100,280
"4098",1,6,100,3.75663464520742,1.14,1,1,0,100,131.666666666667
"4099",0,4,99,5.72518868785555,13.06,1,0,1,100,105
"4100",0,6,100,6.8614056293488,2.07,1,1,1,100,84
"4101",0,5,100,4.29232365661741,1.98,0,1,1,100,123.8
"4102",1,4,99,5.74185317890782,1.68,1,1,1,100,135
"4103",0,4,100,7.5423191654875,3.93,1,1,1,100,106.25
"4104",1,4,80,6.36034224080481,0.12,1,1,1,100,220
"4105",0,3,100,4.25168600279112,0.62,1,1,1,100,106.666666666667
"4106",1,5,100,0.85907796322099,2.4,1,1,0,87,101.2
"4107",0,2,96,9.49534819096696,8.22,0,0,1,100,44.5
"4108",0,4,97,11.1642852932088,3.7,1,0,0,100,50
"4109",1,2,100,4.58365831530052,0.9,0,0,1,NA,100
"4110",0,6,100,3.86798151632536,22.8,1,1,1,100,176.666666666667
"4111",1,3,NA,2.06266348919279,0,1,0,0,87,113.333333333333
"4112",1,3,NA,2.00399905225762,0,1,0,0,87,113.333333333333
"4113",1,2,98,3.97039235875284,2.52,1,1,0,NA,172.5
"4114",0,2,NA,2.67179565661061,0,1,1,0,100,89.5
"4115",0,2,90,2.72099622925999,3.3,1,1,0,100,87.5
"4116",0,6,NA,8.20780807095866,0,1,1,0,100,69.8333333333333
"4117",1,6,100,0.480280903177674,0.84,1,1,0,100,185.833333333333
"4118",1,2,99,5.25665102503116,3.32,0,1,0,100,80
"4119",0,2,NA,2.76458346941179,0,1,1,0,100,87
"4120",0,2,100,2.56203068070677,8.1,1,1,0,100,86.5
"4121",1,6,100,8.66547906120018,1.29,1,1,1,100,76.6666666666667
"4122",0,2,20,4.65278798714649,3,1,1,0,100,90
"4123",0,2,60,2.57871291310044,2.1,1,1,0,100,87.5
"4124",0,2,80,2.7270046871471,1.8,1,1,0,100,86.5
"4125",0,1,99,10.1949604629268,2.95,0,1,0,100,190
"4126",0,6,96,10.2229290340751,2.81,1,1,0,100,66.6666666666667
"4127",0,2,96,10.2645854406941,2.85,0,1,0,100,105
"4128",0,2,80,1.91703450879476,8.4,1,1,1,96,133
"4129",0,2,97,6.91599415627321,7.44,0,0,1,100,127
"4130",0,4,95,6.57382466824252,0.72,1,1,0,NA,94.75
"4131",0,6,100,0.789705454005242,0.72,1,1,0,100,232.5
"4132",0,4,87,5.87134981381866,1.04,1,0,0,100,106.25
"4133",0,2,100,6.04311730620649,5.7,1,0,0,100,95
"4134",0,6,97,6.99595607128999,0.81,0,1,0,100,86.6666666666667
"4135",0,4,70,7.20384153608865,3.9,0,0,0,100,38.5
"4136",1,2,90,4.25439703218746,4.46,0,1,0,100,132.5
"4137",1,7,100,2.90888649749357,2.1,1,1,0,100,38.1428571428571
"4138",1,2,97,7.56544548086377,4.46,0,0,0,100,60
"4139",0,2,92,10.1877100377971,9.52,1,0,0,80,52
"4140",0,3,100,5.50379247043498,7.2,1,0,1,100,125.666666666667
"4141",0,3,98,6.66304362311131,18.2,1,1,1,100,83.3333333333333
"4142",0,3,NA,8.14441263291797,0,1,1,0,NA,163.333333333333
"4143",1,4,100,4.28402179438918,4.2,1,1,1,100,99.5
"4144",0,2,NA,2.68302651002618,0,1,1,0,100,85
"4145",0,1,100,5.80556470346492,0.37,0,1,0,NA,210
"4146",1,4,100,2.26064886325905,0.18,0,1,0,80,75
"4147",1,2,100,2.29765291252054,0.22,0,1,0,80,150
"4148",0,2,95,10.0484185811497,5.11,0,0,1,100,59.5
"4149",0,3,NA,6.1046330229494,0,0,1,0,0,76.3333333333333
"4150",0,2,100,9.87092527464261,2.49,0,1,0,100,40
"4151",0,4,94,5.89284388609085,9.5,1,0,0,100,118.5
"4152",0,2,60,2.72809635520293,4.5,1,1,0,100,87
"4153",1,4,100,2.21966571647357,0.18,0,1,0,80,81.25
"4154",0,7,NA,1.75822430796869,4.2,1,1,0,100,57.8571428571429
"4155",0,4,93,1.946594977386,6,1,0,0,100,67
"4156",0,6,NA,8.21401198676192,0,1,1,0,NA,60
"4157",1,8,98,11.0556213418008,10.38,1,1,1,100,51.25
"4158",1,5,100,7.56748916360037,1.14,1,0,0,100,61.2
"4159",1,4,100,5.05072560092789,1.36,1,1,0,NA,99.75
"4160",1,7,100,6.26758770450118,4.8,1,1,1,100,102.857142857143
"4161",0,2,100,3.91632714142098,6.6,1,1,1,100,237.5
"4162",1,4,100,6.26327046311064,9.3,1,1,1,100,93.75
"4163",0,1,100,10.6506260607613,5.4,0,1,0,100,100
"4164",1,3,NA,2.06523568455779,0,1,1,0,87,113.333333333333
"4165",0,4,100,3.28389369553664,7.5,1,0,1,100,87.5
"4166",1,4,99,3.38523783680529,3.36,1,1,1,100,112.5
"4167",1,2,100,4.2409987481409,7.8,1,0,1,100,87.5
"4168",1,6,NA,1.43385078325292,0,1,1,0,100,166.666666666667
"4169",1,1,90,2.69826473249461,3.6,0,0,0,NA,80
"4170",1,2,99,10.3131488490492,14.56,1,1,1,100,74
"4171",1,2,NA,2.96809590093546,0,0,1,0,NA,99
"4172",0,2,99,9.59396143657865,8.12,0,0,1,100,44.5
"4173",0,4,94,9.51764159008923,5.6,0,0,1,100,24.75
"4174",0,6,100,9.143283026881,1.22,1,1,0,NA,50
"4175",0,2,96,7.27266182863724,3.87,0,0,1,100,95
"4176",0,2,96,7.35936193653693,3.91,0,0,1,100,75
"4177",0,3,93,7.29911149010821,6.64,0,0,1,100,75
"4178",0,3,93,11.2219532486195,3.69,0,0,0,100,28.3333333333333
"4179",0,3,93,11.1764824714887,3.55,0,0,0,100,38.3333333333333
"4180",0,2,93,0.708039209369079,5.4,1,0,0,97,167.5
"4181",1,1,84,9.04106311476728,1.66,0,0,0,100,99
"4182",1,4,98,5.10636498642131,6.3,1,1,1,100,111
"4183",1,4,98,5.61243271929667,2.4,1,1,0,0,136.25
"4184",1,5,98,8.21601470818175,3.18,1,1,1,100,110
"4185",0,1,100,3.23369894265404,9.6,0,1,1,100,115
"4186",0,2,89,9.10731985955182,6.68,0,0,0,90,64.5
"4187",1,1,100,1.50689391424933,2.4,0,1,1,90,80
"4188",0,2,80,5.92059320884632,9.3,1,0,0,100,46
"4189",0,2,95,7.32004030068157,1.95,0,0,1,100,66.5
"4190",0,4,95,3.50700758424821,1.86,1,1,1,100,211
"4191",0,2,85,9.13499558916925,6.69,0,0,0,90,61
"4192",0,5,97,3.48369905210192,7.24,1,1,1,100,54
"4193",1,4,93,3.58259988804207,4.24,0,1,1,94,81
"4194",1,6,93,4.79624856828416,0.36,1,1,0,NA,133.333333333333
"4195",0,4,NA,1.51267036877543,0,1,1,0,NA,112.5
"4196",1,3,98,4.28011731338178,5.97,0,1,1,100,116.333333333333
"4197",1,2,96,5.66984361204559,6.66,0,1,1,100,127.5
"4198",0,2,NA,2.57080349298552,0,1,0,1,100,162
"4199",1,1,100,9.09998235637311,3.9,0,1,1,86,75
"4200",0,2,83,9.11028342369713,7.18,0,0,0,90,61
"4201",0,2,99,1.27123093734097,6.12,0,0,1,100,139.5
"4202",0,2,95,2.14620882725098,7.92,0,0,0,80,43
"4203",1,1,20,11.3423192267859,2.1,0,1,0,100,209
"4204",1,2,NA,3.32341958197428,21.9,1,1,1,100,185.5
"4205",1,6,100,7.23037390684458,2.28,1,1,1,50,49.5
"4206",0,5,95,3.50063969479578,5.16,1,1,1,100,110
"4207",0,3,90,2.65810990999788,4.8,1,1,1,96,164.666666666667
"4208",1,4,96,9.86173055349471,10.88,1,1,1,100,47.5
"4209",0,2,100,1.87952220251298,8.96,1,1,0,100,74.5
"4210",0,2,100,9.79884058617469,3.1,0,1,0,NA,82.5
"4211",0,4,NA,2.25785918216387,0,1,1,1,100,300
"4212",0,2,95,10.7609056893287,27.3,1,0,0,100,75.5
"4213",0,1,99,6.10923700712099,5.3,0,0,1,100,175
"4214",1,6,98,7.65638603951457,1.44,1,1,0,100,85
"4215",0,4,100,9.94494522907705,2.1,1,1,0,100,61.25
"4216",0,2,89,0.593998710866774,1.46,0,1,0,100,79.5
"4217",1,5,86,7.75648883687303,1.64,1,1,0,43,120
"4218",1,4,99,7.85922428730871,6.13,1,1,1,100,49.75
"4219",1,6,100,7.62764183650317,2.37,1,1,0,100,141.666666666667
"4220",1,2,NA,3.92435167126227,0,0,1,0,100,88.5
"4221",0,1,NA,9.87018042382348,0,0,0,0,100,120
"4222",1,1,100,9.9506905697801,0.3,0,0,0,100,150
"4223",1,6,100,4.46350825673467,2.1,1,1,1,100,66.6666666666667
"4224",1,2,99,6.98823376438473,8.84,0,0,1,100,70
"4225",0,2,97,8.29865977102782,7.32,1,0,1,100,80
"4226",0,2,96,1.38452874962752,6.68,0,0,1,100,129.5
"4227",0,2,90,9.69667691519752,3.71,0,0,0,100,70
"4228",1,6,92,3.76610048843622,3.33,0,1,1,94,90.8333333333333
"4229",0,6,100,10.0607114527014,9,1,1,0,NA,66.5
"4230",1,1,100,2.60258196238333,7.2,0,1,0,NA,310
"4231",0,3,92,9.56993901066866,1.24,0,1,1,100,60
"4232",0,2,93,6.28941059570888,5.7,1,1,1,100,122.5
"4233",0,2,99,3.68365538206928,7.78,0,1,1,100,132.5
"4234",1,2,100,6.08383348282091,1.8,0,1,0,80,50
"4235",0,4,NA,2.19919875679324,0,1,1,1,100,300
"4236",1,4,97,6.66859242101285,4.5,1,1,1,100,112.5
"4237",1,2,96,5.43530741874784,9.6,1,1,0,100,89
"4238",0,4,100,3.28188081063645,1.8,1,0,0,97,110.75
"4239",0,2,100,2.10454830789958,2.1,1,0,0,97,172.5
"4240",1,8,100,6.20834236643778,9.9,1,1,0,100,96.25
"4241",1,2,100,5.29332697910664,5.7,1,0,0,100,105
"4242",1,4,100,4.16531150211576,3,1,1,1,100,151.25
"4243",0,2,93,5.96825023520921,2.4,0,1,1,100,125.5
"4244",0,2,NA,2.22820635211166,0,1,0,0,NA,211
"4245",1,1,99,5.29740387800169,5.13,0,0,1,100,125
"4246",1,2,97,8.81498182417529,1.44,1,1,1,100,72.5
"4247",0,4,99,7.21923662552938,5.34,1,1,1,100,100
"4248",1,1,91,9.02923404887354,2.67,1,0,1,100,224
"4249",1,2,NA,4.18957425295259,0,1,0,0,67,55
"4250",0,2,NA,5.69208518992492,0,1,1,0,50,57.5
"4251",1,1,100,7.08370694937403,4.5,0,1,1,100,92
"4252",1,6,NA,0.71977330861178,0,1,1,0,94,167.5
"4253",0,2,NA,2.49735036064942,0,1,1,0,100,89
"4254",1,3,99,3.4142862626971,9.9,0,1,1,100,81.6666666666667
"4255",1,6,97,10.9778059356581,2.48,1,1,1,100,54.1666666666667
"4256",0,2,NA,1.6541262464773,0,0,0,0,0,62.5
"4257",1,1,100,7.03727603607203,1.8,0,1,0,86,50
"4258",1,2,100,0.552153047711385,2.12,1,1,1,88,112.5
"4259",0,8,90,1.35011432479622,1.35,1,0,1,100,137
"4260",0,2,NA,2.10036664379556,0,1,1,0,97,203.5
"4261",0,2,NA,1.99811493669913,0,1,1,0,97,170
"4262",1,2,93,2.07385941362673,6,1,0,0,87,135
"4263",0,4,100,9.91566975642601,10.42,1,1,1,100,70
"4264",1,2,98,10.1597339496914,8.96,0,1,1,100,42.5
"4265",1,2,98,7.24016483751519,3.45,0,1,1,100,137.5
"4266",1,4,100,2.22583222376088,1.6,1,1,0,100,127.5
"4267",1,4,99,9.52786695015375,9.3,1,0,1,90,50
"4268",1,2,95,6.53425803330709,3.96,0,0,0,100,127.5
"4269",0,4,100,10.3249802400135,10.78,1,1,1,100,113.5
"4270",0,2,92,10.6620250179558,3.9,0,0,0,100,77.5
"4271",1,4,100,6.08447962911723,0.87,1,1,0,NA,111.25
"4272",0,5,97,10.0022691712329,5.5,1,0,1,100,56
"4273",1,6,NA,7.98227157202833,0,0,1,1,100,55.5
"4274",1,4,99,4.2297972170568,7.2,1,1,1,100,61.5
"4275",1,6,100,4.71123858925472,1.95,1,1,0,100,75
"4276",0,4,100,8.66243742370921,3.9,0,0,0,100,43.5
"4277",1,5,100,7.11376463326395,12.48,1,1,1,100,87.2
"4278",0,2,96,5.67092597072063,7.18,0,0,1,100,82
"4279",0,4,94,5.70746874492991,8.46,0,0,1,100,51
"4280",0,2,NA,1.87580701693385,0,0,1,0,90,150
"4281",1,2,80,3.56544252018298,0.63,1,0,0,100,134.5
"4282",1,4,98,9.78047951866192,15.48,1,1,1,92,66.25
"4283",1,6,100,4.88620994046734,1.29,1,0,0,NA,94.1666666666667
"4284",1,4,97,9.96711100315752,14.64,1,1,1,100,57.5
"4285",1,6,87,3.52173710814772,0.54,1,1,0,100,50
"4286",1,5,98,5.81463913981104,4.02,1,1,1,100,130.2
"4287",1,2,100,3.45752004497677,4.5,1,1,1,100,102.5
"4288",0,4,100,7.18606865339256,6,0,1,0,100,39.75
"4289",1,4,100,5.74394774009009,9.3,1,1,1,100,71.25
"4290",1,2,NA,3.96878663239181,0,1,1,0,75,107.5
"4291",1,4,100,2.01655541538829,6.2,1,1,0,99,90
"4292",0,8,NA,3.09517497414709,0,1,1,0,100,134.75
"4293",0,4,100,10.6000675531293,0.94,1,1,0,100,136.25
"4294",0,2,100,7.32907988667425,2.4,0,1,0,100,56.5
"4295",1,1,100,6.82797245867931,9.66,0,1,1,100,140
"4296",1,2,NA,4.13995801761378,0,0,1,0,100,40
"4297",1,2,99,8.3247103175009,10.38,1,0,1,100,97
"4298",1,6,93,10.3805261393295,1.04,1,1,0,100,91.6666666666667
"4299",0,6,93,10.6132957806795,4.23,1,1,0,NA,62
"4300",0,3,98,6.99414673091738,11.34,1,0,1,100,56.6666666666667
"4301",0,2,NA,0.8792185584905,0,1,1,0,NA,115
"4302",0,6,100,6.07170773410639,1.65,1,0,0,100,192.5
"4303",1,2,NA,2.98374939603494,0,0,1,0,NA,100
"4304",1,2,95,5.28107174148881,10.98,0,1,1,100,97.5
"4305",0,7,100,6.00173394520595,1.05,1,0,0,100,375
"4306",1,2,94,6.93207762630595,2.62,0,1,0,100,94.5
"4307",0,3,97,5.16047312973603,2.84,0,0,0,100,55
"4308",0,3,98,5.09682091712692,2.99,0,0,0,100,55
"4309",1,2,97,4.14743668855055,5.88,1,0,0,0,136.5
"4310",0,4,88,10.8391906356646,1,1,0,0,100,131.25
"4311",0,2,96,10.2664146575856,1.93,0,1,1,100,111.5
"4312",1,6,93,6.41346666015552,0.72,1,0,0,67,123.5
"4313",1,2,100,6.40884955854012,0.1,0,0,0,67,91
"4314",0,3,95,5.72090458871022,14.4,1,1,1,96,112.333333333333
"4315",0,9,95,9.18133381447545,1.56,1,1,0,100,81.5555555555556
"4316",0,4,100,3.62514528839584,0.12,0,1,1,100,50
"4317",1,2,100,7.77832992738833,3.9,0,1,1,100,72
"4318",1,6,87,8.63977148844329,0.54,1,1,0,NA,80
"4319",1,5,100,7.93230942720989,3.9,0,0,1,100,58
"4320",0,4,100,1.24864914674751,2.16,1,0,0,100,105.75
"4321",1,2,100,3.39118773035567,3.68,1,1,1,100,125
"4322",0,2,99,5.93585567430796,9.76,1,0,1,100,157.5
"4323",0,3,99,6.48672316718526,7.44,1,0,1,100,91.6666666666667
"4324",1,6,98,4.33412661260872,8.76,0,1,0,80,115.833333333333
"4325",1,6,99,3.82822951755,1.86,0,1,1,100,128.666666666667
"4326",0,4,97,8.00302024818165,11.12,0,1,1,90,62.5
"4327",1,3,92,6.79736050050434,6.68,1,0,0,90,111.666666666667
"4328",0,5,95,8.87053563332041,2.02,1,0,0,100,95
"4329",0,5,100,3.20869524008768,4.8,1,1,0,100,100
"4330",0,2,NA,6.63655587519629,0,1,1,0,NA,2340
"4331",0,8,97,5.0675310853953,0.78,1,1,1,100,100
"4332",1,2,NA,2.13704631412577,0,1,0,0,87,137.5
"4333",1,15,100,8.012135996136,3.6,1,1,1,100,54.7333333333333
"4334",0,2,96,3.54459435433408,12.6,1,1,1,100,108.5
"4335",1,2,97,4.08785414753449,7.2,0,1,1,100,94.5
"4336",1,4,96,8.89230622442664,4.14,1,0,1,100,105.75
"4337",1,4,100,6.29452185317189,12.9,1,1,1,100,83.75
"4338",0,4,98,7.96658847302799,18.6,1,0,0,50,100
"4339",0,2,89,4.0493185775602,5.67,1,1,0,100,115
"4340",1,4,95,3.96757513212965,0.63,1,1,0,100,106
"4341",1,2,100,3.44556512052668,11.1,1,1,1,100,102.5
"4342",1,6,NA,9.09911082192814,0,1,1,0,89,48.3333333333333
"4343",1,2,100,7.89967548789977,5.7,0,0,1,100,76.5
"4344",1,2,92,2.70574777136054,15.3,1,0,0,100,149.5
"4345",0,2,98,9.87992870213782,7.42,0,1,0,NA,80
"4346",1,6,97,7.07874112645274,13.35,1,0,1,100,73.3333333333333
"4347",0,7,95,4.32422323331628,7.5,1,1,1,100,78.5714285714286
"4348",1,2,97,7.96097444415207,12,0,1,1,100,70
"4349",0,2,100,5.06544909299863,8.55,1,0,1,100,137.5
"4350",0,4,98,5.19504307760572,14.82,1,1,1,100,108.5
"4351",0,2,100,7.60986936391801,0.06,0,1,0,NA,100
"4352",0,4,NA,3.18474490519068,0,1,0,1,100,77.5
"4353",0,8,100,0.244065783144269,9.9,1,1,1,95,95.125
"4354",1,3,100,7.80558741759786,10.2,0,0,1,100,46.6666666666667
"4355",1,1,98,5.28399793765723,7.96,0,1,1,100,159
"4356",1,3,NA,1.74130805033516,0,1,1,0,NA,61.6666666666667
"4357",1,3,90,4.74674734597574,6.9,1,1,0,100,37.6666666666667
"4358",1,1,100,7.10164710338857,4.5,0,1,0,NA,89
"4359",0,5,99,3.50351625607323,3.9,1,1,1,100,113
"4360",0,3,95,4.00544179627203,8.4,1,1,1,100,99.6666666666667
"4361",1,4,100,4.34383534460548,2.85,1,0,0,NA,105
"4362",0,2,94,7.45900307899027,4.35,0,1,0,100,112.5
"4363",1,5,93,6.63901241640703,5.05,1,0,0,100,120
"4364",1,4,100,2.24074036591645,0.12,0,0,0,100,100
"4365",1,2,98,3.40387172648743,4.1,1,1,1,100,162.5
"4366",0,2,80,3.68312722532916,2.7,1,1,0,97,149
"4367",0,3,99,6.67833809834141,5.93,0,0,1,100,70
"4368",0,2,98,9.59908851817629,12.76,1,0,1,100,105
"4369",0,2,90,9.29054031260867,0.28,0,1,0,100,100
"4370",0,2,100,4.5976624115255,23.48,0,0,1,100,64.5
"4371",1,4,100,5.13456268174227,1.48,1,1,1,100,112.5
"4372",0,2,100,4.15183258595594,7.78,0,1,1,100,1519
"4373",0,16,100,1.60055350140323,4.98,1,1,1,100,217.625
"4374",0,1,99,4.30487387759528,2.28,0,0,1,100,325
"4375",0,6,100,9.61983313207377,0.52,1,1,1,100,82.5
"4376",0,2,100,4.2865513519412,1.01,1,1,0,100,137.5
"4377",1,3,100,8.01029890100268,9.6,0,1,1,100,47.6666666666667
"4378",1,4,90,2.05550006526229,8.7,1,0,0,87,92.5
"4379",0,5,100,8.58150525081986,1.38,1,1,0,100,270
"4380",0,3,100,10.5135783391436,5.98,0,1,1,100,70
"4381",1,6,NA,1.80558904364768,0.24,1,1,0,NA,243.166666666667
"4382",0,4,96,5.12939059613959,0.86,0,0,0,100,45
"4383",0,6,NA,2.21733771271054,0,1,1,1,100,200
"4384",1,3,95,7.35865384485908,4.05,0,1,0,NA,90
"4385",0,1,80,2.27639727202302,1.92,0,0,0,100,145
"4386",1,2,100,4.40059010091818,5.97,0,0,1,100,100
"4387",1,6,80,2.02889162382182,0.11,1,0,0,100,125
"4388",0,2,100,5.96146303303135,6.36,0,1,1,NA,108.5
"4389",0,2,99,8.97277098575153,5.84,0,1,1,100,47
"4390",0,2,96,3.06434241853669,1.7,1,0,0,NA,60
"4391",0,2,89,4.77889349103805,3.12,1,0,0,100,287.5
"4392",0,4,97,6.14097487513985,2.92,1,0,1,100,97.25
"4393",1,1,85,8.66128675851359,8.1,0,1,0,80,65
"4394",1,4,100,5.07885039152,3.72,1,1,0,100,67.25
"4395",1,4,100,1.91636335751292,0.44,0,0,0,100,97.5
"4396",1,6,98,6.16833255630073,2.96,1,1,1,100,91.6666666666667
"4397",1,8,88,6.50745685113583,3.36,1,0,0,70,105
"4398",0,7,97,9.4625282621954,6.96,1,1,1,100,38.5714285714286
"4399",0,2,100,5.19168678627512,2.1,1,1,0,NA,124.5
"4400",1,4,100,8.41689180198811,18.3,1,1,1,100,63.75
"4401",1,3,100,5.448055267137,15.81,1,0,1,100,128.333333333333
"4402",0,4,NA,5.94603727109976,0,1,1,0,NA,85
"4403",0,6,100,11.003098236828,18.9,1,1,1,100,67.1666666666667
"4404",1,5,99,8.69807638076195,8.61,1,1,1,100,44.8
"4405",0,4,98,5.39765504634867,11.32,1,1,1,100,65
"4406",1,2,NA,1.88672543718829,0,1,1,1,100,130
"4407",1,3,100,2.04743756883475,7.2,1,0,0,87,112
"4408",1,2,88,2.50898018360055,5.5,1,0,0,100,235
"4409",1,4,100,8.66113498004746,8.82,1,0,1,100,97.5
"4410",1,2,100,5.82364985330107,0.8,1,1,0,100,337.5
"4411",1,2,94,10.7132731245998,3.26,0,0,0,NA,125
"4412",0,2,NA,10.6124206051601,3.9,0,0,0,100,140
"4413",0,4,98,4.3864986302383,3,1,1,0,NA,100
"4414",0,2,97,10.0319805984061,0.46,0,1,1,90,80
"4415",0,6,96,3.8743873264468,4.91,1,1,0,100,91.6666666666667
"4416",0,1,NA,7.13324746901755,0,0,1,0,100,85
"4417",0,4,100,8.38956638958073,0.26,0,1,0,NA,117.5
"4418",0,4,99,7.23923509660598,3.32,1,1,1,86,138.75
"4419",1,2,94,5.83302365368983,4.52,0,1,1,100,125
"4420",0,2,97,7.25350312190969,6.33,1,0,1,100,142.5
"4421",1,6,95,10.9957245057156,1.19,1,0,0,NA,41.6666666666667
"4422",1,6,NA,2.32697270158955,0,1,1,0,100,177.833333333333
"4423",1,4,98,6.41630912309076,7.6,1,0,1,100,52.5
"4424",0,1,100,4.05030211085933,15.6,0,0,1,80,42
"4425",0,2,100,9.23635039356023,5.68,1,0,1,100,120
"4426",0,4,NA,3.72812198232698,0,1,1,0,100,53.75
"4427",0,6,NA,5.30030039388571,0,1,1,0,NA,31.6666666666667
"4428",0,3,97,6.26108981967482,8.98,0,0,1,100,59
"4429",1,4,97,9.16826835404709,9.12,1,0,1,100,73.75
"4430",1,4,80,6.11810079379035,2.7,0,1,1,100,58.75
"4431",0,4,95,5.46150877869664,3.12,1,0,1,100,79.75
"4432",0,4,96,5.22034065225084,3.2,1,1,1,100,107.5
"4433",1,4,98,6.85130856291309,11.16,1,0,1,100,86.25
"4434",1,1,87,3.04134102209833,2.6,0,1,0,80,234
"4435",1,2,98,8.63444843019264,3.38,0,1,0,100,82
"4436",0,4,100,3.37076527199925,0.28,1,1,0,NA,131.25
"4437",0,1,97,5.10139668567278,1.86,0,0,0,100,65
"4438",0,1,96,5.0105212470059,1.24,0,0,0,100,65
"4439",0,2,95,5.06848154844127,4.19,0,0,0,100,65
"4440",0,2,98,4.02972833985258,2.06,1,1,1,100,272
"4441",1,3,95,1.94229500464012,5.8,0,1,0,100,113.333333333333
"4442",0,2,94,8.40468651997514,2.6,0,1,1,100,90
"4443",1,3,100,5.59968729025704,4.2,1,1,0,87,114
"4444",1,1,96,7.24877671978202,0.99,0,1,1,100,120
"4445",0,2,92,8.86374483212176,7.17,0,0,0,95,52.5
"4446",0,4,NA,4.45020903676554,0,1,1,0,97,125
"4447",1,3,98,1.36506877076877,4.29,1,0,1,100,100
"4448",1,1,100,3.01490642679243,6.3,0,1,1,100,165
"4449",1,2,98,3.36249459879675,7.62,0,0,1,100,85
"4450",0,3,100,8.12293238168185,0.14,0,1,0,NA,100
"4451",0,2,100,6.06548875245617,4.34,0,0,1,100,45
"4452",0,3,93,9.99225930113816,9,1,0,0,100,63.3333333333333
"4453",0,3,90,2.21939599372186,0.62,0,1,1,100,58.3333333333333
"4454",0,2,98,9.65467273944165,10.2,1,1,1,100,102.5
"4455",0,3,NA,3.90564095702782,0,1,1,0,97,189.333333333333
"4456",0,2,95,8.22072618985684,10.15,0,0,1,96,62
"4457",1,2,NA,3.39306517503652,0,1,1,0,NA,62.5
"4458",0,4,100,5.22953232129805,2.1,1,1,0,NA,112.5
"4459",0,2,100,8.7293533426096,8.1,0,1,1,100,62
"4460",1,4,100,4.64779009997022,8.22,1,0,1,100,121.25
"4461",0,6,98,5.28237834495429,13.66,1,1,1,100,66.6666666666667
"4462",0,2,60,7.31721487689103,11.7,0,1,0,100,58.5
"4463",1,2,98,4.08366036277199,3.8,1,1,1,100,170
"4464",1,2,NA,2.28881744210038,0,1,1,0,NA,562.5
"4465",1,2,97,6.8626017992655,10.5,1,1,1,100,110
"4466",1,4,80,4.86037953896411,2.4,1,1,0,NA,87.5
"4467",1,6,100,8.28413180861439,0.84,1,1,1,100,58.3333333333333
"4468",1,9,99,8.8584402784467,6.62,1,1,1,100,73.7777777777778
"4469",1,2,99,3.31326080828408,7.62,0,0,1,100,174.5
"4470",1,2,NA,2.16768076113536,0,0,1,0,NA,120
"4471",1,2,97,3.29562589377368,8.01,0,0,1,100,141
"4472",1,8,NA,6.54261965232601,0,1,1,0,90,113.25
"4473",0,2,99,8.38215651264549,11.82,1,0,1,100,81
"4474",1,4,100,5.18465823889113,2.22,1,1,0,100,167.5
"4475",1,3,95,1.88732339308385,2.6,0,1,0,100,113.333333333333
"4476",1,2,92,1.89541593400912,2.83,0,1,0,100,100
"4477",1,4,NA,0.831379285235724,0,1,1,0,87,115
"4478",0,2,100,4.81021607123482,9.64,1,1,1,100,112.5
"4479",1,1,80,1.6959723794266,4.8,0,1,0,100,207
"4480",1,2,99,8.76283042877689,5.52,1,1,1,100,150
"4481",1,2,NA,2.02900140964372,0,1,1,0,87,137
"4482",0,2,100,5.90477667694075,9.48,0,1,1,100,87.5
"4483",1,2,NA,7.54776906412845,0,0,1,0,100,275
"4484",0,3,90,1.93967471102177,4.78,1,0,1,100,105
"4485",1,1,100,7.51568146048412,0.39,0,1,0,100,600
"4486",1,3,98,3.76994002458003,5.92,0,1,1,100,88.3333333333333
"4487",1,4,NA,7.17239809036287,0,1,0,0,NA,87.5
"4488",1,1,100,1.7896465600661,18,0,1,0,100,202
"4489",1,6,99,5.83456071880034,14,1,1,1,100,104.166666666667
"4490",0,6,NA,5.80023740097392,0,1,1,0,83,500
"4491",0,2,100,9.4924969260784,6.68,0,1,0,100,37.5
"4492",1,2,100,5.46970994805877,0.88,0,1,1,100,160
"4493",1,2,94,10.8294703862813,6.2,0,1,0,100,37.5
"4494",0,4,99,0.921580072285241,3.4,1,1,1,100,142.5
"4495",1,2,NA,5.152902345049,0,0,1,0,90,95
"4496",1,3,100,4.13604414443501,3.6,1,1,1,100,325
"4497",1,2,100,5.06479205463526,2.4,1,1,0,90,92.5
"4498",0,4,98,1.43869407686401,5.54,1,1,1,100,212.25
"4499",0,5,98,4.93986164560027,2.38,1,1,0,100,75
"4500",1,2,100,10.4983544586983,0.3,0,1,0,100,70
"4501",1,2,96,6.47949140639829,0.97,0,1,1,100,225
"4502",1,5,100,7.92567358190762,9.52,1,1,1,100,86
"4503",0,2,100,7.02642422782177,0.14,1,1,0,100,250
"4504",0,3,100,6.64248933269952,8.18,1,1,1,100,83
"4505",0,4,NA,5.3398675890713,0,1,1,0,NA,43.75
"4506",1,2,98,2.67469027696197,10.32,0,0,1,100,87.5
"4507",1,3,98,4.49588002728859,4.2,0,1,1,100,105
"4508",1,4,93,9.29099499709069,7,0,1,0,100,54.25
"4509",0,4,NA,12.5040760763585,0,1,1,0,NA,36.25
"4510",1,6,99,6.2576720434262,14.46,1,1,1,100,113.5
"4511",1,2,100,5.63194247932562,12.81,0,0,1,100,102.5
"4512",0,2,100,7.73278202673664,9.59,1,0,1,NA,84
"4513",0,2,100,8.69318319193152,0.62,0,1,1,NA,110
"4514",1,2,100,5.80265680463281,2.32,1,1,1,100,250
"4515",0,3,96,8.17205075946364,7.5,0,0,0,100,40
"4516",0,2,93,4.17493121475584,7.14,0,1,0,97,67.5
"4517",1,2,96,8.53970959405949,1.88,1,0,1,NA,80
"4518",1,3,NA,4.97925284912499,0,0,1,1,100,166.666666666667
"4519",0,2,NA,3.51223611540894,0,1,1,0,97,114.5
"4520",0,2,98,6.37147367761419,24,0,1,1,NA,121
"4521",0,2,100,3.65166187513742,10.2,1,1,1,90,195
"4522",1,2,89,1.95569557291701,2.81,1,1,0,90,128
"4523",0,2,100,3.62369523249418,10.8,1,1,1,90,197.5
"4524",0,2,100,9.51831024162344,5.36,0,0,1,100,77.5
"4525",1,4,NA,1.3599795932062,0,1,0,0,100,52.25
"4526",1,6,100,4.3940153862303,1.56,1,1,1,100,104.166666666667
"4527",1,1,99,4.05005622528327,2.9,0,1,1,100,205
"4528",1,2,99,7.1080953026087,5.46,1,1,1,100,108.5
"4529",0,4,100,2.37573533579957,3.84,1,1,1,100,198.75
"4530",0,3,98,6.41726767704515,10.96,0,0,1,100,56.3333333333333
"4531",0,2,95,10.059751494156,8.16,0,1,1,100,63
"4532",0,2,100,8.99061182540354,0.85,0,1,1,100,44
"4533",0,2,100,5.25437027514772,3,0,1,0,95,92.5
"4534",0,3,NA,5.18979292375934,0,0,1,0,95,70
"4535",1,4,95,9.18848048694476,5.19,0,1,0,100,54.25
"4536",0,2,89,1.68734882017023,7.52,0,0,0,100,122
"4537",0,4,94,8.7708845216079,4.03,0,0,1,100,34.75
"4538",1,3,96,3.92717023495131,1.89,0,1,1,100,195
"4539",1,2,96,3.84565921555601,3.49,0,0,1,100,112.5
"4540",0,4,92,6.09945172395206,2.39,0,0,0,100,73.5
"4541",1,4,100,3.70882253924549,5.84,1,1,1,100,147.5
"4542",1,4,100,6.48676100557458,2.25,1,1,1,100,143.75
"4543",0,2,100,5.07668399862425,5.7,0,1,0,95,85
"4544",0,2,100,3.07489366052565,2.4,1,1,0,97,196
"4545",1,2,100,1.72528330790667,3.12,1,1,1,100,175
"4546",1,4,100,5.82914846834279,6.93,1,1,0,100,131.25
"4547",0,5,100,5.84778992712731,2.78,1,1,1,90,135
"4548",1,3,95,1.04598732474486,8.7,1,0,1,100,126.666666666667
"4549",1,6,100,5.30130267395613,0.8,1,1,0,NA,216.5
"4550",1,5,NA,1.21266174552129,0,1,1,1,100,57.6
"4551",0,2,NA,1.39049003906644,0,0,0,1,100,574
"4552",1,2,94,9.17037947727988,6.27,0,1,0,100,65
"4553",1,2,100,5.32175388445491,1.48,0,1,0,100,167.5
"4554",1,6,100,7.15679054029319,16.5,1,1,1,NA,108.333333333333
"4555",1,6,100,6.41962823629356,1.8,1,1,1,100,58.3333333333333
"4556",0,2,99,3.64061010579273,6.52,0,0,1,100,150
"4557",1,2,100,7.56250301564234,0.28,1,1,1,100,225
"4558",1,2,93,4.99289572830834,4.56,1,0,1,100,250
"4559",0,2,99,9.70520689755065,5.42,0,1,0,NA,80
"4560",0,6,98,5.80279108545185,4.96,1,1,1,100,50
"4561",0,2,NA,4.36186809567271,0,1,1,0,97,214.5
"4562",0,2,100,2.18980107048088,4,1,1,0,100,237.5
"4563",0,4,99,6.19209743430987,6.39,1,1,1,NA,87.5
"4564",1,4,97,10.4053515939245,4.18,0,0,1,100,62.5
"4565",0,1,100,3.18392603173475,2.4,0,1,0,NA,79
"4566",1,6,100,8.77954607957653,1.44,1,1,1,100,101
"4567",0,2,99,4.99510592849854,13.23,0,0,1,100,68
"4568",1,4,NA,1.31428738518992,0,1,1,0,NA,150
"4569",1,2,93,4.62052414772327,2.25,0,1,0,100,90
"4570",1,2,NA,6.78048596629508,0,0,1,0,NA,37.5
"4571",0,2,99,4.28879761840147,1.86,1,1,0,100,200
"4572",0,2,90,1.55859293726401,7.31,0,0,0,100,122
"4573",0,2,90,1.61996180686756,6.07,0,0,0,100,122
"4574",0,6,98,9.19911953297554,4.77,1,1,1,100,112.5
"4575",0,2,86,10.0868533484547,3.53,0,1,0,100,62.5
"4576",0,2,99,6.64826827153812,2.01,0,1,1,100,320
"4577",0,2,NA,2.19720912034949,0,1,1,0,NA,140
"4578",1,3,97,9.24438520526062,8.54,1,1,1,100,56.3333333333333
"4579",1,3,100,1.70608083853875,3.42,1,1,0,NA,75
"4580",1,2,97,10.271937385185,10,0,0,1,100,65
"4581",0,2,100,5.44261118577099,0.6,1,0,0,100,275
"4582",0,4,99,8.5512079358706,5.66,0,1,1,100,42.5
"4583",0,2,100,8.16700813595284,0.63,0,1,0,100,160
"4584",0,2,NA,9.82853002940617,0,1,1,0,NA,100
"4585",1,8,98,8.40369882418888,6.24,1,1,1,100,63.75
"4586",0,4,100,8.90541490676232,0.35,1,1,0,NA,77.5
"4587",1,2,94,6.57307589287166,4.73,0,1,0,98,77.5
"4588",1,2,100,4.875854195453,0.28,0,1,1,100,175
"4589",0,3,100,4.99778186751404,4.5,1,1,1,96,130
"4590",0,5,94,10.0811979524575,8.29,1,1,1,100,39.6
"4591",0,2,NA,3.31806580969934,0,1,1,0,97,177.5
"4592",1,2,72,10.5613356306763,0.38,0,1,0,100,72.5
"4593",1,2,NA,3.20843556946339,0,1,0,0,100,63.5
"4594",0,2,NA,5.52441986498786,0,0,1,0,75,34
"4595",0,4,NA,6.76229165586773,0,1,0,0,100,276.25
"4596",1,4,99,4.31806430588502,6.65,0,1,1,100,65
"4597",1,2,96,9.87937942757266,1.72,0,1,1,100,75
"4598",1,4,90,3.25230912124254,5.4,1,1,0,100,54.75
"4599",1,4,NA,3.31071515060942,0,1,1,0,100,52.25
"4600",1,2,100,3.35915545577408,12.18,0,0,1,100,146.5
"4601",1,1,100,1.14443735778542,5.64,0,1,0,100,200
"4602",1,2,99,5.88282420777361,6.92,0,0,1,100,47.5
"4603",0,2,100,8.63226234357256,0.21,0,1,1,NA,125
"4604",1,2,100,5.63331180706835,6.3,0,1,0,NA,118
"4605",0,2,100,2.22966972190612,0.28,0,1,0,NA,150
"4606",0,2,100,4.2107456701221,16.16,0,1,1,100,102.5
"4607",1,2,NA,6.93171719385339,0,0,0,0,NA,75
"4608",0,4,96,1.962050472721,7.17,0,1,1,100,58.75
"4609",0,3,80,3.43498700711763,6.6,1,1,0,100,221.666666666667
"4610",1,2,95,7.13431804630673,21.6,1,1,1,NA,125
"4611",1,4,100,2.09698721164704,5.7,1,1,0,90,130.75
"4612",0,2,93,3.11637730638428,3.64,1,1,0,90,107
"4613",1,2,83,3.35744688963314,0.6,1,1,0,100,98.5
"4614",1,2,99,5.3376634540426,2.08,0,1,1,75,75
"4615",0,5,97,8.91598166401847,3.19,1,0,0,100,75
"4616",0,3,99,7.17552241208766,10.08,1,0,1,100,71.3333333333333
"4617",1,2,98,9.21779977190702,5.82,0,1,1,100,60
"4618",0,6,95,0.475196013702706,0.36,0,1,1,100,208.166666666667
"4619",1,2,80,3.80440699490971,3,1,1,0,98,105
"4620",1,4,NA,2.30011814405972,0,0,1,0,NA,75
"4621",1,2,96,4.73787537273829,1.66,0,1,1,100,100
"4622",0,4,100,5.26593220928235,3.36,1,1,1,100,118.75
"4623",0,2,95,5.09982781563039,2.81,0,0,0,100,75
"4624",0,4,100,2.99776128387852,2.4,1,1,0,97,142.25
"4625",0,2,NA,6.05800328752226,0,1,1,0,100,155
"4626",0,3,NA,4.54888933228202,0,1,1,0,50,68.6666666666667
"4627",0,1,99,4.07271108059459,5.54,0,1,1,100,190
"4628",1,6,97,5.05346523528821,5.06,1,1,1,100,106.5
"4629",1,6,99,1.90880812420884,5.26,1,0,1,100,133.333333333333
"4630",1,2,92,10.0871854487153,24.3,0,1,0,100,37.5
"4631",0,3,100,2.27752991794559,0.68,1,1,1,100,54.6666666666667
"4632",0,4,94,8.85698091033377,6.49,1,1,1,100,42.5
"4633",1,2,100,8.34193926296959,1.74,0,1,1,100,112.5
"4634",1,2,80,5.85004462528576,0.32,0,0,1,100,86
"4635",0,2,96,6.33904893561659,2.01,0,0,0,100,121.5
"4636",0,3,NA,7.34237651089857,0,1,1,0,NA,1266.66666666667
"4637",1,2,100,5.65885160053024,10.8,1,1,1,100,182
"4638",1,2,100,5.50719231599644,12.9,1,1,1,100,180
"4639",1,3,100,7.27959531108168,18,1,0,1,100,83
"4640",0,3,100,8.8130338154497,1.26,0,1,1,100,94.6666666666667
"4641",1,2,95,6.5389158359781,2.06,0,1,0,92,110
"4642",1,3,100,8.66654746501321,0.48,0,1,0,100,69.6666666666667
"4643",0,1,98,8.89301513729404,2.72,0,1,1,100,145
"4644",1,3,NA,9.05582149182777,0,0,1,0,NA,38.3333333333333
"4645",0,6,100,5.33506828254051,1.02,1,1,0,100,91.5
"4646",0,6,100,7.13101465250523,5.22,1,1,1,100,83.3333333333333
"4647",1,2,88,10.142347476349,24.9,0,1,0,100,40
"4648",1,6,100,8.59054337141141,0.46,1,1,0,100,74.8333333333333
"4649",1,1,95,9.71441057920033,5.92,0,1,1,100,70
"4650",0,2,100,2.27086418878487,0.27,1,1,0,100,325
"4651",1,2,98,10.2615724972405,8.11,0,1,1,100,54
"4652",0,4,100,9.33801408259599,4.2,1,1,0,99,87
"4653",0,4,100,6.47361399741634,0.59,1,1,1,100,117.5
"4654",1,2,89,9.89077360813688,7.1,0,0,0,100,62.5
"4655",1,4,NA,2.64856682735285,0,1,1,0,NA,165
"4656",1,1,100,1.58471477809452,11.4,0,1,1,90,90
"4657",1,4,98,5.02924881113642,3.41,1,1,1,100,106
"4658",0,3,NA,3.22415311487567,0,1,1,0,99,121.333333333333
"4659",0,3,100,7.6528571757561,16.2,1,1,1,100,72.3333333333333
"4660",0,9,94,0.98521878878412,3,0,1,1,100,60.5555555555556
"4661",0,4,100,6.73038784081795,3.9,1,1,1,100,107.5
"4662",0,2,100,8.64095089890845,2.14,0,1,1,100,72
"4663",1,6,NA,1.92966360079665,0,1,1,0,90,48.1666666666667
"4664",0,3,100,3.25758320662925,3.3,1,1,0,97,154.333333333333
"4665",0,4,93,0.793180054025055,3.7,0,1,1,100,62.5
"4666",0,2,NA,2.49354221334689,26.4,1,1,0,100,215
"4667",0,2,97,1.71636358839957,1.88,1,1,1,100,142.5
"4668",0,4,100,11.0002091473865,6.6,1,1,1,100,77.5
"4669",0,1,97,4.0410844288488,7.08,0,1,1,100,228
"4670",0,4,NA,3.59803445433546,0,1,1,0,97,101
"4671",0,6,100,1.42887410198522,2.9,1,0,1,100,86.6666666666667
"4672",0,2,86,2.05762203616087,6.63,0,0,0,100,68
"4673",0,2,84,1.98915364627342,6.37,0,0,0,100,68
"4674",0,2,89,2.02480564507648,6.19,0,0,0,100,77
"4675",0,2,100,5.54274496366055,5.46,1,1,1,100,130
"4676",1,2,100,5.63420359837842,5.57,1,1,1,100,115
"4677",0,2,95,7.25144505028606,6.03,0,0,1,100,90
"4678",1,3,100,1.96015911844897,2.7,1,1,0,87,114.333333333333
"4679",1,2,NA,1.93258527221425,0,1,1,0,NA,137.5
"4680",0,2,NA,3.50599197832952,0,1,1,0,97,139.5
"4681",0,4,100,4.38198800470824,2.7,1,1,0,97,104
"4682",0,4,NA,1.65972015834245,0,1,1,0,NA,57.5
"4683",0,4,100,6.69697913050725,8.1,1,1,1,100,62.5
"4684",0,8,100,6.34738231186078,0.11,1,1,1,100,81.25
"4685",0,2,98,3.82682775409009,9.7,0,0,1,100,87.5
"4686",0,2,98,3.68672755997226,6.16,0,1,1,100,94.5
"4687",0,3,NA,3.24523861003578,0,1,1,0,97,167.666666666667
"4688",1,2,98,8.29910328344051,7.29,1,0,1,100,73.5
"4689",0,11,93,11.6509991197096,13.26,1,0,0,NA,50.4545454545455
"4690",1,6,NA,8.28307179005823,0,1,1,0,NA,50
"4691",0,10,100,10.4246661984659,1.17,1,1,1,80,112.9
"4692",1,1,100,4.71418326025761,4.8,0,1,1,30,213
"4693",0,3,87,1.98697380786181,7.28,1,0,0,100,81
"4694",0,9,97,4.73066746650334,5.94,1,1,1,100,172.222222222222
"4695",0,2,99,7.05553517286738,8.72,0,1,1,100,109
"4696",1,2,100,2.10884747680586,0.16,1,1,1,100,184.5
"4697",0,4,100,6.61982279623993,0.36,1,1,0,NA,75
"4698",1,4,96,7.83851771711278,9.14,1,0,1,100,53.5
"4699",0,4,98,9.36335652924354,14.18,1,0,1,100,54.5
"4700",1,4,85,6.10622511692843,1.44,1,1,0,100,100
"4701",0,1,100,4.67687734817199,6.62,0,0,1,100,175
"4702",1,6,99,8.21263083913665,3.42,1,1,1,100,41
"4703",0,9,98,4.20776807748465,3.03,1,1,1,100,442.111111111111
"4704",1,2,100,0.968575665311432,0.84,1,1,1,100,129
"4705",1,4,NA,6.23445164584825,0,1,1,1,100,72.5
"4706",0,4,NA,5.60209266068221,0.32,1,1,0,100,312.5
"4707",0,2,98,5.28507865156477,9.74,0,1,0,100,87.5
"4708",0,4,100,4.50256924303151,0.78,1,0,1,100,65
"4709",0,6,98,0.470086427362666,2,1,1,1,100,183.166666666667
"4710",0,4,98,6.10271917649813,2.82,1,1,1,100,88.75
"4711",1,8,98,3.50941461890077,2.5,1,1,1,100,95.375
"4712",0,5,95,6.00293220877472,2.14,1,1,1,100,120.8
"4713",0,6,97,0.529289268820295,0.46,1,1,1,100,184.833333333333
"4714",1,4,100,1.22227846006918,7.8,1,1,0,94,175
"4715",1,4,NA,1.47821052064034,0,1,1,0,87,99.25
"4716",0,2,100,0.416081209352118,4.2,1,1,0,100,135
"4717",0,2,NA,9.68595230301902,0,1,0,0,100,62
"4718",0,2,100,3.65573490368228,2.4,1,1,0,97,161.5
"4719",0,2,95,4.53017936611056,27.6,1,1,1,100,142.5
"4720",1,2,NA,9.16841259263984,0,0,1,0,0,30
"4721",0,4,99,4.139954895937,3.98,1,1,1,100,122.5
"4722",0,2,96,8.79808756884777,5.54,0,1,1,100,55.5
"4723",1,4,100,7.51328688613832,0.54,1,1,0,100,55
"4724",1,5,100,3.32922788353731,3.35,1,1,1,100,63.8
"4725",1,6,94,4.07897158274217,3.04,1,1,1,100,71.6666666666667
"4726",1,3,100,4.54864931096053,2.16,1,1,1,100,86.6666666666667
"4727",0,2,99,7.37670237005759,5.04,1,1,1,100,137.5
"4728",0,4,97,5.72299771347055,6.64,1,0,0,100,120
"4729",0,3,NA,5.9115054879369,0,1,1,0,100,40
"4730",0,2,NA,5.69175105274079,0,1,1,0,100,44.5
"4731",1,1,NA,4.04483138433657,0,0,1,0,NA,1200
"4732",1,3,NA,5.27975993124629,0,1,1,0,NA,150
"4733",0,2,97,4.28925154693132,7.95,0,1,1,100,1519
"4734",0,3,98,6.15961937704875,8.8,1,1,0,100,73.6666666666667
"4735",0,2,100,4.1796100034463,3,1,1,0,97,196.5
"4736",0,2,NA,3.73980044651996,0,1,1,0,97,157
"4737",0,2,NA,1.08371146307465,0,1,1,0,97,188
"4738",0,4,NA,4.31722928682377,0,1,1,0,97,103.25
"4739",0,2,NA,1.88543611186861,0,1,1,0,97,183
"4740",0,4,98,1.49694000576388,3.94,0,1,0,100,53.75
"4741",0,2,NA,8.16602206785077,0,0,0,1,100,44.5
"4742",0,2,NA,3.24523535905046,0,1,1,0,97,155.5
"4743",0,1,97,8.61981359598855,9.73,0,1,1,100,60
"4744",1,6,100,5.24218044869643,2.46,1,1,1,80,300
"4745",0,3,NA,5.75772101716277,0,1,1,0,100,67
"4746",1,2,100,6.64722398769754,6.6,1,1,1,100,250
"4747",0,2,100,2.27854765991608,0.5,0,1,0,NA,100
"4748",0,3,70,3.63391021373703,11.4,1,0,0,100,88.3333333333333
"4749",0,3,NA,3.54988966567037,0,1,0,0,100,88.3333333333333
"4750",1,2,92,8.95260683423728,18,0,1,0,100,50
"4751",0,2,99,7.0600835477865,9.86,1,0,1,100,91.5
"4752",1,4,100,5.53833019283395,8.1,1,1,0,100,87.5
"4753",0,4,90,4.41635360056095,11.7,1,1,0,100,75
"4754",1,4,NA,9.97481722370787,0,1,1,1,100,106.25
"4755",0,5,98,10.4513719498859,6.16,0,1,1,100,44.8
"4756",1,2,NA,9.06688764723085,0,0,1,0,0,32
"4757",0,8,100,0.673002129007459,5.7,1,1,0,NA,93.75
"4758",1,2,100,5.54464535274588,0.72,0,1,0,100,225
"4759",1,4,99,5.41727419420538,2.34,0,1,0,100,93.75
"4760",1,1,NA,4.37657096029095,0,0,1,1,NA,375
"4761",0,4,99,2.7492465365455,6.3,1,0,1,100,98.5
"4762",0,2,NA,2.16896793309026,0,0,1,0,NA,150
"4763",0,6,100,6.78671485481514,2.7,1,1,0,100,145.833333333333
"4764",0,4,100,6.36537547019193,0.51,1,0,0,100,100
"4765",0,4,99,9.883059187304,6.99,1,1,1,100,56.25
"4766",0,5,80,1.74264605425433,0.41,1,1,1,100,121
"4767",0,3,99,5.10682638116502,2.5,0,0,0,100,55
"4768",0,4,100,5.0135367472529,9.6,1,1,1,90,43.25
"4769",0,7,98,10.4835902647912,2.54,1,1,1,100,67
"4770",1,2,NA,6.66100975005274,0,1,0,1,100,155
"4771",0,4,96,6.0256350906009,9.84,1,0,1,100,60
"4772",0,6,100,2.72068226608173,1.74,1,1,0,100,125
"4773",1,1,NA,4.84081816573525,2.4,1,1,0,100,129
"4774",1,4,100,3.93939783811668,5.7,1,1,1,86,192.5
"4775",0,2,90,10.3335330901201,2.1,0,1,0,100,94
"4776",0,2,91,10.2080113492578,2.08,0,1,0,100,124
"4777",0,2,96,10.180880177742,1.74,0,1,0,100,99
"4778",1,4,NA,4.81053546701069,0,1,1,0,100,117
"4779",0,2,100,1.9301880191816,3,1,1,0,NA,110
"4780",0,6,100,7.07170753534902,2.08,1,1,0,100,93.3333333333333
"4781",1,2,100,3.59660966385757,3.54,0,1,1,100,90
"4782",1,2,98,4.88335109710072,1.88,0,1,1,100,40
"4783",1,3,95,4.33743723811242,13.58,0,0,1,100,42.3333333333333
"4784",0,4,NA,4.51365757920733,0,1,1,0,100,87.75
"4785",1,2,100,7.31970707321252,11.47,1,1,1,100,48.5
"4786",0,4,NA,4.63358853990542,0,1,1,0,NA,74.75
"4787",0,6,100,10.2841676839166,0.27,1,1,0,100,134.5
"4788",0,3,99,6.29392379656864,11.9,1,0,1,100,93.3333333333333
"4789",0,4,99,8.80218627043549,4.42,1,1,1,100,82.5
"4790",0,2,NA,3.70268101526584,0,0,1,0,NA,55
"4791",0,2,NA,2.65706884113799,0,1,1,0,100,98
"4792",0,2,100,3.40095817657475,27.3,1,1,0,99,119
"4793",0,2,NA,4.2863801895331,0,1,1,0,99,147
"4794",0,2,100,4.2346985871048,5.7,1,1,0,99,125
"4795",0,2,NA,4.19477519495736,0,1,1,0,99,122
"4796",0,2,NA,5.07995440878029,0,1,1,0,99,116.5
"4797",0,2,80,5.01086544469633,10.8,1,1,0,99,116.5
"4798",0,4,NA,2.38352819841714,0,1,1,0,99,91
"4799",0,2,100,4.30922076119989,11.4,1,1,0,99,137
"4800",0,4,NA,1.19733296306074,0,1,1,0,99,91.75
"4801",0,2,100,4.17871008274567,17.1,1,1,0,99,130.5
"4802",0,2,100,4.60989911255891,7.8,1,1,0,99,127
"4803",0,2,NA,4.99933718735285,0,1,1,0,99,121
"4804",0,2,NA,2.26719554353536,0,1,1,0,99,131
"4805",0,2,100,2.15949790502005,27.3,1,1,0,99,116
"4806",0,2,NA,2.12798833785225,0,1,1,0,99,129
"4807",0,2,NA,4.1170989203586,0,1,1,0,99,131.5
"4808",0,2,100,3.40830490606847,9.9,1,1,0,99,124.5
"4809",0,2,NA,4.23264883385208,0,1,1,0,99,131
"4810",0,2,NA,3.23462340656568,0,1,1,0,99,123.5
"4811",0,2,NA,4.34806174975487,0,1,1,0,99,115
"4812",0,2,NA,4.3307730663189,0,1,1,0,99,132
"4813",0,2,NA,4.42808324304012,0,1,1,0,99,134.5
"4814",0,2,NA,1.1234123147704,0,1,1,0,99,130.5
"4815",0,2,NA,3.28423188673238,0,1,1,0,99,153
"4816",0,2,NA,4.64804371227839,0,1,1,0,99,127.5
"4817",0,2,NA,2.26778643167917,0,1,1,0,99,128.5
"4818",0,2,NA,3.52303854657934,0,1,1,0,99,123
"4819",0,2,NA,4.45122355586235,0,1,1,0,99,121.5
"4820",0,2,NA,4.32692051119001,0,1,1,0,99,129.5
"4821",0,2,NA,3.1895628546118,0,1,1,0,99,136
"4822",0,2,NA,3.13971872878039,0,1,1,0,99,153
"4823",1,2,97,4.70424746231833,17.14,1,1,1,100,241.5
"4824",0,8,99,6.98260270979597,4.14,1,0,1,100,93.625
"4825",1,2,NA,9.12108923751195,0,0,1,0,0,32.5
"4826",0,2,100,10.4117744954248,7.36,0,1,1,100,40
"4827",0,2,99,10.4280465787295,7.84,0,1,1,100,47
"4828",1,1,NA,3.34679899235922,0,0,1,0,75,60
"4829",0,2,99,10.3916877687952,5.16,0,0,1,100,92
"4830",0,6,100,8.88341661440251,3.6,1,1,0,100,62.5
"4831",0,4,99,5.61407749931362,13.56,1,1,1,100,66
"4832",0,2,90,10.2235013804355,2,0,0,0,100,65
"4833",1,1,NA,3.79930088179232,0,0,1,0,100,275
"4834",1,1,NA,3.82439798427468,0,0,1,0,100,255
"4835",1,1,NA,3.9379110256065,0,0,1,0,100,255
"4836",1,1,NA,3.73743726423414,0,0,1,0,100,255
"4837",0,4,99,7.81064618042878,7.82,0,1,1,100,40
"4838",0,4,100,5.22781872026299,1.98,1,1,0,100,50
"4839",0,2,99,9.01614260508298,8.68,1,0,1,100,64.5
"4840",1,2,100,4.93189146712829,0.72,0,1,1,100,45
"4841",0,3,93,11.1346613073425,5.59,0,0,0,100,33.3333333333333
"4842",0,3,96,11.2142448561565,8.36,0,0,0,100,36.6666666666667
"4843",0,3,100,5.24362681544394,3.41,0,1,0,100,53
"4844",1,6,91,10.9774645820577,5.08,1,0,0,100,53.3333333333333
"4845",0,4,99,8.32228893117598,7.5,0,1,1,100,42.5
"4846",1,3,NA,4.90745942569624,0,1,1,1,100,150
"4847",0,4,98,10.8906319011612,13.05,1,0,1,100,46
"4848",0,4,NA,1.97084810576963,0,1,1,0,97,136
"4849",0,2,NA,2.28374041228566,0,1,1,0,97,132.5
"4850",0,2,100,4.4568148990377,3.3,1,1,0,97,170
"4851",0,2,100,3.50488472958034,2.7,1,1,0,97,201.5
"4852",0,2,100,2.26562856774477,3,1,1,0,97,196.5
"4853",0,2,NA,4.37529898122253,0,1,1,0,97,179.5
"4854",0,2,NA,3.42049735577356,0,1,1,0,97,155
"4855",0,2,NA,2.38388468102807,0,1,1,0,97,190
"4856",0,2,NA,2.37578196816133,0,1,1,0,97,191.5
"4857",0,2,NA,3.36727068221616,0,1,1,0,97,184
"4858",0,2,NA,4.42014055378782,0,1,1,0,97,207
"4859",0,2,NA,1.14751227732915,0,1,1,0,97,173.5
"4860",0,2,NA,1.19529746177271,0,1,1,0,97,187
"4861",0,2,NA,3.56581450099333,0,1,1,0,97,163.5
"4862",0,2,NA,4.13472788488088,0,1,1,0,97,150
"4863",0,4,NA,3.28337159010834,0,1,1,0,97,144.25
"4864",0,3,NA,4.02447351486909,0,1,1,0,97,177.333333333333
"4865",0,2,NA,2.89412129696993,0,1,1,0,97,124.5
"4866",0,2,NA,2.36429207941475,0,1,1,0,97,188
"4867",0,2,NA,2.91593032947926,0,1,1,0,97,156.5
"4868",0,4,NA,4.17300337436026,0,1,1,0,97,143.5
"4869",0,2,NA,2.07521170781193,0,1,1,0,97,137
"4870",0,2,NA,4.23737808871064,0,1,1,0,97,186
"4871",0,2,NA,3.77849628135836,0,1,1,0,97,168
"4872",0,2,NA,4.49166467162285,0,1,1,0,97,176.5
"4873",0,4,NA,6.7837519041989,0,1,1,0,97,137.75
"4874",0,2,NA,2.39577250327673,0,1,1,0,97,159
"4875",0,2,NA,4.14947651345891,0,1,1,0,97,151.5
"4876",0,2,NA,3.51775406268968,0,1,1,0,97,178
"4877",0,2,NA,3.09850695875171,0,1,1,0,97,178
"4878",0,2,NA,3.30338446828113,0,1,1,0,97,147
"4879",0,2,NA,4.22094317098759,0,1,1,0,97,161.5
"4880",0,2,NA,3.6988191330656,0,1,1,0,97,197.5
"4881",0,3,NA,2.15070325816433,0,1,1,0,97,141.333333333333
"4882",0,4,NA,2.09107049550421,0,1,1,0,97,116.5
"4883",0,2,NA,2.13460059692884,0,1,1,0,97,116
"4884",0,2,NA,3.14644318446435,0,1,1,0,97,202.5
"4885",0,2,NA,2.39826106777776,0,1,1,0,97,194.5
"4886",0,4,NA,6.20505156702955,0,1,1,0,97,120.5
"4887",0,4,NA,3.50796640044733,0,1,1,0,97,138.5
"4888",0,2,NA,6.92338092765139,0,1,1,0,97,202.5
"4889",1,2,96,4.52200779499284,5.52,0,0,0,100,55
"4890",1,8,NA,5.02083741463285,0,1,1,1,100,125
"4891",0,2,90,4.65278411448245,7.5,1,1,0,100,91.5
"4892",0,5,NA,1.35975254249109,0,1,0,0,88,76.8
"4893",1,2,98,7.48398984689219,0.85,1,1,1,50,150
"4894",0,4,80,5.62864401074561,30,1,0,1,100,99.5
"4895",0,2,NA,3.62098925672467,0,1,1,0,97,190.5
"4896",0,6,NA,1.2596884075077,4.8,1,1,0,67,87.5
"4897",1,2,99,6.38123087451519,2.74,0,1,1,100,100
"4898",0,2,NA,4.32398952336229,0,1,1,0,0,50
"4899",0,2,97,3.4082201296485,4.88,0,1,1,93,80
"4900",0,2,98,8.58830500870621,19.94,1,0,1,100,49.5
"4901",1,2,100,7.88505385451878,5.28,0,1,0,100,92.5
"4902",1,3,100,4.09301389574346,1.28,0,1,0,100,63.3333333333333
"4903",1,2,100,7.73257205134935,0.6,0,1,0,100,85
"4904",1,2,100,4.95316413940263,14.4,1,1,0,60,60
"4905",0,1,NA,9.23990310980796,0,1,0,0,100,145
"4906",0,6,99,3.76988833113763,5.29,1,1,1,100,133.333333333333
"4907",0,8,100,5.7442391775135,3.64,1,1,1,100,136.875
"4908",1,2,100,4.74189895432957,0.5,0,1,1,100,218.5
"4909",1,1,NA,7.03646812822385,0,0,1,0,86,51
"4910",0,1,100,2.30862364988833,4.2,0,1,0,100,100
"4911",0,3,92,9.36780699401689,6.14,1,1,0,100,48.3333333333333
"4912",1,4,NA,10.3664476765754,0,0,0,1,100,54.5
"4913",1,5,100,6.03600978153934,0.09,1,1,0,100,167.2
"4914",1,2,100,6.04650085785434,0.41,0,1,0,100,232.5
"4915",1,2,90,6.07424713434035,1.03,0,1,0,100,170.5
"4916",1,3,95,4.32080543722439,12.94,0,0,1,100,45.6666666666667
"4917",0,4,NA,0.398808569723198,0,1,0,0,80,142.25
"4918",0,4,98,8.56690782540493,6.29,1,0,1,100,80
"4919",0,1,NA,8.6361852145446,0,0,1,0,100,120
"4920",1,2,80,9.07028202623991,0.72,0,0,0,91,47
"4921",1,5,100,9.66709788762647,3.6,1,1,0,100,27.6
"4922",0,1,100,10.6199125022575,9,0,1,0,100,100
"4923",1,3,95,4.41905687421748,13.44,0,0,1,100,45.6666666666667
"4924",0,3,80,2.22592471683215,0.2,0,1,1,100,58.3333333333333
"4925",1,1,99,3.49639735597857,2.97,0,1,1,100,298
"4926",1,2,97,6.97187733627384,6.81,1,1,1,100,87.5
"4927",1,4,100,5.99148647700956,3.3,0,1,1,100,60.75
"4928",0,2,98,5.21398175256498,2.69,0,0,1,100,49.5
"4929",0,2,98,8.21906653163794,1.19,0,0,0,100,65
"4930",0,2,NA,1.62108370643306,0,0,1,0,NA,175
"4931",1,4,99,4.090735278283,5.16,1,1,0,100,112.5
"4932",0,3,96,4.36624690402413,13.08,1,1,1,100,91
"4933",0,3,97,2.06044327515152,8.65,0,1,1,100,70
"4934",0,3,98,9.74140014515198,9.88,1,0,1,100,56.3333333333333
"4935",0,2,100,5.22650819342309,5.23,0,1,1,100,53
"4936",1,5,92,9.65614220759369,9.64,1,1,0,100,71
"4937",0,2,100,6.15555334559116,0.41,0,1,1,100,99
"4938",0,2,98,5.76214017499657,6.48,1,1,1,100,117.5
"4939",0,2,NA,2.25029512340351,0,0,1,0,NA,100
"4940",0,4,NA,2.25159063628097,0,0,1,0,NA,50
"4941",0,4,NA,2.19659754599516,0,0,1,0,NA,50
"4942",0,7,90,9.12606103580501,0.18,1,0,0,100,116.857142857143
"4943",0,4,93,5.07728392636609,1.97,0,0,0,100,45
"4944",1,1,NA,6.93042138333216,0,1,1,1,100,294
"4945",1,2,95,4.46461289648625,3.68,0,0,0,100,95
"4946",0,6,93,7.9177546841247,1.36,1,0,1,100,55
"4947",0,4,100,4.7597313339626,7.1,1,1,1,100,67.5
"4948",0,1,93,5.15197392817221,0.76,0,0,0,100,65
"4949",0,1,96,5.06537848556192,1.56,0,0,0,100,65
"4950",0,2,NA,2.92930975992147,0,1,1,0,97,159.5
"4951",0,2,99,5.3288451694313,5.21,0,1,1,100,53
"4952",0,2,80,3.52476057518025,3,1,0,0,100,130
"4953",0,2,93,3.88515806712854,3.88,0,0,0,100,85
"4954",0,2,100,4.53768100075127,1.5,0,1,0,100,143.5
"4955",0,2,100,2.28551224805329,3.6,1,1,0,97,159
"4956",0,2,99,5.81317084469188,2.49,1,0,1,100,150
"4957",1,2,NA,5.828903190577,0,1,1,0,100,111
"4958",0,4,100,3.56678754109172,14.7,1,1,0,100,70.5
"4959",1,3,99,8.15009794326734,1.31,1,1,1,100,92.6666666666667
"4960",0,3,98,7.01842178945203,12.42,1,0,1,100,53
"4961",0,3,94,10.6318814683079,14.7,1,1,0,100,41.3333333333333
"4962",0,2,NA,4.5846083816101,0,1,1,0,NA,87.5
"4963",0,2,80,3.80700167385743,27.3,1,0,1,100,56
"4964",0,2,80,8.59023693013559,18,0,1,0,100,95
"4965",0,2,100,8.76864235789744,12.3,0,1,0,100,89
"4966",0,2,NA,3.94761755786278,0,1,1,0,97,188
"4967",1,4,NA,0.773162405083454,0,1,1,0,87,114
"4968",1,2,100,5.76644335716692,4.5,1,0,0,100,117.5
"4969",0,2,100,4.08892834281362,4.54,1,1,1,100,120
"4970",1,1,NA,4.6826644759742,0,0,1,0,NA,100
"4971",0,6,NA,4.67265872228098,0,1,1,0,NA,31.5
"4972",1,2,87,4.8139322785267,2.28,0,1,1,100,87
"4973",1,3,99,6.31248030948798,3.16,1,0,1,100,108.333333333333
"4974",1,5,100,8.2312734078064,5.1,1,0,0,100,48
"4975",0,2,95,8.99436273453505,8.72,0,0,0,100,100
"4976",0,2,91,4.49892198003377,3.58,0,0,0,100,56
"4977",0,2,NA,1.33617840927781,0,1,1,0,99,128
"4978",1,2,NA,10.0404998407048,0,0,1,0,NA,87.5
"4979",0,2,99,7.35115367849736,14.48,0,1,1,100,50
"4980",1,4,98,5.51471036894174,10.76,0,0,1,100,61.25
"4981",1,6,NA,6.56204639311277,0,1,0,0,NA,71.6666666666667
"4982",0,6,98,6.63579489008446,2.9,1,1,1,100,250
"4983",0,2,100,1.67559762448773,9.3,1,0,1,100,130
"4984",1,2,95,1.65051297430936,8.73,0,1,0,88,90
"4985",0,7,97,8.24538879038668,4.04,1,0,1,NA,66.2857142857143
"4986",1,4,96,8.176229846355,7.5,1,1,1,100,63.5
"4987",0,2,98,4.85091523713672,13.52,1,0,1,100,87.5
"4988",0,2,95,7.8997933077335,5.88,0,1,1,100,47.5
"4989",0,2,95,7.9270500308012,7.04,0,1,1,100,44
"4990",0,2,94,8.04314446710553,7.41,0,1,1,100,44
"4991",0,3,98,7.86274428993788,5.13,0,1,1,100,43.3333333333333
"4992",0,2,96,8.08382625244897,4.79,0,1,1,100,57.5
"4993",0,1,100,7.12695309779414,5.4,0,1,0,100,92
"4994",0,2,NA,3.61616783948094,0,1,1,0,97,165.5
"4995",0,2,95,6.37785265500671,4.19,0,0,1,100,80
"4996",0,2,96,5.13692973970311,1.42,0,0,0,100,67.5
"4997",0,8,97,7.03618884377504,1.62,1,0,0,100,93.625
"4998",0,2,NA,2.09379641576765,0,1,1,0,97,203.5
"4999",0,4,98,2.04827870526924,7.5,0,1,1,100,60
"5000",0,2,99,6.64083123027319,13.32,0,1,1,100,67.5
"5001",1,2,97,11.1572391215707,12.31,0,1,1,100,94.5
"5002",1,2,88,8.7468389746628,16.1,1,0,0,100,50
"5003",1,2,NA,8.66057650000858,0,0,0,0,100,112.5
"5004",0,4,97,6.15371675292866,8.73,1,0,1,100,103.75
"5005",1,2,94,3.1776421641027,3.18,1,0,1,90,122.5
"5006",0,2,100,4.3128755066528,4.82,0,1,1,100,112.5
"5007",1,2,100,4.30377230551338,1.1,0,1,0,100,87.5
"5008",1,2,100,8.74958743684058,14.4,0,1,0,100,53
"5009",1,2,100,4.1556382448292,0.54,0,1,0,100,100
"5010",0,4,97,0.474755857534991,16.14,1,0,0,80,118.75
"5011",0,2,98,4.40090201689721,7.42,0,1,1,100,92.5
"5012",1,5,80,5.0804264432893,4.9,1,1,1,100,90
"5013",0,1,100,5.52568688766058,7.2,0,0,1,100,60
"5014",1,4,100,5.85850942638444,12.6,1,1,1,100,100
"5015",0,4,96,10.7158146481178,3.48,0,0,1,NA,43.25
"5016",0,2,100,8.61267171266884,9.6,0,1,0,100,95
"5017",0,3,97,2.08769573440137,7.35,0,1,1,100,70
"5018",0,3,100,2.39927375975388,0.88,0,1,1,100,60
"5019",0,2,87,5.22750521360992,10.5,1,1,1,100,130
"5020",0,7,88,11.5374192202179,12.28,1,0,0,97,55
"5021",0,1,93,5.45118404872267,11.1,0,0,1,100,55
"5022",0,2,93,5.45735073192535,0.9,1,1,1,90,175
"5023",1,2,100,7.47669301751174,14.88,0,0,1,100,88.5
"5024",1,3,99,4.57927137135944,4.28,1,1,1,100,111.666666666667
"5025",0,5,100,3.75040856271262,6.9,1,1,1,100,241
"5026",0,2,NA,3.62922897864845,0,1,1,0,97,209.5
"5027",0,2,NA,3.62138865058813,0,1,1,0,97,150
"5028",1,6,97,5.39860196897388,2.7,1,1,0,100,66.6666666666667
"5029",0,1,100,6.46598780374041,0.97,0,1,1,100,164
"5030",0,4,NA,0.677438723358043,0,1,0,0,NA,46.25
"5031",0,4,80,5.73982669941074,8.1,1,1,0,100,41.25
"5032",0,1,90,5.91833427583808,8.4,0,0,0,100,130
"5033",0,5,100,3.71454468925015,10.2,1,1,1,100,53
"5034",1,2,98,5.29798108105816,13.41,0,1,1,100,99.5
"5035",0,3,97,9.44317095403613,9.6,1,1,1,94,62.6666666666667
"5036",0,4,100,1.5697427090575,3.4,1,1,0,100,73.75
"5037",0,2,100,6.65404766525677,17.1,1,1,0,100,200
"5038",1,2,NA,3.50915315904196,0,1,1,0,NA,250
"5039",0,7,94,7.93813731539088,7.33,1,1,0,100,50
"5040",0,2,99,7.97754429473251,3.82,1,0,1,100,85
"5041",1,2,98,4.05996963723527,15.92,0,1,1,100,77.5
"5042",0,2,80,2.2876550508502,0.58,0,1,1,100,79
"5043",0,2,NA,2.04192793216901,0,1,1,0,97,213.5
"5044",1,4,92,4.39677225582044,4.52,0,0,0,100,52.75
"5045",1,4,NA,0.55856329828718,0,1,1,0,0,187.5
"5046",0,2,95,9.11836121684157,6.4,1,1,0,100,125
"5047",0,2,98,1.29782667857418,10.89,0,1,1,100,115
"5048",0,6,100,8.09352336610167,0.78,1,1,0,NA,112.5
"5049",0,6,NA,9.45721111683087,0,1,0,0,82,50.8333333333333
"5050",1,2,99,5.76868607544764,9.54,0,0,1,100,80
"5051",0,6,100,2.71482582970292,4.5,1,1,0,100,120
"5052",0,6,NA,9.49303956300123,0,1,0,0,82,50.6666666666667
"5053",0,4,90,5.69920796103283,2.7,1,1,1,100,136.25
"5054",1,3,NA,4.34515485886247,0,0,1,0,NA,50
"5055",0,2,100,5.02735211058445,7.8,1,1,0,100,152
"5056",0,3,100,1.04665213262277,4.2,1,1,0,80,85
"5057",1,4,NA,5.17999186193922,0,1,1,0,NA,125
"5058",1,2,100,2.05466766413927,8.04,1,1,1,100,99.5
"5059",0,2,NA,9.60319287449195,0,0,0,0,82,110.5
"5060",1,5,NA,0.803546764059259,0,1,1,0,87,113.4
"5061",1,2,99,6.99328288938522,8.58,0,0,1,100,102
"5062",0,2,92,9.30222779276624,3.84,0,0,0,100,40
"5063",0,2,100,2.24439015086639,0.38,1,1,1,100,71.5
"5064",1,6,100,8.88438403703233,4.8,1,1,1,100,60
"5065",0,2,80,2.6168485574542,26.7,1,1,0,100,92.5
"5066",0,2,90,2.20904755232665,1.14,0,1,1,100,71.5
"5067",0,6,NA,5.83809266024067,0,1,1,0,NA,133.333333333333
"5068",0,3,NA,7.42749366015127,3.9,1,1,0,NA,66.6666666666667
"5069",0,2,91,7.15613206042016,5.1,1,0,0,NA,94
"5070",1,2,NA,5.33901833646597,0,1,1,0,NA,55
"5071",1,6,100,8.43696105679705,1.18,1,1,0,NA,65.8333333333333
"5072",1,5,90,4.92121464572979,11.4,1,1,0,100,46.4
"5073",0,4,60,6.09956420108239,13.5,1,1,1,98,92.75
"5074",0,4,92,10.1476036872656,6.8,1,1,0,100,57.5
"5075",1,1,99,4.02005969444887,12.62,0,1,1,100,109
"5076",0,1,97,7.17237788499166,6.73,1,0,1,100,140
"5077",1,4,NA,7.99339717928547,0,0,0,0,NA,56.25
"5078",1,15,100,3.12311896362239,1.38,1,1,0,100,66.6666666666667
"5079",1,2,97,4.37193575708452,3.01,0,0,1,100,175
"5080",0,2,98,9.46898161254103,4.9,0,1,1,100,104.5
"5081",0,2,98,9.63687126808266,5.62,0,1,1,100,102
"5082",1,6,98,6.45804700187337,2.8,1,1,0,100,86.6666666666667
"5083",0,4,20,1.43896580952507,11.1,1,0,0,NA,61.25
"5084",1,2,NA,5.5171396570679,0,1,0,0,100,117.5
"5085",1,4,NA,5.74456578066039,0,1,1,0,100,68.75
"5086",0,2,100,2.31526286969108,1,1,1,1,80,375
"5087",0,5,100,9.27715687674892,20.1,1,1,1,100,53
"5088",0,4,NA,4.52872964132946,0,1,1,0,70,236.25
"5089",0,2,98,10.49511680449,6.98,0,1,1,100,87.5
"5090",1,7,100,8.17648935842595,10.2,1,1,1,100,64.2857142857143
"5091",0,4,100,5.87624668889466,1.86,1,1,1,100,125
"5092",0,1,100,7.25609164159135,25.8,0,1,0,90,283
"5093",0,7,93,9.63803437355122,3.6,1,1,1,100,97
"5094",1,2,98,5.72587613390021,12.78,0,0,1,100,75
"5095",1,4,100,9.67977278551761,1.92,1,0,1,NA,150
"5096",1,2,100,7.39622040757045,0.29,0,1,0,100,125
"5097",0,1,60,2.37728405390936,18.24,0,0,0,100,111
"5098",0,1,98,8.78544096119961,3.39,0,1,1,100,85
"5099",0,3,100,3.23038126837025,18.9,1,1,0,100,81.6666666666667
"5100",1,8,NA,2.30623405091383,0,1,1,0,NA,56.25
"5101",1,3,NA,1.5224496271038,0,1,1,0,60,95.3333333333333
"5102",1,4,100,10.6142786916793,1.27,0,0,0,90,52.5
"5103",0,2,97,8.85683211192937,12.64,0,0,1,100,50.5
"5104",0,2,99,5.79285031493999,6,1,0,0,100,97.5
"5105",1,4,100,4.87749333701226,1.17,1,1,0,100,126.25
"5106",0,2,NA,3.00866193773534,0,1,1,0,50,120
"5107",0,2,93,10.1584598597709,3.5,0,1,0,100,67.5
"5108",0,2,NA,2.0974123600147,0,1,1,0,97,135
"5109",1,2,NA,1.16477459063602,0,0,1,0,NA,111
"5110",1,5,NA,4.5028188985057,0,1,0,0,100,40
"5111",0,8,98,9.40705838922085,5.4,0,1,1,100,51.875
"5112",1,2,NA,1.9630698693754,0,1,0,0,87,170
"5113",1,5,NA,4.83290939583544,0,1,1,0,90,90
"5114",0,2,98,8.73851083401057,5.86,0,0,1,100,70
"5115",1,4,80,5.69968975572464,7.8,1,1,0,100,60
"5116",1,2,100,6.04889296886853,6,0,0,1,96,80
"5117",0,16,NA,5.57877581380751,0,1,0,0,100,93.6875
"5118",0,2,98,7.78150775966707,3.97,0,0,1,100,50
"5119",0,6,NA,10.1846997607521,0,1,0,0,100,42.8333333333333
"5120",0,4,NA,4.76017017440222,0,1,1,0,100,54.25
"5121",0,2,NA,5.57619778968664,0,1,0,0,100,96.5
"5122",0,2,NA,5.21440460356726,0,1,0,0,100,95
"5123",0,2,NA,6.28104532102412,0,1,0,0,100,78
"5124",0,4,NA,0.94477444771564,0,1,1,0,100,109
"5125",0,5,NA,0.98410675119572,0,1,1,0,100,104
"5126",0,6,NA,0.997369468498516,0,1,1,0,100,46
"5127",0,2,98,8.73937929572107,4.42,0,0,1,100,70
"5128",0,2,100,2.28282385675883,0.4,0,1,1,100,71.5
"5129",0,4,NA,11.0504825252091,0,1,1,0,NA,56.25
"5130",0,5,100,3.43461585574938,13.8,1,1,0,100,89
"5131",1,2,NA,5.98318593475505,0,1,1,0,100,82.5
"5132",0,2,89,9.27981956145469,4.13,0,0,0,100,40
"5133",0,2,92,9.39785737448984,4.46,0,0,0,100,40
"5134",0,2,NA,1.8032784524859,0,1,1,0,NA,187.5
"5135",1,2,94,3.48281099506034,1.62,0,1,0,100,250
"5136",0,2,91,6.56149056983838,9.84,1,0,0,100,117
"5137",0,2,100,5.83567486417747,15,1,1,0,100,67
"5138",1,6,100,7.29793147320229,6.6,1,1,0,NA,27.5
"5139",0,2,99,5.83652029643169,12.16,1,0,1,100,100
"5140",0,2,93,3.48939524541983,1.43,0,0,0,100,90
"5141",0,2,98,8.55656954476868,5.25,0,0,1,100,70
"5142",0,4,88,9.26538765246972,5.17,1,0,0,100,53.25
"5143",0,6,NA,2.25351158534912,0,1,1,0,100,133
"5144",0,7,100,6.2517509385283,3.66,1,1,1,100,103.571428571429
"5145",1,4,100,3.85948780737059,1.66,1,1,0,90,153.75
"5146",1,5,99,8.95956499813934,4.51,1,0,1,100,71
"5147",0,5,99,3.62571060847981,4.86,1,1,1,100,137
"5148",0,4,97,2.56880316186157,6.52,1,0,1,100,133.75
"5149",0,14,100,9.42445586850152,1.08,1,1,1,100,93.1428571428571
"5150",0,2,96,9.33989892342111,4.13,0,1,1,100,88.5
"5151",1,2,100,0.681886690531805,3.8,0,1,1,100,62.5
"5152",0,2,100,4.09134695192862,6.82,0,1,1,100,72.5
"5153",0,3,95,9.35907961000724,4.93,0,1,1,100,76.6666666666667
"5154",0,2,94,9.44072480621263,4.33,0,1,1,100,82.5
"5155",0,2,96,9.18260191591203,5.36,0,1,1,100,82.5
"5156",0,4,100,6.19464103283606,8.1,1,1,1,100,110
"5157",0,10,NA,6.40352549278171,0,1,1,0,100,163.7
"5158",1,4,99,9.28707674980025,4.53,0,1,1,98,52.25
"5159",1,6,100,9.22085182110881,5.78,0,1,1,98,51.1666666666667
"5160",1,4,98,9.09878407829625,5.24,0,1,1,98,47.25
"5161",0,2,NA,3.35372677190889,0,1,1,0,97,192
"5162",1,2,100,2.27381571158107,2.2,0,0,1,100,100
"5163",1,4,99,8.08439048393231,12.9,1,0,1,100,60
"5164",0,1,100,0.787116155617566,17.98,0,1,1,94,80
"5165",0,4,NA,1.13795087336289,0,1,1,0,NA,272.5
"5166",0,1,NA,11.3896337561056,0,0,1,1,100,105
"5167",0,4,85,9.99365653941146,14.4,0,1,1,100,70
"5168",0,1,100,5.03936862718913,6.9,0,1,0,100,74
"5169",0,2,NA,3.24157992196904,0,1,1,1,96,119
"5170",0,1,NA,11.2203107731363,0,0,1,0,NA,125
"5171",1,4,98,8.20915543825842,9.5,1,0,1,100,44.75
"5172",0,2,100,4.26234179156282,1.92,1,0,0,NA,232.5
"5173",0,4,100,6.42877965939117,8.1,1,1,0,NA,39.75
"5174",1,2,100,5.90125367288,2.7,0,1,1,100,135
"5175",0,2,95,5.18521233216485,5.8,0,0,0,100,60
"5176",1,2,100,8.85358178912644,1.26,0,1,0,100,87.5
"5177",0,2,100,3.32021296443394,17.1,1,1,0,97,136.5
"5178",0,6,99,10.5295322703694,1.54,1,0,1,100,80
"5179",0,4,100,3.63908310972085,4.2,1,1,1,100,36.75
"5180",0,2,100,7.04782544599374,0.72,0,1,0,100,120
"5181",0,2,NA,3.48470579924793,0,1,1,0,97,112
"5182",0,2,NA,3.75920928566179,0,1,1,0,97,126.5
"5183",0,2,100,3.7057296804543,5.1,1,1,0,97,149.5
"5184",0,2,86,4.18318121692468,2.42,0,1,0,100,74
"5185",1,2,97,8.13912031382579,10.48,1,0,0,100,105
"5186",0,2,NA,3.94963992953059,0,1,1,0,97,126.5
"5187",1,4,81,7.09560358539909,11.72,1,1,0,100,63
"5188",1,6,NA,7.28658678141272,0,0,1,0,NA,60
"5189",0,1,100,4.28656123075099,3.32,0,1,1,100,275
"5190",1,2,100,6.09220519708155,0.98,0,1,1,100,100
"5191",1,3,80,5.10434993391079,7.2,1,1,0,87,106.666666666667
"5192",0,4,100,3.73044184293659,17.7,1,1,1,90,95
"5193",0,4,70,3.83159168452893,14.1,0,1,0,100,40
"5194",0,4,100,3.79203131915828,9,0,1,0,100,34
"5195",1,1,100,3.44301353396645,17.1,0,1,1,100,89
"5196",0,2,91,4.27940341103133,1.81,0,1,0,100,99.5
"5197",1,2,99,9.99886122507303,11.01,1,1,1,100,69.5
"5198",0,1,99,5.51684936638909,5.48,0,1,1,90,189
"5199",0,6,100,4.89600670353227,1.67,1,1,1,100,80
"5200",1,5,NA,0.687409093965517,0,1,1,0,87,114.6
"5201",1,4,NA,3.81071843481341,0,1,1,1,100,115
"5202",0,2,100,1.71582259994998,1.94,1,1,1,100,325
"5203",0,2,NA,2.94912203240503,0,1,1,0,100,166
"5204",1,4,NA,2.34787097041354,0,0,0,1,100,80.75
"5205",0,2,100,8.02200208099747,5.7,0,1,0,100,89.5
"5206",0,2,90,10.0661858832386,22.8,0,1,1,100,62.5
"5207",0,1,100,1.36200749352237,13.8,0,1,1,NA,100
"5208",1,2,80,1.34673504954165,24.3,1,1,0,90,213
"5209",0,2,NA,3.23659685095294,0,1,1,0,94,185
"5210",1,6,100,8.36933107604674,1.77,1,1,1,100,120.833333333333
"5211",0,2,NA,3.01375927201064,0,1,1,0,97,139
"5212",0,2,60,10.0060866083622,27.3,0,0,0,100,70
"5213",1,1,100,5.80846144737092,0.87,0,1,1,100,170
"5214",1,2,100,7.85791156852262,1.54,1,0,1,100,125
"5215",1,2,95,6.11208562006816,1.8,1,1,0,100,125
"5216",1,8,NA,6.94274850107403,0,1,1,0,100,89.25
"5217",0,2,100,11.1420268076304,12.1,0,0,1,100,70
"5218",1,4,98,6.90148840686502,9.96,1,0,1,100,124.5
"5219",0,2,NA,3.75137048751147,0,1,1,0,97,133
"5220",1,2,87,7.16775923260938,9.5,1,1,0,100,61.5
"5221",1,2,100,8.04295697167234,11.72,1,1,1,100,146
"5222",1,4,100,7.16664268061129,7.2,1,1,0,80,37.5
"5223",0,2,NA,7.76364075199657,0,0,1,0,100,87.5
"5224",0,2,99,8.54633232427648,8.37,1,1,1,100,129
"5225",0,2,NA,3.23740516235071,0,1,1,0,94,195
"5226",0,1,97,3.17197410547161,13.02,0,1,1,100,179
"5227",1,2,100,3.63668260449161,1,0,1,1,100,45
"5228",0,4,96,3.50906965959432,3.56,0,0,0,99,58.5
"5229",0,6,NA,6.34706014103805,0,1,0,0,NA,62.5
"5230",0,2,NA,3.76848741215577,0,1,1,0,94,285
"5231",0,4,NA,3.14707670834647,0,1,1,0,94,160
"5232",0,2,NA,3.63653871478586,0,1,1,0,97,174.5
"5233",0,2,NA,3.60064131743806,0,1,1,0,97,173.5
"5234",0,4,NA,5.59390041482196,0,1,1,0,94,162.5
"5235",0,4,NA,2.07263336489253,0,1,1,0,94,160
"5236",0,2,NA,3.68885509885224,0,1,1,0,94,252.5
"5237",0,6,90,8.22665788536312,8.4,1,1,1,100,73.3333333333333
"5238",0,2,NA,3.87196329105352,0,1,1,0,97,157
"5239",0,2,89,3.60058597519848,3.42,0,0,0,99,97.5
"5240",0,2,94,3.55114624560781,3.14,0,0,0,99,108.5
"5241",0,1,100,6.04892511962061,1.32,0,0,1,100,175
"5242",1,2,100,6.83768587261211,2,0,0,1,100,81.5
"5243",1,4,NA,6.8176265371532,0,1,1,0,NA,54
"5244",0,1,NA,0.876342001145814,3.3,0,1,0,NA,121
"5245",1,4,100,4.61349304891537,0.88,1,1,1,100,175
"5246",1,2,100,4.6600215532968,1.83,0,1,1,100,75
"5247",0,2,NA,2.86694301768834,0,1,1,0,97,164.5
"5248",1,4,96,2.23345660540337,2.51,0,0,1,100,49.75
"5249",0,7,96,7.20708509881944,4.59,1,1,1,100,98.2857142857143
"5250",0,2,98,8.581846194128,11.85,0,1,1,100,87.5
"5251",1,2,96,9.21983555173097,4.34,0,0,0,100,55
"5252",1,2,100,11.0134322638351,3.33,0,0,1,100,88.5
"5253",0,2,NA,8.52037189677458,0,0,0,1,100,85
"5254",0,2,100,9.49889500001023,8.1,0,1,1,100,147.5
"5255",0,2,98,5.82994143725599,9.62,1,0,1,100,116.5
"5256",0,2,98,5.84056800761676,10.34,0,0,1,100,94
"5257",0,4,100,2.23638855969967,0.81,0,0,1,100,46.25
"5258",1,2,96,4.76492614341855,2.2,0,1,1,100,50
"5259",0,5,100,8.14948173700769,1.48,1,1,1,100,96
"5260",1,2,100,5.06936659977923,10.2,1,1,0,90,242
"5261",0,1,NA,9.3663274590828,0,0,0,0,100,120
"5262",0,2,98,9.88302593565847,1.89,0,0,1,100,40.5
"5263",1,1,NA,5.54928347209555,0,0,1,0,NA,175
"5264",1,4,NA,2.36120024591639,0.44,1,1,0,NA,287.25
"5265",1,1,100,5.40032669050677,2.25,0,1,0,NA,150
"5266",1,2,98,4.08438965443075,9.42,1,1,1,100,145.5
"5267",0,2,96,2.21763790913495,2.2,1,1,1,100,70
"5268",0,2,NA,9.60927985715898,0,0,0,0,82,57
"5269",0,2,NA,9.60673559156796,0,0,0,0,82,59
"5270",0,2,100,8.16931292784149,0.93,1,1,1,100,258.5
"5271",0,5,100,5.55939760350743,9,1,1,0,100,92
"5272",0,2,93,2.53113756867731,0.37,0,0,0,89,60
"5273",0,2,NA,2.6057399810741,0,0,0,0,89,60
"5274",0,2,NA,2.45729207403526,0,0,0,0,89,60
"5275",0,2,NA,2.55049364804162,0,0,0,0,89,60
"5276",0,2,97,2.61095457582578,0.84,0,0,0,89,60
"5277",0,2,60,2.59497535964344,0.14,0,0,0,89,60
"5278",0,4,NA,2.71420170854434,0,0,0,0,89,40
"5279",0,4,100,2.56254844504103,0.13,0,0,0,89,40
"5280",0,2,96,2.51557762097087,0.7,0,0,0,89,60
"5281",0,4,NA,2.61723180563115,0,0,0,0,89,40
"5282",0,2,20,2.53542571595541,0.14,0,0,0,89,60
"5283",0,2,100,2.64884025125206,0.12,0,0,0,89,60
"5284",0,2,100,9.23739036538826,19.77,1,0,1,100,99.5
"5285",0,2,70,2.32313859088507,0.37,0,0,0,92,60
"5286",0,2,82,2.47030366124037,3.39,0,0,0,92,60
"5287",0,4,93,2.3606040202869,0.67,0,0,0,92,40
"5288",0,4,50,2.32465891653762,0.26,0,0,0,92,40
"5289",0,2,80,2.28709575994669,0.49,0,0,0,92,60
"5290",0,2,80,2.27985775267375,0.69,0,0,0,92,60
"5291",0,2,80,2.31920917484716,0.23,0,0,0,92,60
"5292",0,2,83,2.48594616717573,1.3,0,0,0,92,60
"5293",0,2,60,2.35442094593196,1.45,0,0,0,92,60
"5294",0,4,90,2.40970984535707,0.73,0,0,0,92,40
"5295",0,3,98,9.15906461012505,11.82,0,1,1,100,51
"5296",1,2,97,8.16682362326921,5.38,1,1,1,100,55
"5297",0,6,100,7.93278695231559,1.29,1,1,1,80,366.666666666667
"5298",1,4,98,2.43276660020905,1.28,0,0,1,100,49.75
"5299",0,4,NA,3.06532356758667,0,1,1,0,99,84.5
"5300",1,4,100,0.390830008684212,0.69,0,1,1,100,47.25
"5301",1,6,93,0.289341480265309,0.35,1,1,1,100,31.5
"5302",0,2,100,3.00739274960545,3.6,1,1,0,99,142
"5303",1,2,100,5.14723389784792,11.43,1,1,0,100,150
"5304",1,2,97,7.80111074025663,13.56,1,0,1,100,66.5
"5305",1,2,100,6.08990067967873,10.62,0,1,0,100,135
"5306",0,4,100,7.49923566566676,5,1,0,1,100,66.25
"5307",1,6,93,10.3774882344432,2.44,1,0,0,100,55.8333333333333
"5308",0,4,98,7.54368926438459,7.98,1,0,1,100,62.5
"5309",0,6,96,3.59472800835681,3.94,1,1,0,100,39.6666666666667
"5310",1,4,97,6.90313470175828,2.1,1,1,1,100,101.25
"5311",1,6,99,8.48628375546948,6.81,1,1,1,100,58.3333333333333
"5312",1,2,99,6.73358280087356,15.39,1,1,1,100,119.5
"5313",1,4,97,8.63857965967826,5.28,1,0,1,100,45.5
"5314",0,2,100,10.1204834996964,14.4,1,0,0,100,36.5
"5315",0,5,92,6.11140623081966,10.34,1,1,0,100,71
"5316",0,3,NA,7.43398318233765,0,1,0,0,NA,41.6666666666667
"5317",0,2,88,6.85972592650657,16.2,1,0,0,100,75
"5318",0,6,86,3.7375502357229,6.63,1,1,0,100,39.6666666666667
"5319",0,6,NA,2.37996895638087,0,1,1,0,NA,47.1666666666667
"5320",1,2,100,4.35945987130297,0.89,0,0,1,100,122.5
"5321",0,2,100,8.7374494141211,4.8,1,1,0,NA,112.5
"5322",1,3,100,1.98911374112967,0.22,0,1,1,100,61.6666666666667
"5323",1,2,99,7.64287133180582,13.65,1,1,1,100,99
"5324",1,5,100,4.24320543103098,2.94,1,1,1,100,106.8
"5325",1,8,100,5.9685763808033,4.1,1,1,0,NA,81.25
"5326",0,1,100,11.1763684107538,14.1,0,0,1,100,150
"5327",1,6,NA,1.19283181369186,0,1,1,0,100,80.5
"5328",1,6,100,0.589626243799897,0.37,0,1,0,93,175
"5329",0,2,93,4.81536658755938,6.75,0,0,0,98,57
"5330",1,4,100,0.285819649037544,0.31,0,1,1,100,47.25
"5331",1,5,87,11.293493572492,6.18,1,0,0,100,50
"5332",1,6,NA,10.402167740236,0,1,1,1,100,57.5
"5333",0,3,NA,6.61661095354316,0,1,0,0,100,87.6666666666667
"5334",0,3,80,2.43743400771905,7.8,1,1,0,100,35.3333333333333
"5335",0,5,100,2.60168832451216,10.2,1,1,0,100,25.2
"5336",1,2,100,6.61285708265476,6.56,0,0,1,NA,75
"5337",1,2,91,6.37437224458214,11.1,0,0,0,89,79.5
"5338",0,1,84,3.4936289918484,4.83,0,0,0,100,134
"5339",1,3,100,5.47059167300358,9.9,1,1,0,87,113.333333333333
"5340",1,4,100,0.351519437790244,1.87,1,1,1,100,47.25
"5341",1,2,100,5.85104521001341,7.18,1,1,1,100,137.5
"5342",0,2,95,3.78113570745639,5.74,0,0,0,99,75
"5343",1,3,NA,0.986262982753569,0,1,1,1,100,205
"5344",0,4,NA,3.67926269327775,0,1,1,0,97,108.25
"5345",1,2,100,5.3528759716715,4.35,1,1,0,NA,125
"5346",1,2,100,8.7574191854941,9.81,1,0,1,100,92.5
"5347",0,4,98,4.31637286562313,7.7,1,1,1,100,103
"5348",0,2,100,1.51508838468656,24,1,0,0,100,85
"5349",1,1,90,4.71236875715028,19.5,0,1,1,30,80
"5350",0,3,NA,5.40641782461236,0,1,1,0,100,43.3333333333333
"5351",1,4,100,2.18831348514834,0.62,0,0,1,100,49.75
"5352",1,2,98,3.4949690094855,2.55,0,1,1,100,115.5
"5353",1,4,100,2.22277945138047,0.12,0,0,1,100,49.75
"5354",1,6,98,1.72070099518154,4.77,1,1,1,100,146.5
"5355",0,3,97,3.4133078906412,3.24,1,1,0,100,170
"5356",0,2,97,8.83488193916016,2.29,0,0,0,100,85
"5357",0,2,95,8.77745321590429,1.48,0,0,0,100,75
"5358",1,4,80,3.48017759159923,23.1,1,1,0,90,111.75
"5359",1,2,NA,8.79493786766673,0,1,1,0,100,94.5
"5360",1,2,97,8.28209834185654,7.35,1,1,1,100,90
"5361",0,5,100,6.57971523529042,4.08,1,1,1,100,59.4
"5362",1,6,97,6.70263670511743,2.16,1,1,0,78,60
"5363",0,2,NA,3.22194015936661,0,0,1,0,100,81
"5364",0,6,100,7.70357349851309,2,1,1,1,100,125.833333333333
"5365",0,2,100,2.97459692855704,19.2,1,1,0,100,147.5
"5366",1,4,NA,9.90699531645627,0,0,1,0,50,25
"5367",0,4,NA,9.31137084931849,0,0,0,0,100,21
"5368",1,2,100,5.39700491388559,6.34,1,0,1,100,175
"5369",0,2,100,6.40342021558656,11.47,0,1,0,100,28
"5370",0,2,100,2.24001881810033,1.86,0,1,1,100,64
"5371",0,3,98,6.84875207113223,5.36,1,1,1,100,94.6666666666667
"5372",0,2,NA,3.37066346694771,0,1,1,0,NA,135
"5373",0,6,100,7.6045538962477,5.25,1,0,0,NA,57.5
"5374",1,6,NA,8.63448001142596,0,1,1,0,NA,91.6666666666667
"5375",1,2,100,5.95689163790817,6.9,1,1,0,100,87.5
"5376",0,2,100,8.89424044977651,5.7,1,0,0,NA,144.5
"5377",0,4,NA,1.92021054030076,0,1,1,0,97,95.75
"5378",0,4,NA,3.63132916029311,0,1,1,0,97,129.75
"5379",1,2,96,3.33902665841311,0.72,0,0,1,100,89.5
"5380",0,2,99,10.5441617331836,10.44,0,0,1,100,62.5
"5381",0,4,100,7.47381118570864,1.2,1,1,0,NA,93.75
"5382",1,1,100,6.54467821561333,8.1,0,0,0,75,90
"5383",0,2,100,3.93161893326854,8.1,1,1,0,97,190.5
"5384",0,1,NA,7.84017431600036,0,0,1,0,100,153
"5385",0,3,100,5.18397600213217,13.2,1,0,0,90,73.3333333333333
"5386",1,1,100,6.27069842680682,0.13,0,1,0,NA,125
"5387",1,2,100,3.44172379169912,1.95,1,1,0,100,187.5
"5388",0,4,95,5.24814773746639,7.78,1,0,0,100,75
"5389",0,2,99,6.42730576824871,7.42,1,0,1,100,144.5
"5390",0,3,100,6.35572060163502,12.9,1,1,1,100,153
"5391",0,5,93,7.74138716044582,1.52,1,0,1,100,42
"5392",1,4,NA,4.37293517955641,0,1,1,1,100,127.5
"5393",1,2,100,8.81117711966963,4.3,0,0,1,100,92.5
"5394",1,2,98,5.10890602051211,9.84,1,1,1,100,99.5
"5395",0,1,95,3.99012742678741,8.76,0,1,1,100,145
"5396",0,4,NA,3.68962802723563,0,1,1,0,97,115.75
"5397",1,6,98,0.38186859271292,1.66,1,1,1,100,42
"5398",0,6,100,11.1896289332992,0.26,1,1,0,100,90.8333333333333
"5399",0,2,NA,4.82110176847657,0,0,1,0,NA,100
"5400",1,4,100,0.960553794056469,7.8,1,1,0,100,70
"5401",0,1,100,0.686564567210407,8.1,1,0,1,97,270
"5402",1,5,100,4.31690662968544,0.96,1,0,0,100,82.4
"5403",0,2,96,6.35099726042146,8.82,0,0,1,100,73
"5404",0,2,100,4.20733248311363,8.1,1,1,1,100,87.5
"5405",1,5,NA,1.25431880227773,0,1,0,0,NA,32.8
"5406",1,2,100,6.79109239443994,2.5,0,0,0,100,99.5
"5407",0,2,100,6.23010102443692,1.29,0,1,1,100,91.5
"5408",0,2,91,8.51585120763144,5.24,0,0,0,100,62
"5409",0,2,NA,3.63180969356637,0,1,1,0,97,141
"5410",0,2,NA,3.56834788568587,0,1,1,0,97,170
"5411",0,2,NA,3.73674860321451,0,1,1,0,97,169.5
"5412",0,2,NA,3.57474556963105,0,1,1,0,97,169.5
"5413",1,6,NA,4.65269684024832,0,1,1,1,100,201
"5414",1,4,100,4.6702083921352,2.9,1,1,1,100,230.5
"5415",0,2,98,7.59725579368668,4.98,0,0,1,100,45
"5416",1,4,100,5.52620733031078,2.12,1,1,0,NA,92.5
"5417",1,7,100,1.31927678641676,16.5,1,1,0,100,80.7142857142857
"5418",0,2,100,2.16382393851812,8.82,0,1,0,NA,47.5
"5419",1,2,100,6.1857233091177,1.14,1,1,0,100,117.5
"5420",0,2,100,6.07186872403542,9.14,0,1,1,100,79.5
"5421",1,1,98,5.45827988466215,3.19,0,1,1,100,156
"5422",0,4,87,6.01551313302243,13.2,1,1,0,100,101.25
"5423",0,2,99,5.53835219773291,5.56,0,0,1,100,77.5
"5424",0,4,100,1.55332982236035,0.28,0,0,0,57,62.25
"5425",0,4,NA,2.35827991428461,0,0,0,0,57,135.25
"5426",0,4,100,2.34423327934972,0.15,0,0,0,57,86.25
"5427",0,4,40,2.67397054999893,0.28,0,0,0,57,84.25
"5428",0,4,NA,3.49424347393417,0,0,0,0,57,138.5
"5429",0,2,NA,2.08545974945888,0,0,0,0,57,194
"5430",1,8,NA,7.46685758107257,0,1,1,0,NA,68.75
"5431",1,2,100,4.15558888536154,6.6,1,0,1,86,77.5
"5432",0,4,83,3.79931889102031,1.96,0,0,0,99,94.5
"5433",1,6,100,3.6199727048426,1,1,1,1,100,66.6666666666667
"5434",0,2,NA,3.52073812302607,0,1,1,0,97,147.5
"5435",0,2,77,3.75465810815934,3.2,0,0,0,99,105.5
"5436",1,4,40,1.3484022830668,4.5,1,1,0,90,179.75
"5437",0,4,NA,5.58529781222316,0,0,1,0,100,100
"5438",0,2,100,3.31305237280132,4.2,1,1,0,90,43.5
"5439",0,9,100,4.62577962057083,8.4,1,1,1,100,172.222222222222
"5440",0,4,98,4.07585351726471,2.98,1,0,1,NA,153.5
"5441",1,4,100,6.22804746276041,14.4,0,1,1,100,59.25
"5442",1,2,100,5.49569366358012,12.98,0,1,1,100,97.5
"5443",0,7,96,4.01527667543812,1.26,1,1,0,NA,54
"5444",0,4,97,8.66417988740584,6.86,1,0,0,100,62.25
"5445",0,4,95,9.62570555925075,6.15,1,0,0,NA,53.5
"5446",0,8,96,0.627420609433434,1.4,1,1,1,100,162.5
"5447",1,3,100,4.57621697233999,8.76,0,1,1,100,130
"5448",0,2,96,8.53241373078939,3.95,0,1,0,100,70
"5449",0,2,NA,3.85139456523067,0,1,1,0,99,108.5
"5450",1,6,98,7.71935527736267,7.36,1,1,1,100,91.6666666666667
"5451",0,4,97,3.20660492695257,6.36,0,1,1,100,45
"5452",0,3,100,3.09816534862924,9.3,1,1,1,98,116.666666666667
"5453",1,3,NA,3.45870617235747,0,0,1,0,100,30
"5454",1,6,100,4.37688447406041,11.7,1,1,0,100,233.166666666667
"5455",0,2,96,1.95456082667963,9.72,0,0,0,92,119.5
"5456",0,3,NA,1.97766568461369,0,0,0,0,92,416.333333333333
"5457",0,2,100,1.48233689901859,1.17,1,1,1,100,137.5
"5458",1,1,NA,4.13733469466052,0,0,1,0,NA,350
"5459",1,2,NA,6.90922730650137,0,1,1,0,NA,190
"5460",1,7,100,1.29937916097599,10.8,1,1,0,100,74.2857142857143
"5461",0,1,94,4.02745549370227,5.98,0,1,1,100,169
"5462",0,1,99,4.01335262457829,7.04,0,1,1,100,195
"5463",0,3,NA,4.15568793771404,0,1,1,0,67,36
"5464",0,2,NA,2.02774664724312,0,1,1,0,97,182
"5465",0,4,NA,1.94213369694036,0,1,1,0,97,96
"5466",0,2,NA,2.26053836034735,0,1,1,0,97,172.5
"5467",0,2,100,9.60447449870134,4.5,0,1,0,100,87.5
"5468",0,4,100,8.67855745457434,3.48,1,0,0,100,75
"5469",0,3,97,8.39637723552833,4.48,0,1,1,100,46.3333333333333
"5470",1,4,100,4.09252352234396,2.37,1,1,0,NA,121.25
"5471",0,2,99,5.59487824089986,8.79,0,0,1,100,70
"5472",0,2,100,4.06179089624441,3.12,0,1,1,100,75
"5473",1,4,100,4.96984206681291,5.4,1,1,0,100,193.75
"5474",1,5,100,2.12506170594142,4.6,1,1,1,100,120
"5475",1,2,100,3.53181593303437,8.1,1,1,0,100,151
"5476",0,2,100,9.81313017047794,15.84,0,1,1,NA,87.5
"5477",0,2,NA,8.80209714150349,0,0,1,0,NA,200
"5478",0,4,100,7.69090352535245,8.04,1,1,1,100,177.5
"5479",1,2,99,7.48169604219349,13.18,1,1,1,100,102
"5480",1,4,100,4.8453037316305,7.2,1,1,1,100,64
"5481",1,5,88,9.60607156926376,4.21,1,1,0,100,49
"5482",1,2,100,1.6524857874449,17.4,0,1,1,100,102
"5483",1,7,87,9.93918973649189,2.52,1,1,0,100,46
"5484",1,6,100,9.97251205365783,8.24,1,1,0,100,65
"5485",0,2,100,3.38827481286646,8.1,1,1,0,90,55
"5486",1,2,95,9.99037984233768,1.2,0,1,0,100,82
"5487",1,5,91,8.56631382686059,2.3,0,1,0,100,66
"5488",1,5,NA,2.42988224102857,0,1,1,1,100,207
"5489",0,2,98,0.995086655104939,5.4,1,0,0,100,150
"5490",0,1,NA,4.50137820440938,0,0,0,0,NA,65
"5491",0,6,100,9.5324493588342,1.7,1,1,0,100,120.833333333333
"5492",0,2,100,5.28946949705387,3.48,0,1,1,100,70
"5493",1,4,99,8.05252262835775,8.68,1,0,1,100,59.75
"5494",0,2,NA,2.47256319111496,0,1,1,0,100,91
"5495",0,6,NA,5.47853894586654,0,1,1,0,NA,83.3333333333333
"5496",0,4,NA,3.97214804471587,0,1,1,0,97,115.5
"5497",0,2,100,7.24860885849612,7.2,0,1,0,100,60
"5498",1,2,100,2.26262528777754,5.1,1,1,0,93,219.5
"5499",1,5,NA,4.57129604617917,0,1,1,0,0,45
"5500",1,2,82,3.22824162066141,23.68,0,0,0,99,499.5
"5501",0,5,98,11.3610772818682,5.56,1,1,1,100,57
"5502",1,1,NA,6.33160255688057,0,0,0,0,NA,175
"5503",0,2,NA,3.05044884576287,0,0,0,0,50,113
"5504",0,2,60,3.1459177903042,0.23,0,0,0,50,122.5
"5505",0,2,NA,3.06013202905667,0,0,0,0,50,157
"5506",0,3,NA,3.1613915312108,0,0,0,0,50,143.333333333333
"5507",0,2,NA,3.22870121019354,0,0,0,0,50,130.5
"5508",0,3,NA,3.2196762566016,0,0,0,0,50,99
"5509",0,2,60,3.17221475787394,0.49,0,0,0,50,136
"5510",0,4,NA,3.07739134052557,0,0,0,0,50,143.75
"5511",1,2,100,4.27749090968189,0.5,0,1,1,100,164.5
"5512",0,2,NA,5.63489312281531,0,1,1,0,97,159.5
"5513",0,2,NA,2.13944728407642,0,1,1,0,97,168
"5514",0,2,NA,5.48377978035523,0,1,1,0,97,161.5
"5515",1,2,86,3.45160595043365,5.75,0,0,0,99,499.5
"5516",0,1,100,2.16381369574935,17.1,0,0,1,75,170
"5517",0,3,NA,6.04129416959942,0,1,1,0,100,133.333333333333
"5518",1,2,98,9.36252388022395,12.16,1,0,1,100,87.5
"5519",0,1,100,3.74996265190832,9.6,0,1,0,100,110
"5520",1,8,99,5.76291167777526,7.35,1,0,0,88,125
"5521",0,5,NA,5.49721952947977,0,1,1,1,100,66.8
"5522",1,2,99,9.28950153991079,5.98,1,1,1,NA,95
"5523",0,1,100,0.679317453046525,8.99,0,0,0,100,30
"5524",0,1,NA,1.59675213021538,0,0,1,0,100,100
"5525",0,2,99,1.481380281704,4.08,0,0,1,100,117.5
"5526",1,6,100,5.49726760422069,7.2,1,1,0,100,183.333333333333
"5527",0,1,100,6.50707980564786,1.3,0,1,1,100,181
"5528",1,5,92,8.81688561375286,8.18,1,0,0,100,54
"5529",1,2,100,3.15219772575586,1.34,1,0,1,90,82.5
"5530",1,2,100,10.9221268899764,0.78,0,0,0,83,75
"5531",0,6,100,4.30720507320473,0.32,1,1,1,100,101.666666666667
"5532",0,6,96,6.75584141217787,3.22,1,1,1,100,73.3333333333333
"5533",0,6,87,6.61824363529673,4.18,1,1,0,100,77.5
"5534",1,6,96,8.75849725771016,6.78,0,0,1,100,58.1666666666667
"5535",0,3,NA,10.1585133843715,0,1,1,0,82,140
"5536",1,4,92,6.56998422787619,2.28,1,1,0,NA,58.25
"5537",1,5,99,3.78200478706734,9.24,1,1,1,100,140
"5538",1,1,60,6.42585754402474,4.8,0,1,0,NA,97
"5539",1,2,100,9.03508820398473,24,1,1,0,100,75.5
"5540",0,4,100,5.86932557991289,1.76,1,1,0,NA,105
"5541",1,2,100,4.85690097189371,4.89,1,1,1,100,140
"5542",0,5,93,10.8327921548646,14.4,1,0,0,75,53.6
"5543",0,4,NA,1.92242221501934,0,1,1,0,97,101.75
"5544",0,4,NA,2.31292701212356,0,1,1,0,97,93
"5545",1,2,100,8.70766004373464,5.7,0,0,0,100,72.5
"5546",0,5,83,11.8634935274704,9.06,1,1,0,100,46.8
"5547",0,4,NA,5.63267940247074,0,1,1,0,97,134.5
"5548",0,6,NA,2.59346240076497,0,1,1,0,0,125
"5549",1,6,80,4.33956394719777,0.46,1,0,0,93,166.166666666667
"5550",1,4,NA,6.53968912311238,0,0,1,0,90,128.75
"5551",0,3,NA,2.57723038231259,4.5,0,1,0,100,49.3333333333333
"5552",0,1,100,1.7072207618424,7.8,0,1,0,100,57
"5553",1,2,100,3.43073826986556,2.58,0,1,1,100,100
"5554",0,2,NA,1.90444241845397,0,1,1,0,97,145
"5555",0,2,100,5.20594378573753,0.6,1,0,0,100,336.5
"5556",0,1,100,3.59387500548625,17.4,0,1,0,100,158
"5557",0,2,NA,4.70646007578976,0,1,1,0,100,91
"5558",1,2,85,8.72791988854502,5.97,0,1,0,97,47
"5559",0,2,100,2.73050564315451,8,0,0,0,60,79.5
"5560",0,2,100,3.05149493405873,2,1,0,0,100,100
"5561",0,5,98,8.62613257387639,6.04,1,0,1,100,64
"5562",1,2,100,3.16873620118482,0.59,1,0,0,100,137
"5563",1,4,NA,6.45329899512195,0,1,1,0,NA,73.25
"5564",1,4,92,0.898861310833675,2.34,1,1,0,50,106.25
"5565",0,6,97,4.44686627263906,3.72,1,1,0,NA,105.833333333333
"5566",0,5,99,9.23141276322373,13.68,1,1,1,100,40
"5567",1,5,100,4.26285753414988,7.8,1,1,1,100,104
"5568",1,5,97,6.42855760887545,5.37,1,1,0,100,124
"5569",0,1,NA,4.83054583681289,0,0,1,0,NA,79
"5570",1,5,NA,8.7334957535345,0,1,0,0,100,80
"5571",1,2,NA,4.00512607824402,0,1,1,0,NA,150
"5572",1,6,NA,5.44935626540019,0,1,1,0,NA,26
"5573",1,2,100,4.53203260582476,0.81,0,1,0,NA,116
"5574",1,2,100,9.98121037749128,3.22,0,1,1,100,43
"5575",0,3,80,10.1552944657003,11.7,1,1,0,NA,123.333333333333
"5576",0,4,98,5.94757055826732,3.06,1,1,0,100,168.75
"5577",0,2,NA,3.31353093046066,0,0,0,1,99,62.5
"5578",0,8,100,1.57862125631681,2.06,1,1,0,90,153.75
"5579",0,4,NA,1.9813554806539,0,1,0,0,100,72.5
"5580",0,3,NA,5.66901713982331,0,1,0,0,100,41.6666666666667
"5581",1,10,NA,8.81711923370994,0,1,1,1,100,132.5
"5582",0,4,100,2.33455924426807,10.2,1,1,0,100,112.25
"5583",0,1,NA,5.03053686133222,0,0,1,0,90,135
"5584",0,5,97,9.95216387604665,9.4,1,0,1,100,49.4
"5585",1,4,NA,3.47341537244012,0,1,1,0,NA,100
"5586",0,2,NA,6.01355051913642,0,1,0,0,100,92.5
"5587",0,3,NA,2.99440043602685,0,0,1,0,100,50
"5588",1,3,95,8.08786740056964,13.92,1,1,1,100,74.6666666666667
"5589",1,5,100,8.87384408630443,2.36,1,1,1,100,93
"5590",0,3,NA,3.42051438881196,0,1,1,0,99,123.333333333333
"5591",1,4,95,0.76950636091279,9.75,1,1,1,100,150
"5592",0,4,NA,2.18544501946209,0,1,1,0,97,103.75
"5593",1,2,100,9.70326049423901,17.4,1,1,0,100,92.5
"5594",0,2,NA,10.6714079899284,0,0,1,0,100,41
"5595",0,2,100,9.58239262536296,18.9,0,1,0,100,33
"5596",0,2,90,10.6275129329523,12.6,0,1,0,100,45
"5597",0,2,90,10.7133152642807,10.2,0,1,0,100,37.5
"5598",1,4,NA,8.7045418100358,0,0,1,0,97,35.75
"5599",1,4,90,5.33049000654612,3.65,1,1,0,86,62.5
"5600",0,3,NA,2.66271077775827,0,0,1,0,100,54.3333333333333
"5601",0,3,NA,2.64116896609011,0,0,1,0,100,53.6666666666667
"5602",1,7,100,5.55339780117482,0.78,1,1,0,100,150
"5603",0,2,80,1.82280822171361,8.4,0,1,0,100,117.5
"5604",0,5,100,6.17926907744474,17.1,1,0,0,100,52.4
"5605",0,1,100,7.33941489384185,5.7,0,1,0,100,85
"5606",1,6,95,4.04423820234698,12.4,1,1,0,100,100
"5607",1,2,99,5.22101404635051,12.36,1,0,1,100,137.5
"5608",0,2,NA,5.80019021626568,0,1,1,0,100,104
"5609",0,13,100,8.61968679863597,3.8,1,0,0,100,16.5384615384615
"5610",0,2,100,9.41061907981712,13.78,1,0,0,100,72
"5611",0,4,98,6.02790043352717,7.42,1,0,1,100,81.25
"5612",0,3,80,2.86720242309234,5.4,0,1,0,100,56.3333333333333
"5613",0,4,NA,0.315673453689173,0,0,0,1,100,387.25
"5614",0,2,80,10.6820010446473,12.3,0,1,0,100,53.5
"5615",0,4,NA,2.30911995001557,0,0,1,0,98,47.5
"5616",1,2,87,7.67653020216927,1.86,0,1,0,93,165.5
"5617",1,2,80,7.78284820977251,0.54,0,1,0,93,198.5
"5618",0,8,90,10.8577601206058,5.88,1,1,0,100,69.75
"5619",0,2,88,10.8020482116832,2.97,1,1,0,100,122.5
"5620",0,2,NA,3.98686900917501,0,1,1,0,97,120.5
"5621",1,4,NA,6.23295179073706,0,1,1,0,100,83.75
"5622",0,3,NA,2.6422203899031,0,0,1,0,100,57.3333333333333
"5623",0,1,NA,9.71708398719143,0,0,1,0,NA,1000
"5624",0,2,100,6.05999663743367,8.02,0,1,1,100,79.5
"5625",0,6,92,6.79038809121167,4.85,1,1,0,100,130
"5626",1,7,NA,9.20543439025833,0,1,1,0,100,37.2857142857143
"5627",0,2,97,11.3295946263552,4.39,0,1,1,100,87
"5628",0,2,96,11.3944317345172,4.8,0,1,1,100,74
"5629",0,4,100,5.79272212008433,4.05,0,1,1,100,105
"5630",0,2,100,4.46467839092803,8.1,1,1,0,NA,48
"5631",0,6,100,7.67065619821819,2.4,1,1,0,NA,83.3333333333333
"5632",0,4,99,5.38150826471406,5.9,1,1,1,100,107.5
"5633",1,3,NA,9.42081322063515,0,1,1,0,NA,41.6666666666667
"5634",0,12,92,4.59074530322507,5.06,1,1,1,100,162.5
"5635",0,5,100,6.81519990744005,2.55,1,1,0,NA,70
"5636",0,2,99,11.4781263975606,4.77,0,1,1,100,74
"5637",0,2,99,11.3924127630031,4.52,0,1,1,100,62
"5638",1,4,100,9.88637653333674,1.3,1,1,1,100,82.5
"5639",1,3,NA,5.01129816365484,0,1,0,0,100,64.3333333333333
"5640",1,4,NA,4.63284710387636,0,1,1,0,100,65
"5641",1,2,NA,6.23134130849984,0,1,0,0,100,77.5
"5642",0,2,NA,5.87765362159605,0,1,1,0,100,82
"5643",1,2,99,7.74801768831326,5.56,0,0,1,100,154.5
"5644",0,3,99,10.6089205843612,9.85,1,1,1,100,56.6666666666667
"5645",0,4,100,9.16722576603952,12.64,1,0,1,100,57.5
"5646",0,8,NA,11.5041804898898,0,1,1,1,100,65.625
"5647",0,3,98,7.84767259404045,9.04,0,1,1,100,41.6666666666667
"5648",0,1,100,2.86708347070166,7.74,0,0,1,100,194
"5649",0,2,NA,3.69543719804483,0,1,1,0,97,197.5
"5650",0,2,100,11.3574520564381,0.48,0,1,1,100,55
"5651",0,2,100,4.39741466203728,0.3,0,1,0,100,200
"5652",0,4,99,7.26456553071565,6.46,1,0,1,100,73.25
"5653",0,2,NA,4.49446244873559,0,1,1,0,97,139
"5654",0,4,NA,5.62438339176071,0,1,1,0,99,60.25
"5655",0,4,NA,5.67566840865142,0,1,1,0,99,60.25
"5656",1,7,99,11.2507804126816,9.06,1,1,1,100,67.8571428571429
"5657",0,2,95,10.1058188652902,1.98,0,1,1,100,72.5
"5658",0,6,NA,6.98018477522658,0,1,1,1,100,105
"5659",0,6,NA,2.06697787715497,0,1,1,0,0,66.6666666666667
"5660",1,5,100,7.31321931567644,13.44,1,1,1,100,85.8
"5661",0,3,NA,2.71864910255757,0,0,1,0,NA,47.3333333333333
"5662",0,2,NA,2.01517781839197,0,1,1,0,97,172
"5663",0,3,NA,2.56037092423627,0,0,1,0,NA,54.6666666666667
"5664",1,2,100,9.95444541080147,2.31,0,1,1,100,41.5
"5665",1,2,96,7.75260325798127,9.62,0,0,1,100,147
"5666",0,2,100,5.63002508226042,0.9,0,1,0,100,135
"5667",0,6,100,6.23304411921663,27.6,1,1,1,100,106.333333333333
"5668",0,2,NA,2.25196327695837,0,1,1,0,97,159.5
"5669",0,4,NA,2.34302771489289,0,1,1,0,97,123.5
"5670",1,4,91,9.77086952903857,2.82,0,1,0,90,77.5
"5671",0,6,NA,9.58848550794547,0,1,0,0,NA,66.5
"5672",0,5,98,9.39861111631051,7.12,1,1,1,100,85
"5673",0,2,94,10.4178250979094,6.94,0,0,1,100,77.5
"5674",0,4,100,5.5770315418399,1.29,1,1,1,100,75
"5675",1,2,96,7.86647090400148,9.4,0,0,1,100,147
"5676",0,1,NA,5.17910389418412,0,0,1,0,90,90
"5677",0,4,96,8.28096030643595,10.98,0,0,1,100,43.5
"5678",1,2,93,2.09230685175491,4.84,0,1,0,100,105
"5679",1,2,NA,9.9963012218576,0,0,1,0,50,45
"5680",0,2,NA,1.95647744641891,0,1,1,0,97,199.5
"5681",0,4,NA,2.41198194061154,0,1,1,0,97,136.5
"5682",0,4,99,1.62006301503881,12.54,1,0,1,100,100
"5683",1,2,100,3.74851650494961,7.2,0,1,0,100,42.5
"5684",0,6,100,8.81259318340111,7.65,1,0,1,100,69.1666666666667
"5685",0,1,97,4.75672258823379,4.19,0,0,0,100,114
"5686",0,2,NA,11.4281691272438,0,0,1,1,100,97.5
"5687",0,2,100,2.10021730358199,0.93,0,1,0,100,99.5
"5688",0,4,100,2.46378252981726,21.3,1,1,1,100,61
"5689",0,4,98,5.86226729567084,6.29,1,1,1,100,100
"5690",0,6,NA,0.756882070082114,0,1,1,1,98,137.5
"5691",0,6,NA,0.835743626277394,0,1,1,1,98,145.833333333333
"5692",0,6,NA,0.819815439147107,0,1,1,1,98,145.833333333333
"5693",1,10,NA,4.26342009480797,5.58,1,1,0,100,89.5
"5694",0,2,99,11.0047822543649,6.98,0,0,1,100,37
"5695",1,4,NA,11.751100953488,0,1,0,1,100,85
"5696",0,2,90,4.69055826375112,11.1,1,1,0,100,91.5
"5697",0,2,100,4.34403284329218,1.06,0,1,0,100,112.5
"5698",0,2,NA,8.11563955539112,0,0,1,0,100,240
"5699",0,2,97,0.932638394790278,2.04,0,1,1,100,155
"5700",0,6,93,0.60087755126898,0.51,1,1,0,100,241.333333333333
"5701",0,2,NA,8.57351147818865,0,0,0,0,0,50
"5702",0,1,97,4.72073117710671,2.37,0,0,0,100,54
"5703",0,1,100,4.67764363950109,2.11,0,0,0,100,54
"5704",0,1,93,4.58176257798398,1.78,0,0,0,100,46
"5705",0,1,98,4.65132935949411,1.89,0,0,0,100,54
"5706",0,1,98,4.79613216304747,2.84,0,0,0,100,54
"5707",1,4,NA,5.8373348127824,0,1,1,0,NA,287.25
"5708",1,4,NA,4.16258500964436,0,1,1,0,NA,39.75
"5709",0,4,94,10.3263208770068,2.9,1,1,0,100,82
"5710",0,3,98,9.54444767723599,5.27,0,1,1,100,56.6666666666667
"5711",0,7,100,7.77612237474937,2.62,0,1,1,100,52.7142857142857
"5712",1,4,100,5.43626287780775,24.3,1,0,0,100,63.25
"5713",0,4,NA,1.63899484082,0,1,1,0,NA,62.5
"5714",0,2,100,10.9864479819525,18,1,1,0,100,127
"5715",0,4,NA,10.9592914244246,0,1,1,0,NA,62.5
"5716",1,7,NA,5.63761585997271,0,1,1,0,100,38
"5717",0,2,100,9.12110528882097,0.87,1,1,0,100,200
"5718",1,8,100,5.61499692785631,10.86,1,1,1,100,132.375
"5719",0,1,NA,9.42983026874556,0,0,0,0,82,55
"5720",0,1,NA,4.2157503533277,0,0,1,0,80,170
"5721",0,1,100,9.12856867592405,23.4,0,1,0,100,65
"5722",1,2,60,1.88856350449449,8.1,1,1,0,87,140
"5723",1,1,NA,10.5820168994722,0,0,1,0,NA,60
"5724",1,6,100,6.23819686895289,4.1,1,1,1,100,103.333333333333
"5725",0,1,80,3.53326179505723,30,0,1,0,100,45
"5726",0,2,99,10.326264715486,16.36,1,0,1,100,89.5
"5727",0,3,NA,2.08692820346813,0,1,1,0,NA,143.333333333333
"5728",1,10,NA,5.05553073827129,0,1,1,1,100,177.7
"5729",0,2,NA,8.64837767113896,0,0,0,0,100,60
"5730",1,2,80,4.34761292847074,0.76,1,1,0,100,60
"5731",0,5,99,3.65388003414248,3.46,1,1,0,100,102.8
"5732",0,3,NA,5.96952889875201,0,1,0,0,100,70.3333333333333
"5733",0,1,90,4.19652833850992,4.86,0,1,0,97,72
"5734",1,6,NA,5.56483157228502,0,1,1,1,100,133.333333333333
"5735",0,6,NA,9.15484185937593,0,1,1,1,100,60.8333333333333
"5736",1,4,97,4.94849696628778,3.02,1,1,1,100,147
"5737",1,3,100,6.12361849163012,24.7,1,0,1,100,70
"5738",0,10,100,6.62685548378028,3.72,1,1,1,100,240
"5739",0,10,96,8.53156938178445,13.65,1,0,1,100,54
"5740",0,4,100,9.91802299405438,1.14,1,1,0,100,50
"5741",0,6,100,3.92062188231436,5.82,1,1,0,100,131.666666666667
"5742",0,2,100,11.3047576316704,12.6,0,1,1,100,140
"5743",0,2,NA,11.2403371001514,0,0,1,1,100,135
"5744",0,6,97,9.09958802208429,6.18,1,1,1,100,130.833333333333
"5745",1,1,NA,4.16260629932002,0,0,1,0,100,130
"5746",1,1,NA,3.21222756829061,0,0,1,0,100,143
"5747",1,1,NA,3.31431498052121,0,0,1,0,100,148
"5748",0,2,100,11.2235080067542,25.2,0,1,1,100,135
"5749",0,2,100,11.2746854396796,11.1,0,1,1,100,135
"5750",1,6,100,4.37604772948957,0.8,1,1,0,100,175
"5751",0,4,NA,2.3114908381337,0,1,1,0,NA,125
"5752",0,4,100,7.29835458755433,13.8,1,0,0,100,70
"5753",0,2,93,5.24775586625616,1.22,0,1,1,100,95
"5754",0,2,97,5.94202364751439,2.32,0,1,0,100,85
"5755",0,2,98,5.95482161974826,2.94,0,1,1,100,97.5
"5756",0,5,98,9.37258231427606,4.21,0,1,0,100,44
"5757",0,6,96,3.13668303116919,3.35,1,1,1,100,151.666666666667
"5758",0,3,NA,9.84138942600673,0,1,0,0,NA,33.3333333333333
"5759",1,1,NA,8.65958790050418,0,0,1,0,100,490
"5760",0,2,NA,2.04569358417024,0,1,1,0,100,112.5
"5761",0,2,80,4.08502670068785,14.1,0,1,0,100,148
"5762",1,2,100,5.34849186483085,5.85,0,1,1,NA,55
"5763",1,10,98,10.7731748834384,8.81,1,1,1,100,53.9
"5764",0,2,NA,3.71855025316709,0,1,1,0,97,165.5
"5765",0,2,NA,3.52356324440458,0,1,1,0,97,116.5
"5766",0,4,NA,4.58086456711656,0,1,1,0,97,106.75
"5767",1,2,NA,2.36848761894795,0,1,1,1,100,165
"5768",0,2,80,2.82032137651904,2.95,0,0,0,88,64.5
"5769",0,4,100,1.6480624026034,3,0,0,0,100,57.25
"5770",0,6,93,6.19086956285697,2.4,1,1,0,100,49.1666666666667
"5771",0,2,99,8.57938744375899,11.16,1,0,0,100,97.5
"5772",1,2,100,5.37432699085878,13.95,1,1,1,100,95
"5773",0,2,NA,2.59644685681461,0,1,0,0,44,156
"5774",0,3,99,6.96804396942452,6.9,1,0,1,100,72.3333333333333
"5775",0,2,99,5.14162465528576,16.98,0,1,1,100,125
"5776",0,2,NA,3.47606889139257,0,1,1,0,NA,61.5
"5777",0,3,100,5.57304982407662,28.2,1,1,0,100,36.6666666666667
"5778",1,2,100,3.59199652308564,4.53,1,1,1,100,199.5
"5779",0,2,NA,9.24876392632071,0,0,0,0,100,65
"5780",0,6,100,8.45481444938253,2.85,1,1,0,100,79.8333333333333
"5781",0,2,NA,2.73173043570019,0,0,1,0,NA,50
"5782",1,4,90,2.10327494708081,22.94,1,1,0,99,85
"5783",1,2,80,10.1851511876401,9,0,1,0,33,50
"5784",0,4,90,11.2471522370275,13.5,1,0,0,100,70
"5785",1,4,NA,6.08410779240737,0,0,1,0,100,89.75
"5786",1,4,80,5.94730068858995,16.5,0,1,0,100,97.25
"5787",0,4,84,11.3928307598269,8.62,1,0,0,100,58.75
"5788",0,2,100,3.98980858211966,9.6,1,1,0,97,177
"5789",0,2,87,2.18837117848079,13.36,0,0,0,98,57.5
"5790",0,2,60,2.07705940600095,1.47,0,0,0,98,57.5
"5791",0,2,NA,2.07095552356119,0,0,0,0,98,57.5
"5792",0,1,NA,8.28827652163857,0,0,1,0,NA,60
"5793",1,2,100,10.1515532358805,7.2,0,0,0,NA,16.5
"5794",0,2,100,11.3240002623919,9.7,0,0,1,100,70
"5795",0,1,100,1.30666994089548,3.15,0,1,0,100,314
"5796",0,5,NA,1.11537453236307,0,1,1,0,NA,60
"5797",0,6,NA,11.7310775857841,0,0,1,0,50,166.5
"5798",0,2,100,1.87538149198688,6.3,0,1,1,100,33.5
"5799",0,1,100,1.77100639617208,8.7,0,1,1,100,60
"5800",0,2,NA,4.28382689865264,0,0,1,1,100,46.5
"5801",0,2,80,4.22033246598492,29.4,0,1,1,100,33.5
"5802",0,1,60,4.30864326714187,7.8,0,1,1,100,160
"5803",1,2,98,4.2100507551449,3.56,0,1,1,100,74.5
"5804",0,7,98,9.63174495101891,4.76,0,1,0,96,72.8571428571429
"5805",0,4,NA,4.23547470445318,0,1,1,0,NA,62.5
"5806",0,6,NA,5.21981425814421,0,0,1,1,100,78.3333333333333
"5807",0,4,NA,4.12402185158378,0,1,1,0,97,125.5
"5808",0,2,NA,1.52312534685474,0,1,1,0,97,165.5
"5809",0,3,96,1.93327610970684,11.43,0,1,1,100,46.6666666666667
"5810",0,2,98,1.96044352691878,6.99,0,1,1,100,70
"5811",0,3,100,2.6025123963157,7.2,1,1,0,100,67.3333333333333
"5812",1,4,NA,7.65374118587643,0,1,1,0,100,122.5
"5813",0,3,98,5.32236578318003,3.68,0,1,1,100,81.6666666666667
"5814",0,7,100,5.29788178004608,1.35,1,1,1,100,135.428571428571
"5815",0,2,100,4.50370650453823,1.5,0,1,0,100,154.5
"5816",1,1,98,3.88200029088124,2.03,0,1,0,100,260
"5817",1,2,97,9.19847875827684,4.05,0,1,1,100,65.5
"5818",0,2,NA,11.3291422250621,0,0,1,1,100,100
"5819",0,2,100,9.03507192864447,7.2,0,1,1,100,122.5
"5820",1,2,100,9.11100689480325,6.29,0,0,1,100,65
"5821",1,2,98,9.12007433320426,8.49,0,0,1,100,65
"5822",1,1,100,10.3950915280078,30,0,1,0,100,190
"5823",1,6,NA,1.15249576696143,0,1,1,0,100,66.6666666666667
"5824",1,2,100,4.31375341367123,4.24,0,1,1,100,90
"5825",0,2,95,8.71976444860098,7.19,0,0,0,100,70
"5826",0,2,100,3.146770842728,10.5,1,1,0,97,225
"5827",0,8,100,8.85652632063107,2,1,1,1,100,66.25
"5828",1,2,93,8.95656205497726,9.57,0,0,0,100,45
"5829",0,4,100,2.41554273063057,0.78,0,0,1,100,41
"5830",0,4,100,5.32776047723782,9.3,1,1,0,100,50
"5831",0,2,97,2.0870896333426,13.17,0,1,1,100,65
"5832",0,2,98,1.97522059561557,12.18,0,1,1,100,70
"5833",1,3,100,6.06738878985744,8.7,1,1,0,100,78.3333333333333
"5834",0,2,90,5.53750004884539,1.52,1,1,0,100,125
"5835",0,2,79,2.47427106183618,6.48,1,1,0,100,110
"5836",0,2,99,7.09577371418647,13.47,1,1,1,100,187.5
"5837",0,2,NA,2.33907836482416,0,1,1,0,97,173.5
"5838",0,3,NA,3.24714918140052,0,1,1,0,99,131.333333333333
"5839",0,4,96,5.95607661645906,8.74,0,0,1,100,28.75
"5840",0,2,100,5.39503306682477,2.17,1,0,0,100,112.5
"5841",0,8,100,1.76353571271188,5.9,1,1,0,100,159.375
"5842",0,4,NA,5.88106703074316,0,1,1,0,97,105.25
"5843",0,2,NA,3.52634629517035,0,1,1,0,NA,400
"5844",0,6,NA,5.83782115107402,0,1,1,0,NA,123.166666666667
"5845",0,3,85,9.63378646747961,2.79,0,0,0,71,38.6666666666667
"5846",0,2,98,1.08909795612237,3.45,0,1,1,100,120
"5847",0,6,94,7.9488666689429,6.11,1,1,1,93,48.3333333333333
"5848",0,2,89,3.32438905864968,4.08,1,1,0,100,150
"5849",0,4,100,5.80978527717157,19.2,1,1,0,100,68.75
"5850",0,1,20,7.80953141067993,0.59,0,1,0,100,180
"5851",0,4,100,7.96606532033267,7.86,1,1,0,100,58.75
"5852",0,4,100,5.77282929825423,3.18,0,1,1,100,145
"5853",1,6,91,8.39806999998845,5.83,1,1,0,100,58.3333333333333
"5854",0,2,NA,3.78810695070164,0,1,1,0,97,145
"5855",0,4,100,5.29626065654087,2,1,1,0,100,212.25
"5856",1,2,84,8.89830311431608,4.05,0,1,0,97,53.5
"5857",1,2,NA,2.40087871608402,0,1,1,1,100,140.5
"5858",1,2,NA,2.36843294567121,0,1,1,1,100,160
"5859",0,2,97,3.94645650860195,6.08,0,1,0,100,137.5
"5860",0,2,NA,3.31810198801534,0,1,1,0,97,207.5
"5861",0,6,98,6.70751475605778,9.23,1,1,0,100,56.5
"5862",1,2,100,3.69734725547309,29.1,1,1,0,50,90
"5863",0,2,100,4.17958978950147,18.3,1,1,0,96,115
"5864",1,4,NA,7.68584977745181,0,1,1,0,100,33.75
"5865",0,2,100,2.45255301540128,21.3,1,1,0,100,62.5
"5866",0,3,100,4.99093905279223,20.4,1,1,1,100,112.666666666667
"5867",0,1,NA,5.11586559246643,0,1,0,0,NA,122
"5868",0,2,NA,1.90940874678706,0,0,0,0,100,172.5
"5869",0,2,98,10.5205080102664,9.42,0,0,1,100,70
"5870",0,4,99,10.5270693192096,8.46,0,0,1,100,42.5
"5871",1,2,100,4.89603658773252,0.8,0,1,1,100,51
"5872",0,6,95,7.21672331730957,5.62,1,0,1,100,62.5
"5873",0,4,NA,7.86741015758881,0,1,1,0,NA,56.25
"5874",0,3,NA,4.84869975680311,0,1,1,0,NA,44.3333333333333
"5875",0,6,NA,1.74671168255631,0,1,0,0,100,54.1666666666667
"5876",0,2,100,2.28538285603631,0.4,0,1,0,100,117
"5877",0,2,100,7.12668634911939,3,0,1,1,100,110
"5878",0,1,100,0.884711611682868,14.4,0,1,1,94,38
"5879",0,1,99,5.26976256112391,13.14,0,1,1,100,150
"5880",0,2,100,1.76421579296611,1.13,0,0,0,100,147.5
"5881",0,1,NA,3.19893558796927,7.2,0,1,0,NA,249
"5882",1,2,100,8.74786884340729,4.25,0,1,1,100,57.5
"5883",0,1,NA,5.49387267278348,0,0,0,0,NA,75
"5884",0,2,100,1.88321766892253,1.11,0,0,0,100,122.5
"5885",1,5,NA,3.63660211891165,0,1,1,0,NA,65
"5886",1,2,96,9.11504323075628,4.37,0,1,1,100,49.5
"5887",1,5,NA,4.29567749379395,0,1,1,0,NA,76
"5888",1,3,100,5.37455389360458,4.78,1,0,0,100,141.666666666667
"5889",1,2,100,7.83966711316888,2.32,0,0,0,100,95
"5890",0,2,100,6.19610166575943,8.28,1,0,1,100,99.5
"5891",0,2,NA,3.37708259484587,0,1,1,0,100,125
"5892",1,4,NA,7.81760831357963,0,1,1,0,100,147.5
"5893",0,2,NA,2.70515140235726,0,1,1,0,NA,325
"5894",0,2,NA,2.31932206952817,0,0,0,0,97,84.5
"5895",0,2,NA,2.33065186681221,0,0,0,0,97,84.5
"5896",1,2,80,8.75370825019088,4.62,0,1,0,97,53.5
"5897",0,2,100,6.67123864871992,12.9,0,1,0,100,54
"5898",0,2,NA,7.12599373574156,0,0,1,0,100,55
"5899",0,4,97,8.97586535136437,15.74,1,1,1,100,54.75
"5900",1,6,100,7.17566963395171,2.58,1,0,0,100,91.6666666666667
"5901",1,2,NA,1.95883957581397,0,1,1,1,100,225
"5902",0,7,100,6.00063945044836,3.46,1,1,0,30,264.142857142857
"5903",0,2,NA,4.30645833845303,0,1,0,0,NA,180
"5904",0,4,NA,1.59757914314433,0,1,1,0,100,43.75
"5905",0,2,NA,8.9736694040688,0,1,1,0,NA,62.5
"5906",1,1,100,7.30727029260797,28.2,0,1,0,100,165
"5907",1,2,96,1.12417646636119,17.04,0,1,1,93,79.5
"5908",0,5,NA,0.868278939840485,0,1,0,0,100,78.4
"5909",0,1,NA,6.76865316048566,0,0,0,0,100,58
"5910",0,3,100,2.06082685211677,15.3,1,1,0,100,140
"5911",0,4,NA,3.95747382327573,0,1,1,0,NA,87.5
"5912",0,3,95,8.66261786142782,4.52,1,0,0,100,83.3333333333333
"5913",1,2,99,10.1388072289185,13.18,1,0,1,100,72
"5914",1,4,97,4.62151760969765,3.46,1,1,0,100,121
"5915",0,2,NA,2.05057580499102,0,1,1,0,97,178
"5916",0,4,NA,3.85156867360188,0,1,1,0,97,131.75
"5917",0,2,NA,3.18275884939117,0,1,1,0,97,138.5
"5918",0,2,NA,3.28033128047523,0,1,1,0,97,138
"5919",0,2,NA,2.45169819426542,0,1,1,0,100,90.5
"5920",1,4,100,7.99716595652427,3.57,1,1,0,NA,117.5
"5921",1,5,NA,2.17331549777845,0,1,0,0,67,66.6
"5922",0,2,60,2.7433715010706,7.04,0,1,0,100,86.5
"5923",0,4,95,4.00863875363695,8.37,1,1,0,100,92.5
"5924",0,2,NA,6.03054256345755,0,0,1,0,30,267
"5925",0,2,100,5.87706040730024,0.46,0,1,0,30,200
"5926",0,3,100,3.56364769475189,0.59,0,0,1,100,203
"5927",0,1,NA,3.42141747120077,0,0,0,1,100,409
"5928",0,3,NA,3.47282678760996,0,0,0,1,100,303
"5929",0,1,100,4.76289489166671,11.1,0,1,0,100,220
"5930",1,3,100,8.9748699412276,10.2,0,1,1,86,43.3333333333333
"5931",0,2,NA,2.51052365036479,0,0,0,0,90,69.5
"5932",0,1,100,0.81185249280628,12.6,0,1,1,94,50
"5933",0,3,NA,6.16230117698286,0,0,1,0,30,206.666666666667
"5934",1,2,97,6.66094032596089,6.21,1,0,0,100,132.5
"5935",0,4,NA,3.68519825421197,0,1,1,1,100,92.5
"5936",0,3,96,4.81701182119722,4.72,0,0,1,100,83.3333333333333
"5937",1,3,100,8.32788344603084,4.78,0,1,0,100,50
"5938",0,5,100,5.76190091975683,5.12,1,1,0,100,74.8
"5939",0,3,NA,10.3059587249739,0,1,0,1,100,106
"5940",1,3,NA,3.48898285006726,0,1,1,0,100,106.333333333333
"5941",0,2,NA,4.28115816437199,0,0,1,1,100,87.5
"5942",0,1,100,0.836570331383561,30,0,1,1,94,50
"5943",0,2,100,6.4496138420789,2.79,0,1,1,100,82.5
"5944",0,2,95,5.41910174524133,3.94,1,1,1,100,130
"5945",0,2,NA,2.06864866107168,0,1,1,0,97,155
"5946",0,2,NA,4.13633494657068,0,1,1,0,97,153
"5947",1,2,NA,3.20578151073407,0,0,0,0,NA,86
"5948",1,2,NA,4.11193580620971,0,0,0,0,NA,98
"5949",1,2,100,5.60828813243546,8.33,1,0,0,100,104
"5950",0,2,100,7.74524769573694,14.4,1,1,0,NA,87.5
"5951",0,2,80,4.90426232100233,21,1,1,0,100,89.5
"5952",0,2,NA,4.69767416023746,0,1,1,0,100,90.5
"5953",0,7,100,8.49399489480512,1,0,1,0,100,47.2857142857143
"5954",0,3,100,2.14243046594539,2,0,1,1,100,43.3333333333333
"5955",0,4,100,2.17465797522031,2,0,0,0,100,100
"5956",0,3,93,9.93646320264341,3.1,0,0,0,90,33
"5957",1,5,100,1.25124502629212,27.6,1,1,0,100,79.6
"5958",0,2,NA,1.94256387516884,0,1,1,0,97,151.5
"5959",0,1,100,4.20613656942682,1.52,0,1,1,100,425
"5960",0,8,97,4.35686104576342,7.5,1,0,1,100,163
"5961",1,4,100,5.96557266599062,2.06,1,1,0,100,145
"5962",0,2,NA,4.85562982721434,0,1,1,0,100,89.5
"5963",0,4,NA,3.86294518852666,0,1,1,0,97,133.5
"5964",0,3,NA,4.86520847069087,0,1,1,0,100,65
"5965",0,5,100,6.14948958689858,1.65,1,0,0,NA,100
"5966",0,2,NA,2.50455204480399,0,1,1,0,100,89
"5967",0,2,80,2.43089563516369,9.3,1,1,0,100,87.5
"5968",1,2,100,8.33202943882547,3,0,1,1,100,537.5
"5969",0,1,100,2.50628830445961,7.68,0,1,0,100,123
"5970",0,1,NA,3.31655136029159,0,0,1,0,100,103
"5971",0,4,97,3.60825300998064,7.88,1,1,1,90,64.75
"5972",0,3,100,7.0441316818086,6,0,1,0,100,63.3333333333333
"5973",1,7,100,9.50099489260712,3.06,1,1,0,100,135.714285714286
"5974",0,2,89,7.97644128880933,3.18,0,0,0,100,81
"5975",0,2,92,8.1824973201381,2.16,0,0,0,100,95
"5976",1,1,NA,2.10820713909878,0,1,1,1,100,300
"5977",0,4,NA,2.26700672944516,0,0,0,0,NA,75
"5978",1,2,95,6.48599016986841,3.66,0,0,1,100,50
"5979",1,1,NA,10.9888319962081,0,0,0,0,NA,20
"5980",0,2,NA,4.27340763015639,0,0,1,1,100,46
"5981",0,2,100,3.70433606291752,30,1,1,0,97,127
"5982",0,4,NA,6.32499314248292,0,1,1,0,89,103.75
"5983",0,3,NA,9.32060013010836,0,1,0,0,100,56.6666666666667
"5984",1,2,95,7.47468878334947,3.12,0,1,0,100,152.5
"5985",1,2,99,9.56157499041766,12.7,1,0,1,100,50
"5986",1,2,100,3.94601853498283,2.19,0,1,0,100,149.5
"5987",1,2,NA,6.05840631119511,0,1,1,0,100,210.5
"5988",0,2,100,7.44430248352174,3.82,0,0,0,100,63
"5989",0,2,80,2.32175620665506,15,1,1,0,97,153
"5990",0,2,NA,3.09875415546239,0,1,1,0,97,178
"5991",1,1,NA,0.79701417051843,0,0,1,0,80,140
"5992",1,1,NA,0.750861017797093,0,0,1,0,80,140
"5993",1,1,NA,0.71027043667713,0,0,1,0,80,140
"5994",1,1,NA,0.793627985631474,0,0,1,0,80,135
"5995",0,3,100,3.34954333082189,0.78,0,1,1,100,54.6666666666667
"5996",0,2,NA,3.99901558244167,0,1,1,0,97,139
"5997",0,2,NA,2.17271150200028,0,1,1,0,97,160.5
"5998",0,2,NA,3.02676305219486,0,1,1,0,97,182
"5999",0,2,NA,3.4046134088577,0,0,1,0,100,65
"6000",0,1,100,2.99244762813594,3,1,0,0,80,70
"6001",0,1,NA,1.8432412953334,0,0,1,1,100,69
"6002",0,2,NA,9.16181324489,0,0,0,1,100,101.5
"6003",1,2,96,6.53450165514384,2.64,0,1,0,100,65
"6004",0,2,88,8.54282884963869,5.69,0,0,0,100,65
"6005",0,2,90,8.70091559019408,6.54,0,0,0,100,65
"6006",1,6,NA,7.57286299367168,0,1,1,1,100,76.6666666666667
"6007",0,2,100,4.66626075039184,2.54,0,1,1,78,62.5
"6008",0,8,100,5.06947855953875,7.8,1,1,0,100,98
"6009",1,1,100,4.30343439779842,8.24,0,1,1,100,174
"6010",0,4,NA,1.33256464681062,0,1,1,0,100,43.75
"6011",0,1,NA,0.767260527460417,0,0,1,1,94,43
"6012",1,2,100,3.36547374278101,0.73,1,0,0,67,225
"6013",0,4,100,3.34146353687175,30,1,1,0,100,106.25
"6014",1,4,NA,5.59897877674605,0,1,0,0,NA,100
"6015",0,4,100,3.75965208808658,6.16,1,1,0,90,137.5
"6016",0,2,NA,4.57332147517082,0,1,1,0,97,153
"6017",0,4,100,2.28190916926963,3,1,0,0,100,150
"6018",0,4,100,5.25141730895492,5,1,1,0,100,225
"6019",0,1,NA,3.31751334471612,0,0,1,0,80,129
"6020",0,1,100,4.84902470553914,30,0,1,0,100,217
"6021",0,4,NA,5.54403431517522,0,0,0,0,100,22.5
"6022",1,4,NA,5.98807962330481,0,0,1,0,90,142.5
"6023",0,2,NA,2.54525850544098,0,1,1,0,100,86
"6024",0,2,100,1.50073430010309,14.1,1,1,0,88,68
"6025",0,2,NA,9.59142733477213,0,1,0,0,98,81
"6026",0,2,NA,3.40631313262263,0,1,1,0,97,149
"6027",0,1,100,9.36370784930957,10.8,0,0,0,100,95
"6028",0,4,98,11.1517411698182,4.86,1,1,0,100,111.25
"6029",0,2,NA,3.36148475050615,0,0,1,0,100,80
"6030",1,4,100,2.33962798645072,2,1,0,1,99,69.75
"6031",0,4,100,7.7299973287222,8,1,1,0,100,66.25
"6032",1,2,100,7.723993535721,4.28,0,0,0,100,41.5
"6033",1,6,100,10.1436054974617,0.6,1,0,1,100,139
"6034",0,6,99,10.4908386439009,3.97,1,0,1,100,67.1666666666667
"6035",1,1,80,4.20248458457007,20,0,1,0,100,300
"6036",1,1,100,10.3647227397711,17.4,0,1,0,100,102
"6037",0,12,100,5.25907262314573,4.4,1,1,0,100,127.5
"6038",1,2,100,2.15421266233101,2.19,1,1,0,100,194.5
"6039",1,4,NA,6.41530327025953,0,1,1,1,100,88.25
"6040",0,5,96,9.75850665919978,4,0,0,0,93,54
"6041",1,1,NA,3.57086193783399,0,0,1,0,0,75
"6042",0,3,NA,1.94492669676722,0,1,1,1,100,46.6666666666667
"6043",1,5,100,6.68604164835557,21.3,1,1,1,90,90
"6044",1,4,NA,0.808240152783956,0,0,0,0,100,225
"6045",0,4,NA,2.76465983866024,0,1,1,1,NA,100
"6046",1,2,NA,0.790938250524442,0,0,0,0,100,350
"6047",0,2,100,7.9991271458741,9.3,0,0,0,98,25
"6048",0,2,NA,8.04564221178152,0,0,0,0,98,69
"6049",1,7,90,8.94058864357676,5.75,0,0,0,100,35
"6050",0,4,100,9.09369485591873,3,1,1,0,100,42.25
"6051",0,2,100,7.23346497395471,5.5,0,1,1,100,89.5
"6052",1,5,96,8.93868368878758,5.04,0,0,0,100,39
"6053",0,2,NA,4.55702554010813,0,1,1,0,97,174
"6054",1,4,95,8.97665705624753,3.91,0,0,0,100,41.25
"6055",0,4,NA,2.39575917964352,0,1,1,0,100,121.25
"6056",1,5,93,8.74265284816115,4.7,0,0,0,100,39
"6057",1,4,100,8.77761586390414,1.95,0,0,0,100,42.5
"6058",1,3,NA,5.24387536990883,0,1,1,0,NA,43.3333333333333
"6059",0,3,NA,7.31841821175004,0,0,1,0,100,105
"6060",0,2,100,4.24187600508714,3.1,0,1,1,100,579.5
"6061",0,2,NA,2.93098138448306,0,0,1,0,NA,55.5
"6062",0,4,NA,2.9427630679895,0,1,1,0,NA,75
"6063",0,2,100,4.13581354743236,2.78,0,1,1,100,829.5
"6064",0,6,100,4.19888254421031,1,1,1,1,100,558.166666666667
"6065",0,6,NA,8.03898700870711,0,1,1,1,100,100
"6066",0,4,90,7.46637459094911,2.06,1,0,0,100,77.5
"6067",0,2,94,9.96836005450413,1.98,0,0,0,90,47.5
"6068",0,2,NA,2.71437686062198,0,0,0,0,100,82.5
"6069",0,2,99,3.97421988652502,10.12,0,1,1,100,44.5
"6070",1,4,NA,9.09356619220803,0,1,1,0,90,85
"6071",0,1,NA,1.84438434442369,0,1,1,0,NA,200
"6072",1,1,NA,4.95125668037252,0,0,0,0,50,113
"6073",0,4,NA,4.23310313622063,0,1,1,0,NA,62.5
"6074",0,2,NA,6.51808536153272,0,0,1,1,100,117
"6075",0,1,NA,4.50280668244674,0,0,0,1,100,449
"6076",0,2,97,6.4115770148147,8.16,0,1,1,100,62.5
"6077",0,2,NA,4.41900943133157,0,0,1,1,100,234.5
"6078",0,1,NA,4.32740355941311,0,0,1,1,100,449
"6079",0,2,NA,2.88881395169435,0,0,0,0,100,134.5
"6080",0,2,NA,4.45148220885983,0,0,1,1,100,234.5
"6081",0,8,98,7.60417349012075,6.26,1,1,1,100,93.75
"6082",0,6,100,1.6339272782778,10.2,1,1,1,100,70.3333333333333
"6083",0,2,NA,11.3027177206255,0,0,1,0,100,89.5
"6084",0,1,NA,6.49991836363547,0,0,1,0,100,130
"6085",0,3,100,2.06992202757293,2,1,1,1,100,53.3333333333333
"6086",0,3,NA,1.98304974506627,0,1,1,1,100,53.3333333333333
"6087",0,2,NA,2.28477020623765,0,0,0,0,90,69.5
"6088",0,2,93,4.72242763341909,3.1,0,1,1,78,75
"6089",0,2,NA,2.15013752547265,0,0,0,0,90,69.5
"6090",0,2,100,2.27375795458261,1,0,0,0,90,79.5
"6091",0,2,NA,2.12701973150193,0,0,0,0,90,89.5
"6092",0,3,100,2.14274692406406,2,1,1,1,100,53.3333333333333
"6093",0,3,100,2.12922575503478,2,1,1,1,100,53.3333333333333
"6094",0,3,NA,1.9365597108878,0,1,1,1,100,53.3333333333333
"6095",1,2,98,8.82528726639507,8.81,0,0,1,100,57.5
"6096",1,4,96,8.40126779847246,3.91,0,1,0,100,63.75
"6097",0,2,98,11.1564961791328,7.22,1,1,1,100,107
"6098",0,4,94,3.16983959271105,8.08,1,1,0,100,73.75
"6099",1,2,97,8.38860915258311,5.74,0,1,0,100,69.5
"6100",1,2,100,9.68954690292137,9.69,0,1,1,100,40
"6101",1,3,100,8.86204405594115,4,1,1,0,100,79.6666666666667
"6102",0,2,NA,2.56212842837356,0,0,0,0,100,81.5
"6103",0,2,NA,2.62162766620528,0,1,1,0,100,88
"6104",0,6,100,2.05763785597219,3,1,0,0,100,208.333333333333
"6105",0,3,NA,1.95852428595093,0,1,1,1,100,53.3333333333333
"6106",1,2,NA,9.98205989480952,0,0,0,0,100,137.5
"6107",0,5,100,3.72647084085286,25.8,1,1,0,NA,91
"6108",0,2,NA,4.62331172935023,0,1,1,0,97,155.5
"6109",0,2,60,3.30606276133601,22.4,0,1,0,100,83.5
"6110",0,2,NA,3.25396928457795,0,0,1,0,100,72
"6111",1,4,100,6.74750387262812,1.58,1,1,0,90,118.75
"6112",0,2,99,7.21317766753899,6,0,1,1,100,94.5
"6113",0,8,91,9.24251528805162,4.76,0,1,0,100,51.875
"6114",1,4,100,6.1118669955141,1.92,1,1,0,75,95.5
"6115",1,4,NA,5.9376452193998,0,1,1,0,94,197.5
"6116",0,5,100,8.365716597394,13.5,1,1,1,100,71
"6117",0,5,100,5.75484250060595,30,1,1,1,100,110
"6118",0,1,NA,7.59652135865571,0,0,1,0,100,-25
"6119",0,4,100,0.388017807537318,0.39,0,1,1,100,74.75
"6120",0,5,100,8.14020327867887,2,1,0,0,89,35.6
"6121",0,10,98,9.30763636335134,7.92,1,1,1,100,45.5
"6122",0,6,NA,0.253050927170908,0,0,1,1,100,53.1666666666667
"6123",0,2,100,7.85380259869444,5,0,1,0,100,75
"6124",1,4,96,1.33338086211884,6.52,1,1,0,100,143.75
"6125",0,6,80,1.9437739011005,30,1,0,0,100,65
"6126",1,2,96,9.90280489730226,9.3,0,1,1,97,50
"6127",0,2,100,1.09004896008016,11.4,1,1,0,100,95
"6128",0,2,NA,3.66957601244656,0,1,1,0,97,165.5
"6129",1,2,87,5.07055751198818,1.67,0,0,0,100,87.5
"6130",1,6,97,7.42787405175694,11.54,1,0,1,100,134.833333333333
"6131",1,2,97,8.74519937380867,3.3,0,0,1,100,48
"6132",1,4,100,7.74108356871226,2,1,1,0,100,52.5
"6133",0,3,84,2.02578543705369,5.05,1,0,0,100,81
"6134",0,3,72,2.04166074099263,4.72,0,0,0,100,81
"6135",0,3,87,1.9501413488526,4,0,0,0,100,81
"6136",0,3,85,2.02511960936442,3.9,0,0,0,100,81
"6137",0,2,NA,3.17392937946493,0,1,1,0,97,139
"6138",0,4,100,4.28442092505727,6,1,0,0,100,74.75
"6139",0,5,92,9.30798325491328,8.22,1,0,0,96,46
"6140",0,4,NA,7.15637992611638,0,1,0,0,67,127.5
"6141",0,2,100,1.928599778002,2,1,1,1,100,80
"6142",0,6,NA,6.31813783996911,0,1,1,0,100,71.6666666666667
"6143",0,2,100,6.63915108159401,3.07,1,1,0,100,323.5
"6144",0,3,80,3.85819497149855,3,0,0,0,100,81
"6145",0,3,100,10.208034613909,2.28,1,0,0,100,105
"6146",0,2,83,3.44177976431979,4.34,0,1,0,100,118
"6147",1,4,100,1.42359159457127,1.53,1,1,0,100,67.5
"6148",0,5,96,11.4284478584585,5.33,0,1,1,100,54
"6149",1,6,NA,5.94093728639166,0,1,1,0,94,141.666666666667
"6150",0,2,92,4.49554084152227,4.59,0,0,1,100,75
"6151",0,2,100,4.61780478045662,6.66,0,0,1,100,60
"6152",1,2,NA,1.52165516827609,0,1,1,0,NA,750
"6153",0,3,95,8.11308414657289,2.73,0,0,0,100,88
"6154",1,2,100,8.72250368806355,10.1,1,1,0,100,89.5
"6155",1,1,NA,5.2834321038576,0,0,1,1,100,80
"6156",1,1,100,4.44773681763494,14.4,0,1,1,100,90
"6157",1,2,86,4.09609811593383,5.81,0,1,0,100,89
"6158",1,5,NA,5.31536561687467,0,1,1,0,100,150
"6159",0,5,99,10.2349019404621,8.62,1,1,1,100,43.8
"6160",1,4,100,7.4776036061198,2.61,1,0,0,100,100
"6161",0,2,100,10.3538732790388,2.31,1,1,0,100,114
"6162",0,5,NA,3.12909338410694,0,1,1,0,100,210
"6163",1,2,100,7.90121534977788,13.8,0,1,0,100,70
"6164",1,2,96,9.29954379800667,3.3,0,1,1,100,67.5
"6165",0,6,100,6.90134785865889,8.58,1,1,0,100,112.333333333333
"6166",1,2,NA,12.3406846556,0,0,1,0,100,49
"6167",1,1,96,4.10238139038699,4.34,0,0,0,100,165
"6168",0,2,99,8.71681366854295,6.35,0,1,0,100,69.5
"6169",1,3,NA,3.11776530236966,0,1,1,0,NA,39.3333333333333
"6170",0,2,100,2.11042079743094,1.9,1,1,1,100,80
"6171",0,2,96,7.82914429783947,10.12,1,0,1,100,129.5
"6172",0,2,NA,4.63563526878125,0,1,1,0,NA,97
"6173",0,2,100,4.04480990946372,5.46,1,1,0,100,182.5
"6174",0,2,100,8.76997374782424,2,0,1,0,100,69.5
"6175",0,4,100,7.30674696721894,13.8,1,1,0,100,81.25
"6176",0,2,80,3.68044176367035,5.16,0,1,0,100,118
"6177",0,3,74,3.49003827143893,6.07,0,1,0,100,81
"6178",1,2,100,7.99609674501467,2.56,0,1,0,100,70
"6179",0,1,NA,1.79467631342583,0,0,1,1,100,160
"6180",0,2,NA,1.72189491984177,0,0,1,1,100,83.5
"6181",0,2,80,4.7948827417786,3.92,1,1,0,100,90
"6182",0,8,100,4.16198700917913,5.22,1,1,1,100,560
"6183",0,4,89,10.5364913126323,2.65,1,0,1,100,84.25
"6184",0,1,80,2.73509671333785,10.56,0,1,0,100,118
"6185",0,1,NA,2.514377725646,0,0,1,0,100,116
"6186",1,1,NA,6.29280763390124,0,0,1,0,100,65
"6187",1,5,NA,6.346883629393,0,1,1,1,100,80
"6188",0,4,NA,5.53662951198883,0,1,1,0,NA,91.75
"6189",1,2,100,5.81264368759654,0.72,0,1,0,90,124.5
"6190",0,3,77,3.52487161056295,6.33,0,1,0,100,81
"6191",0,2,100,3.87329757518791,10.76,0,1,1,100,1519.5
"6192",0,2,98,4.18003284296292,9.56,0,1,1,100,1519.5
"6193",0,2,NA,2.27835062637794,0,0,1,0,100,99.5
"6194",0,2,NA,2.180519696569,0,0,1,0,100,99.5
"6195",1,5,80,3.83545320497421,1.76,1,1,1,100,114
"6196",1,6,100,9.43294754413092,2,1,0,0,100,50.8333333333333
"6197",1,1,NA,4.2875249296525,0,0,1,0,NA,95
"6198",0,1,NA,4.15447963426866,0,0,1,0,100,70
"6199",0,2,95,6.9634651730076,7.92,0,1,0,100,74.5
"6200",0,2,NA,9.15969878056815,0,0,0,1,100,95
"6201",0,2,100,0.962916191889513,6,1,1,0,100,200
"6202",0,2,76,1.99118508178334,5.52,1,0,0,100,118
"6203",1,8,100,5.66829607064354,3,1,1,0,100,156.625
"6204",0,3,96,6.36271038855466,4.35,1,0,0,94,106.333333333333
"6205",0,7,100,5.25831027847439,9.56,1,1,0,100,103.571428571429
"6206",0,5,NA,5.94813739417173,0,0,1,0,100,121.4
"6207",1,3,100,6.34857476816858,6.66,0,1,0,100,59.6666666666667
"6208",0,2,95,11.5006658715947,2.93,0,1,1,100,66.5
"6209",1,2,100,2.04982335890898,8.72,1,1,0,100,155
"6210",0,3,NA,2.69577776433486,11.7,0,1,0,100,33
"6211",0,3,NA,2.7629138394953,0,0,1,0,100,40.6666666666667
"6212",0,2,NA,9.3049313009136,10.8,0,1,0,100,37.5
"6213",0,2,NA,9.82285278150059,0,0,1,0,100,77
"6214",0,4,NA,2.22408905954395,0,1,1,0,97,142.5
"6215",0,2,NA,4.09724918497877,0,1,1,0,97,188.5
"6216",0,2,NA,3.94046528568099,0,1,1,0,97,178
"6217",0,2,NA,9.91259434576913,0,0,1,0,100,69.5
"6218",0,2,100,4.99189269769286,10.76,0,1,1,100,89.5
"6219",0,4,100,5.72977916785381,21.9,1,0,0,100,82.5
"6220",1,3,NA,2.27699130685475,12.9,1,1,0,100,53.3333333333333
"6221",0,4,NA,2.73143047351517,0,1,1,0,100,46.25
"6222",0,7,100,11.143248165873,2.26,1,0,0,100,99.5714285714286
"6223",0,6,98,7.95716817416557,8.14,1,0,0,100,128.166666666667
"6224",1,7,NA,5.16572849564886,0,1,1,0,NA,85.7142857142857
"6225",0,2,NA,5.91547553791766,0,1,1,0,100,117
"6226",1,2,NA,7.52993666317136,0,1,1,0,NA,75
"6227",0,4,94,8.93992311475688,2.69,1,0,0,100,62.5
"6228",0,1,NA,2.13406136051217,0,0,1,0,100,80
"6229",0,2,98,5.51698866085624,6.2,1,1,0,100,151.5
"6230",1,2,100,2.40254295804301,1.14,0,1,0,100,100
"6231",0,4,NA,4.67729132671118,0,1,1,0,97,143.5
"6232",1,4,100,5.9719107810898,5.64,1,1,1,100,166.25
"6233",1,2,100,8.34748654003996,3.75,0,1,0,100,87.5
"6234",0,5,NA,0.749150964529411,0,1,1,0,100,82
"6235",0,1,100,8.89470217303746,23.25,0,1,0,100,162
"6236",0,3,98,7.00303191214031,10.28,0,1,0,100,76.6666666666667
"6237",0,2,100,8.75413718388483,6,0,1,0,100,79.5
"6238",0,2,NA,3.61531910937768,0,1,1,0,97,137
"6239",0,2,NA,3.61091753296189,0,1,1,0,97,183.5
"6240",0,2,100,2.30139005420221,1,0,0,0,93,99.5
"6241",0,2,NA,2.27401082660167,0,0,0,0,93,244.5
"6242",1,6,100,9.79274906231681,2,1,0,0,100,78.8333333333333
"6243",1,4,100,1.51404166767247,26.4,1,1,0,100,65
"6244",0,4,100,9.57860247586324,28.2,1,1,0,100,52.5
"6245",0,2,NA,6.86369510472225,0,1,1,0,97,186
"6246",0,2,NA,2.01275077348689,0,1,1,0,80,156
"6247",0,2,20,9.56033094075562,12.71,1,0,0,98,82.5
"6248",0,2,96,6.80161132718613,4,0,1,0,100,98.5
"6249",0,2,100,9.29741917913792,5.52,1,0,0,100,142.5
"6250",0,8,NA,0.342605844952602,0,1,1,1,100,62.5
"6251",1,5,NA,8.65732006065917,0,1,0,0,100,63.2
"6252",1,2,NA,2.3597874242436,0,1,1,1,100,205
"6253",1,2,100,5.14852508219394,10.55,1,1,0,100,145
"6254",1,2,90,3.33448434893911,4.68,0,1,0,100,108.5
"6255",0,1,100,4.08383467926951,8.12,0,1,1,100,87
"6256",0,2,100,2.54303042043735,19.5,1,0,0,100,52
"6257",0,4,NA,5.69152474855302,0,1,1,0,100,100
"6258",0,6,100,6.98793253733649,6,1,0,0,100,83.1666666666667
"6259",1,2,93,11.1701453132783,8.03,1,0,1,100,100
"6260",0,2,100,0.712829602544392,3,1,1,0,80,249
"6261",1,1,100,5.49102642677941,4.6,0,0,0,78,100
"6262",0,2,89,5.3729013443161,2.53,0,1,0,80,79
"6263",0,2,NA,9.29559167868341,0,0,1,0,100,60
"6264",0,4,89,5.49038762647648,4.81,0,1,0,80,40
"6265",0,4,100,3.37741252881128,24.9,1,1,0,100,60
"6266",0,4,85,5.5714786450428,6.14,0,1,0,80,37.5
"6267",0,2,NA,9.58292596245166,0,0,0,0,82,64
"6268",1,4,NA,9.62430679668661,0,1,0,0,NA,48.75
"6269",0,1,100,5.46601727733541,18.9,0,0,0,100,101
"6270",0,2,NA,3.46658932518402,0,1,1,0,97,164
"6271",0,2,NA,3.3996047578439,0,1,1,0,97,190
"6272",0,2,NA,3.30371311768328,0,1,1,0,97,168
"6273",0,2,NA,3.2844094148805,0,1,1,0,97,164
"6274",1,2,NA,8.40682032048206,0,0,0,0,100,52.5
"6275",1,4,88,7.06757970653871,10.23,1,1,1,100,71.75
"6276",0,2,100,2.59218453654783,12.52,0,1,1,100,142.5
"6277",0,3,100,9.50877881435966,4,1,0,0,100,75
"6278",0,4,93,9.74317220212033,8.18,0,0,0,100,49.75
"6279",0,2,60,9.66607556032174,17.7,0,0,0,98,53
"6280",1,4,NA,7.06103294830764,0,1,1,1,100,81.25
"6281",0,2,96,5.04331951941689,4.69,0,0,0,NA,65
"6282",0,4,89,9.82523994994185,6.56,0,0,0,100,49.75
"6283",0,8,56,9.62410510779528,6.52,0,0,0,100,12.375
"6284",0,6,88,9.76165865643919,9.68,0,0,0,100,33.1666666666667
"6285",0,2,96,9.94145947569311,6.43,0,0,0,100,57.5
"6286",0,2,100,9.85116389568264,0.64,0,0,0,100,42.5
"6287",0,3,95,9.83514551488752,15,0,1,1,100,46.6666666666667
"6288",0,6,NA,0.527156388299997,0,1,1,0,100,125
"6289",0,2,97,9.73956473532825,4.56,0,1,1,100,70
"6290",1,4,98,8.78941073748175,10.68,1,1,0,100,71.25
"6291",0,2,98,5.42576022953375,4.4,1,1,0,100,141.5
"6292",0,4,93,6.89734336732837,6.76,1,0,0,100,93.75
"6293",0,2,100,8.78833019818824,10.64,1,0,0,100,90
"6294",1,1,NA,10.3626333070735,11.7,0,1,0,80,49
"6295",0,2,100,4.33797632068602,7.3,0,1,0,100,67.5
"6296",0,2,NA,3.22463632603641,0,1,1,0,97,161.5
"6297",0,5,99,5.35915248809607,6.72,1,1,0,100,76
"6298",1,6,NA,1.80537521769969,0,1,1,0,94,137.833333333333
"6299",0,2,NA,1.52288955969138,0,1,0,0,100,148.5
"6300",0,2,100,5.19283555086894,7.7,0,1,1,100,94.5
"6301",0,6,100,5.02045348227703,4,1,1,1,100,391.5
"6302",1,3,100,4.23126508632624,6.56,0,1,0,90,133.333333333333
"6303",1,6,100,7.46748303458191,1.13,1,1,0,100,81.5
"6304",0,4,NA,7.45243150809047,0,1,1,0,100,30
"6305",0,4,100,9.6648442543375,8.68,1,1,1,100,47.5
"6306",0,2,98,5.00729380763854,7.2,0,1,1,100,104.5
"6307",1,4,98,9.97385072352914,3.8,1,0,0,100,60
"6308",1,2,100,6.08892166408802,2,0,1,0,100,100
"6309",0,1,NA,10.6825050597581,0,0,1,1,100,159
"6310",0,4,NA,2.0962161283147,0,1,1,0,97,95.75
"6311",1,4,98,7.62296424146229,9.3,1,0,0,92,63.5
"6312",1,2,NA,4.67136672487713,0,0,1,0,100,100
"6313",0,2,100,5.38303818640467,4,1,1,0,100,411.5
"6314",1,4,98,2.25540174606195,8.91,0,0,0,99,68.5
"6315",0,2,NA,4.34056309425234,0,0,1,1,100,89.5
"6316",0,1,NA,9.93148909095504,0,0,1,0,100,94
"6317",0,2,100,4.33086764224534,30,0,1,1,100,89.5
"6318",0,2,NA,1.84860792769589,0,0,1,1,100,33.5
"6319",1,2,93,9.98408017565711,2.69,0,1,0,100,72.5
"6320",0,2,NA,1.73370541063354,0,0,1,1,100,88.5
"6321",0,2,NA,1.85365243352774,0,0,1,1,100,88.5
"6322",0,6,NA,5.2489680103061,0,1,1,0,NA,56.6666666666667
"6323",0,3,100,7.11317420159544,2,1,1,0,100,76.6666666666667
"6324",0,4,NA,5.08944088578063,0,1,1,0,100,50
"6325",0,3,67,3.49450381136388,3.65,0,1,0,100,81
"6326",1,5,NA,1.42795590797997,0,1,1,0,100,36
"6327",1,5,NA,1.44943048240719,0,1,1,0,100,50
"6328",0,2,100,8.97102966492069,10.59,1,1,0,100,90
"6329",0,3,100,4.06500705906647,6,1,1,0,100,131.666666666667
"6330",0,10,100,0.256593785025193,3,1,1,0,92,180
"6331",1,2,NA,5.01754412415634,0,1,1,0,100,50
"6332",1,2,NA,2.28959893561438,0,0,1,0,20,37.5
"6333",1,4,100,9.39839189317039,2.6,1,0,0,100,63.75
"6334",0,2,NA,4.16283055084679,0,0,1,1,100,89.5
"6335",0,5,NA,5.98344764708572,0,1,1,1,100,100
"6336",0,8,100,8.34258501808291,30,1,1,0,100,125
"6337",0,2,92,7.92970640652766,2.21,0,0,0,100,69
"6338",0,2,NA,3.18873861442053,0,1,1,0,100,60
"6339",0,4,NA,5.17372219450549,0,1,1,0,29,69.25
"6340",0,4,100,8.42707989114136,3.66,0,1,0,100,68.75
"6341",0,3,100,9.54430244190243,9.84,1,0,0,100,58.3333333333333
"6342",0,6,94,10.1374149792924,2.88,1,1,0,100,58.1666666666667
"6343",1,5,100,1.99083530500099,10,1,1,0,100,132
"6344",0,2,80,8.0393911925696,2,0,1,0,100,47.5
"6345",0,6,94,6.74982832605561,5.75,0,1,1,100,48.8333333333333
"6346",0,2,NA,4.36373323644671,0,0,1,0,100,152.5
"6347",0,4,96,6.7157907762061,6.16,0,1,1,100,44.5
"6348",0,4,NA,6.87829139937811,0,1,1,0,NA,87.5
"6349",0,8,NA,7.1638134220651,0,1,0,0,100,93.625
"6350",0,3,100,6.62465925881359,5.76,0,1,1,100,57.6666666666667
"6351",1,3,100,9.74152630736409,5.01,1,1,0,100,122.666666666667
"6352",0,1,NA,2.24611242344384,0,0,1,0,98,45
"6353",0,5,NA,5.4401480626134,0,1,1,0,100,115
"6354",0,2,NA,4.54295330707018,0,1,1,0,97,179.5
"6355",0,2,100,6.2137423437264,4.91,0,0,0,100,71.5
"6356",0,4,100,8.26006932139773,29.25,1,1,0,100,73.75
"6357",0,1,NA,6.69961884416333,0,1,1,0,100,350
"6358",0,4,NA,4.84197328415543,0,1,1,0,100,45
"6359",0,6,100,3.34752020996452,16.2,1,1,0,100,141.666666666667
"6360",1,2,100,5.5822176367372,1,0,0,0,100,80
"6361",1,6,NA,7.51487552266834,0,1,1,0,100,74.1666666666667
"6362",0,3,96,4.14099154482083,3.57,1,1,0,100,100
"6363",0,5,100,6.66937256090783,13.5,1,0,0,100,39.8
"6364",0,6,NA,11.1901281704741,0,1,0,0,100,99.5
"6365",0,2,NA,9.38475629303362,0,0,0,0,98,25
"6366",0,6,NA,6.07562557314936,0,1,1,0,100,103.333333333333
"6367",0,2,97,2.61005926934423,18.68,1,0,0,100,127.5
"6368",1,4,NA,11.9213317305178,0,1,1,0,100,101.5
"6369",0,7,NA,6.77833786964189,0,1,1,0,NA,128.571428571429
"6370",0,2,90,6.58791462151056,5.14,0,1,0,100,113.5
"6371",0,4,NA,2.42112118109083,0,1,1,0,97,124.75
"6372",0,2,NA,3.36147622763128,0,1,1,0,97,151.5
"6373",0,6,100,10.2406838635855,6,1,0,0,100,138.166666666667
"6374",0,4,NA,4.50361730679484,0,1,1,0,99,52.5
"6375",0,2,NA,4.70023619176401,0,1,1,0,99,75
"6376",0,2,NA,4.72899324639911,0,1,1,0,99,75
"6377",0,2,NA,4.51209161414583,0,1,1,0,99,75
"6378",0,4,NA,4.53311442259319,0,1,1,0,99,52.5
"6379",0,4,NA,4.72558687462873,0,1,1,0,99,52.5
"6380",1,6,NA,2.11173631522795,0,1,1,0,99,66.5
"6381",0,2,NA,4.58742443482434,0,1,1,0,99,75
"6382",0,6,98,6.62703274867091,6,0,1,0,98,51.5
"6383",0,4,98,6.70345149353153,8.06,0,1,0,98,54
"6384",0,3,70,6.90295749288499,27,1,0,0,100,46.3333333333333
"6385",0,3,96,6.61079379582445,5.08,0,1,0,98,59.3333333333333
"6386",0,5,NA,6.61199322322514,0,1,0,0,NA,105
"6387",0,2,100,8.59503614052086,2.83,0,0,0,100,62.5
"6388",1,6,NA,2.08167645528427,2,0,0,0,100,80
"6389",0,2,NA,4.2206217019826,0,1,1,0,96,55
"6390",0,2,NA,4.05730340102667,0,1,1,0,96,62.5
"6391",0,6,NA,10.5694681619018,0,1,1,0,100,50.8333333333333
"6392",0,2,100,2.42580136683518,14.64,0,1,1,100,160
"6393",1,5,NA,7.69164081340588,0,1,0,1,100,74
"6394",0,2,NA,4.83894970899311,0,1,1,0,50,195
"6395",0,2,100,5.69597115589841,6.02,0,1,0,100,100
"6396",0,2,100,9.84509168889851,2,0,0,0,100,35
"6397",1,4,NA,7.32552477934717,0,1,1,0,NA,125
"6398",1,6,100,2.26887776958626,5,0,1,0,100,166.5
"6399",0,3,NA,5.89635800834569,0,1,1,0,100,43.3333333333333
"6400",0,2,NA,6.12056671856735,0,0,0,1,100,73.5
"6401",0,2,NA,4.3421086588081,0,0,1,1,100,83.5
"6402",0,2,NA,6.1443043571218,0,0,0,1,100,73.5
"6403",0,1,NA,8.55498496186551,0,0,0,0,98,145
"6404",0,2,99,10.1375585292497,14.46,0,1,0,100,32.5
"6405",0,6,NA,2.64160445638175,0,1,1,0,100,23.3333333333333
"6406",1,2,NA,5.18845068866258,0,1,0,0,NA,74.5
"6407",1,1,80,8.70526195483609,30,0,0,0,100,48
"6408",0,2,NA,6.01365225560624,0,0,0,1,100,74.5
"6409",0,1,NA,0.768840367322612,0,0,1,0,90,50
"6410",0,6,90,4.53665934756484,3.91,0,1,0,97,46.5
"6411",0,4,NA,3.30130544934931,0,1,1,0,100,118.75
"6412",0,2,NA,2.20778972262333,0,1,1,0,97,147
"6413",0,6,100,5.00678648486935,6.16,1,1,0,100,59
"6414",0,2,90,7.57782675434418,7.06,1,0,0,100,87.5
"6415",0,2,NA,4.27379042454735,0,0,1,1,100,36.5
"6416",0,2,NA,7.04914889020928,0,1,1,0,100,250
"6417",1,1,NA,5.7358260810382,0,0,1,0,100,165
"6418",0,2,NA,3.08729495749565,0,0,1,0,50,1250
"6419",0,1,NA,10.3047453545463,0,0,1,0,0,40
"6420",1,1,NA,4.30044123407465,0,0,1,0,NA,99
"6421",0,4,97,6.76366218592346,12,1,0,0,100,91
"6422",0,4,100,3.32725014581857,1.5,1,1,0,100,116.25
"6423",0,4,100,1.32287189339261,5,0,1,0,100,93.75
"6424",1,2,NA,8.11795091195993,0,0,1,1,100,125
"6425",0,4,100,8.51185271063545,1.5,1,0,1,100,78.75
"6426",0,1,NA,4.98965442178715,0,0,1,0,98,60
"6427",0,1,NA,5.04366209834532,0,0,1,0,98,40
"6428",0,2,NA,3.75063183610973,0,0,1,0,100,32.5
"6429",0,4,NA,2.28153246331439,0,1,1,0,100,143.75
"6430",0,2,NA,1.09602584672391,0,1,1,0,100,72.5
"6431",1,1,NA,7.28366789856313,0,0,1,0,100,33
"6432",1,2,93,8.76730168438009,3.4,0,1,0,100,138
"6433",0,1,NA,7.12452794834766,0,0,1,0,90,250
"6434",0,3,40,9.7710913949926,3,1,1,0,100,95.6666666666667
"6435",0,2,NA,4.65847369583545,0,1,1,0,97,199.5
"6436",0,2,NA,2.92002181455051,0,1,1,0,97,151.5
"6437",0,2,NA,3.00930852731414,0,1,1,0,97,200
"6438",0,4,NA,4.07459366665113,0,1,1,0,NA,49.75
"6439",0,6,100,5.63665525446087,2.79,1,1,0,100,91.6666666666667
"6440",0,2,NA,3.17107137929899,0,1,1,0,100,150
"6441",0,2,97,6.86199206785965,4.04,0,1,0,97,64.5
"6442",0,4,NA,1.35912566203292,0,1,1,0,97,110.25
"6443",0,4,NA,3.24701245720906,0,1,1,0,97,105.25
"6444",0,2,NA,2.98563472377238,0,1,1,0,97,182
"6445",0,8,100,7.42491077933409,30,1,1,0,100,74.375
"6446",0,2,96,8.71130225642483,6.75,1,1,0,100,69
"6447",0,2,NA,4.4585287534195,0,1,1,0,100,142.5
"6448",0,2,NA,3.43862163520031,0,1,1,0,100,118.5
"6449",0,2,NA,4.59553694774395,0,1,1,0,100,136.5
"6450",0,2,NA,4.62483137792028,0,1,1,0,100,140
"6451",0,2,NA,4.61973130932681,0,1,1,0,100,137
"6452",0,2,NA,3.77546419092748,0,1,1,0,100,137
"6453",0,2,NA,3.94978199231855,0,1,1,0,100,132.5
"6454",0,2,NA,3.55702633405441,0,1,1,0,100,153
"6455",0,4,NA,6.01395934476212,0,1,1,0,100,89.5
"6456",0,4,NA,3.70583066749631,0,1,1,0,100,108.75
"6457",0,2,NA,2.34323266357684,0,1,1,0,100,130
"6458",0,2,NA,3.04751794629341,0,1,1,0,100,166
"6459",0,2,NA,10.6460224717127,0,0,1,0,50,42.5
"6460",0,8,100,3.60778758228664,9.76,1,0,0,100,168.625
"6461",1,3,NA,2.83191496401322,0,1,0,0,100,66.6666666666667
"6462",1,2,100,8.30046466647548,2.57,0,1,0,100,77
"6463",1,4,100,5.37080765372139,2,1,1,0,100,81.25
"6464",1,7,NA,6.87807067399144,0,1,1,1,100,64.2857142857143
"6465",0,8,100,7.62001366319415,2.72,0,1,0,100,63.75
"6466",1,4,100,6.17044765645326,5.46,1,1,0,100,237.5
"6467",0,4,98,4.37655503595248,11.16,1,1,0,100,49.5
"6468",1,2,NA,2.97079348968982,0,1,1,0,100,137.5
"6469",1,4,100,4.20407689143488,3,1,1,0,100,112.5
"6470",0,4,100,3.34691107243962,2,1,0,0,100,50
"6471",1,10,NA,11.5042264345584,0,1,1,0,100,60
"6472",0,6,100,4.05666953152213,6,1,1,0,100,82.3333333333333
"6473",0,2,NA,3.09949713288619,0,1,1,0,97,158.5
"6474",0,2,NA,6.69887056462388,0,0,1,0,100,42.5
"6475",0,2,NA,1.77011708873156,0,0,1,0,100,175
"6476",0,2,NA,1.81691286036632,0,0,1,0,100,50
"6477",0,2,NA,5.19743004489647,0,0,1,0,100,25
"6478",1,2,NA,10.5242922292786,0,0,0,0,100,112
"6479",0,2,NA,2.28546692608333,0,0,0,0,83,72.5
"6480",0,5,NA,5.09633975626732,0,1,1,0,NA,80
"6481",1,2,NA,10.5357245504766,0,0,0,0,100,112
"6482",0,4,NA,2.09942400797101,0,1,1,1,100,362.5
"6483",1,4,NA,10.564896235701,0,0,0,0,100,221.25
"6484",1,5,100,3.53782216896166,7.9,1,1,0,100,154
"6485",0,2,NA,2.26167397757043,0,1,1,0,97,147
"6486",0,2,NA,2.88085227448235,0,0,0,0,100,89.5
"6487",0,4,NA,5.84197448065781,0,1,1,0,100,66.5
"6488",0,2,96,8.47448824996198,8.18,0,0,0,100,37.5
"6489",1,1,NA,5.5119906001109,0,0,1,0,NA,70
"6490",0,5,NA,5.2012367879675,0,1,1,0,93,120
"6491",0,2,NA,4.17764374325148,0,0,0,0,98,35
"6492",0,2,100,4.67682526613637,3.74,1,1,0,100,180
"6493",1,2,NA,9.44635530977824,0,0,0,0,100,58
"6494",0,2,90,8.87377323095034,2,0,0,0,100,53
"6495",1,2,100,9.42784457126617,3,0,0,0,100,63
"6496",1,2,100,9.33978412508496,2,0,0,0,100,63
"6497",0,1,NA,1.15723978032123,0,0,1,0,88,98
"6498",0,2,NA,5.40399897937789,0,0,1,1,100,105
"6499",0,4,NA,1.11211750902143,0,1,1,0,100,80.5
"6500",0,2,NA,9.13634676680604,0,0,0,1,100,100
"6501",1,3,NA,8.03122760311635,0,1,0,0,100,66.6666666666667
"6502",0,4,NA,5.82277558543052,0,1,1,0,100,32.5
"6503",0,4,60,10.1170904748749,30,1,1,0,100,71
"6504",0,2,NA,6.37542158167579,0,1,0,0,100,43.5
"6505",0,4,90,6.67670225728393,4,0,1,0,100,54.5
"6506",1,4,NA,9.46220156852131,0,1,0,1,100,75
"6507",1,5,NA,2.04003578721036,0,1,0,0,87,90.8
"6508",0,2,NA,4.70675559537019,0,1,1,0,100,43
"6509",1,3,NA,2.04584577772242,0,1,0,0,87,110
"6510",1,2,NA,1.81731874175329,0,1,0,0,87,130
"6511",0,3,100,6.7207086131183,2,0,1,0,100,67.6666666666667
"6512",0,2,NA,9.95802084352661,0,0,1,0,100,54.5
"6513",0,1,NA,9.7895106688578,0,0,1,0,100,105
"6514",0,2,NA,3.15376396028154,0,1,0,0,100,65
"6515",0,15,100,6.83476982709905,2,1,1,0,98,59.6666666666667
"6516",0,1,NA,2.65720406047699,0,0,1,0,100,96
"6517",1,4,100,4.11909333903229,1,1,1,1,100,65
"6518",0,7,100,7.16865800440487,8,1,1,0,100,82.1428571428571
"6519",0,4,NA,1.04463459095235,0,1,1,0,100,100.75
"6520",1,2,100,5.87532708586092,2,1,1,0,100,150
"6521",0,2,100,3.71097454816128,4.29,0,1,0,100,45
"6522",1,2,100,9.21307986125548,18.2,0,0,0,100,60
"6523",0,3,100,0.435087319711736,10,0,1,0,100,76.6666666666667
"6524",1,2,100,9.15516236780851,8,0,0,0,100,55
"6525",1,1,NA,3.81319031536396,0,0,1,0,50,120
"6526",1,2,NA,6.26526966142097,0,0,0,0,100,99.5
"6527",1,2,NA,5.13690802192011,0,0,1,0,100,35
"6528",0,6,NA,2.69454581998431,0,1,1,1,100,107.5
"6529",1,4,NA,2.76013765269737,0,1,1,0,87,82.5
"6530",0,4,NA,5.82837743497109,0,1,1,0,100,71.75
"6531",1,4,100,7.73916248242031,2.43,1,1,0,100,105
"6532",0,2,NA,8.33565807083608,0,1,1,0,100,54.5
"6533",1,2,NA,3.69062138391938,0,0,1,0,100,87.5
"6534",1,2,NA,3.57842240381565,0,0,1,0,100,67.5
"6535",1,1,NA,3.5655598784524,0,0,1,0,100,100
"6536",1,2,NA,9.81127233207526,0,1,1,1,100,90
"6537",0,1,NA,9.83463447622208,0,0,1,0,100,131
"6538",0,4,93,9.52824270525236,3,1,1,0,100,61.25
"6539",0,3,100,11.0364328080073,4,0,0,0,100,45.3333333333333
"6540",0,2,NA,6.03038596088664,0,1,1,0,97,167
"6541",1,7,NA,0.7659353649961,0,1,1,0,87,86.7142857142857
"6542",1,5,NA,0.88032213181263,0,1,1,0,87,93.4
"6543",1,3,NA,1.44285063118098,0,1,1,0,87,116.666666666667
"6544",0,3,100,2.97513993589278,3,0,0,0,100,332.666666666667
"6545",0,3,NA,3.08912635794295,0,0,0,0,100,332.666666666667
"6546",0,2,100,2.92247329379803,3,0,0,0,100,100
"6547",1,5,NA,0.884611372366213,0,1,1,0,87,93.4
"6548",1,9,NA,1.572503617636,0,1,1,0,87,84.1111111111111
"6549",0,2,NA,4.45971986112102,0,1,1,0,NA,55
"6550",0,3,NA,2.60915482274056,0,1,1,1,96,119.333333333333
"6551",0,6,100,10.0501266946033,3.24,1,1,0,100,91.6666666666667
"6552",0,2,100,4.64968661338644,7.9,0,1,0,100,65
"6553",0,3,NA,4.83980007548381,0,0,1,0,100,55
"6554",1,16,NA,3.57527028619078,0,0,0,0,NA,9.3125
"6555",0,2,100,2.07320179610683,1,1,1,0,50,190
"6556",1,2,NA,3.31225569742194,0,1,1,1,100,119.5
"6557",1,4,NA,5.54865915029963,0,1,1,0,100,70.75
"6558",1,3,NA,1.56399211007819,0,1,0,0,87,113.333333333333
"6559",1,3,NA,0.804832304864568,0,1,1,0,87,121.333333333333
"6560",0,2,NA,1.95029686086047,0,1,1,0,100,200
"6561",0,2,NA,1.78977343636496,0,0,1,0,100,125
"6562",0,12,NA,7.9898945530579,0,1,0,0,100,14.5833333333333
"6563",0,1,100,8.79262772477837,4,0,0,0,100,105
"6564",0,2,100,8.78749860890621,3,0,0,0,100,92.5
"6565",0,2,100,4.782135142612,7.5,0,1,0,100,65
"6566",1,6,NA,1.51382712740729,0,1,0,1,100,54.8333333333333
"6567",0,7,100,5.56994186121325,8,1,1,0,100,67
"6568",1,2,100,3.4760207399291,2,0,1,0,100,105
"6569",0,1,NA,4.16189011127366,0,0,1,0,NA,500
"6570",1,3,87,4.25655144764192,6,1,1,0,100,140
"6571",0,4,NA,1.25776522779847,0,1,1,0,NA,112.5
"6572",0,2,NA,4.71632426472522,0,0,1,0,100,63.5
"6573",0,2,NA,4.76432601148685,0,0,1,0,100,78.5
"6574",0,2,NA,2.64631505493848,0,0,0,0,88,64.5
"6575",0,2,100,2.83147167834007,1,0,0,0,88,64.5
"6576",0,2,NA,5.69713075742089,0,1,1,0,97,147
"6577",0,12,90,6.30642674937035,8,1,0,0,100,50
"6578",0,4,NA,4.53551209564194,0,1,0,1,100,93.75
"6579",0,2,87,11.4915777244019,6,0,1,0,99,50
"6580",0,10,96,10.0386306968439,4.29,1,0,0,100,46.6
"6581",1,4,NA,3.67650387144166,0,1,1,0,NA,45
"6582",1,1,NA,4.31719273575765,0,0,1,1,100,185
"6583",0,4,NA,1.84112563036469,0,1,1,0,100,113.75
"6584",0,1,NA,9.83438624001419,0,0,1,0,100,135
"6585",1,1,100,4.93266558005069,3.34,0,0,0,100,550
"6586",1,1,NA,5.4595256230768,0,0,1,1,100,80
"6587",1,1,100,7.90804229514682,7,0,1,0,100,192
"6588",1,2,100,4.78960974927305,8.55,1,0,0,100,200
"6589",0,4,NA,3.94621217764804,0,1,1,0,100,76.25
"6590",0,1,NA,5.19151773654571,0,0,1,0,100,51
"6591",0,1,100,11.8437958718857,2,0,1,0,99,55
"6592",1,2,NA,4.28542104370728,0,1,1,0,100,105
"6593",0,1,80,11.459401917462,2,0,1,0,99,55
"6594",0,2,100,8.28860849061902,1,0,1,0,100,49
"6595",0,5,100,7.70670634717979,6,1,0,0,100,66
"6596",1,3,100,9.22244158640211,4.17,0,1,1,98,49.6666666666667
"6597",1,2,87,9.28943522924036,5.14,0,1,1,98,62
"6598",1,4,NA,2.1804369885956,0,1,1,0,99,89.75
"6599",0,4,NA,5.64301410136166,0,1,1,0,97,97
"6600",0,2,NA,1.24937635158574,0,1,0,0,75,145
"6601",0,2,NA,3.56345762864924,0,0,0,0,99,94.5
"6602",1,2,NA,4.28223814672356,0,1,0,0,57,35
"6603",0,2,NA,3.04975759025738,0,1,1,0,97,170
"6604",0,3,97,10.0661650498993,6,0,0,0,100,49.6666666666667
"6605",1,2,NA,7.26963176578754,0,0,1,0,100,111.5
"6606",0,4,100,8.15333362229157,0.88,1,1,0,100,55
"6607",0,2,NA,3.54342982534928,0,1,0,0,100,74.5
"6608",0,4,92,9.87292773095748,10,1,0,0,100,58.25
"6609",1,3,NA,0.809864476282921,0,1,1,0,87,120
"6610",1,2,NA,1.90197895767121,0,1,1,0,87,130
"6611",1,3,NA,2.04900963799502,0,1,1,0,87,113.333333333333
"6612",0,2,100,8.03233664321038,4,1,1,0,67,115
"6613",1,2,100,3.92793203826597,8,0,1,1,100,87.5
"6614",1,4,100,3.90911227585158,2,1,1,1,100,97.25
"6615",0,4,NA,1.42375738302852,0,1,1,1,100,72.5
"6616",0,2,NA,4.75509772717594,0,1,1,0,97,150.5
"6617",1,3,NA,1.41726680534146,0,1,0,0,87,116.666666666667
"6618",1,3,NA,1.57654284881689,0,1,0,0,87,113.333333333333
"6619",1,5,NA,0.999253606824891,0,1,1,0,87,90.8
"6620",0,2,NA,2.3064444952258,0,1,1,0,NA,1650
"6621",0,4,100,7.95440513624829,1,1,1,0,100,60
"6622",0,4,NA,5.05664657891759,0,1,1,0,100,63.75
"6623",1,2,NA,3.20189734576405,0,1,1,1,90,45
"6624",0,2,NA,0.526368483598525,0,1,1,0,97,139
"6625",0,2,NA,0.463962784677556,0,1,1,0,97,128.5
"6626",0,2,NA,2.84842914465135,0,1,1,0,97,178
"6627",0,4,NA,3.04470831273266,0,1,1,0,97,110.25
"6628",0,2,100,2.21028959185764,8,1,1,0,100,455
"6629",0,6,97,9.43571301155295,14,1,0,0,100,62.5
"6630",0,2,NA,3.49492708993403,0,1,0,0,100,74.5
"6631",0,2,NA,3.58075020542759,0,1,0,0,100,74.5
"6632",0,4,NA,5.14794292460785,0,1,0,0,100,70.5
"6633",0,2,NA,2.74600782235172,0,0,1,0,100,62.5
"6634",0,6,NA,6.81006843996034,0,1,1,1,100,92.5
"6635",0,8,NA,1.39213569001208,0,1,1,1,100,57.5
"6636",0,4,NA,1.44529031524555,0,1,1,1,100,72.5
"6637",1,4,NA,1.4010920142739,0,1,1,0,NA,687.25
"6638",1,1,NA,5.48165813740449,0,0,1,1,100,59
"6639",0,2,NA,4.16780558107769,0,0,1,0,100,115
"6640",1,1,NA,3.52899064161164,0,1,1,0,100,200
"6641",1,3,NA,4.06371742785433,0,1,1,0,100,78.3333333333333
"6642",1,2,NA,3.40400241836228,0,0,1,1,90,224.5
"6643",0,5,NA,6.00714541799836,0,1,0,0,100,112
"6644",1,2,100,3.78724857894795,2,0,1,0,92,72
"6645",0,6,NA,4.21660202087469,0,1,1,0,100,77.5
"6646",0,4,NA,1.96814715135084,0,1,1,0,100,112.5
"6647",0,4,NA,8.45779213484527,0,0,1,0,100,60
"6648",0,2,96,4.13961560634619,5,1,1,0,100,175
"6649",0,10,NA,7.9827060140876,0,1,1,0,100,125
"6650",0,4,NA,3.19794496340541,0,1,1,1,90,152.5
"6651",0,2,NA,0.522626521565041,0,1,1,0,97,147
"6652",1,1,NA,10.7038803109266,0,0,1,0,NA,65
"6653",0,1,100,9.83837449657486,30,0,1,0,100,115
"6654",0,2,100,11.2776785068687,3,0,0,0,100,50
"6655",0,5,100,4.37457606451157,6,1,1,0,100,445.8
"6656",0,1,NA,2.22162399432756,0,1,0,0,100,133
"6657",0,2,NA,3.98260627398759,0,0,1,0,80,51
"6658",0,2,NA,1.98958842371193,0,1,1,0,97,130.5
"6659",0,2,NA,3.28358791058063,0,1,1,0,97,165.5
"6660",0,2,NA,1.90818549216254,0,1,1,0,97,134
"6661",0,1,NA,2.31543344571439,0,1,0,0,100,123
"6662",0,4,NA,3.83124384304738,0,0,1,0,80,38
"6663",0,1,NA,1.92613049198094,0,0,1,0,100,56
"6664",1,2,NA,8.53501844823329,0,0,1,0,100,45
"6665",0,2,NA,2.10028481620217,0,0,1,0,100,40
"6666",0,2,NA,1.94728516951446,0,0,1,0,100,43
"6667",0,1,NA,2.23909104791195,0,0,0,0,100,313
"6668",0,1,NA,2.38787722215381,0,0,0,0,100,313
"6669",0,4,NA,11.3263167617063,0,0,1,1,100,57.5
"6670",1,16,NA,3.90892468132006,0,0,1,0,100,31.25
"6671",0,2,NA,6.03661206363262,0,1,1,0,100,192.5
"6672",1,1,NA,8.8179848884347,0,0,1,0,80,65
"6673",0,4,NA,2.38721738052013,0,1,0,0,100,118.75
"6674",0,1,100,8.83268644829817,1,0,1,1,100,100
"6675",0,9,NA,9.26998705411888,0,1,1,0,NA,134.777777777778
"6676",0,2,NA,2.63405858665429,0,0,0,0,99,68.5
"6677",1,5,NA,9.66240088160699,0,1,1,0,100,45
"6678",0,4,NA,3.93376350960334,0,0,1,0,80,40.5
"6679",0,4,NA,3.9304770216718,0,0,1,0,80,40.75
"6680",0,4,NA,3.34793009900818,0,1,1,0,97,112.25
"6681",0,2,NA,4.86816947733571,0,1,1,0,97,149
"6682",0,4,NA,3.07605917325056,0,1,1,0,97,117.5
"6683",0,2,NA,2.04013770690924,0,0,1,0,67,100
"6684",0,4,100,6.79632022584599,2,0,1,0,50,86.25
"6685",0,2,NA,0.460451736273327,0,0,1,0,100,64.5
"6686",1,4,100,5.13417706372883,2,1,1,0,100,56
"6687",0,3,60,11.0120819754788,2,0,0,0,100,36.6666666666667
"6688",0,1,NA,9.60301540959323,0,1,0,0,98,134
"6689",0,6,NA,4.56740994062296,0,1,1,0,100,101.666666666667
"6690",0,2,100,8.9303800455393,5,1,0,0,100,65
"6691",1,1,NA,11.2020385805525,0,0,1,0,100,132
"6692",1,2,NA,3.41158287388187,0,0,1,1,99,69.5
"6693",1,5,100,10.4739609272707,1,1,0,0,100,146.8
"6694",0,2,95,7.89330379555628,4,0,1,1,100,45
"6695",0,2,100,4.30096551367456,5,0,1,0,100,126.5
"6696",0,1,NA,2.75138486158127,0,0,1,0,100,286
"6697",0,1,NA,2.53015355677447,0,0,1,0,100,286
"6698",0,2,NA,3.19762569365355,0,0,1,0,100,76
"6699",1,4,NA,3.33669932005631,0,1,1,0,100,74.5
"6700",0,6,NA,3.50903593610392,0,1,1,0,100,86.5
"6701",0,10,NA,2.99312692021325,0,1,1,0,100,51.5
"6702",0,2,NA,2.64069491925812,0,0,0,0,99,77
"6703",0,2,NA,2.84948556806802,0,0,0,0,99,77
"6704",0,6,NA,1.58452089889861,0,1,1,1,100,35.1666666666667
"6705",1,6,100,7.3266541294374,3,1,0,0,100,58.3333333333333
"6706",0,10,NA,6.6995975470112,0,1,1,0,NA,100
"6707",1,4,NA,3.48869805439422,0,1,1,0,100,111.25
"6708",0,2,90,7.3945602795018,4,0,0,0,100,75
"6709",0,5,NA,1.2616523806277,0,1,1,1,97,95
"6710",1,1,NA,6.81269464493,0,0,1,0,NA,200
"6711",0,5,NA,10.2245752460269,0,0,1,1,90,36
"6712",0,2,NA,10.3382209180741,0,0,1,1,90,70
"6713",0,2,NA,10.355527072445,0,0,1,1,90,70
"6714",0,2,NA,10.3236374256039,0,0,1,1,90,52.5
"6715",0,3,NA,3.69303618710393,0,1,1,1,96,104.666666666667
"6716",0,2,NA,6.89953086478809,0,1,1,0,100,87.5
"6717",0,1,NA,4.41981050366101,0,0,0,0,100,45
"6718",0,3,88,3.6825501733881,5,0,0,0,100,81
"6719",1,3,100,6.10868035350251,2,0,0,0,100,96.6666666666667
"6720",1,5,100,8.42778153581123,2,1,1,0,100,55.8
"6721",1,7,100,3.2670018422765,2,1,1,0,100,120.714285714286
"6722",0,2,NA,5.55919139718302,0,1,0,0,100,110
"6723",0,1,NA,2.51092707506919,0,0,1,0,100,117
"6724",0,6,NA,4.24646513718322,0,1,1,0,100,113.333333333333
"6725",0,1,NA,2.54509025763391,0,0,1,0,100,78
"6726",0,1,NA,2.66561519554261,0,0,1,0,100,78
"6727",0,4,NA,11.1760856413977,0,1,1,0,100,58.75
"6728",0,4,NA,2.45819355358782,0,1,0,0,100,68.75
"6729",0,6,100,10.0035263891493,2,1,0,0,100,52.5
"6730",0,1,100,6.24591644537238,1,0,0,0,100,90
"6731",0,2,NA,7.3442735764042,0,0,1,0,100,26
"6732",1,4,NA,3.38082130258354,0,0,1,0,100,173.5
"6733",0,2,NA,4.56766291826069,0,1,1,0,99,349.5
"6734",0,3,95,7.6586916750089,4,0,0,0,100,66.6666666666667
"6735",0,2,100,6.50277084961666,1,0,1,0,100,114.5
"6736",0,2,NA,4.35712666718013,0,0,0,0,NA,38.5
"6737",0,2,NA,3.08631336998749,0,1,1,0,97,138.5
"6738",0,2,NA,3.15168472374081,0,1,1,0,97,126.5
"6739",0,2,NA,5.98237307538593,0,1,1,0,97,145
"6740",0,6,93,3.63224810995542,6,1,1,0,94,81.6666666666667
"6741",0,2,NA,1.17755489403926,0,1,0,0,100,55
"6742",0,1,NA,11.6952532382078,0,0,1,0,100,125
"6743",0,4,100,6.17131680414818,8,1,1,0,100,41.25
"6744",1,2,100,5.53404469883021,1,0,0,1,100,125
"6745",1,5,NA,4.21448457961479,0,1,1,0,NA,33.6
"6746",1,4,NA,4.08029472830661,0,1,0,0,100,75
"6747",1,1,NA,5.15057030635323,0,0,0,0,100,77
"6748",0,2,100,7.82863571483,1,0,0,0,100,100
"6749",0,2,100,7.8982909952944,2,0,0,0,100,37.5
"6750",0,2,100,7.71988615911687,3,0,0,0,100,87.5
"6751",0,2,NA,6.38853424511071,0,0,1,0,100,101.5
"6752",0,2,100,6.41263153808509,3,0,1,0,100,101.5
"6753",0,2,100,6.53741654348374,3,0,1,0,100,101.5
"6754",0,2,100,6.50028863509018,3,0,1,0,100,114.5
"6755",1,3,100,5.88330092490198,2,1,1,0,100,148.333333333333
"6756",0,8,NA,10.3014654638771,0,1,1,0,100,68.75
"6757",0,2,100,5.09701498783017,2,0,0,0,100,95
"6758",0,2,NA,8.82968076830513,0,1,0,0,67,40
"6759",0,3,NA,5.0800348431638,4,1,1,0,100,136.666666666667
"6760",0,2,NA,5.00162331203864,0,0,0,0,NA,50
"6761",0,2,100,3.79183946902631,2,0,0,0,100,187
"6762",0,2,NA,7.49531922955412,0,1,0,0,100,80
"6763",0,2,NA,2.39016819023316,0,1,1,0,97,139
"6764",0,2,NA,2.37820378199563,0,1,1,0,97,124
"6765",0,2,NA,3.14704752142056,0,1,1,0,NA,157.5
"6766",1,6,NA,2.10102061622914,0,0,1,0,NA,58.3333333333333
"6767",0,2,NA,3.51102928180904,0,1,1,1,96,105
"6768",0,1,NA,3.71489845566734,0,0,1,0,NA,500
"6769",0,2,NA,4.30178374484186,0,0,1,0,100,129
"6770",0,2,80,5.25297653490423,2,0,0,0,100,70
"6771",0,2,NA,5.17885134792892,0,0,0,0,100,70
"6772",1,3,NA,0.783193815453043,0,0,1,0,100,50
"6773",0,2,NA,3.29655581180388,0,0,1,0,NA,60
"6774",0,4,NA,3.37307789195189,0,1,1,0,100,81.25
"6775",0,2,NA,5.32058750756003,0,1,1,1,100,237.5
"6776",1,4,NA,12.2393728933213,0,0,1,0,98,37.5
"6777",1,4,100,12.0082918686228,2,0,1,0,98,37.5
"6778",0,2,NA,5.62525467816319,0,0,1,0,NA,125
"6779",1,4,NA,11.9942133968329,0,0,1,0,98,38.75
"6780",0,2,NA,5.58920507807527,0,1,1,0,NA,37.5
"6781",1,1,NA,1.26877410672118,0,0,0,0,100,60
"6782",1,4,NA,12.2079382234122,0,0,1,0,98,38.75
"6783",1,2,NA,12.005086385874,0,0,1,0,98,47.5
"6784",1,2,NA,12.0375486249485,0,0,1,0,98,48.5
"6785",0,1,NA,8.70897755912932,0,0,0,0,98,110
"6786",0,1,NA,1.82645785876414,0,0,1,1,100,58
"6787",0,2,NA,4.34621034881224,0,0,1,1,100,35
"6788",0,4,NA,5.29364617139774,0,1,1,1,100,125
"6789",0,2,NA,1.16067774411833,0,1,1,0,100,450
"6790",0,2,NA,4.38842167409548,0,1,1,0,100,140
"6791",0,2,NA,3.82658628567145,0,1,1,0,100,138
"6792",1,4,NA,5.31047563790549,0,1,1,1,100,144.25
"6793",0,2,NA,3.24635153824059,0,1,1,0,100,108.5
"6794",1,3,NA,1.93441134347171,0,1,0,0,NA,40
"6795",0,5,NA,4.02389742831458,0,1,0,0,100,46
"6796",0,1,NA,7.5116486560059,0,0,1,0,100,50
"6797",0,7,NA,6.94187516499819,0,1,1,0,NA,85.7142857142857
"6798",1,2,NA,6.74291961645597,0,1,0,0,100,150
"6799",0,2,NA,2.22211877701238,4,0,1,0,100,79.5
"6800",0,2,NA,1.47320538285806,0,1,1,0,100,100
"6801",0,1,100,2.28663319960788,2,0,1,0,100,135
"6802",0,1,NA,2.55362144247214,0,0,1,0,100,286
"6803",0,2,NA,8.82542477629448,0,0,1,1,100,57.5
"6804",0,2,NA,2.53045942056159,0,0,1,0,100,156
"6805",1,2,NA,8.4450545330988,0,0,1,0,100,85
"6806",0,3,NA,5.62098887346773,0,1,1,1,96,119.666666666667
"6807",0,1,NA,2.25354545918277,0,0,1,0,100,135
"6808",0,2,NA,5.192088527173,0,1,0,0,100,134.5
"6809",1,2,100,8.00444385746538,4,1,1,0,100,115
"6810",0,1,NA,2.33253775790506,0,0,1,0,100,135
"6811",0,2,NA,3.21438750336699,0,1,1,0,97,152.5
"6812",0,2,NA,3.21852007859867,0,1,1,0,97,156.5
"6813",0,4,NA,3.36967338043822,0,1,1,0,97,113.5
"6814",0,2,NA,2.93328028899941,0,1,1,0,97,164
"6815",0,3,NA,5.73668150877615,0,1,1,0,50,1676.66666666667
"6816",0,4,NA,9.52597195225643,0,1,1,0,NA,117
"6817",1,2,NA,6.92279059841154,0,1,1,1,100,117
"6818",0,2,NA,4.32462513698604,0,0,0,0,100,95
"6819",0,1,NA,4.41329085312367,0,0,1,0,98,40
"6820",0,4,NA,7.89258427761297,0,1,0,0,86,85
"6821",0,2,NA,9.97603260202187,0,1,1,0,100,37.5
"6822",0,6,NA,2.03061411357064,0,1,0,0,100,104
"6823",0,1,NA,4.20790075465595,0,0,1,0,98,40
"6824",0,1,NA,2.70332566293801,0,0,1,0,100,286
"6825",1,4,NA,5.45145783958787,0,1,1,0,100,100
"6826",1,2,NA,6.61796001522493,0,0,1,0,NA,34
"6827",1,1,NA,6.28753053711064,0,1,1,1,100,105
"6828",1,2,NA,2.23565768886154,0,1,1,0,NA,125
"6829",0,4,NA,7.16937995238973,0,1,1,0,NA,43.5
"6830",1,2,NA,12.2226673260739,0,0,1,0,98,52.5
"6831",0,4,NA,3.04641351140832,0,1,1,0,97,110.75
"6832",0,2,NA,8.07879552852341,0,0,1,1,100,45
"6833",0,1,NA,2.74539308326967,0,0,1,0,100,286
"6834",1,1,NA,5.75292176285769,0,0,1,0,NA,240
"6835",0,4,NA,3.93172915116083,0,1,0,0,100,96.25
"6836",0,1,NA,5.66001625629292,0,0,0,1,100,55
"6837",0,2,NA,3.7113002705518,0,0,1,0,100,145
"6838",0,2,NA,6.40908519851597,0,1,1,0,98,92
"6839",0,2,NA,3.77752648334595,0,1,1,0,97,136.5
"6840",0,2,NA,3.26207796099003,0,0,1,0,100,50
"6841",0,3,NA,9.00865586089643,0,1,1,0,100,146.666666666667
"6842",1,3,NA,5.85228540868167,0,1,1,0,NA,79.3333333333333
"6843",1,2,NA,2.54979124910024,0,1,1,0,100,45
"6844",1,6,NA,8.29110514536993,0,1,1,0,NA,34.1666666666667
"6845",0,2,NA,3.67132048140077,0,1,1,0,97,164
"6846",0,4,NA,1.3725973129161,0,1,1,0,97,87.25
"6847",0,2,NA,4.53427967545596,0,1,1,0,97,155
"6848",0,2,NA,4.60423179720487,0,1,1,0,97,152.5
"6849",0,4,NA,2.07495795385857,0,1,1,0,100,107.5
"6850",1,4,100,7.29629687605064,1,0,0,0,100,32.25
"6851",0,5,NA,3.9854198625423,0,1,1,0,NA,202
"6852",0,15,NA,6.69755798643405,0,1,1,1,100,49.6666666666667
"6853",1,4,NA,8.12728183460056,0,1,1,0,100,43.75
"6854",0,2,NA,12.1553486151293,0,1,1,0,100,70
"6855",1,2,NA,5.67409677877148,0,0,0,0,NA,92.5
"6856",0,2,NA,9.82854982427041,0,0,0,0,NA,0
"6857",1,2,NA,3.60949896195969,0,1,0,0,NA,113.5
"6858",1,3,NA,1.11677916064462,0,1,1,0,90,153.333333333333
"6859",0,1,NA,0.793426116968116,0,0,0,0,100,30
"6860",0,2,NA,2.70859983873358,0,1,1,0,50,72.5
"6861",0,2,NA,4.31135967866135,0,1,0,0,NA,100
"6862",1,3,NA,2.11182785095833,0,1,1,0,100,98.3333333333333
