"Monetary_score","Total_quantity","recency_score","days_customer","churn"
12519,715,16,15503,"0"
7315.2,309,36,16964,"0"
3267.8,176,15,22442,"0"
1289,74,21,16598,"0"
6789,390,1,15137,"0"
3282,175,22,15503,"0"
16788,645,50,14407,"0"
19005,540,8,7449,"0"
13846.65,680,21,15868,"0"
9175,526,8,15503,"0"
16968,783,3,16233,"0"
1837,89,59,21712,"0"
960,40,56,12417,"0"
3126,178,43,12581,"0"
6504,178,0,19495,"0"
1772,84,21,12095,"0"
1315846.8,67617,1,11760,"0"
24105.2,712,2,15382,"0"
21470,1217,2,11585,"0"
2041.8,102,7,11584,"0"
4106,236,35,11579,"0"
4204,240,27,11405,"0"
9238,429,7,10649,"0"
9939,183,22,9978,"0"
16848.2,597,7,9980,"0"
10308,247,38,9964,"0"
8123,192,1,9964,"0"
10825,162,43,9964,"1"
14553.2,567,1,9969,"0"
5855,78,8,9976,"0"
3910.4,220,3,9968,"0"
9958,571,37,9964,"0"
11647,624,8,9962,"0"
13132,704,16,9782,"0"
12249,517,9,9946,"0"
1440,60,41,10209,"0"
4099,197,36,10159,"0"
4688,302,34,10104,"0"
2816,165,45,13586,"0"
4680,267,15,19029,"0"
19869.4,1136,1,10647,"0"
3805,40,30,13538,"0"
5797.6,316,10,10639,"0"
29628.4,1610,59,10957,"1"
2055,32,42,14330,"0"
7728,441,6,16064,"0"
24731.8,941,8,10646,"0"
9265,101,49,15060,"0"
1230,70,24,12396,"0"
6174,366,2,10571,"0"
9016,256,59,10558,"0"
1068,61,9,10414,"0"
6723,383,13,16812,"0"
2260,138,30,12446,"0"
1959,110,31,11970,"0"
2138.36,41,10,12662,"0"
7608,424,1,18059,"0"
10996,247,7,13191,"0"
1473.6,110,30,16964,"1"
895.05,100,23,11844,"1"
2813.7,309,38,18059,"0"
11827.4,457,6,16539,"0"
2770.6,124,20,11025,"0"
28225,343,8,13433,"0"
1453,83,10,12581,"0"
31841.2,1941,6,20299,"0"
29114,1255,59,19155,"0"
3949.2,435,10,17996,"0"
7343.4,342,2,10430,"0"
2899.85,309,38,16895,"0"
2708.77,102,21,14791,"0"
4344,78,21,12874,"0"
3594.9,411,10,12062,"0"
4383.6,209,22,10621,"0"
10349.09,526,15,23444,"0"
3075.6,121,10,13535,"0"
4509,369,38,15248,"0"
1899.2,200,15,15110,"0"
7404,297,6,11425,"0"
3539,175,1,12548,"0"
21305,274,13,10346,"0"
4413.6,248,52,11409,"0"
2973.55,303,6,11120,"0"
8100,87,2,11231,"0"
74206,2937,2,10305,"0"
5498.8,238,41,10330,"0"
4279.35,479,6,10573,"0"
2225,29,15,10269,"0"
2134,77,7,12460,"0"
5842.6,217,8,11242,"1"
4831.6,195,1,12441,"0"
23045,338,16,10695,"0"
3150,135,50,10243,"0"
2878.6,251,29,10213,"0"
16809.2,706,3,12473,"0"
6775,291,3,12789,"0"
1485,84,2,12345,"0"
49231,1922,3,10650,"0"
5073,263,23,19110,"0"
2233.2,144,2,10927,"0"
-39407.62,13,9,12874,"0"
11568.97,531,20,11390,"0"
2016.4,128,56,12547,"0"
26713.4,430,0,17713,"0"
5360,575,13,14997,"0"
32336.2,1118,1,9950,"0"
4597,88,21,11259,"0"
20158.08,979,9,10171,"0"
8661.16,462,10,21592,"0"
19450.4,386,7,10164,"0"
31120,333,8,12351,"0"
10977.8,602,55,11029,"0"
31892,1209,7,11760,"0"
19545,872,1,15486,"0"
99148.4,4547,6,12361,"0"
690,41,24,11665,"0"
7844.2,353,8,12156,"0"
30106.48,696,31,10349,"0"
16692,298,21,10123,"0"
8787.26,665,55,10003,"0"
1452756.4,74235,0,9983,"0"
16060.6,1689,6,9905,"0"
3579.8,164,20,9901,"0"
7776,448,6,9838,"0"
11226,647,2,9813,"0"
31418,1795,6,9808,"0"
15390,870,2,9794,"0"
2406,152,10,9779,"0"
8403.9,490,22,9767,"0"
38238.38,1819,1,9766,"0"
1407,80,57,9744,"0"
3337.8,187,38,9724,"0"
4235.2,178,0,9716,"0"
2301,131,21,9667,"0"
11600,664,50,9660,"0"
667,24,31,9640,"0"
39684.4,1991,0,9634,"0"
14730,156,8,9624,"0"
13995,173,24,9600,"0"
3223.8,179,36,9592,"0"
19222.4,1169,30,9585,"0"
3497,200,36,9537,"0"
2320,128,36,9465,"0"
2140,122,35,9418,"0"
3294,183,29,9403,"0"
2361,113,31,9333,"1"
94562,1840,2,9295,"0"
85794,1432,3,9281,"0"
4578,199,14,9268,"0"
2900,126,1,9268,"0"
2556.8,123,37,9268,"0"
12403,297,28,9268,"0"
9039.2,494,8,9267,"0"
4571.4,292,41,9150,"0"
8669.52,266,15,9134,"0"
35858.96,893,2,9134,"0"
2175,125,55,9106,"0"
7302,300,15,9093,"0"
1147.2,123,16,9018,"0"
3472,199,13,9010,"0"
13585,167,45,8996,"0"
18210,264,2,8969,"0"
8685.6,349,1,8931,"0"
7544.8,282,9,8912,"0"
25032,801,0,8865,"0"
10143.4,503,7,8837,"0"
25364.69,531,0,8834,"0"
5675,73,8,8819,"0"
195195.2,8763,1,8774,"0"
2046.2,117,21,8767,"0"
8577.4,500,9,8742,"0"
4292.59,63,9,8660,"0"
8317,243,23,8652,"0"
2952,123,10,8609,"0"
2247,128,36,8584,"0"
2501.6,144,51,8543,"0"
9245,114,29,8487,"0"
38842,639,6,8434,"0"
10667,332,8,8430,"0"
6937,286,29,8424,"0"
5874.2,298,8,8423,"0"
3476,199,23,8422,"0"
9126.4,628,27,8406,"0"
71668,3833,0,8401,"0"
7713,171,13,8394,"0"
68300.4,3481,0,8392,"0"
4565,55,43,8364,"0"
7600,80,21,8323,"0"
2659,151,35,8308,"0"
12513,332,10,8297,"0"
8515,113,29,8242,"0"
2114.8,47,45,8189,"0"
36801.6,1536,2,9607,"0"
4155.2,185,24,9660,"0"
7489,429,3,9815,"0"
2699,113,42,9660,"0"
6690.2,273,3,9660,"0"
6665,380,10,9660,"0"
8205,111,8,9660,"0"
4842,251,34,9660,"0"
2353,131,24,9660,"0"
8003,424,44,9660,"0"
2358,130,14,9660,"0"
11075,143,20,9660,"0"
28934.4,853,6,9779,"0"
2495,142,24,9772,"0"
6895,89,38,9584,"0"
54952,1307,0,9779,"0"
1995,114,37,9723,"0"
1273,53,14,9722,"0"
5928,283,21,9698,"0"
26067.2,1173,10,9641,"0"
3380,338,49,9642,"0"
6425,106,21,9641,"0"
19431.6,782,3,9641,"0"
3870,55,2,9641,"0"
6635,219,22,9544,"0"
3505,67,22,9641,"0"
6863,406,15,9642,"0"
3206,35,7,9597,"0"
34299.2,499,2,9590,"0"
28949.4,1213,8,9604,"0"
99917,2713,0,9590,"0"
23992.8,541,1,9599,"0"
4901,209,30,9599,"0"
38081.29,3069,1,9606,"0"
46791,1007,10,9600,"0"
10161,278,24,9660,"0"
49041,2278,3,9660,"0"
14060,151,3,8786,"0"
4187,240,16,9660,"0"
8744.6,526,7,9660,"0"
14599,517,0,9660,"0"
9540,127,31,9660,"0"
21902,912,0,9925,"0"
26613,1167,1,9761,"0"
1975,112,2,9862,"0"
30580,385,2,9575,"0"
75244.6,2821,7,9576,"0"
5535,70,49,9576,"0"
56138,2562,3,9905,"1"
6525,82,28,8812,"0"
15381,652,23,9072,"0"
2159.2,125,15,8841,"0"
2185,32,22,8730,"0"
19047,519,6,9660,"0"
4535,50,7,9660,"0"
33694,588,1,9660,"0"
4335,54,58,8752,"0"
120177,1401,2,9505,"0"
3335,164,29,9423,"0"
1753,101,50,9422,"0"
3396.4,149,24,9382,"0"
2157.4,126,38,9375,"0"
82420,867,34,9262,"0"
76238,6135,2,9289,"0"
103062,8395,2,9285,"0"
4106,231,7,9256,"0"
3630.4,152,24,9128,"0"
2725,45,56,8862,"0"
3315,37,13,9101,"0"
1780.4,44,13,9005,"0"
44160.28,33851,3,9660,"0"
72098.51,15712,0,9660,"0"
7130.8,536,20,9660,"0"
7102.8,411,1,9716,"0"
19326,1315,0,8827,"0"
1425.8,81,8,9660,"0"
35153.79,3001,0,9660,"0"
19738,1012,1,9660,"0"
6415,121,52,9660,"0"
2263,129,22,9660,"0"
8953.72,2966,21,9660,"0"
18162.6,238,7,9660,"0"
35479.45,1135,0,9897,"0"
23651.12,619,2,8703,"0"
2002,115,35,9632,"0"
26632.1,776,13,9705,"0"
35802.28,1455,1,9705,"0"
45278.9,1404,0,9670,"0"
1545,20,13,8751,"0"
24722.52,362,13,9593,"0"
12435,160,23,9605,"0"
46345,614,1,8851,"0"
9780,455,29,9605,"0"
26400,2933,13,8883,"0"
289001.15,12693,2,8758,"0"
11253,395,23,8753,"0"
9054,557,9,8749,"0"
12098,469,9,8516,"0"
16411.77,7478,0,8516,"0"
24302.5,587,9,8516,"0"
4422,223,29,8516,"0"
836,43,8,8516,"0"
21925,738,8,8516,"0"
3750,180,21,8516,"0"
41196.8,2180,0,8516,"0"
28376,1103,13,8516,"0"
771038.79,35413,1,8516,"0"
34295.2,1546,7,8516,"0"
3605,210,30,8516,"0"
5254,302,35,8516,"0"
60254.2,2212,28,8516,"0"
28486,1629,2,8516,"0"
2276,30,15,8516,"0"
54160.6,2538,37,8516,"0"
9304,507,9,8516,"0"
9595,123,45,8516,"0"
3073.8,157,23,8516,"0"
3540.8,266,28,8516,"0"
111148.4,8661,1,8516,"0"
27446,1510,21,8516,"0"
6889,457,15,8516,"0"
16228.6,684,7,8516,"0"
20591,1200,14,8516,"0"
55277.4,2867,2,8516,"0"
50047.83,1488,7,8516,"0"
1707,80,42,8516,"1"
4680,266,10,8516,"0"
1806,103,31,8516,"0"
14680,519,38,8516,"0"
4406,107,0,8516,"0"
5806,242,38,8516,"0"
5580,236,6,8516,"0"
6794,465,1,8516,"0"
6351,363,14,8516,"0"
23584,1009,14,8516,"0"
2554.8,149,2,8516,"0"
4466.32,3551,20,8516,"0"
6755,355,0,8516,"0"
27564,1326,0,8516,"0"
10219.2,502,2,8516,"0"
2253,128,3,8516,"0"
2468,142,37,8516,"0"
3127,179,1,8516,"0"
2811,160,8,8516,"0"
1323.6,65,48,8516,"0"
23172,885,1,8516,"0"
18606,1063,10,8516,"0"
2298.6,137,50,8516,"0"
3327,84,44,8516,"0"
6532,374,1,8516,"0"
1265.4,66,20,8516,"0"
4910,61,48,8516,"0"
10144.4,632,0,8497,"0"
4533,66,21,8497,"0"
4455.6,223,27,8497,"0"
3784,217,21,8497,"0"
401,23,42,8497,"0"
25200.12,3765,8,8497,"0"
908.8,54,7,8497,"0"
2296.8,116,9,8497,"0"
1390,84,2,8497,"0"
1521092.01,130886,1,8497,"0"
97838,6433,0,8497,"0"
10148,530,10,8497,"0"
13463.6,557,6,8497,"0"
21200,1232,0,8497,"0"
12357.4,857,0,8497,"0"
7383,632,13,8497,"0"
15388.8,906,0,8497,"0"
8679.4,489,9,8497,"0"
14660.2,686,0,8497,"0"
9984,449,8,8497,"0"
35390,3100,2,8497,"0"
4676.8,244,49,8497,"0"
1565,24,27,8497,"0"
24587,1516,7,8497,"0"
633,17,56,8497,"0"
5416,321,45,8497,"0"
2821,168,0,8497,"0"
5358,314,8,8497,"0"
8816,362,28,8497,"0"
32211,863,1,8497,"0"
7235.8,385,13,8497,"0"
9441,504,21,8497,"0"
6954.8,282,16,8497,"0"
7798,331,24,8497,"0"
4007,235,36,8497,"0"
4120.6,198,7,8497,"0"
3938,150,13,8497,"0"
12202,230,9,8497,"0"
12000.6,494,7,8497,"0"
33388.94,3491,13,8497,"0"
6550,70,41,8497,"0"
3848,222,7,8497,"0"
12543,843,24,8497,"0"
3166,183,34,8497,"0"
6626.2,227,9,8497,"0"
5560,94,30,8497,"0"
2630,26,6,8497,"0"
1326,57,0,8497,"0"
39795,588,0,8497,"0"
2395,36,3,8497,"0"
50847.2,2663,7,8497,"0"
10989,439,7,8497,"0"
4929,280,3,8497,"0"
6282.2,266,8,8497,"0"
3466,143,10,8497,"0"
5505,84,31,8497,"0"
35870,2432,1,8497,"0"
1136,64,22,8497,"0"
19978,1434,8,8497,"0"
23197,2004,3,8497,"0"
4892,269,9,8497,"0"
16228,736,3,8497,"0"
2096.2,120,44,8497,"0"
1500,21,45,8497,"0"
17621.2,633,1,8497,"0"
2526,147,16,8497,"0"
1569.8,81,31,8497,"0"
9611,517,2,8497,"0"
2656.6,114,43,8497,"0"
6749.37,774,31,8497,"0"
10852,802,8,8497,"0"
4066,218,14,8497,"0"
13154,15174,21,8497,"0"
2568,147,13,8497,"0"
192621,9790,0,8497,"0"
3221,198,27,8497,"0"
3817,218,28,8497,"0"
53990.1,5111,1,8497,"0"
555,32,55,8497,"0"
4733.6,68,30,8497,"0"
5353,301,44,8497,"0"
2115,53,28,8497,"0"
5897,166,21,8497,"0"
32210.4,1242,2,8497,"0"
4928,272,50,8497,"0"
4145.8,232,55,8497,"0"
2000,27,3,8497,"0"
12711.2,725,7,8497,"0"
2845,42,27,8497,"0"
8605,100,15,8807,"0"
17945,896,9,9183,"0"
1944,75,1,9192,"0"
35033,833,1,9192,"0"
6980.8,292,1,9192,"0"
4641,233,34,9192,"0"
6257.6,410,22,9190,"0"
29386.6,1483,13,9190,"0"
2381.2,119,38,9192,"0"
17565,266,36,8715,"0"
3074,177,23,9191,"0"
292901.95,16743,0,9191,"0"
683,39,50,9191,"0"
2210,33,21,9159,"0"
10410.8,487,10,9191,"0"
3014,62,7,9190,"0"
16108.2,693,28,9191,"0"
2824,105,30,9191,"0"
16183,677,21,8715,"0"
4716,62,2,9179,"0"
63747.6,946,2,9187,"0"
10653.2,579,9,9187,"0"
3565,72,1,9187,"0"
6287,357,9,9187,"0"
3655,210,48,9187,"0"
2080,75,28,9187,"0"
2990.4,128,23,9187,"0"
2752,101,8,8695,"0"
2453,139,36,9187,"0"
1515,82,28,9187,"0"
3863,218,23,8807,"0"
1105,16,51,9187,"1"
1062,51,8,9019,"0"
5978,95,24,9187,"0"
7770,78,23,9186,"0"
6643,77,49,9107,"0"
9182,109,15,9073,"0"
2925.2,157,35,9186,"0"
8250.35,172,15,9103,"0"
1675,29,1,8623,"0"
12550,166,13,8749,"0"
3106,178,6,9185,"0"
1959,113,56,8504,"1"
1455,83,29,9001,"0"
6243,358,22,9086,"0"
1190,68,22,9185,"0"
3850,205,0,9185,"0"
10136,288,13,9185,"0"
35541.6,801,13,9185,"0"
1662,95,50,9184,"0"
8127,462,23,9184,"0"
1860,39,9,9184,"0"
3980,118,34,9184,"0"
4620,190,37,9184,"0"
6488,347,36,9184,"0"
2800,142,23,9184,"0"
13809,695,1,8780,"0"
6255,73,6,8760,"0"
2357,116,51,9183,"0"
15868.2,525,9,9183,"0"
9524,546,2,9183,"0"
4373,251,35,9183,"0"
14490,158,13,8998,"0"
20969,959,7,9183,"0"
1760.6,98,43,9183,"0"
3380,118,55,9183,"0"
1738,82,22,9183,"0"
2607,149,29,9180,"0"
9585.6,468,2,9180,"0"
2952,149,50,9180,"0"
1978.2,112,57,9180,"0"
2995,108,55,9180,"0"
15750,182,1,9180,"0"
8008,458,42,9180,"0"
4341,242,7,9180,"0"
5905.2,121,2,8760,"0"
49659,1265,0,9660,"0"
11578,397,2,12735,"0"
13161.84,849,10,9660,"0"
2456,142,8,12155,"0"
7038.6,353,48,9235,"0"
24350,485,6,11173,"0"
2972.2,138,0,9660,"0"
9615,432,29,9821,"0"
26532.62,965,14,9522,"0"
2441.6,142,0,8501,"0"
30528.2,981,1,8493,"0"
7770.1,284,56,8480,"0"
2895,36,1,8479,"0"
7232,378,2,8463,"0"
147280.39,16783,2,8459,"0"
27014,321,3,8454,"0"
61105.4,3097,1,8445,"0"
4374,159,13,8436,"0"
4955,52,55,8426,"0"
500,12,1,8423,"0"
26938.65,3649,3,8422,"0"
7084,396,6,8420,"0"
2130,89,10,8408,"0"
4316.4,150,58,8402,"0"
3510,64,31,8398,"0"
1876,153,49,8388,"0"
45015,1869,1,8386,"0"
6122.8,343,50,8378,"0"
3132,55,6,8373,"0"
28694.5,1075,6,8368,"0"
17616.8,381,7,8361,"0"
6550,95,22,8317,"0"
21419.96,479,1,8304,"0"
18981.2,603,16,8246,"0"
3290,45,57,8235,"0"
3853,221,24,8329,"0"
9387,605,24,8297,"0"
48701.55,2224,3,8192,"0"
7931,445,8,8183,"0"
10691,241,8,8332,"0"
3295,39,41,8322,"0"
60666,3344,0,8350,"0"
10402,397,34,8344,"0"
10052,564,0,8337,"0"
46644,1996,7,8337,"0"
7211.2,171,3,8263,"0"
8526,314,1,8261,"0"
47578.4,1984,2,8246,"0"
2492,142,55,8220,"0"
7455,82,15,8192,"0"
58550.2,2665,7,8226,"0"
11941.6,607,9,8203,"0"
6265,93,30,8200,"0"
8147,155,22,8192,"0"
6385,80,3,8158,"0"
1290,30,35,8107,"0"
8015,97,44,8150,"0"
20957,527,0,8140,"0"
55482,1668,0,8155,"0"
6147,316,10,8123,"0"
12256,1105,13,8130,"0"
70858,3954,7,8128,"0"
10939.92,2465,13,8127,"0"
4374,255,16,8120,"0"
4032,233,2,8099,"0"
30428.4,1368,0,8094,"0"
8738.2,331,14,8071,"0"
10052.8,423,0,8071,"0"
4270,74,9,8133,"0"
15512,532,37,8120,"0"
2412,132,44,8107,"0"
57298.2,2974,6,8077,"0"
4590.8,214,27,8067,"0"
97212,10188,2,8066,"0"
8042,462,0,8066,"0"
10141,351,24,8066,"0"
1920.2,110,22,8065,"0"
60168,3074,8,8065,"0"
10675.6,2655,1,8064,"0"
12240,148,20,8064,"0"
2582.4,129,3,8032,"0"
1040,14,16,8023,"0"
7815,744,2,8018,"0"
11260,1126,8,8018,"0"
12768,443,14,8059,"0"
1358,73,52,8059,"0"
2968.2,141,59,8059,"0"
2477,142,49,8059,"0"
6430,77,16,8058,"0"
14592,580,10,8058,"0"
9510,99,2,8058,"0"
7015,78,20,8058,"0"
123828.29,2254,0,8058,"0"
7784,222,35,8058,"0"
5295,54,3,8058,"0"
6917,4702,49,8058,"0"
40500,974,7,8057,"0"
22795.64,5101,10,7960,"0"
5486,113,14,7800,"0"
8600,711,23,7780,"0"
1849,103,14,7745,"0"
15650,350,16,7996,"0"
11620,187,0,7995,"0"
4810,142,0,7982,"0"
8503,487,44,7905,"0"
6816,303,7,10650,"0"
2741,51,6,9589,"0"
69539.4,2432,0,9660,"0"
47883,1824,1,9660,"0"
5869,209,7,8310,"0"
21914.4,943,0,9179,"0"
29413.6,1333,2,9466,"0"
5870.4,303,7,10682,"0"
6758.4,307,0,9660,"0"
4100,55,57,9660,"0"
7067,134,2,9660,"0"
6610,66,43,9660,"0"
151705.97,6823,2,8227,"0"
16110,221,15,9660,"0"
1818,104,28,9660,"0"
37868,1309,0,9660,"0"
20196,348,1,9660,"0"
18782.2,981,21,10629,"0"
3060,40,20,9579,"0"
6371,356,9,10950,"0"
1294,73,37,8052,"0"
3142,180,1,8938,"0"
11873,393,6,11025,"0"
58739.94,2027,8,8402,"0"
3325,52,8,8235,"0"
9330,106,15,9660,"0"
16070,172,28,8235,"0"
6731,358,21,10866,"0"
14390,176,1,8234,"0"
15084.38,695,0,9215,"0"
5612,325,2,10109,"0"
24645.9,468,7,10233,"0"
751,43,22,8234,"0"
18179.8,663,0,10969,"0"
37093,1262,6,9660,"0"
31366,966,6,9660,"0"
14480,575,28,8234,"0"
3779,144,21,9660,"0"
70856.4,2010,6,9660,"0"
19829.6,426,28,10732,"0"
12701.2,643,7,8227,"0"
930.4,51,28,8728,"0"
1460,83,36,8695,"0"
18366.2,750,41,9660,"0"
47798,897,13,8234,"0"
13303.8,741,0,10712,"0"
29041.4,358,1,9355,"0"
48624,2056,2,9519,"0"
756,38,48,9660,"0"
66141,1031,0,10066,"0"
9188.4,368,1,9660,"0"
23206.6,667,1,9184,"0"
43775,1602,0,8234,"0"
8300.43,190,21,8128,"0"
42062.5,1471,6,8128,"0"
22139,892,28,8128,"0"
26418,1227,3,8798,"0"
4942,283,29,8533,"0"
62953.4,789,6,8751,"0"
22500,241,19,9170,"0"
6822.8,84,8,9660,"0"
26802,965,8,9813,"0"
2077,119,30,9660,"0"
1920,110,34,9660,"0"
2416,138,35,9660,"0"
4727.6,273,0,9718,"0"
8784.6,301,13,8109,"0"
8023,120,1,9400,"0"
2021,96,8,9438,"0"
18731,235,29,8234,"0"
10604,314,7,9660,"0"
59667.6,1643,0,9660,"0"
16522,715,29,9660,"0"
36795,440,7,7972,"0"
15690,181,0,8212,"0"
5497.8,90,7,9639,"0"
47843,1254,1,9660,"0"
24420,239,13,8234,"0"
56424.8,1777,0,9660,"0"
3741,186,49,10773,"0"
46592.4,2296,14,8427,"0"
2875,65,6,8234,"0"
1907,109,21,9367,"0"
15405,201,21,8591,"0"
23399,652,6,8532,"0"
11059,399,0,8487,"0"
1864,80,0,8501,"0"
43815,927,1,8233,"0"
6377,114,21,9976,"0"
39655,1167,0,10038,"0"
161329,8743,1,8245,"0"
6072,334,15,7960,"0"
2509,87,42,7945,"0"
1813.2,66,9,9660,"0"
12412,691,7,9040,"0"
4437,254,22,9660,"0"
2305,131,23,9660,"0"
2669,152,21,9660,"0"
1542,87,57,9660,"0"
1049.6,57,6,9116,"0"
5655.4,251,1,9660,"0"
3165.4,132,14,8081,"0"
15893,870,16,9660,"0"
5588,255,9,9660,"0"
2412,119,37,8100,"0"
1430,56,20,9660,"0"
9796.8,376,6,9660,"0"
1156,57,23,9660,"0"
1606,61,29,9660,"0"
3351,191,24,9660,"0"
4697.8,130,13,9660,"0"
797,23,27,9660,"0"
75356.6,4013,6,9660,"0"
4207,156,37,9660,"0"
21180.2,585,9,9660,"0"
2414,140,16,9660,"0"
3769.4,207,3,10229,"0"
5550,64,14,10229,"0"
2652.8,284,21,10228,"0"
4453.8,294,28,10228,"1"
1573.6,155,29,10228,"0"
2854.8,37,42,10227,"0"
5922,564,0,10227,"0"
5080.8,487,55,10226,"0"
5680.2,429,1,10226,"0"
11218,1195,14,9277,"0"
1834.9,147,57,8466,"0"
1856,194,8,9493,"0"
2409.6,91,6,9316,"0"
18177.32,757,14,9688,"0"
2092,119,10,9779,"0"
2824,162,2,9316,"0"
5162,297,27,8661,"0"
3354,169,142,11138,"0"
6451,408,24,9185,"0"
3438.2,49,1,9660,"0"
18422.2,841,3,9660,"0"
1834.8,102,44,9660,"0"
9224,497,35,11241,"0"
2905,169,45,10304,"0"
4805.6,274,1,10304,"0"
11858,624,16,10300,"0"
2084,119,52,9893,"0"
3342.4,261,51,8526,"0"
1696.75,190,51,9660,"0"
5913.4,392,31,8541,"0"
6056,240,1,8541,"0"
26043.2,414,0,8541,"0"
7605.4,382,10,8539,"0"
2368,88,38,9660,"0"
3684.4,189,28,9660,"0"
1786,76,24,8270,"0"
3492,194,52,9494,"0"
2048,61,20,9660,"0"
12325,627,2,9660,"0"
14168,702,16,9445,"0"
16025,590,16,9660,"0"
22274.8,501,35,9660,"0"
9984.4,403,16,8305,"0"
6053,347,9,10151,"0"
1126,31,20,9156,"0"
1175,19,1,10451,"0"
7717,365,2,9660,"0"
2071,91,30,8585,"0"
4908,169,21,9215,"0"
359,22,42,11450,"0"
2245,25,58,9660,"0"
12045,274,3,9660,"0"
15696.6,865,15,9660,"0"
305308.1,11005,2,9660,"0"
1066,55,30,8064,"1"
3067.6,185,27,9660,"0"
1106,44,48,8102,"0"
9471.2,295,1,9660,"0"
14922,239,8,9660,"0"
10831,692,13,9660,"0"
9908,577,8,9660,"0"
13427,327,15,9660,"0"
2324,131,36,9746,"0"
2902,121,15,9660,"0"
25124,682,2,9660,"0"
11303.2,298,27,9660,"0"
522,25,38,9660,"1"
760,12,8,9660,"0"
7014,366,9,9660,"0"
4180,238,23,10698,"0"
19545,264,1,9061,"0"
13202,572,16,9660,"0"
91135.04,2579,1,8102,"0"
1400,35,1,9660,"0"
8468,423,3,9660,"0"
59785,788,3,10698,"0"
6364,357,15,8711,"0"
1660,22,14,9380,"0"
4425,61,14,9660,"0"
10634,470,0,10136,"0"
2093.6,120,21,10136,"0"
3445,193,35,10136,"0"
4289,245,49,10136,"0"
3805,217,7,10136,"0"
4087.8,234,35,10135,"0"
10945,457,15,10132,"0"
9304,518,35,10132,"0"
2216.4,126,14,10132,"0"
5244,189,22,10132,"0"
31674,1316,43,10132,"0"
3197,45,50,10131,"0"
1224,71,38,8269,"0"
2370,148,59,10131,"0"
2440,208,8,10135,"0"
8692.8,383,42,10135,"0"
3405,121,28,10131,"0"
2189,118,0,10131,"0"
9581,460,8,10131,"0"
5753,283,10,10115,"0"
4704,189,14,10132,"0"
3965,45,7,10132,"0"
6810,388,15,8361,"0"
6063,254,43,10072,"0"
7499,428,0,9831,"0"
3791,215,0,9582,"0"
5000,168,43,8121,"0"
23803.88,517,3,9660,"0"
16717,662,7,9660,"0"
9177,270,58,9660,"0"
2803,34,14,9660,"0"
3560,48,41,10759,"0"
32012,2312,21,9660,"0"
8572,383,3,9660,"0"
6409,271,22,9660,"0"
3046,140,28,9660,"0"
35922,440,3,10380,"0"
2730,99,37,10397,"0"
1682.4,95,31,10787,"0"
12535,552,37,11251,"0"
18368,645,9,9660,"0"
10736,386,10,9660,"0"
17830,1016,23,9660,"0"
2057,122,20,9660,"0"
11788,467,22,9660,"0"
8881.4,363,28,9660,"0"
8370,86,10,9660,"0"
10391.4,238,35,9660,"0"
18908.4,1006,10,11367,"0"
28304,925,9,9660,"0"
29187.4,518,14,11199,"0"
1845,20,41,9660,"0"
2722,98,8,9660,"0"
42454.4,1451,1,8849,"0"
12412,705,21,9660,"0"
30803.8,925,31,9660,"0"
1468,82,38,9660,"0"
1050,60,2,9660,"0"
2387,86,38,9660,"0"
7692,435,16,9660,"0"
2310,137,21,9660,"0"
2637,114,56,8470,"0"
5680.6,261,9,9473,"0"
8922,101,7,9660,"0"
10098.4,333,14,9660,"0"
3405.4,194,50,9660,"0"
8576,486,2,11066,"0"
21325.8,783,7,9660,"0"
9152.8,256,50,7903,"0"
42779.4,2389,9,7924,"0"
3147,186,0,9660,"0"
43475,680,2,9239,"0"
2131,32,51,9660,"0"
6086.4,334,58,9660,"0"
6272,296,35,9660,"0"
2948,168,1,9660,"0"
1358,74,45,9660,"0"
10169.6,570,13,9660,"0"
5709,289,31,9660,"0"
2082,73,45,9660,"0"
4950,50,0,9660,"0"
2975,170,34,9660,"0"
1044,61,38,9660,"0"
3727,165,35,9660,"0"
5583,91,42,8023,"0"
3170,55,23,9660,"0"
9687.2,427,15,9660,"0"
35828.9,1398,6,9660,"0"
1285,74,28,9660,"0"
3825.8,186,43,9660,"0"
4966,283,1,9660,"0"
18337,890,70,9660,"0"
11725,646,24,9660,"0"
2376,118,6,8463,"0"
6452,158,23,7860,"0"
9236,489,3,8541,"0"
1170,58,20,8289,"0"
13086.4,595,24,7800,"0"
1637,79,23,7757,"0"
724,41,9,7707,"1"
5655,63,14,9037,"0"
2267,43,35,8890,"0"
4223,260,21,9660,"0"
5342,97,28,9660,"0"
3217,184,30,9660,"0"
8284.4,403,1,9660,"0"
6684,98,7,8197,"0"
7315,117,15,10034,"0"
27672,1080,0,9960,"0"
544,34,49,8616,"0"
2581,133,10,8472,"0"
886,50,21,9660,"0"
14026.8,635,43,8715,"0"
2684,149,42,9660,"0"
1857,97,15,10093,"0"
2516,149,37,9555,"0"
5920,244,8,9555,"0"
4716,52,48,9660,"0"
3410,177,30,8402,"0"
2349.6,130,23,9660,"0"
5163,182,14,9660,"0"
2277,120,2,8898,"0"
2340,41,48,9528,"0"
3834,196,14,9660,"0"
2520,144,24,9171,"0"
4556,267,51,9199,"0"
25857.65,1224,2,8512,"0"
52400,2957,3,9423,"0"
7679,440,7,9660,"0"
17626,355,0,8112,"0"
5095,65,34,9660,"0"
5893,210,49,9660,"0"
12853,527,13,8465,"0"
3903,226,41,9660,"0"
3089,175,9,10005,"0"
12150.8,436,15,8529,"0"
30742,1406,27,9660,"0"
1361,78,10,10192,"0"
17824.15,384,13,8042,"0"
34000,407,8,8735,"0"
3127,103,0,9285,"0"
3056,219,34,9660,"0"
97812,5459,0,9660,"0"
2517,57,49,9660,"0"
17442,946,3,9660,"0"
6531,197,42,9660,"0"
7683,278,45,9660,"0"
25215,613,8,9184,"0"
5414,309,0,10132,"0"
14725,497,10,10104,"0"
37075,485,2,8546,"0"
5868.4,228,35,9233,"0"
10364,160,13,9660,"0"
4132,68,15,9660,"1"
921,53,51,9660,"0"
3213.6,126,44,9660,"0"
8470,115,9,8724,"0"
1622,63,52,9660,"0"
5605,321,14,9926,"0"
12160,147,7,9660,"0"
2414,117,14,9660,"1"
18192,572,6,9660,"0"
2333,130,48,10047,"0"
5925,188,7,9660,"0"
6124,238,2,9660,"0"
46255,2634,8,9919,"0"
2536,142,16,10097,"0"
19386,437,31,9660,"0"
7123.8,406,7,9660,"0"
8277,473,28,9660,"0"
10220,104,23,9660,"0"
2771,114,10,9660,"0"
1273,50,43,9660,"0"
4684,202,15,9798,"0"
23857.6,1081,0,9974,"0"
11642,487,8,9971,"0"
6706,271,34,9974,"0"
8735,303,0,9974,"0"
940,52,37,9660,"0"
32337.4,1641,1,9660,"0"
11311.4,413,23,9660,"0"
3182.8,198,14,9660,"0"
2947.2,308,35,9660,"0"
3831.6,405,27,9660,"0"
244.8,23,41,7925,"0"
3430.8,368,22,7925,"1"
36070,1304,34,9660,"0"
3235,46,30,8954,"0"
910,51,50,9660,"0"
54778.4,2069,3,8851,"0"
15254,394,14,8051,"0"
3829.45,93,34,9660,"0"
3420,188,7,9660,"0"
21900,313,14,9660,"0"
7180,151,30,8126,"0"
8894.2,507,13,9660,"0"
11551.27,240,8,8492,"0"
1993.6,84,50,9660,"0"
1819,105,3,9660,"1"
18570,851,6,7946,"0"
4013.4,221,24,9612,"0"
22791.16,507,1,9383,"0"
25722,364,8,9022,"0"
21787,315,3,9021,"0"
3387.8,195,35,9660,"0"
868,13,56,8263,"1"
4510.4,160,19,9660,"0"
5736,62,16,9660,"0"
8190,291,41,9660,"0"
3316,187,7,9660,"0"
4716,270,15,9660,"0"
18302.5,902,16,9012,"0"
6121.2,273,7,9660,"0"
320841.2,15101,0,9660,"0"
8050,79,8,9011,"0"
1019,21,48,8947,"0"
8379,100,50,9660,"0"
1590,25,9,7772,"0"
14012,492,3,7759,"0"
6798,212,14,7959,"0"
9413.6,424,45,7953,"0"
573013.25,26252,0,7930,"0"
19683.8,672,0,7905,"0"
6591.2,626,20,7867,"0"
54206,1051,1,7856,"0"
29409.8,1328,2,7821,"0"
57469.4,2703,2,7821,"0"
3070,46,43,7814,"0"
124782.25,6317,3,7794,"0"
42865.82,1496,21,7787,"0"
7105.2,211,56,7780,"0"
27621,2000,0,7735,"0"
2125.2,246,55,7730,"0"
6114,149,13,7717,"0"
13358,750,28,7675,"0"
1167.4,66,27,7667,"0"
11288.8,529,56,7622,"0"
52980,598,2,7610,"0"
1085,62,58,7664,"0"
2848,131,8,7646,"0"
2875,36,28,7643,"0"
17124,692,13,7637,"0"
1102,63,27,7624,"0"
21821.6,1055,7,7574,"0"
5110,52,35,7533,"0"
10744,732,22,7500,"0"
4655,267,6,7441,"0"
19393.28,2980,0,7443,"0"
3484,180,44,7537,"0"
3934.4,242,2,7528,"0"
1312,47,44,7527,"0"
5777,291,23,8582,"0"
1608,93,30,8582,"0"
26928,470,7,3069,"0"
11132,605,9,8477,"0"
13430,147,7,8477,"0"
36926.6,1305,16,3058,"0"
186274.8,2675,0,8477,"0"
1536,71,9,8477,"0"
25756,1009,0,8477,"0"
24245.2,682,9,8477,"0"
10107,374,9,8477,"0"
14099,564,23,8477,"0"
1625,93,44,3060,"0"
15855,198,7,3059,"0"
72943.2,4297,8,3059,"0"
110748.8,6815,3,3058,"0"
17727,354,6,3058,"0"
6265,353,0,8477,"0"
12145.2,1001,16,3055,"0"
100292.8,2920,0,3055,"0"
3033,144,29,3053,"0"
3090,51,35,3067,"0"
3471.04,364,13,3062,"0"
172110.2,5532,6,3061,"0"
4688,299,37,8477,"0"
7583.8,412,2,3060,"0"
5436,311,20,8477,"0"
5997.6,547,13,3059,"0"
17147.9,651,2,3058,"0"
20259.99,1147,2,3058,"0"
24029.64,555,8,3062,"0"
9934,622,7,8477,"0"
26203,1216,13,3065,"0"
53799.6,3094,7,8477,"0"
26689,1001,0,8477,"0"
3046,178,14,8477,"1"
4737.8,241,2,8477,"0"
20744.11,592,0,3062,"0"
1262,72,2,8477,"0"
3514.2,198,3,3062,"0"
3718.4,183,1,8477,"0"
14572.32,767,8,3067,"0"
6275.2,337,23,3067,"0"
2526,144,49,8477,"0"
30558,1837,6,3066,"0"
21188.2,1815,8,3054,"0"
4123,237,45,8477,"0"
26450,757,9,8477,"0"
2400,158,42,8477,"0"
7996,140,31,3065,"0"
27182.8,1152,1,3060,"0"
2500,250,7,3054,"0"
4532,448,50,8477,"0"
6802,389,2,8477,"0"
6298.8,361,2,8477,"0"
7402.6,487,15,8477,"0"
3563.4,264,22,8477,"0"
14669.4,1019,15,8477,"0"
13695,210,15,3068,"0"
5137.8,432,14,8477,"0"
3246.4,149,2,3065,"0"
10765,376,22,3061,"0"
8882.6,410,8,3062,"0"
2182,107,37,8477,"0"
12075.35,181,36,8477,"0"
904.2,50,22,3065,"0"
3625.2,221,9,8477,"0"
28766,1540,31,8477,"0"
2410,44,1,3060,"0"
6645.4,372,20,8477,"0"
18360,230,9,8477,"0"
2902,169,23,8477,"0"
9792,559,20,3065,"0"
2780,278,37,3062,"0"
3480,131,1,3060,"0"
5550.8,306,8,8477,"0"
13564.6,202,42,3065,"0"
2562,146,50,8477,"0"
1774,97,57,8477,"0"
60882,780,0,3061,"0"
15293.8,455,44,3061,"0"
3591,206,0,3061,"0"
22224.8,1002,1,3065,"0"
30592.4,919,9,3059,"0"
67803,1686,2,3059,"0"
3372,174,29,3066,"0"
152569.2,7399,3,3062,"0"
32275.55,578,2,3059,"0"
3817,217,43,3067,"0"
2650,30,57,3065,"0"
38206,499,8,8477,"0"
930,45,57,8477,"0"
30022.4,1220,23,8477,"0"
46774.6,2146,0,8477,"0"
3426.4,195,2,8477,"0"
8741,131,14,3080,"0"
3948.6,226,36,3076,"0"
26639,1448,3,3076,"0"
17231.2,626,7,3076,"0"
6297.82,143,27,3081,"0"
1519,47,49,3082,"1"
35346.36,803,0,8477,"0"
1750,100,2,8582,"0"
22771.4,1828,7,3081,"0"
10668.4,185,42,3081,"0"
12739.6,644,7,3081,"0"
5166,73,23,3076,"0"
10391,510,35,8582,"0"
118791.2,5017,7,3080,"0"
27198.2,691,6,3082,"0"
26856.6,395,24,3081,"0"
1138,59,30,3080,"0"
2018,116,30,8582,"0"
7404,400,2,8582,"0"
5659,325,2,8582,"0"
13463.4,537,9,8582,"0"
34341,1206,6,3076,"0"
6188,177,57,3088,"0"
2691.8,154,2,8582,"0"
1050,10,58,3079,"0"
7630,318,1,8559,"0"
4620.8,248,1,8559,"0"
3585,43,44,3089,"0"
29752,310,0,8559,"0"
20639,1120,57,8559,"0"
3750,216,49,3089,"0"
2100,75,59,3087,"0"
2901.4,134,37,3088,"0"
51831.85,1989,3,3087,"0"
46318.2,2006,6,3079,"0"
1390,80,50,8559,"0"
3700,370,49,3086,"0"
26615,479,29,3080,"0"
6680,317,43,3087,"0"
14733.6,751,10,3082,"0"
3179.6,194,57,8556,"0"
2513.2,143,43,8556,"0"
3692,212,29,8556,"0"
46870,641,10,3089,"0"
24924,1505,2,3088,"0"
18071,976,1,8556,"0"
15967.2,721,22,8556,"0"
3924,202,2,8556,"0"
38335,586,7,3095,"0"
66493,894,6,3094,"0"
1775,39,22,8477,"0"
4183.8,124,1,3097,"0"
3456,246,21,3095,"0"
14743.4,820,6,3074,"0"
8100,208,44,3097,"0"
28992.53,787,2,3095,"0"
46086.4,1211,1,3096,"0"
20025,235,16,3093,"0"
6867,89,10,3093,"0"
5158,243,28,3087,"0"
19098,950,3,3096,"0"
13757.6,574,9,3096,"0"
35613.53,1136,1,3096,"0"
13667.4,1020,0,3097,"0"
7383.01,196,6,3097,"0"
4946,283,9,3097,"0"
34984.6,906,1,3095,"0"
4007,148,2,3095,"0"
22720.6,720,6,3095,"0"
7239,238,52,3094,"0"
18787,268,8,3094,"0"
23817,907,3,3086,"0"
183121.32,4108,0,3094,"0"
19873.6,970,6,3096,"0"
75161,1911,7,3095,"0"
54642.4,1656,0,3095,"0"
4255,246,29,3094,"0"
29534.8,608,43,3093,"0"
6220.4,298,1,3093,"0"
19775,219,9,3095,"0"
58332.65,739,0,3093,"0"
17722.8,550,9,3104,"0"
1856,50,0,3103,"0"
12555.2,349,3,3102,"0"
4029,104,14,3100,"0"
30568.4,1278,1,3081,"0"
8840,99,15,3104,"0"
57032.86,3108,6,3104,"0"
3668.4,340,45,3103,"0"
14313.4,736,8,3100,"0"
14831.2,848,6,3100,"0"
25134,1288,7,3102,"0"
1226.4,108,3,3075,"0"
9728,170,15,3100,"0"
6848,380,28,3076,"0"
13150,374,9,3103,"0"
643.9,19,37,3101,"0"
25528,751,1,3053,"0"
11248,328,13,3052,"0"
6673,382,55,3051,"0"
328632.95,14185,2,3050,"0"
23328.4,926,0,3037,"0"
12945,151,28,3051,"0"
24458.2,978,6,3044,"0"
29010,377,8,3038,"0"
51581.2,1989,15,3038,"0"
3354,230,41,3047,"0"
3914,223,56,3044,"0"
1392,77,41,3037,"1"
46334,2364,1,3046,"0"
3371,193,58,3041,"0"
38772.8,1246,7,3040,"0"
10304,417,16,3040,"0"
8072.2,236,24,3039,"0"
3838,220,6,3039,"0"
13230.8,392,6,3038,"0"
1456,50,8,3046,"0"
5319,305,28,3046,"0"
3339,60,1,3045,"0"
2160,32,36,3040,"0"
8670,104,2,3031,"0"
5440.4,142,15,3030,"0"
12252,373,0,3030,"0"
8000,466,8,3027,"0"
5410,65,21,3039,"0"
4133,234,50,3033,"0"
1763.2,90,15,3030,"0"
5324,275,14,3020,"0"
1552,53,22,3019,"0"
34150,475,9,3016,"0"
6772.25,100,50,3032,"0"
3312,145,48,3017,"0"
16354,254,20,3040,"0"
4870,63,10,3037,"0"
1394,72,35,3027,"0"
3325,158,6,3027,"0"
14310.6,558,37,3031,"0"
1050,54,16,3027,"1"
3495.2,192,14,3041,"0"
5055,62,22,3034,"0"
2053.2,34,50,3027,"0"
29716.4,1248,10,3024,"0"
13745.4,789,14,3023,"0"
5160,196,34,3031,"0"
72563.6,2418,29,3025,"0"
98842.52,3171,3,3024,"0"
19107.6,1089,6,3041,"0"
1652,59,58,3031,"0"
15080,187,2,3026,"0"
8968,279,9,3019,"0"
16446.4,1061,29,3041,"0"
17181.4,792,6,3039,"0"
19023.85,1025,3,3030,"0"
23621.8,2032,0,3030,"0"
3191.66,247,30,3026,"0"
25736.7,1258,6,3023,"0"
18642,1184,16,3037,"0"
5103,289,14,3034,"0"
3208.2,396,58,3033,"0"
14040,159,21,3037,"0"
2030,166,28,3030,"1"
2943.4,151,38,3030,"0"
3717,210,0,3025,"0"
1861.6,88,58,3023,"0"
5377.2,342,21,3018,"0"
128142.4,6699,0,3032,"0"
12437.4,553,0,3030,"0"
1403.2,87,35,3013,"0"
1487,85,50,3034,"0"
128513,5214,8,3027,"0"
33788.6,1817,1,3016,"0"
11178.2,636,10,3030,"0"
2123,121,0,3033,"0"
4734,275,20,3030,"0"
1230,53,29,3027,"0"
7487.4,421,15,3027,"0"
7240,271,1,3016,"0"
1432,41,35,3037,"1"
11160.8,332,16,3026,"0"
43889.07,559,2,3034,"0"
8160,816,7,3041,"0"
13884,425,13,3032,"0"
188032.6,6921,7,3020,"0"
3333.6,183,56,3032,"0"
9884.8,282,2,3032,"0"
4746.8,132,29,3024,"0"
12433,640,28,3031,"0"
7894.8,211,3,3017,"0"
32862.89,1591,3,3006,"0"
2016,66,16,3025,"0"
21457.78,1233,1,3019,"0"
17789,222,16,3033,"0"
241208.4,10170,1,3032,"0"
13022.4,686,10,3019,"0"
5657.25,256,0,3013,"0"
2706,121,2,3012,"0"
24302.4,1410,6,3017,"0"
3177,181,13,3012,"0"
36580,396,8,3024,"0"
7802,185,1,3020,"0"
2565,36,38,3019,"0"
1880,40,28,3018,"0"
1865,27,55,3020,"0"
33228,1878,30,3019,"0"
6562,170,14,3013,"0"
45759,1448,0,3010,"0"
3550,38,28,3006,"0"
92249.6,4704,3,3002,"0"
16482,634,43,3005,"1"
6568,337,14,3024,"0"
21825,260,7,3018,"0"
8450,367,20,3018,"0"
20808,431,1,3018,"0"
7677,442,20,3015,"0"
4380,250,8,3006,"0"
3193,182,9,3006,"0"
4300,48,21,3020,"0"
140523,7577,1,3016,"0"
9526,532,36,3013,"0"
2179.4,100,7,3011,"0"
27620,315,2,3009,"0"
31377.4,692,8,3013,"0"
7306,206,1,3010,"0"
19996,922,8,3016,"0"
9320,160,7,3012,"0"
37347.4,2743,0,3012,"0"
9952,416,59,3017,"0"
8178,292,13,3017,"0"
1194.8,41,20,3016,"0"
996,26,3,3010,"0"
12340.8,347,3,3016,"0"
38572.42,1244,2,3013,"0"
22041.4,705,1,3012,"0"
15411,402,7,3009,"0"
9534.2,878,30,3004,"0"
8787.2,942,8,3004,"0"
11909,680,8,3011,"0"
9957.2,291,1,3004,"0"
8916,393,14,3009,"0"
3876,380,22,3006,"0"
23105,281,7,3005,"0"
9099.8,196,56,3006,"0"
40495,1686,1,3004,"0"
25372.8,1015,2,3016,"0"
10481.2,477,8,3012,"0"
8279.2,159,20,3009,"0"
8013.5,290,13,3005,"0"
41650.2,2314,6,3003,"0"
24914.3,1602,3,3002,"0"
3770.4,385,43,2999,"0"
7880.2,473,30,3016,"0"
21070.6,910,8,3012,"0"
12509.2,954,38,3010,"0"
2216.4,223,50,3006,"0"
751.6,123,21,3003,"0"
3879,221,24,2999,"0"
2197,44,50,3004,"0"
9034,316,15,3010,"0"
50645,489,0,3006,"0"
2895,310,24,3005,"0"
8490.8,250,52,3004,"0"
5625,65,7,3003,"0"
1246,54,8,2995,"0"
1292,46,43,3004,"0"
2485,27,29,3004,"1"
34002,1013,0,3002,"0"
38606.4,1626,8,2995,"0"
9815.4,483,6,3010,"0"
16346,469,7,2997,"0"
4304,232,30,2992,"0"
14809,787,9,3003,"0"
11328.6,596,7,3004,"0"
4810,302,28,2995,"1"
13044.8,617,6,2999,"0"
7118,265,8,3002,"0"
5775,84,48,2992,"0"
3299.6,179,0,2998,"0"
3190,38,13,2998,"0"
644.4,64,3,2995,"0"
13869,395,15,2998,"0"
7672.6,303,2,2998,"0"
31122.2,1354,0,2996,"0"
8990,118,13,2995,"0"
10073,687,0,2991,"0"
6458,367,5,3001,"0"
25969,1731,9,2999,"0"
62661.8,1402,1,2998,"0"
106818,2180,2,2998,"0"
32246.4,1060,20,2997,"0"
43393.4,1476,10,2984,"0"
6723.5,133,8,2989,"0"
11077.2,484,1,2991,"0"
3425.6,125,10,2989,"0"
12284,148,13,2998,"0"
46562.6,2343,3,2999,"0"
5520,82,23,2990,"0"
42441.4,1662,2,2989,"0"
13540.4,458,9,2985,"0"
2430,106,24,2985,"0"
11136,594,0,2996,"0"
55634,801,2,2996,"0"
6506,327,7,2988,"0"
4228.4,187,57,2990,"0"
12640,148,10,2990,"0"
11338,649,6,2997,"0"
1544,89,35,2997,"0"
854,49,35,2990,"0"
11823.4,1060,23,2985,"0"
8998.4,663,41,2983,"0"
18749.2,760,1,2976,"0"
25379.6,1061,14,2989,"0"
64653,4381,3,2985,"0"
4278,201,3,2984,"0"
14985.2,557,31,2984,"0"
1900.3,167,27,2983,"0"
16890.4,1668,0,2982,"0"
7346.8,864,19,2976,"0"
4328,124,9,2989,"0"
5018,145,1,2988,"0"
6425.55,112,13,2975,"0"
21932.5,509,13,2971,"0"
1920,110,22,2988,"0"
2873.6,138,1,2981,"0"
1937.48,91,49,2985,"0"
2646,123,20,2969,"0"
24265.2,892,3,2995,"0"
3110,55,21,2992,"0"
9334.9,238,24,2992,"0"
21741.59,539,1,2990,"0"
3332,199,2,2988,"0"
3383,68,43,2982,"0"
2624,46,1,2992,"0"
9903.2,500,8,2992,"0"
28983.2,1155,2,2991,"0"
10298.2,399,6,2985,"0"
6270,87,22,2982,"0"
31345,427,2,2991,"0"
20607,1083,1,2988,"0"
4172,239,21,2988,"0"
9965,124,36,2982,"0"
4620,89,31,2983,"0"
24528.1,846,10,2991,"0"
33635,350,13,2990,"0"
11346.2,162,15,2983,"0"
8714.4,391,23,2977,"0"
2740,82,23,2985,"0"
121841.6,4414,1,2985,"0"
44526.4,1440,7,2985,"0"
5333,304,2,2984,"0"
46606,605,0,2977,"0"
3468,170,7,2985,"0"
7025,84,2,2992,"0"
17704.8,789,16,2991,"0"
15280,156,15,2991,"0"
64953,773,1,2991,"0"
10720,134,23,2989,"0"
13450,180,24,2988,"0"
3988.4,179,27,2983,"0"
21669.4,857,2,2981,"0"
11995,147,13,2977,"0"
27817.7,1275,7,2982,"0"
7198.8,145,42,2981,"0"
67546.6,2455,1,2981,"0"
1564,68,1,2978,"0"
28756.3,1809,8,2978,"0"
1906.6,92,10,2976,"0"
924.4,93,21,2976,"0"
6671,384,14,2983,"0"
10096.8,501,21,2975,"0"
12570,488,0,2971,"0"
2516,144,43,2969,"0"
62864.4,1043,6,2975,"0"
640,35,15,2974,"0"
17422.6,560,1,2969,"0"
5004.6,268,28,2967,"0"
14640,190,1,2964,"0"
5552,101,48,2978,"0"
16165,157,14,2977,"0"
6776,300,0,2976,"0"
2305,90,29,2974,"0"
1460,24,58,2971,"0"
10282,132,23,2976,"0"
2925.05,66,7,2968,"0"
52974.2,1700,0,2967,"0"
27675.8,878,6,2967,"0"
21022,693,0,2971,"0"
39717,1435,0,2971,"0"
34182.8,1115,0,2971,"0"
40824,960,6,2971,"0"
63843.4,2059,0,2970,"0"
41576.2,1629,2,2970,"0"
14395.2,614,0,2969,"0"
7292.8,127,14,2975,"0"
14816.5,995,14,2974,"0"
5105.2,171,16,2969,"0"
6129.36,426,0,2968,"0"
28900.4,1109,8,2971,"0"
3890,49,6,2968,"0"
12239,573,27,2967,"0"
13670.2,1182,20,2969,"0"
15278,437,1,2969,"0"
31341.34,760,2,2977,"0"
7267,416,7,2969,"0"
35285.2,993,1,2968,"0"
6118,175,13,2964,"0"
88806.4,1156,2,2968,"0"
14195,149,7,2967,"0"
6895.8,265,21,2963,"0"
573,26,20,2974,"0"
9905,120,28,2969,"0"
2269.8,179,1,2960,"0"
20623,769,13,2967,"0"
18109.8,770,8,2967,"0"
13380,423,0,2962,"0"
25162,1127,8,2974,"0"
10030,340,1,2974,"0"
12389.4,348,9,2970,"0"
4105,59,9,2968,"0"
29183.8,1145,14,2967,"0"
34946.4,1073,6,2963,"0"
3716,64,45,2963,"0"
3846,75,20,2963,"1"
1240,70,30,2963,"0"
9300,334,20,2961,"0"
6964,237,27,2956,"0"
1033145,59654,0,2960,"0"
1126,65,49,2957,"1"
10897.6,1034,0,2957,"0"
14235,818,2,2960,"0"
7884,233,8,2962,"0"
10085.18,216,23,2960,"0"
1985,115,41,2960,"0"
5575,105,34,2956,"0"
69060,736,6,2954,"0"
10623,533,9,2960,"0"
3084,76,44,2957,"0"
68695,813,7,2957,"0"
1693,30,1,2955,"0"
4713,178,36,2954,"0"
9902,563,9,2949,"0"
5807,332,1,2948,"0"
58351.6,3689,1,2962,"0"
169574.55,3913,6,2961,"0"
4559.2,70,20,2960,"0"
28559.4,871,13,2957,"0"
1306.2,79,2,2947,"0"
40386,2160,0,2946,"0"
1819.6,94,34,2957,"0"
10772.4,377,14,2950,"0"
20204.6,1067,2,2949,"0"
33625.43,385,3,2939,"0"
3500,100,22,2953,"0"
10919.2,332,23,2961,"0"
2639.4,82,38,2960,"0"
1448,70,57,2960,"0"
180,10,24,2956,"1"
5588,159,2,2946,"0"
72261.8,2859,1,2943,"0"
23811.6,800,3,2960,"0"
58558.8,2041,8,2955,"0"
24907.2,474,0,2948,"0"
28911,950,2,2947,"0"
35738.6,1398,1,2940,"0"
43932.43,1396,2,2939,"0"
12870,156,8,2939,"0"
60971.6,2336,3,2953,"0"
27015,301,9,2950,"0"
13514.4,632,20,2957,"0"
14469.4,651,2,2933,"0"
13506,959,7,2922,"0"
1016.6,72,21,2922,"0"
12852,903,1,2934,"0"
48841.6,1731,1,2956,"0"
2186,90,16,2955,"0"
1908,100,0,2950,"0"
2524,144,15,2950,"0"
2455,124,28,2947,"0"
17924,770,1,2946,"0"
15039.2,713,7,2943,"0"
9915,199,8,2943,"0"
76614,2647,2,2942,"0"
2649,155,27,2942,"0"
40045,696,0,2940,"0"
13140.4,696,10,2940,"0"
19883.8,837,38,2953,"0"
6495,182,7,2953,"0"
13768.6,327,8,2949,"0"
16008.4,666,7,2947,"0"
603,15,6,2939,"0"
33007.68,1184,9,2935,"0"
5611.6,146,1,2950,"0"
2468.8,112,14,2943,"0"
26152.8,819,21,2942,"0"
12459,511,0,2942,"0"
7498,435,6,2941,"0"
104066.54,2485,0,2942,"0"
105766.6,5274,1,2941,"0"
10608,126,9,2941,"0"
38072,2041,3,2920,"0"
5899.6,348,59,2929,"0"
33049,457,6,2928,"0"
1723,29,21,2942,"0"
3765,43,21,2942,"0"
17876.2,7710,0,2939,"0"
1585.6,85,13,2939,"0"
8150,90,0,2927,"0"
30390,383,14,2947,"0"
4752.4,360,59,2947,"0"
3861.4,94,22,2934,"0"
3860,54,28,2926,"0"
11603.2,1121,3,2929,"0"
5238.6,297,20,2925,"0"
8570,121,29,2942,"0"
769,57,58,2934,"0"
20881,1046,13,2933,"0"
12747,616,13,2933,"0"
4739.55,399,37,2933,"0"
5072.2,71,35,2932,"0"
1688,61,13,2927,"0"
5467,248,6,2925,"0"
9047.6,454,28,2932,"0"
16085,177,2,2929,"0"
34960,342,1,2926,"0"
71485.07,1973,6,2925,"0"
16343.6,460,2,2935,"0"
2136,73,49,2933,"0"
9191.85,199,15,2932,"0"
6664.2,263,14,2927,"0"
3866.2,146,9,2919,"0"
3244.2,94,7,2911,"0"
1791,101,10,2940,"0"
1357,29,20,2935,"1"
9796.2,290,0,2935,"0"
26498.08,1024,21,2933,"0"
3229,184,16,2933,"0"
15313,398,2,2925,"0"
2673,94,2,2935,"0"
2305,41,22,2929,"0"
14880,186,24,2927,"0"
3895,53,8,2922,"0"
7769,454,10,2920,"0"
8772,386,24,2919,"0"
3222.4,145,1,2913,"0"
17738,986,24,2906,"0"
11354.6,13977,13,2913,"0"
40727,1630,6,2894,"0"
64075.2,4170,1,2939,"0"
8952,760,2,2927,"0"
14521.8,1294,6,2925,"0"
2939.4,39,20,2941,"0"
7594.85,159,22,2932,"0"
3479,48,36,2929,"0"
2945.4,305,27,2929,"0"
22049.4,255,1,2928,"0"
81283.4,3514,6,2925,"0"
11548,541,24,2932,"0"
78769.4,3487,0,2929,"0"
23711,1011,9,2926,"0"
1735.6,74,21,2922,"0"
1740,29,57,2922,"0"
6984,396,27,2919,"1"
12307.43,312,50,2934,"0"
11973,524,20,2915,"0"
19134.2,634,15,2906,"0"
10593,426,9,2929,"0"
59116.92,1777,2,2943,"0"
24037,1165,1,2935,"0"
13552,439,15,2920,"0"
38624,1541,16,2939,"0"
4490,161,16,2927,"0"
19780,230,14,2926,"0"
18172,841,15,2919,"0"
9066,370,31,2919,"0"
64379,3029,0,2943,"0"
37525.02,1487,1,2934,"0"
12513.2,658,2,2929,"0"
9133,524,0,2927,"0"
1208.8,39,16,2898,"1"
33188.4,1671,0,2897,"0"
61523.6,1115,0,2943,"0"
11644,601,0,2921,"0"
24415,1712,52,2919,"1"
3370,275,6,2913,"0"
39298.87,691,5,2913,"0"
4461,212,2,2915,"0"
2350,67,28,2921,"0"
3032,87,50,2925,"0"
7412,243,9,2922,"0"
3390,155,29,2899,"0"
1580,101,42,2898,"0"
5835,175,13,2915,"0"
9180,135,1,2912,"0"
5084,143,14,2914,"0"
2855,31,13,2913,"0"
19031.54,371,9,2911,"0"
4670,55,28,2894,"0"
23954,485,8,2915,"0"
44293,541,9,2915,"0"
2335,133,0,2908,"0"
10498,596,24,2893,"0"
27294.8,1512,3,2891,"0"
6414,321,7,2897,"0"
7851.6,257,24,2894,"0"
6389,256,0,2919,"0"
6303,261,0,2919,"0"
19720,835,44,2898,"1"
20252.4,526,10,2890,"0"
6938.4,250,8,2899,"0"
4994.4,235,9,2922,"0"
674,35,28,2920,"0"
5062.8,239,42,2913,"0"
10234.8,403,29,2915,"0"
24481,1304,8,2912,"0"
8317.4,409,31,2911,"1"
1391.4,74,16,2905,"1"
6272,546,6,2898,"0"
2780,80,16,2920,"0"
33420.2,1925,0,2919,"0"
5935.4,322,27,2915,"0"
3531.2,246,21,2911,"0"
36029.8,1910,3,2898,"0"
27589,1362,2,2920,"0"
20692.4,337,24,2915,"0"
13098,204,1,2913,"0"
7648.4,571,14,2907,"0"
2604.8,142,41,2901,"0"
2632,138,9,2890,"0"
7413.2,245,28,2886,"0"
13481.6,678,43,2892,"0"
4060,109,28,2890,"0"
529,33,28,2890,"0"
2085.2,100,31,2894,"0"
6270.45,239,30,2906,"0"
61652.2,1156,1,2880,"0"
10113,526,9,2878,"0"
3862,174,31,2893,"0"
2839,159,2,2892,"0"
2690,34,44,2891,"0"
38665,453,3,2898,"0"
17794,871,1,2897,"0"
3945,60,37,2890,"0"
700,14,43,2890,"0"
1986,118,2,2886,"0"
3610,40,30,2879,"0"
3624,199,8,2897,"0"
13014.59,260,0,2891,"0"
5906,76,48,2885,"0"
1850,32,57,2898,"0"
35177.6,1075,0,2897,"0"
8746.4,252,0,2893,"0"
20471,247,0,2905,"0"
12091,565,3,2898,"0"
13655,628,38,2898,"0"
64584.4,2800,1,2891,"0"
74641.4,2788,1,2890,"0"
30148,837,16,2885,"0"
4672,135,23,2877,"0"
1830,83,2,2904,"0"
412598.8,21266,15,2894,"0"
1469.8,224,35,2892,"0"
3162,167,43,2879,"0"
1150,58,51,2864,"0"
8519,246,13,2898,"0"
2440,70,38,2885,"0"
19791,327,15,2880,"0"
19295,329,15,2876,"0"
2923,167,30,2887,"0"
13265,167,6,2879,"0"
36945,497,6,2884,"0"
3939.2,203,49,2877,"0"
2632,51,1,2897,"0"
23980,248,9,2897,"0"
21005,241,7,2894,"0"
21370,296,8,2893,"0"
4087,82,27,2893,"0"
6338,324,7,2885,"0"
18160,304,1,2877,"0"
22644,1250,38,2866,"0"
7073,403,2,2872,"0"
48800,651,8,2904,"0"
5824.4,574,35,2872,"0"
8346.6,838,34,2872,"0"
8552.2,549,7,2887,"0"
4070,65,6,2884,"0"
16192.8,816,2,2883,"0"
31502.65,1268,13,2884,"0"
3226,185,52,2878,"0"
1000,100,55,2876,"0"
1664,25,22,2877,"0"
42321.4,1198,1,2876,"0"
35178,1596,6,2880,"0"
12656.6,573,0,2879,"0"
42742,2671,1,2870,"0"
3372,116,36,2866,"0"
4375,88,49,2870,"0"
7032,389,10,2859,"0"
1188.6,69,7,2858,"0"
12077.4,238,8,2885,"0"
25865.35,800,1,2885,"0"
7139.13,144,9,2879,"0"
10782,215,14,2890,"0"
6060.4,280,9,2890,"0"
5898.4,187,38,2890,"0"
10132,125,15,2884,"0"
54271,1097,2,2884,"0"
22636,1229,15,2864,"0"
12822.4,732,1,2862,"0"
37592.63,746,0,2859,"0"
8072.96,280,31,2870,"0"
8372,479,21,2880,"0"
4536.4,374,15,2880,"0"
5890,168,56,2857,"0"
16403.2,804,21,2863,"0"
12754,594,1,2884,"0"
4454,78,2,2878,"0"
28207.6,1257,9,2855,"0"
5811.2,273,2,2851,"0"
18775,222,2,2870,"0"
6540,109,38,2870,"0"
2314.6,128,29,2891,"0"
3682,102,35,2873,"0"
6577,268,38,2857,"0"
34522,1785,15,2878,"0"
42718.6,2146,1,2877,"0"
28470.4,2195,3,2871,"0"
4200,60,15,2869,"0"
5082.4,305,3,2864,"0"
14845,206,7,2880,"0"
897,51,3,2873,"0"
7300,99,6,2873,"0"
1495.2,61,51,2870,"0"
15501.2,437,0,2815,"0"
4768,273,8,2849,"0"
2930,48,52,2856,"0"
11017.6,306,43,2864,"0"
419.6,21,14,2863,"0"
2025.2,73,27,2863,"0"
6992,323,7,2858,"0"
46496.4,1659,1,2878,"0"
8615.4,256,0,2877,"0"
5035,63,34,2876,"0"
9173.4,128,9,2873,"0"
3969,143,27,2844,"0"
7615,86,3,2842,"0"
25985,280,9,2842,"0"
11890,166,20,2842,"0"
30001,1297,8,2841,"0"
8761.4,254,43,2869,"0"
7952,326,23,2856,"0"
6975,339,0,2880,"0"
12878.8,562,1,2852,"0"
16420,287,14,2873,"0"
8552.6,636,6,2873,"0"
38259,1113,6,2865,"0"
5491.2,169,135,2859,"0"
5232.2,175,37,2871,"0"
1155,16,28,2850,"0"
3555,201,23,2841,"0"
34872.8,1554,7,2837,"0"
9815,176,21,2859,"0"
4870,60,49,2859,"0"
7778,140,0,2852,"0"
7025,106,34,2851,"0"
8272,380,13,2855,"0"
57867,739,6,2851,"0"
26530.8,1021,2,2862,"0"
9807.2,992,14,2851,"0"
3816,171,16,2855,"0"
88886.2,4404,3,2858,"0"
2555.4,195,14,2855,"0"
26448.2,1230,13,2849,"0"
22852.6,1106,7,2844,"0"
3809.38,100,44,2848,"0"
12241.15,256,10,2830,"0"
3799,111,35,2844,"0"
15535,156,1,2862,"0"
6648.16,97,37,2866,"0"
5105.8,419,29,2865,"0"
7576,103,7,2864,"0"
4845,56,6,2864,"0"
5312,175,15,2865,"0"
11355.8,592,8,2850,"0"
19082,864,57,2850,"1"
4412.8,415,24,2849,"0"
4140,64,36,2848,"0"
3258.2,240,37,2848,"0"
2536.6,201,23,2844,"0"
2656.8,117,52,2830,"0"
15699.8,482,34,2862,"0"
8060,230,0,2858,"0"
13852,393,7,2843,"0"
108970.95,3848,0,2837,"0"
3381,136,30,2864,"0"
13517,643,15,2863,"0"
4135,57,29,2862,"0"
45521.6,2703,29,2842,"0"
6660,94,9,2844,"0"
9337.2,700,3,2836,"0"
5510,64,8,2835,"0"
14424,190,15,2833,"0"
1689,98,59,2857,"0"
1610,76,3,2855,"1"
6282.4,261,49,2852,"1"
34883,472,9,2858,"0"
31979.8,1809,3,2863,"0"
32747.6,1247,24,2843,"0"
17938.2,581,34,2843,"0"
65982,2525,10,2831,"0"
1230,70,3,2843,"0"
2753,45,6,2851,"0"
2263.2,110,35,2824,"0"
12468,358,22,2835,"0"
10892,274,48,2831,"0"
5701.4,601,36,2830,"0"
1471.49,30,8,2830,"0"
15182.8,1201,8,2835,"0"
3188.4,117,58,2834,"0"
17815.6,770,14,2829,"0"
32537,1074,0,2843,"0"
23054,925,15,2843,"0"
55560.4,3192,6,2824,"0"
16789.6,670,29,2852,"0"
16631,638,1,2855,"0"
35965,395,7,2852,"0"
27225,365,6,2852,"0"
22656.2,456,7,2851,"0"
19786,701,7,2809,"0"
26275.2,1185,0,2830,"0"
1238,71,6,2830,"0"
8394.4,362,22,2857,"0"
4755.2,275,35,2852,"0"
27786,1306,9,2833,"0"
22880,257,1,2816,"0"
2695,51,9,2814,"0"
14210.8,394,6,2822,"0"
16271,531,7,2821,"0"
47113.2,1445,3,2831,"0"
7188.4,210,16,2824,"0"
2114.95,53,23,2823,"0"
209221.8,9488,3,2830,"0"
102964.6,4781,1,2845,"0"
2066,78,29,2841,"0"
13084.8,378,10,2837,"0"
12122,353,8,2836,"0"
2349,129,6,2813,"0"
60030,768,6,2844,"0"
5710,62,30,2823,"0"
7614,305,31,2841,"0"
24388.53,1028,3,2836,"0"
412524.3,9051,1,2829,"0"
8945,115,3,2845,"0"
5714.4,166,43,2845,"0"
61360,681,0,2844,"0"
36362,1216,8,2844,"0"
2320,25,24,2843,"0"
19422,241,9,2843,"0"
5710.6,99,1,2843,"0"
6173,190,35,2801,"0"
31365,361,3,2841,"0"
5229.2,244,29,2822,"0"
12997,961,29,2821,"0"
3612.6,67,14,2829,"0"
2972.6,316,8,2829,"0"
4410,331,21,2828,"0"
16650.6,535,6,2831,"0"
7446.2,220,30,2831,"0"
94464.9,2535,0,2830,"0"
5577.6,217,24,2822,"0"
4858.4,308,27,2821,"0"
7509.8,184,27,2817,"0"
1425.6,61,37,2817,"1"
18818,1674,9,2830,"0"
20983.6,2022,0,2829,"0"
13511,616,10,2835,"0"
62261.4,2866,1,2834,"0"
1805,37,21,2831,"0"
7528.6,282,26,2830,"0"
13885,259,3,2828,"0"
9800,139,38,2828,"0"
1339,77,2,2828,"0"
29296.6,1424,2,2822,"0"
47875,633,1,2802,"0"
8515,301,24,2807,"0"
6819,102,16,2794,"0"
12362.8,572,29,2835,"0"
23724,1330,1,2834,"0"
10810,406,8,2830,"0"
16460,189,13,2817,"0"
22659.15,818,6,2830,"0"
2699,154,16,2829,"0"
12490,259,29,2829,"0"
6516.6,264,8,2816,"0"
930,42,6,2815,"0"
9204,391,43,2842,"0"
4370,59,31,2841,"0"
26583.6,872,21,2835,"0"
5460,84,22,2810,"0"
11120.6,590,29,2807,"0"
35355,365,2,2794,"0"
2160,41,55,2793,"0"
8900,511,13,2806,"0"
19652.9,450,13,2802,"0"
47338.4,1975,21,2806,"0"
1008,24,44,2801,"0"
5608.2,687,8,2808,"0"
17774.4,716,2,2808,"0"
16489.8,788,15,2817,"0"
16654.4,742,22,2813,"0"
1060,26,56,2821,"0"
53535.2,2042,7,2815,"0"
19940,316,0,2815,"0"
10094.6,439,8,2814,"0"
3810.6,226,29,2814,"0"
7882.05,164,7,2803,"0"
37489.32,2351,0,2796,"0"
7526,214,1,2823,"0"
4793,272,7,2822,"0"
6106.4,169,15,2820,"0"
1728,113,20,2816,"0"
3744.4,140,15,2828,"0"
74228.8,1916,2,2828,"0"
19758,1076,15,2824,"0"
28698,411,8,2824,"0"
1470.8,16,1,2834,"0"
74767.6,3359,10,2814,"0"
17327,284,22,2808,"0"
3984,223,14,2813,"0"
31480,369,3,2822,"0"
44683.2,1520,35,2810,"0"
24097.42,1008,3,2809,"0"
6433,323,45,2817,"0"
5831.8,142,14,2815,"0"
41344,1195,1,2813,"0"
11501.8,431,14,2809,"0"
17010,207,1,2806,"0"
29245.6,1096,1,2814,"0"
3628.8,121,41,2814,"0"
6709.8,148,13,2813,"0"
7096,130,2,2808,"0"
31268,438,8,2801,"0"
14350.6,406,7,2817,"0"
23192,930,6,2809,"0"
14360,1477,8,2801,"0"
134837.85,2804,8,2801,"0"
12238.4,1183,7,2794,"0"
2978,137,45,2794,"0"
48826.04,1287,0,2799,"0"
8640,368,23,2795,"0"
4402.4,247,49,2802,"0"
8195,267,6,2802,"0"
3820,62,28,2806,"0"
3547,75,29,2803,"0"
11634,662,22,2802,"0"
36753.2,989,3,2796,"0"
1872.8,56,15,2796,"0"
5711.45,126,1,2796,"0"
1964,115,45,2795,"0"
1138.8,32,14,2793,"0"
5792.4,227,42,2809,"0"
8145.2,258,9,2808,"0"
41977.3,1457,3,2801,"0"
9594,438,20,2800,"0"
5960,285,29,2795,"0"
23262.8,577,14,2794,"0"
28264.2,1142,3,2793,"0"
2830,108,2,2792,"0"
1463,63,1,2786,"0"
21096.4,832,16,2782,"0"
17086.8,852,27,2807,"1"
2681.56,311,1,2806,"0"
47937.68,2890,6,2803,"0"
11729.4,295,15,2802,"0"
33287,1004,2,2799,"0"
15869.6,1139,2,2794,"0"
25462,724,5,2792,"0"
113182.6,1168,7,2786,"0"
22925,295,1,2800,"0"
7123.2,393,22,2799,"0"
47292.75,997,7,2794,"0"
43254.2,1189,8,2793,"0"
18857.4,614,9,2793,"0"
6086,332,8,2792,"0"
445,30,52,2789,"1"
1260,12,30,2799,"0"
8931.6,406,22,2796,"0"
4325,56,30,2788,"0"
1823,103,57,2788,"0"
379.2,10,13,2761,"1"
19705,231,6,2778,"0"
22613.6,393,1,2782,"0"
12119,542,7,2779,"0"
20852,262,9,2754,"0"
1235,21,2,2801,"0"
15132.4,519,6,2799,"0"
17975.7,593,9,2792,"0"
975.2,59,35,2774,"0"
16205.2,557,16,2774,"0"
19435,234,13,2782,"0"
11980.27,225,22,2767,"0"
6456,320,3,2786,"0"
10578.95,262,22,2792,"0"
25746.4,704,8,2787,"0"
12982,372,1,2802,"0"
910.01,19,16,2800,"0"
13923.2,667,22,2800,"0"
18359,967,3,2780,"0"
2572.8,109,3,2799,"0"
3677.4,270,15,2794,"0"
13836,325,3,2779,"0"
15292.4,456,6,2782,"0"
19915.4,906,0,2780,"0"
1520,87,15,2793,"0"
1071,61,56,2793,"0"
6696.2,275,57,2789,"0"
26394.8,868,1,2792,"0"
13437.8,594,0,2779,"0"
1931,114,1,2775,"0"
2055,31,0,2778,"0"
3217,128,21,2775,"0"
5985,108,23,2729,"0"
23490.6,655,7,2745,"0"
4325,80,3,2744,"0"
17656.6,588,7,2766,"0"
1260,45,16,2753,"0"
139440,4375,14,2766,"0"
91347.8,8264,6,2793,"0"
22395,1274,13,2788,"0"
14910.3,267,8,2765,"0"
16899.2,924,1,2765,"0"
94203.9,4064,1,2751,"0"
24645,329,2,2747,"0"
821,32,49,2774,"0"
17172,238,15,2785,"0"
19141.8,440,14,2781,"0"
46961,566,14,2780,"0"
4920,235,45,2785,"0"
8507,221,23,2785,"0"
7222,121,14,2780,"0"
9541.8,530,30,2775,"0"
12636,572,16,2772,"0"
3569,178,14,2771,"0"
30721.8,799,8,2722,"0"
5490,244,8,2764,"0"
4215.2,111,31,2775,"0"
3610,44,2,2765,"0"
3502.16,114,13,2782,"0"
9660,202,30,2781,"0"
6579.2,184,22,2775,"0"
21509,320,15,2701,"0"
2410,138,16,2698,"0"
4354,61,31,2694,"0"
1786,101,44,2757,"0"
2712,124,42,2785,"0"
15125,175,16,2782,"0"
17852.6,280,37,2781,"0"
40485.1,734,1,2780,"0"
27623,360,10,2779,"0"
6380,514,9,2774,"0"
11466,582,7,2774,"0"
17550.2,188,2,2773,"0"
1096,47,2,2773,"1"
16859,268,0,2772,"0"
6160,63,36,2772,"0"
2759,44,42,2775,"0"
5205,50,30,2774,"0"
6184,349,21,2747,"0"
1536,50,57,2709,"0"
4591,77,41,2708,"0"
42423.6,674,50,2775,"0"
7490,227,6,2773,"0"
13938,475,24,2778,"0"
23346.8,1006,1,2753,"0"
83118.8,1746,3,2751,"0"
24899.22,4485,15,2731,"0"
1060,30,15,2782,"0"
35315.6,2494,35,2775,"1"
4098.8,60,43,2774,"0"
36654.2,1190,1,2764,"0"
11629.8,890,10,2750,"0"
2182.4,107,22,2764,"0"
36910.6,569,15,2764,"0"
4185,56,49,2759,"0"
17285.4,921,9,2754,"0"
6401.6,529,20,2753,"0"
7262,198,16,2781,"0"
2306.4,124,27,2780,"0"
1760,100,13,2766,"0"
28795,348,21,2764,"0"
6498.8,168,41,2759,"0"
4132,236,14,2750,"0"
350,20,34,2703,"1"
4895.6,224,43,2765,"0"
10285,149,21,2765,"0"
37447.2,1393,10,2774,"0"
16215.6,919,8,2773,"0"
2696.4,101,1,2761,"0"
26834.8,1041,6,2761,"0"
20123.4,1108,3,2738,"0"
9697,431,16,2736,"0"
1652,85,7,2774,"0"
2028,59,1,2773,"0"
12833.13,248,1,2754,"0"
6396,130,1,2718,"0"
16109.6,728,9,2782,"0"
56109.8,7952,0,2781,"0"
34894.8,668,2,2737,"0"
6188.43,122,20,2736,"0"
11771,655,9,2767,"0"
26937,488,1,2765,"0"
20265,260,8,2761,"0"
11207,261,24,2760,"0"
13890.6,647,0,2757,"0"
8105.8,333,7,2751,"0"
30460.29,666,13,2757,"0"
3540,354,24,2743,"1"
3150,180,8,2764,"0"
1527.8,83,50,2761,"0"
2975,38,50,2712,"0"
1710,66,52,2712,"0"
37021,2033,22,2710,"0"
17939.6,973,8,2775,"0"
18094.8,867,13,2768,"0"
9098.4,354,0,2718,"0"
6378.6,429,28,2737,"0"
100978.6,4399,6,2731,"0"
8588.8,639,2,2723,"0"
4782.4,365,2,2718,"0"
25780.7,2325,0,2717,"0"
5584.8,263,3,2715,"0"
6010.4,342,2,2750,"0"
7850,93,59,2747,"0"
8541.8,876,49,2743,"0"
4605.6,156,21,2743,"0"
18038,328,38,2752,"0"
4316,227,16,2750,"0"
6008,304,45,2697,"0"
5862.6,408,0,2746,"0"
17960.4,936,0,2744,"0"
1170,32,43,2771,"0"
6064,216,35,2771,"0"
96317.45,3834,1,2767,"0"
3214.8,111,30,2761,"0"
75320.4,2254,0,2711,"0"
3940.82,351,6,2725,"0"
44049.8,1949,6,2752,"0"
37185.8,1133,6,2731,"0"
83366.26,1159,0,2712,"0"
27754.94,1806,13,2751,"0"
5310.22,106,7,2724,"0"
33818.04,17424,29,2731,"0"
51892.8,2048,43,2731,"0"
5605,323,31,2730,"0"
2234,53,8,2689,"0"
29935,369,8,2716,"0"
18127.6,557,7,2752,"0"
1584,90,34,2746,"0"
55950.4,3740,1,2744,"0"
2105.6,72,20,2743,"0"
400,10,57,2702,"0"
18901,1304,7,2766,"0"
751,44,35,2761,"0"
21770.7,840,8,2716,"0"
8413.2,546,51,2711,"0"
7461.4,714,1,2718,"0"
11307,603,3,2709,"0"
1222.8,96,7,2738,"0"
6282.6,266,27,2702,"0"
13135,202,0,2725,"0"
2969.8,123,24,2715,"0"
4175,227,2,2715,"0"
1299.6,71,34,2703,"0"
7559.8,817,9,2736,"0"
733,42,28,2684,"0"
19067,1028,0,2733,"0"
21005,578,3,2733,"0"
20502.2,838,13,2744,"0"
16314.4,676,8,2743,"0"
26245,447,7,2701,"0"
121455.5,2812,1,2747,"0"
26179.4,838,13,2745,"0"
11464,139,36,2744,"1"
2406,79,14,2743,"0"
2418.32,38,43,2697,"0"
5534.13,135,29,2715,"0"
3218.6,97,29,2663,"0"
258269,9303,0,2739,"0"
31855.8,880,6,2738,"0"
18121,1037,14,2737,"0"
13820,175,16,2708,"0"
6340,242,8,2705,"0"
12092,427,2,2709,"0"
8603.6,359,13,2709,"0"
43035.8,434,2,2698,"0"
89671.8,1886,8,2696,"0"
6748,174,55,2712,"0"
1586.6,81,41,2710,"0"
44578.4,2178,1,2710,"0"
11928,1169,7,2701,"0"
142597.5,5853,2,2736,"0"
5585,73,24,2733,"0"
3810,46,0,2733,"0"
1050,60,28,2723,"0"
35880,1627,6,2722,"0"
367,21,21,2716,"0"
16206,1552,1,2695,"0"
140876.8,7388,0,2709,"0"
88496.16,1743,15,2730,"0"
9700,970,7,2711,"0"
14539.29,329,10,2736,"0"
11357,343,1,2712,"0"
3304.2,317,2,2690,"0"
28454,888,6,2697,"0"
10001.75,216,51,2688,"0"
17225.8,547,37,2710,"0"
5210,64,50,2702,"0"
2617.2,110,27,2708,"0"
31324.3,1515,6,2710,"0"
4585,170,37,2731,"0"
3186.2,294,58,2687,"0"
4637.4,237,2,2687,"0"
10552,441,9,2732,"0"
20990,826,6,2731,"0"
10459,514,8,2710,"0"
6046,176,35,2708,"0"
3899.89,69,34,2729,"0"
42583.01,1123,7,2723,"0"
4153,237,3,2709,"0"
24030,335,14,2738,"0"
10706,369,3,2733,"0"
1079.6,26,58,2683,"0"
31884.8,1607,0,2682,"0"
5837,184,15,2687,"0"
29867.49,764,10,2694,"0"
4251.6,114,10,2702,"0"
36394.6,533,10,2666,"0"
1655,23,57,2698,"0"
3445,45,48,2698,"0"
7782.2,444,1,2697,"0"
2027,32,36,2695,"0"
1263,70,23,2704,"0"
4781.8,127,34,2697,"0"
8691.95,201,27,2697,"0"
3630,49,44,2715,"0"
2491,143,20,2680,"1"
5052,259,31,2717,"0"
140951,1662,2,2716,"0"
68398.8,2557,9,2715,"0"
5417.4,125,31,2695,"0"
11448,330,23,2711,"0"
6842,195,8,2710,"0"
29891.7,606,10,2696,"0"
30578.8,2263,3,2680,"0"
29866.4,382,1,2677,"0"
8840,130,27,2676,"0"
2898,137,15,2675,"0"
5128,291,2,2669,"0"
13782,171,21,2717,"0"
5440,188,58,2712,"0"
71115.8,4323,0,2710,"0"
22786.6,1208,13,2654,"0"
13093.6,416,9,2653,"0"
57076.4,2778,22,2669,"0"
4413.8,313,10,2688,"0"
6679.2,425,30,2688,"0"
3772,173,10,2682,"0"
8910.4,464,8,2680,"0"
10024.41,293,14,2675,"0"
2556,72,29,2668,"0"
1845,105,6,2670,"0"
19407,313,6,2680,"0"
32490,979,1,2698,"0"
4584,231,14,2688,"0"
853.6,49,49,2687,"1"
6251,218,22,2684,"0"
22338,1241,15,2688,"0"
17015,211,8,2676,"0"
4912,187,9,2663,"0"
2783,140,3,2662,"0"
3605,37,48,2656,"0"
9781.2,257,27,2709,"0"
9307.4,477,13,2703,"0"
21272,423,8,2703,"0"
12833,158,21,2702,"0"
13104.53,668,2,2715,"0"
81245.2,1404,2,2712,"0"
6588,136,2,2709,"0"
3080,128,20,2712,"0"
88821.4,3661,14,2711,"0"
18900,1890,2,2701,"0"
6056,205,59,2703,"0"
19545.95,679,1,2701,"0"
12635,139,15,2676,"0"
31846,1393,13,2674,"0"
92112.6,6554,2,2670,"0"
28084.8,981,8,2668,"0"
20211.6,385,2,2662,"0"
2232.4,90,44,2669,"0"
9950.95,187,14,2669,"0"
2359.62,55,8,2669,"0"
1251.6,71,0,2668,"0"
13627.83,284,9,2694,"0"
17081,750,20,2659,"0"
6527.3,190,7,2673,"0"
98051.53,1211,2,2698,"0"
12165,153,35,2688,"0"
59770,3624,8,2687,"0"
24687.53,479,13,2684,"0"
38884,599,1,2652,"0"
4846,118,34,2649,"0"
5772,78,49,2668,"0"
3965,244,27,2668,"0"
37139.8,1536,1,2661,"0"
10687.6,273,10,2660,"0"
8961.4,456,42,2703,"0"
7247,312,2,2703,"0"
2317,121,22,2702,"1"
14480.8,602,1,2698,"0"
19285,228,9,2694,"0"
2642,53,15,2690,"0"
1206,67,9,2690,"0"
2168,64,48,2661,"0"
5855,323,29,2674,"0"
16989.4,488,8,2669,"0"
14465,834,29,2688,"0"
3835,50,6,2684,"0"
12630,165,9,2684,"0"
26648,761,12,2691,"0"
3922.6,401,3,2683,"0"
29350.6,454,9,2680,"0"
10260.4,306,8,2680,"0"
29726.8,1617,10,2680,"0"
6596.2,88,29,2676,"0"
1206.8,58,20,2676,"0"
8890.8,320,43,2696,"0"
12956,678,10,2695,"0"
13021.8,232,20,2691,"0"
9586,306,1,2688,"0"
12072,880,14,2704,"0"
1700.8,86,36,2697,"0"
29645.6,1467,2,2638,"0"
2235,57,34,2695,"0"
30090,1739,15,2691,"0"
2788.8,79,52,2687,"0"
18978.01,451,0,2684,"0"
5273,113,9,2684,"0"
2616,150,27,2687,"0"
9957.4,164,8,2683,"0"
6051,348,52,2676,"0"
8205,466,0,2674,"0"
2049.2,112,1,2670,"0"
5715,63,51,2681,"0"
6697.8,87,45,2680,"0"
88344,4509,1,2680,"0"
2149.2,116,48,2680,"0"
27552.4,1134,7,2677,"0"
9825,109,2,2675,"0"
29834.8,1297,9,2674,"0"
6552.75,116,20,2674,"0"
34032.8,1466,1,2663,"0"
1850,125,43,2660,"0"
11777.2,335,23,2660,"0"
15235.6,392,13,2655,"0"
2937,64,6,2681,"0"
5669,364,29,2676,"1"
117373.6,4202,2,2674,"0"
10801.8,309,0,2674,"0"
6740,89,55,2670,"0"
16491.25,405,2,2667,"0"
4522,214,23,2667,"0"
3007.8,125,15,2674,"0"
2201,127,27,2674,"0"
19109.41,525,10,2668,"0"
2834,81,8,2666,"0"
15538.8,229,14,2666,"0"
9518.2,395,28,2660,"0"
12460,145,0,2659,"0"
9829.6,541,41,2653,"0"
6245.6,473,24,2652,"0"
8515,98,30,2652,"0"
1432,53,29,2648,"0"
92224.8,4855,1,2653,"0"
147291.72,6626,6,2653,"0"
1792.6,157,36,2646,"0"
7126,404,6,2668,"0"
53813,2076,3,2652,"0"
27774.4,953,3,2648,"0"
664,40,27,2645,"0"
30398.4,1153,23,2645,"0"
2809.36,277,24,2655,"0"
1535.2,158,30,2638,"0"
21148.4,1007,9,2631,"0"
18671,390,10,2621,"0"
1804.8,137,16,2619,"0"
39000.4,2127,6,2618,"0"
5413.6,288,0,2668,"0"
4863.6,207,0,2668,"0"
4056,233,23,2659,"0"
9081.2,412,22,2659,"0"
4142.8,210,42,2656,"0"
2474,136,31,2653,"0"
27707,1141,6,2661,"0"
23600,237,2,2660,"0"
40773.6,1670,2,2654,"0"
966,26,28,2654,"0"
32638.2,1124,9,2653,"0"
3835,222,30,2653,"0"
9298,828,7,2653,"0"
4137,237,2,2652,"0"
9458.8,359,21,2649,"0"
1221,69,3,2662,"0"
9562.4,324,0,2662,"0"
13800,650,22,2660,"0"
2446,141,45,2647,"0"
35182.15,397,0,3118,"0"
92358.8,3542,1,3117,"0"
7064.6,322,9,3116,"0"
320971.9,13121,0,3117,"0"
35588,1019,8,3117,"0"
154830,1807,6,3116,"0"
5570,190,29,3115,"0"
2081,82,48,3111,"0"
44260,529,7,3111,"0"
15628.6,1631,15,3118,"0"
2126.4,55,23,3117,"0"
6302,279,34,3100,"0"
5720.6,172,8,3116,"0"
1917,85,27,3116,"1"
4900,59,6,3118,"0"
2255.33,47,0,3117,"0"
5424,57,23,3115,"0"
20628.8,706,0,3116,"0"
3355,50,6,3109,"0"
20603,1040,8,3110,"0"
8895,130,43,3109,"0"
3795,272,1,3107,"0"
2416,111,44,3107,"0"
9377,219,51,3111,"0"
64892.25,989,1,3111,"0"
9282.8,811,8,3110,"0"
12416.2,806,20,3110,"0"
1712,81,8,3104,"0"
36998.8,821,0,3111,"0"
1560,156,45,3111,"0"
17674.6,375,3,3110,"0"
2371.2,228,2,3108,"0"
799480,29692,1,3110,"0"
38251.6,923,3,3111,"0"
5830,251,29,3100,"0"
13326,196,15,3074,"0"
6441.2,287,57,3102,"0"
20311.4,304,1,3102,"0"
4264,219,3,3080,"0"
2229.2,120,24,3103,"0"
222951.5,8017,1,3101,"0"
181024.2,5608,3,3101,"0"
22763.35,390,8,7477,"0"
88180,1146,13,7601,"0"
3749.8,222,44,7590,"0"
4603.6,264,23,7612,"0"
49730.6,1911,0,7665,"0"
26930,283,28,7694,"0"
20802,209,23,7736,"0"
17930.83,674,0,3124,"0"
32605,352,0,7783,"0"
7285.2,254,9,7770,"0"
29457.2,546,29,7945,"0"
1939,112,37,7939,"0"
17970,222,8,3123,"0"
67860,3780,13,8004,"0"
6045,69,6,8023,"0"
8211,138,30,8074,"0"
93526.4,1357,1,8081,"0"
2387.2,105,14,8079,"0"
37695.97,973,0,8130,"0"
13023.6,321,27,3123,"1"
13396,683,9,3125,"0"
6820,370,16,3123,"0"
1155,28,3,3121,"0"
23340.81,450,1,3107,"0"
4780,51,55,3123,"0"
5655,64,30,8409,"0"
1519.4,85,30,8402,"0"
53840.14,1330,0,8403,"0"
110900.8,2224,8,8403,"0"
7469.2,370,57,3125,"0"
2940.4,144,30,3124,"0"
6403.4,315,29,3121,"0"
23168.45,1074,9,3115,"0"
29102.2,2668,13,3123,"0"
14120,194,10,3121,"0"
7973.4,808,23,3114,"0"
5157,69,7,3076,"0"
1065,16,58,8403,"0"
4644.2,75,2,3075,"0"
14695.6,782,2,8403,"0"
30551,1219,6,8403,"0"
16782,896,3,3108,"0"
16483.8,878,8,8403,"0"
6798,355,1,8403,"0"
54944.1,1403,1,8403,"0"
2395,44,34,3115,"0"
406,9,49,3114,"0"
48748.8,1341,1,8403,"0"
10510,624,3,8403,"0"
4474.8,122,7,3123,"0"
3663.2,161,14,8403,"0"
26365.5,742,7,3125,"0"
10683,609,16,8403,"0"
19310,224,1,8403,"0"
8110,232,1,3116,"0"
26059.8,1313,2,8403,"0"
22299,683,7,8403,"0"
1862,89,28,3107,"0"
2500,142,2,8403,"0"
3408,143,45,8403,"1"
38875.2,1737,3,8403,"0"
50377.2,1933,1,8403,"0"
8997.2,483,37,8403,"0"
61009,2593,9,8403,"0"
38800,490,2,8403,"0"
9586,196,44,8403,"0"
35481.6,1733,2,8403,"0"
6809,387,2,8403,"0"
23485.6,1144,7,8403,"0"
40470,539,1,8403,"0"
5305,71,57,8403,"0"
19351,749,21,8403,"0"
20165,1151,0,8403,"0"
61914.8,2985,8,8403,"0"
4058,233,16,8403,"0"
50652.4,2476,3,8403,"0"
22509.2,1681,24,8403,"0"
4908,280,30,3128,"0"
11606.8,632,14,8403,"0"
38919.8,1366,1,8403,"0"
8308,265,7,8403,"0"
9157.2,870,35,8403,"0"
15816,232,15,3130,"0"
5180,61,29,8403,"0"
101549.6,4636,0,3130,"0"
5709.4,159,23,3074,"0"
3271.8,179,30,8403,"0"
4970,279,9,8403,"0"
28897,461,1,8403,"0"
10956,627,49,8403,"0"
4248,224,30,8403,"0"
7535,100,36,8403,"0"
10412,594,8,8403,"0"
1621.6,41,6,3131,"0"
31004,805,3,8403,"0"
7359,298,6,3131,"0"
27384.4,941,7,8403,"0"
982.2,85,29,8403,"0"
3160,187,34,3132,"0"
37970,454,8,3130,"0"
135001,1746,6,8403,"0"
75714.6,3785,3,8403,"0"
13971.8,766,13,3132,"0"
9617.8,168,16,3131,"0"
19890,299,7,8403,"0"
1621,85,14,3131,"0"
3905,111,1,8403,"0"
3685,202,44,8403,"0"
2634,145,50,8403,"0"
22293,331,2,3129,"0"
27944,1604,8,8403,"0"
12904,337,8,8403,"0"
14497,207,1,8403,"0"
5240.8,392,1,8403,"0"
10008.2,509,14,8403,"0"
4721,77,9,8403,"0"
5409.2,291,1,3131,"0"
2045,124,9,8403,"0"
3607.2,155,7,8403,"0"
5444,213,28,3132,"0"
17795.4,1570,38,3131,"0"
4800.2,259,8,8403,"0"
105051.2,2998,1,8403,"0"
38685,553,9,8403,"0"
90797,1181,13,8403,"0"
4015.8,302,24,8403,"0"
10795,127,2,8403,"0"
5944,68,28,3131,"0"
10466,478,58,8403,"0"
66615,1922,2,8403,"0"
17133.4,966,30,8403,"0"
16203.2,824,23,3128,"0"
2510.6,99,22,8403,"0"
6536,375,49,8403,"0"
7428,422,3,8403,"0"
1600,91,35,8403,"0"
5393.8,258,50,8403,"0"
22926.6,1262,1,8403,"0"
960,28,8,3128,"0"
67288.6,2178,0,8403,"0"
8610,114,14,8403,"0"
5928,208,21,8403,"0"
6992,323,16,3129,"0"
492,28,14,3129,"0"
1585.2,166,30,3132,"0"
1775.8,100,38,3131,"0"
1590,91,31,3131,"0"
11456.4,425,0,8403,"0"
1141,50,21,8403,"0"
130355.4,6782,0,8403,"0"
10212,878,64,8403,"0"
38029.4,1795,15,8403,"0"
11060,1106,7,8403,"0"
15320,609,43,8403,"0"
5706.6,71,22,8403,"0"
80772,1495,0,8403,"0"
4648.4,257,44,8403,"0"
4778,80,20,8403,"0"
19125,705,35,8403,"0"
39701,1063,10,8403,"0"
51996,2727,9,8403,"0"
34024,1057,3,8403,"0"
9565.4,507,2,8403,"0"
4859,278,8,8403,"0"
10998,566,2,8403,"0"
138227,4651,0,8403,"0"
27374,755,1,8403,"0"
9650,111,3,3138,"0"
17295,521,22,3136,"0"
1635,28,3,3139,"0"
12763,412,10,3139,"0"
16145,201,13,3139,"0"
2506,147,1,3137,"0"
26690,828,28,3100,"0"
3370,190,38,3138,"0"
19550,1031,20,3138,"0"
7153,377,3,3136,"0"
10980.2,732,15,8403,"0"
16448.2,205,6,8403,"0"
18915,850,14,8403,"0"
19425.6,968,8,8403,"0"
20784,1033,6,8403,"0"
10340.4,563,10,8403,"0"
3683.6,213,10,8403,"0"
3396,153,42,3139,"0"
33794,1388,7,8403,"0"
8171.2,468,21,3137,"0"
4534,191,22,3138,"0"
13919,650,0,3129,"0"
38980.6,2444,7,3136,"0"
2012,90,2,3138,"0"
7282,395,13,3137,"0"
12640.2,628,37,3135,"0"
5206.6,333,8,8403,"0"
10991,351,1,8403,"0"
4890,239,1,8403,"0"
26282,741,1,3136,"0"
5955,82,14,3138,"0"
2231,128,29,3137,"0"
11826.8,582,37,8403,"0"
82814.6,4615,0,8403,"0"
2719,112,2,8403,"0"
6484.2,349,29,8403,"0"
39687,2267,14,8403,"0"
13177.2,840,29,8403,"0"
2337,177,22,8403,"0"
44784,1633,0,8403,"0"
2510.2,129,22,8403,"0"
28716,1476,30,8403,"0"
2525,145,58,8403,"0"
3331,189,1,8403,"0"
102545,5800,0,8403,"0"
3568.4,268,50,8403,"0"
35964,1028,0,3145,"0"
3363,60,31,3146,"0"
2594.4,144,36,3145,"1"
4819.4,488,51,3145,"1"
10148,143,6,3145,"0"
2722.8,90,56,3074,"0"
56449.9,3523,3,3144,"0"
31214.6,1689,12,3142,"0"
24073.8,1569,1,3142,"0"
5456.6,588,34,3074,"0"
26429.6,1039,3,3144,"0"
3906.8,192,38,3142,"0"
65044.2,2517,2,3142,"0"
16576.4,933,7,3143,"0"
58462.64,1291,1,8350,"0"
749.6,43,50,3142,"0"
24114,290,7,8340,"0"
6061.2,304,1,3074,"0"
6706,379,9,8330,"0"
22235.4,425,1,3073,"0"
7655,91,8,8324,"0"
11320,114,10,8298,"0"
7359,419,24,8294,"0"
50202,725,1,8275,"0"
43805.8,1851,2,3146,"0"
1995,116,27,3144,"0"
50657,1561,1,8224,"0"
3105,36,35,3146,"0"
8249.2,501,28,8191,"0"
1492,84,14,2641,"0"
4527,252,36,2635,"0"
22759.6,616,0,2660,"0"
2280,60,58,2660,"0"
1998,108,48,2660,"0"
4881,99,14,2646,"0"
186604.6,8688,2,2642,"0"
64995.2,1873,0,2638,"0"
11026,1014,13,2660,"0"
9080.8,507,13,2656,"0"
21006.4,1459,3,2653,"0"
11771.55,549,20,2639,"0"
1254,72,48,2625,"0"
20218,2002,0,2659,"0"
6880,132,0,2659,"0"
3183,60,21,2652,"0"
4093.49,276,49,2661,"1"
3603,199,6,2661,"0"
24069,699,21,2645,"0"
1855,28,2,2642,"0"
18780,219,27,2641,"0"
6380,109,13,2656,"0"
10970,167,1,2649,"0"
99930,1944,2,2646,"0"
28100.8,381,6,2591,"0"
3713,71,10,2585,"0"
7966.6,228,6,2642,"0"
7711.8,318,35,2640,"0"
2630.8,152,1,2633,"0"
181934,6999,6,2625,"0"
11832.8,353,22,2618,"0"
1635,26,58,2617,"0"
27742.55,690,1,2606,"0"
10539,622,30,2605,"0"
3595,111,55,2603,"0"
22321.51,563,2,2640,"0"
100992,2866,6,2639,"0"
1664,80,27,2631,"0"
65897.4,2430,2,2627,"0"
49350.4,1399,6,2612,"0"
119148.4,3434,0,2603,"0"
117996.8,3351,6,2603,"0"
83670.8,2295,1,2603,"0"
12930.2,425,21,2653,"0"
19198.2,732,34,2639,"0"
14362.99,294,7,2639,"0"
7883.43,185,21,2638,"0"
19969.11,371,24,2635,"0"
23987.4,806,6,2635,"0"
3140,90,27,2627,"0"
4651,266,14,2647,"0"
7742.8,343,8,2627,"0"
9165.8,425,23,2617,"0"
1584,80,20,2607,"0"
69491,879,3,2627,"0"
11508,286,13,2614,"0"
31815.6,596,1,2642,"0"
26919.8,1832,1,2639,"0"
922,46,27,2635,"0"
18644,249,23,2633,"0"
5747,328,2,2648,"0"
6449.16,127,16,2638,"0"
20039,537,1,2648,"0"
7588,207,0,2647,"0"
4861.4,237,14,2646,"0"
5215,256,7,2645,"0"
21421.8,1011,0,2627,"0"
7904,345,13,2619,"0"
5099.45,145,36,2614,"0"
2450,33,59,2611,"0"
24231.8,1011,3,2642,"0"
1902.4,72,37,2638,"0"
10607,154,1,2626,"0"
38756.1,1147,1,2631,"0"
13595.4,548,9,2633,"0"
10545.8,165,24,2641,"0"
18622,1135,8,2632,"0"
15645.8,479,36,2625,"0"
5417.8,183,36,2625,"0"
59984.4,1177,5,2619,"0"
2786,88,35,2604,"0"
9012,298,0,2604,"0"
1330,41,0,2599,"0"
6134,486,21,2597,"0"
14956,459,1,2639,"0"
11293.76,284,12,2612,"0"
11582.8,201,3,2584,"0"
7760,222,2,2570,"0"
3052,83,35,2626,"0"
2746.4,149,16,2618,"0"
7248,296,0,2562,"0"
14298,421,0,2557,"0"
16956,1034,1,2631,"0"
14624.8,574,7,2631,"0"
4039.2,191,0,2625,"1"
4133,140,28,2618,"0"
6066.4,326,16,2610,"0"
1169.4,34,6,2607,"0"
2935,105,3,2640,"0"
2992,144,21,2624,"0"
10955.2,614,9,2624,"0"
1206.2,69,9,2620,"0"
1456,68,43,2614,"1"
2837,134,24,2614,"0"
4055,143,22,2613,"0"
11820,146,3,2612,"0"
6539,90,14,2612,"0"
6067,224,16,2606,"0"
2645.4,284,2,2605,"0"
2144,121,8,2604,"0"
14266,402,0,2604,"0"
514,10,35,2603,"1"
13532,309,42,2603,"0"
2087,123,38,2598,"0"
5916,217,15,2596,"0"
39490.4,3106,0,2617,"0"
105031.2,3622,14,2614,"0"
36808.82,1855,8,2613,"0"
121991.2,12940,1,2611,"0"
34586.3,2063,5,2610,"0"
31079.2,474,0,2610,"0"
6370.8,300,24,2610,"0"
8965.2,466,1,2604,"0"
40652.8,2833,1,2600,"0"
14436,769,15,2632,"0"
15418,410,8,2634,"0"
23344,1333,0,2626,"0"
9184,425,7,2625,"0"
5516.8,309,22,2619,"0"
6612,258,6,2606,"0"
2369,134,2,2605,"0"
5626,309,22,2604,"0"
3440,47,44,2639,"0"
480,12,16,2639,"0"
4063.6,193,14,2635,"0"
14179.6,580,6,2634,"0"
23790.8,870,1,2633,"0"
11123.6,461,22,2632,"0"
3976,217,20,2624,"0"
1860,48,3,2624,"0"
22439,881,9,2621,"0"
4084,173,24,2621,"0"
3715,212,7,2631,"0"
2182,118,13,2628,"0"
1935,120,9,2627,"0"
13021.2,336,30,2621,"0"
7572.4,368,9,2621,"0"
51693.2,2407,1,2620,"0"
8193,175,45,2612,"0"
432,18,1,2607,"0"
44790.4,1556,0,2598,"0"
11257.2,349,13,2598,"0"
3350,38,48,2639,"0"
10264,584,3,2638,"0"
5112,265,9,2618,"0"
8221.6,405,2,2617,"0"
8457.2,491,3,2610,"0"
6194,344,20,2610,"0"
36920.31,1381,3,2607,"0"
6498,225,24,2632,"0"
9006.6,293,8,2626,"0"
7035.2,112,37,2625,"0"
32268.4,1885,1,2621,"0"
7113.2,417,7,2604,"0"
67562.2,3993,0,2599,"0"
19117.4,1076,1,2596,"0"
24683.85,582,6,2592,"0"
4074.8,204,27,2621,"0"
13474.2,470,7,2600,"0"
9435,536,2,2592,"0"
46345.05,3502,59,2604,"1"
13512,483,8,2604,"0"
4078.4,266,34,2599,"0"
15210,212,21,2597,"0"
88784.15,2111,0,2611,"0"
11166,543,35,2611,"0"
16370.95,380,3,2610,"0"
28925.2,973,3,2603,"0"
31474.15,813,1,2613,"0"
1008,50,23,2620,"0"
5045.2,183,13,2585,"0"
29734.4,816,0,2579,"0"
27588,505,20,2607,"0"
8436,228,3,2583,"0"
3050,60,43,2542,"0"
1292,47,0,2585,"0"
71089,821,0,2585,"0"
23305,289,2,2607,"0"
12676,620,13,2620,"0"
1760,50,57,2614,"0"
1536,64,57,2626,"0"
7799.6,212,22,2618,"0"
393.6,24,24,2607,"0"
1275.4,20,59,2604,"0"
2655,33,2,2603,"0"
1740,88,0,2596,"0"
2717.2,125,6,2598,"0"
18499.2,805,0,2599,"0"
179900.6,6676,3,2593,"0"
1581,91,36,2617,"0"
17567.8,1017,20,2617,"0"
22927.15,803,0,2610,"0"
16073.6,693,6,2625,"0"
45565,497,3,2617,"0"
11693.3,440,2,2614,"0"
5160,516,51,2613,"0"
9724,279,28,2613,"0"
4870.8,264,56,2610,"0"
1231,60,28,2607,"0"
2323,55,37,2583,"0"
2668,144,1,2583,"0"
24454.8,1109,2,2578,"0"
5455,69,48,2578,"0"
3685.6,216,6,2575,"0"
4490,74,21,2585,"0"
6820,106,29,2533,"0"
4203,183,44,2579,"0"
2393.6,74,6,2604,"0"
57720.8,1581,3,2599,"0"
22825,342,3,2604,"0"
3522,150,20,2597,"0"
111094.5,2254,1,2597,"0"
38507,2122,0,2586,"0"
16833,667,21,2607,"0"
15385,690,15,2600,"0"
43870.8,2044,0,2598,"0"
4010,42,1,2593,"0"
25040,371,7,2593,"0"
40013.2,647,1,2612,"0"
243660.4,6650,3,2612,"0"
94735,1302,2,2612,"0"
4659.2,182,2,2612,"0"
32227.4,659,8,2606,"0"
70412.6,3091,2,2589,"0"
13224,723,31,2589,"0"
7148,205,15,2591,"0"
2301.2,103,59,2584,"0"
7101.4,364,28,2584,"0"
2007.4,206,37,2584,"0"
58663,3410,1,2584,"0"
3457.2,274,31,2577,"0"
1448,42,56,2576,"0"
3195,54,28,2592,"0"
1580.4,74,0,2578,"0"
1575,24,29,2576,"0"
11310,513,2,2576,"0"
4836,191,14,2589,"0"
5416.8,223,7,2584,"0"
5564.8,208,6,2584,"0"
6543.6,219,8,2579,"0"
2893.2,165,51,2577,"0"
20318.8,1061,10,2571,"0"
8965.1,386,6,2597,"0"
35428.8,1586,15,2593,"0"
3385.6,188,6,2590,"0"
545.8,54,56,2589,"0"
14143.6,1108,2,2586,"0"
1107.2,58,44,2571,"0"
3082.6,307,30,2570,"0"
13804.2,552,6,2592,"0"
6646,180,20,2591,"0"
4097,232,9,2590,"0"
7235,87,27,2589,"0"
8146,286,0,2584,"0"
6574,206,22,2579,"0"
10995,144,23,2592,"0"
8186,234,15,2592,"0"
8561.75,386,9,2584,"0"
3666,104,23,2584,"0"
5364.72,125,20,2570,"0"
12032.06,276,12,2564,"0"
3781.4,179,1,2590,"0"
10697,614,16,2589,"0"
3061.6,148,43,2582,"0"
11755,149,34,2568,"0"
19380,657,0,2565,"0"
2676,117,34,2563,"0"
11845,150,22,2556,"0"
7897,456,2,2583,"0"
5833.4,276,49,2565,"0"
5154,295,43,2563,"0"
22909,2087,2,2562,"0"
22280,977,0,2575,"0"
9617.4,533,14,2564,"0"
220,4,13,2561,"0"
4298,171,1,2555,"0"
5427,127,2,2576,"0"
15575,175,27,2592,"0"
20778.4,741,20,2592,"0"
2760,30,21,2589,"0"
13766,232,7,2589,"0"
5293.6,221,29,2585,"0"
2230,127,106,2582,"0"
2478,143,0,2582,"0"
11546.4,517,13,2577,"0"
8938,453,31,2576,"0"
92464,4616,0,2575,"0"
49653.2,2871,6,2589,"0"
15309.34,693,9,2585,"0"
1526.4,65,27,2579,"0"
4701,302,16,2569,"0"
336110.8,19886,1,2564,"0"
970,14,58,2562,"0"
7940,104,24,2557,"0"
5256,291,1,2554,"0"
3140,180,9,2554,"0"
46869.2,1356,6,2551,"0"
8872.2,288,0,2569,"0"
28241.6,845,13,2549,"0"
2381,91,7,2547,"0"
8352,488,10,2533,"0"
18803.4,803,22,2542,"0"
5399,84,2,2526,"0"
17451,319,6,2578,"0"
45130,516,2,2578,"0"
16075,201,0,2575,"0"
12441.4,354,9,2571,"0"
7487,294,41,2586,"0"
7263.8,85,1,2585,"0"
5260.4,212,35,2583,"0"
171874.15,5031,6,2579,"0"
46768.8,938,8,2570,"0"
24736.15,1259,0,2569,"0"
11409.6,590,14,2569,"0"
624,75,6,2565,"0"
78191.12,3146,15,2564,"0"
41823.8,1820,6,2562,"0"
1688,82,10,2561,"1"
8050.4,475,36,2544,"0"
2955,170,20,2556,"0"
4308.06,91,0,2556,"0"
1324,59,29,2557,"0"
31809,1198,22,2556,"0"
12085,146,2,2544,"0"
129906.5,6201,2,2544,"0"
1849,118,13,2541,"0"
6568.88,19324,55,2543,"0"
1344.4,77,50,2576,"0"
22466.6,1162,3,2576,"0"
26335.8,1234,1,2570,"0"
4290.8,238,14,2565,"0"
18893.2,854,2,2561,"0"
10105,342,21,2557,"0"
2606,110,41,2551,"0"
15064,508,6,2549,"0"
10367,592,0,2548,"0"
39696.7,1884,2,2548,"0"
3617.2,201,35,2547,"0"
1843,84,41,2547,"0"
9101,158,14,2540,"0"
37063.6,417,13,2537,"0"
4264,76,28,2537,"0"
9674,148,15,2529,"0"
6077.8,347,20,2563,"0"
2291,131,30,2551,"0"
2355,69,1,2549,"0"
9417.65,386,3,2548,"0"
1366.4,66,31,2548,"0"
11182,172,28,2543,"0"
902,46,34,2542,"0"
2321,132,57,2558,"0"
2743.4,160,9,2568,"0"
22134,303,1,2558,"0"
2670,148,48,2582,"0"
2380,66,36,2565,"0"
2741.4,138,57,2565,"0"
8686,245,9,2563,"0"
5043,277,2,2570,"0"
3519.6,106,37,2578,"0"
18934.78,595,2,2577,"0"
38241.6,1266,9,2570,"0"
39761.2,1296,0,2570,"0"
7203,413,14,2564,"0"
2568.4,106,7,2562,"0"
1108,32,45,2548,"0"
2985,164,31,2540,"0"
4955,72,7,2537,"0"
1567.2,44,2,2554,"0"
7840,98,23,2551,"0"
5580,295,38,2550,"0"
21240.2,981,10,2549,"0"
1566,96,15,2557,"0"
6496,299,49,2551,"0"
4710,277,8,2555,"0"
14272,395,13,2554,"0"
6140,78,10,2544,"0"
55850,730,0,2534,"0"
23831,686,15,2536,"0"
14730,381,8,2536,"0"
5563.6,264,2,2536,"0"
8790,367,21,2534,"0"
25995,312,2,2498,"0"
613.2,59,56,2541,"0"
9554.7,1070,35,2537,"0"
13525,165,0,2568,"0"
7644.8,264,23,2557,"1"
14005,151,3,2555,"0"
26195,315,8,2522,"0"
30967.6,1961,14,2522,"0"
5601,318,13,2519,"0"
2474,134,48,2536,"0"
25291.4,985,0,2528,"0"
106080.88,6330,1,2526,"0"
20905.13,874,1,2523,"0"
7412,418,0,2568,"0"
27830,906,8,2568,"0"
7224,92,31,2564,"0"
25771.2,817,13,2563,"0"
19501,1320,34,2562,"1"
33550,465,6,2558,"0"
4110,52,43,2515,"0"
22288,322,27,2512,"1"
4034,234,1,2551,"0"
4943,283,36,2550,"0"
9138.4,459,16,2548,"0"
14538,650,7,2536,"0"
218019,5995,0,2536,"0"
3131,179,35,2533,"0"
794196.2,24973,1,2547,"0"
32934.4,1784,2,2526,"0"
3064,115,24,2523,"0"
3102.4,174,51,2513,"0"
5416,155,30,3073,"0"
35656.2,1615,5,2501,"0"
52016.4,1108,1,2521,"0"
63999.2,1789,29,2529,"1"
8711.2,417,31,2529,"0"
8556.4,900,15,2549,"0"
6065,98,13,2547,"0"
2040,204,1,2519,"0"
9217.55,219,0,2526,"0"
3340,52,13,2509,"0"
10759.1,2593,21,2526,"0"
4301.6,367,14,2522,"0"
6880,196,35,2543,"0"
16500,458,29,2543,"0"
3750,168,34,2543,"0"
5088,290,23,2540,"0"
13122,519,37,2507,"0"
34375,1504,20,2533,"0"
14795.2,728,24,2528,"0"
1027,59,36,2529,"0"
8664,491,10,2527,"0"
4131.32,21361,44,2526,"0"
3878,66,27,2526,"0"
10264,449,0,2509,"0"
9762,431,6,2549,"0"
7429.6,319,2,2544,"0"
11691,156,21,2544,"0"
240,6,8,2542,"0"
45026.6,2663,6,2500,"0"
8447.2,294,7,2520,"1"
10824.55,3225,38,2516,"0"
932392,34957,1,2526,"0"
4260,51,49,2502,"0"
16435,174,0,2500,"0"
3477.2,266,55,2537,"0"
7440,212,14,2536,"0"
135958.4,7199,13,2529,"0"
2481.6,46,23,2498,"0"
35624.14,715,3,2514,"0"
135882.4,7229,1,2547,"0"
1638,88,22,2542,"1"
15862,519,13,2536,"0"
18327.8,260,9,2536,"0"
24419,390,7,2533,"0"
31871.8,701,0,2528,"0"
31505,1321,9,2528,"0"
3426,144,1,2543,"0"
2799,33,43,2543,"0"
5348,266,2,2542,"0"
7970.4,449,38,2541,"0"
13080,440,13,2540,"0"
65100,940,48,2540,"0"
22519.3,445,3,2533,"0"
15445.6,817,10,2527,"0"
1425,15,36,2523,"0"
13230.6,582,43,2520,"0"
7787.2,299,16,2493,"0"
17138.6,724,31,2502,"0"
28565.2,1069,24,2494,"0"
54439,1101,9,2507,"0"
15468,860,28,2506,"0"
6467.6,342,9,2493,"0"
2301,166,41,2492,"0"
1050,60,3,2488,"0"
1577.8,154,31,2527,"0"
7440,210,14,2530,"0"
6604,120,14,2501,"0"
14365,153,13,2491,"0"
2505,33,29,2515,"0"
1824.6,91,3,2514,"1"
1480,22,35,2509,"0"
1573,89,38,2508,"0"
1350,31,22,2495,"0"
40733.2,560,6,2495,"0"
16511.8,856,7,2507,"0"
4954.6,164,35,2500,"0"
7744,454,35,2523,"0"
12529,342,28,2521,"0"
8921,186,27,2509,"0"
1819,64,21,2506,"0"
5055,137,52,2506,"0"
22967,991,9,2505,"0"
2295,41,38,2499,"0"
1670,25,23,2491,"0"
14340,188,13,2488,"0"
6635,359,21,2507,"0"
3885,115,36,2516,"0"
7115,384,44,2508,"1"
11558.8,351,10,2520,"0"
1400,16,28,2479,"0"
39998.8,1619,21,2492,"0"
3268.8,132,55,2488,"0"
21105,243,6,2485,"0"
26596.6,1406,0,2488,"0"
14280,211,10,2500,"0"
10319,742,10,2498,"0"
7834.8,426,7,2513,"0"
3212.4,91,1,2513,"0"
3990.2,49,26,2513,"0"
2477.2,70,2,2516,"0"
3710,182,15,2506,"0"
27318.4,1417,41,2479,"0"
8103.2,784,27,2478,"0"
28664,1232,1,2519,"0"
4675,55,38,2516,"0"
10035,135,9,2516,"0"
3558,152,30,2515,"0"
38404,1540,7,2515,"0"
8282,142,6,2492,"0"
2441,41,13,2500,"0"
30286,811,7,2523,"0"
53258.6,1582,2,2522,"0"
13522.8,406,28,2521,"0"
13786,449,14,2520,"0"
10800,400,8,2520,"0"
2892.2,97,15,2519,"0"
14715,155,6,2516,"0"
6296,179,14,2515,"0"
10793.35,324,6,2513,"0"
5234,344,20,2508,"1"
8318,6906,40,2473,"0"
6312,353,1,2512,"0"
2549.2,137,45,2512,"0"
6985,67,29,2509,"0"
2711.2,135,2,2506,"0"
13085,150,0,2502,"0"
36690,371,1,2502,"0"
8963.6,455,8,2502,"0"
2018,116,42,2480,"0"
6576,346,36,2479,"0"
7638,653,22,2492,"0"
7663.8,266,45,2499,"0"
1844,90,23,2495,"0"
12136,659,14,2473,"0"
1856,105,31,2521,"0"
6879.4,323,57,2514,"0"
16249.2,201,0,2509,"0"
6188,266,42,2508,"0"
9174,263,2,2506,"0"
5074,242,7,2466,"0"
9905,140,21,2479,"0"
29163.8,1232,29,2487,"0"
1856.8,92,23,2481,"0"
10676,402,3,2478,"0"
14348,219,29,2486,"0"
4966,203,0,2486,"0"
6564.4,279,2,2480,"0"
32480,357,0,2493,"0"
1256,72,8,2507,"0"
40354.4,1145,1,2506,"0"
39132.6,662,0,2506,"0"
2765.6,144,35,2500,"0"
12556.8,362,3,2456,"0"
6290.8,202,13,2500,"0"
29523,423,14,2500,"0"
2447,140,9,2495,"0"
1160,53,58,2492,"0"
49913.8,1190,20,2472,"0"
5259.6,653,30,2493,"0"
5693,330,22,2472,"1"
5645,69,31,2465,"0"
7648.6,326,0,2463,"0"
7224,377,58,2473,"1"
22489.2,1326,3,2467,"0"
57662.4,2468,2,2466,"0"
1448,160,2,2467,"0"
20735.2,1434,1,2466,"0"
21952,1368,1,2487,"0"
109806,3192,7,2487,"0"
6496,186,15,2486,"0"
11018.4,605,2,2457,"0"
11676,980,1,2498,"0"
28220.6,997,1,2492,"0"
40377.03,1315,6,2494,"0"
5289.2,223,30,2492,"0"
42802.65,1716,3,2491,"0"
76213.4,2858,1,2491,"0"
3314.2,330,0,2486,"0"
30165,356,10,2486,"0"
7071.4,88,14,2467,"0"
5510,228,28,2467,"0"
7582,94,44,2466,"0"
1495,36,22,2481,"0"
16242,235,1,2465,"0"
5331.2,284,30,2467,"0"
23391.8,980,2,2459,"0"
19357.12,469,6,2459,"0"
9555,756,21,2456,"0"
19740,254,0,2417,"0"
11038,318,20,2452,"0"
4123.4,208,6,2421,"0"
3335,196,1,2501,"0"
26192.2,720,8,2494,"0"
325202,19270,9,2487,"0"
3144,90,58,2486,"0"
3807.8,112,21,2481,"0"
41717.6,743,1,2467,"0"
12426.55,276,6,2449,"0"
37678.4,1719,15,2492,"0"
5440.75,108,43,2466,"0"
14216,725,9,2458,"0"
8701,688,7,2471,"0"
1685,25,34,2446,"0"
4905,243,35,2445,"0"
27656,1039,7,2473,"0"
7631,434,22,2459,"0"
13816.72,299,10,2493,"0"
7435.4,84,27,2459,"0"
3424,172,8,2487,"0"
2340,111,45,2444,"0"
7436.4,430,16,2452,"0"
4199,76,20,2480,"0"
4696,176,52,2487,"0"
5289,302,14,2485,"0"
62782,2743,0,2437,"0"
7901.2,419,20,2481,"0"
10237.4,563,0,2451,"0"
26087,928,29,2452,"0"
1608,74,1,2452,"0"
12943.57,296,9,2459,"0"
8294.8,237,14,2458,"0"
15064,543,1,2473,"0"
16277,950,28,2464,"0"
28342.8,781,2,2486,"0"
24305.2,717,2,2484,"0"
17511.87,748,1,2481,"0"
1907,96,35,3074,"0"
31400,388,0,3072,"0"
5316.6,210,14,3072,"0"
50084,1353,1,3055,"0"
7130,104,38,3159,"0"
1396.8,142,42,3159,"0"
45663.6,3026,9,3159,"0"
12500.2,508,5,3158,"0"
12632.4,1344,3,3157,"0"
2275,35,31,3156,"0"
38313.6,1581,13,3160,"0"
13725,161,14,3156,"0"
1551,46,49,3157,"0"
5912,218,1,3157,"0"
20003,303,10,3160,"0"
10270.4,469,52,3156,"0"
14448,791,1,3156,"0"
46492.6,2386,2,3160,"0"
6695,640,23,3160,"0"
22014.4,977,13,3158,"0"
2816,255,48,3158,"0"
3401,56,9,3160,"0"
5049,60,8,3151,"0"
2588,148,57,3159,"0"
1240,20,15,3160,"0"
4540.35,87,27,3153,"0"
10573.88,278,14,3156,"0"
24780.4,652,9,3135,"0"
5540,151,57,3152,"0"
1760,70,1,3153,"0"
1422,29,3,3151,"0"
1670,25,34,3150,"0"
44632.48,2419,2,3151,"0"
2636.68,304,13,3153,"0"
17813.6,506,1,3152,"0"
8470.8,255,9,3150,"0"
48894.4,2156,6,3149,"0"
1372,81,42,3152,"0"
109352.8,2482,8,3152,"0"
77442.75,1713,0,3151,"0"
89771.15,2065,2,3151,"0"
12134.92,442,1,3100,"0"
84802.95,2796,1,3149,"0"
31737.8,930,3,3149,"0"
6842,195,52,3150,"0"
13540.8,363,41,3150,"0"
3240,51,8,2425,"0"
15142,316,1,2425,"0"
6590.8,321,55,3144,"0"
5936,227,1,3058,"0"
2054.4,71,21,3055,"0"
75460.2,1224,1,3053,"0"
5115,208,1,8142,"0"
24873.6,1138,2,8122,"0"
5768,181,21,8008,"0"
7516,340,8,8004,"0"
636,36,14,7967,"1"
22360.8,5497,8,7966,"0"
2443,298,34,7959,"0"
16465.4,783,16,7905,"0"
12874.2,259,21,7895,"0"
7916,181,29,7888,"0"
8551.4,460,24,7856,"0"
8895,125,21,7757,"0"
19377.2,879,1,7679,"0"
2630,30,24,7617,"0"
15530.8,1363,7,3167,"0"
31430,1502,10,7560,"0"
2222.24,164,13,3163,"0"
25490,359,16,2477,"0"
2399,37,31,2439,"0"
4523.28,290,1,2449,"0"
10430,140,43,2443,"0"
2082,121,31,2425,"0"
32206,2406,6,2442,"0"
700,35,52,2404,"0"
61935,1119,6,2387,"0"
23721.15,682,6,2463,"0"
8384,97,30,2456,"0"
64761,3572,1,2451,"0"
24068.8,1440,9,2451,"0"
11830,138,36,2450,"0"
45764,617,0,2449,"0"
37480.6,1684,1,2442,"0"
3310,115,21,2438,"0"
6798,360,8,2467,"0"
1290,73,24,2464,"0"
20561.2,570,6,2473,"0"
60852.8,2985,1,2450,"0"
12330,670,13,2449,"0"
16061.8,619,3,2421,"0"
24338.8,796,29,2421,"0"
15834,397,27,2396,"0"
4063.2,204,2,2481,"0"
18534,1220,1,2473,"0"
49906,1595,7,2435,"0"
19291.2,849,0,2432,"0"
5249,186,7,2429,"0"
15151.6,507,20,2465,"0"
1450,76,20,2464,"0"
1132,32,50,2458,"0"
26107,505,14,2457,"0"
3128.2,160,1,2437,"1"
13086.2,697,6,2472,"0"
20770,252,21,2466,"0"
837,24,13,2463,"0"
9021,138,57,2446,"0"
5835,68,50,2443,"0"
9740,988,0,2444,"0"
6088,294,16,2438,"0"
23214,898,7,2460,"0"
2180.4,164,7,2457,"0"
31200,362,9,2456,"0"
1072.4,44,28,2444,"0"
22860.8,1801,16,2436,"0"
3010.8,127,36,2449,"0"
34056,1401,3,2445,"0"
49050,3715,49,2443,"0"
12806.95,559,13,2439,"0"
2992,85,31,2456,"0"
63715,3145,6,2436,"0"
9001.8,464,41,2428,"0"
8079.8,144,8,2422,"0"
2285,39,23,2422,"0"
4032,230,30,2465,"0"
7439.4,319,2,2467,"0"
1515,37,30,2463,"0"
44633,1224,12,2456,"0"
4380,438,23,2456,"0"
19070,221,45,2453,"0"
23149.4,1239,6,2453,"0"
16286,557,2,2453,"0"
835570,8391,6,2453,"0"
32542.8,1269,0,2452,"0"
4372,140,31,2451,"0"
4176.8,82,34,2430,"0"
4429,392,2,2429,"0"
4743,481,44,2425,"0"
3466,172,52,2471,"0"
141085.4,5237,7,2471,"0"
15248,198,8,2464,"0"
14466,290,1,2464,"0"
2358,73,36,2464,"0"
5236,168,14,2464,"0"
1530,29,2,2458,"0"
13044.2,734,50,2436,"0"
103453.8,4019,6,2432,"0"
16184.6,562,22,2467,"0"
1720,23,30,2459,"0"
94224,2536,6,2458,"0"
15309,722,21,2456,"0"
3285.4,315,8,2436,"0"
22485.72,1032,2,2428,"0"
3448,41,21,2436,"0"
390,8,20,2436,"1"
11901.6,471,10,2436,"0"
31269.4,1037,8,2431,"0"
34879.2,1817,6,2422,"0"
3196,183,41,2422,"0"
3932,71,9,2416,"0"
4137.8,369,31,2416,"0"
7551,109,24,2416,"0"
10233,188,14,2414,"0"
4996,157,35,2414,"0"
1083.15,30,23,2410,"0"
4328.8,151,2,2428,"0"
13128,378,8,2421,"0"
17380,202,2,2421,"0"
35228.8,560,0,2421,"0"
4875,70,59,2421,"0"
7425,104,9,2428,"0"
20955.2,596,8,2449,"0"
21833.76,407,8,2449,"0"
17840,509,13,2446,"0"
7360,235,14,2390,"0"
460.8,20,34,2458,"0"
43417.5,2444,1,2423,"0"
20158,278,8,2449,"0"
15840,190,10,2446,"0"
28401,322,14,2449,"0"
11274.6,571,37,2429,"0"
90792.4,4429,6,2428,"0"
17772,1184,7,2425,"0"
30334.6,1425,0,2453,"0"
23892,1018,7,2452,"0"
1235,24,3,2452,"0"
6209.6,297,31,2450,"0"
62607.25,1224,6,2423,"0"
111477.6,3822,3,2410,"0"
4028,121,36,2446,"0"
21540.4,583,1,2444,"0"
25780,1226,1,2443,"0"
2161,112,0,2416,"0"
3887,224,14,2402,"0"
21005,311,1,2396,"0"
3040,304,21,2439,"0"
11382,1085,0,2437,"0"
37130.2,981,0,2436,"0"
94649.4,3273,0,2435,"0"
17894.8,276,1,2444,"0"
16874,486,31,2444,"0"
4565,57,29,2443,"0"
2258,130,22,2443,"0"
21342,394,15,2442,"0"
13870,637,0,2439,"0"
68826.4,1897,0,2443,"0"
78034.8,2819,1,2445,"0"
5170,218,21,2444,"0"
16776.8,829,14,2443,"0"
21008,490,1,2449,"0"
103627.2,6041,1,2446,"0"
67693,3813,3,2445,"0"
1980.8,142,1,2437,"0"
1562,141,2,2418,"0"
950.4,44,6,2416,"1"
1246.4,66,50,2410,"0"
5457,197,8,2414,"0"
29115,441,0,2411,"0"
15863,706,2,2408,"0"
3030.4,118,44,2407,"0"
58401.6,1466,6,2450,"0"
14218,406,21,2450,"0"
2488,201,43,2449,"0"
2836,81,27,2445,"0"
6864,392,23,2407,"0"
4479,150,3,2383,"0"
8796,280,7,2410,"0"
15067.6,775,3,2410,"0"
21615,273,1,2404,"0"
8260.4,421,29,2438,"0"
7585,111,1,2437,"0"
3240.8,144,24,2436,"0"
2805,49,42,2404,"0"
10320.8,478,31,2439,"0"
5702,311,16,2437,"0"
7948,427,15,2436,"0"
29820,352,10,2436,"0"
2541.6,94,52,2439,"0"
5016,286,7,2439,"0"
17087.6,678,8,2437,"0"
9114.4,516,7,2400,"0"
4939.2,155,15,2437,"0"
17603,970,7,3166,"0"
8056.8,243,13,3164,"0"
5221,234,23,3156,"0"
3274,134,41,2963,"0"
54652.8,3410,3,3167,"0"
2887.8,104,3,3180,"0"
8584,368,22,3172,"0"
845,16,23,3171,"0"
855.2,52,10,3171,"0"
6247.32,136,24,3166,"0"
5948.8,337,1,3172,"0"
4345,198,58,3170,"0"
4885,223,21,3052,"0"
31968,1255,1,2794,"0"
1729.6,79,37,2792,"0"
56542.4,3782,2,2404,"0"
58750.79,728,6,3167,"0"
29062,1118,21,3173,"0"
38608,2223,6,3167,"0"
918,52,56,3173,"0"
8743,501,50,3172,"0"
13691.67,281,27,3172,"0"
24154.22,456,0,3163,"0"
6659.2,534,23,3171,"0"
19793.2,1416,20,3173,"0"
9075,181,9,3172,"0"
31271.2,496,16,3163,"0"
30575.71,763,10,3167,"0"
15847.4,561,15,3165,"0"
4348.4,137,0,3167,"0"
132036.56,1950,7,3165,"0"
17074,683,3,3164,"0"
13925,217,13,3163,"0"
62468,3535,1,3073,"0"
7204,200,29,3072,"0"
5778,277,41,3167,"0"
21078.25,477,3,3055,"0"
30786,358,20,3167,"0"
6858,314,23,3165,"0"
1511.6,18,42,3166,"0"
10054.2,312,3,3166,"0"
3634,208,16,3167,"0"
4019.6,161,30,3164,"0"
6445,369,49,3076,"1"
4468.4,204,43,3179,"0"
3604,208,3,8411,"0"
41059,1909,2,8411,"0"
3876.8,109,8,3181,"0"
14875,203,24,8411,"0"
6690.55,198,2,3178,"0"
20259.6,956,3,3180,"0"
4095,39,13,8411,"0"
1638,94,43,8411,"0"
32251.6,1409,14,3180,"0"
4883,280,41,8411,"0"
25275.2,1284,0,3178,"0"
6075.4,326,14,3179,"0"
12067,154,3,8411,"0"
3905.2,225,34,8411,"0"
36599,802,0,8411,"0"
7991,346,3,3179,"0"
20308.8,1010,30,8411,"0"
61827.7,3662,3,3171,"0"
41241.6,2993,2,3156,"0"
1200,120,7,8411,"0"
13626,699,28,8411,"0"
2193.8,112,43,8411,"0"
3212,178,43,8411,"0"
5155,78,22,8411,"0"
4470.8,229,24,8411,"0"
11404.4,1184,15,3177,"0"
6604.8,255,3,3181,"0"
293626,12572,0,3179,"0"
21119.6,970,3,8411,"0"
14848.4,529,1,3181,"0"
12003.11,246,8,3180,"0"
36349.6,1107,2,3178,"0"
3625,41,21,3177,"0"
37088.45,709,6,3177,"0"
1000,16,56,3181,"1"
20592.8,1414,13,3174,"0"
6865,819,52,8411,"0"
4269.2,203,0,8411,"0"
22165,246,16,8411,"0"
1214,69,22,8411,"0"
21375.8,1149,35,8411,"0"
5375,311,49,8411,"0"
1452,83,56,8411,"0"
1573.2,92,24,8411,"0"
62531.6,3123,0,8411,"0"
3274,124,34,8411,"0"
26892,883,8,8411,"0"
25976,1487,21,8411,"0"
5885,57,41,8411,"0"
6978,401,0,8411,"0"
3593,206,35,8411,"1"
3984,221,22,8411,"0"
6142,351,0,8411,"0"
1755,100,0,8411,"1"
5197,190,16,3188,"0"
5164.2,261,16,3187,"0"
329406.2,15103,0,8411,"0"
7127.6,194,42,3177,"0"
3630,40,24,8411,"0"
45410,862,1,8411,"0"
6915,83,44,3186,"1"
3912.8,175,13,3185,"0"
14790,200,7,3185,"0"
6170,86,56,3185,"0"
8880.8,426,14,3179,"0"
6577,374,2,8411,"0"
30212,558,0,8411,"0"
35762,1234,6,3186,"0"
2902,166,36,3177,"0"
9508.8,412,14,8411,"0"
2447,140,44,8411,"0"
16727,890,3,8411,"0"
793,46,51,8411,"0"
2522.95,53,21,3186,"0"
6332.8,123,7,3185,"0"
8460,110,8,3188,"0"
170,72,2,3188,"0"
2402,136,10,8411,"0"
2404,137,41,3186,"0"
6828.6,350,35,8411,"0"
18116,1153,31,3157,"1"
17445,242,29,3187,"0"
31832.6,2185,3,3179,"0"
56077.4,2520,1,3178,"0"
42915,535,3,3188,"0"
6802,317,49,3187,"0"
14871.3,335,8,3188,"0"
15990,190,21,8411,"0"
71285,864,2,3170,"0"
2521,185,34,3187,"0"
9196.6,436,55,8411,"0"
36682,1269,9,3185,"0"
2262.4,108,56,3185,"0"
2634,155,10,8411,"0"
5542,326,10,8411,"0"
12525.6,430,27,8411,"0"
3372,193,30,8411,"0"
3505,213,15,8411,"0"
21559.6,1205,15,8411,"0"
10120,580,3,8411,"0"
6472,371,0,8411,"0"
25961,340,24,8411,"0"
20263,1166,9,8411,"0"
1289,74,31,8411,"0"
8399.6,417,55,8411,"0"
1815,22,35,8411,"0"
11029.75,216,6,3193,"0"
4089.2,202,6,3191,"0"
615,7,43,3191,"0"
14381,1091,27,2432,"0"
11415.4,350,2,2431,"0"
31644.8,407,7,2435,"0"
19280.6,835,21,2432,"0"
8427.2,449,15,2401,"0"
3494,56,38,2401,"0"
2788,101,52,2409,"0"
2440,139,14,2423,"0"
6800,280,13,2418,"0"
39499,418,6,2431,"0"
3830,61,29,2425,"0"
24311.6,1187,7,2425,"0"
7006,258,27,2436,"0"
2907,86,56,2436,"0"
1631,93,58,2429,"0"
5233,74,21,2429,"0"
5046,222,36,2429,"0"
4636,287,37,2428,"0"
63922.2,2167,6,2401,"0"
6025,88,1,2397,"0"
18035,254,2,2395,"0"
3566.2,202,37,2400,"0"
15000.4,798,8,2397,"0"
27128.4,1580,20,2396,"0"
5178,139,51,2407,"0"
5594.8,308,2,2389,"0"
3715,207,37,2369,"0"
3028.4,315,30,2369,"0"
13365,500,20,2410,"0"
9200,275,13,2409,"0"
10117.2,267,41,2435,"0"
7588,325,10,2423,"0"
42599.4,1416,13,2421,"0"
137,2304,49,2379,"0"
2220,76,20,2425,"0"
20415.8,800,15,2417,"0"
2548.8,144,28,2415,"0"
3276.8,95,52,2414,"0"
21419,1505,28,2409,"0"
57602.6,3092,2,2403,"0"
3537.8,47,6,2388,"0"
43070.22,924,0,2403,"0"
9734.4,334,6,2390,"0"
19909.6,1069,3,2388,"0"
4608,152,34,2422,"0"
12944,330,28,2421,"0"
42282,667,1,2380,"0"
4944,123,13,2380,"0"
1338,76,44,2365,"0"
66865.5,872,0,2360,"0"
26996,1161,10,2430,"0"
2899,148,31,2429,"0"
3302.4,189,21,2379,"0"
26325.19,664,9,2375,"0"
17516,558,1,2409,"0"
83745,2522,6,2409,"0"
17677.2,463,6,2409,"0"
5888.95,136,7,2408,"0"
10950,349,23,2402,"0"
7586.4,233,6,2396,"0"
3816,110,3,2395,"0"
15254.6,688,20,2393,"0"
22284,525,2,2390,"0"
9165,125,7,2397,"0"
57357,1117,6,2390,"0"
10472,170,1,2375,"0"
3458,104,22,2345,"0"
51476.2,1733,1,2438,"0"
56895,1879,1,2438,"0"
3579,104,8,2430,"0"
33704.68,875,2,2425,"0"
30927.8,1480,9,2387,"0"
1330.8,107,58,2410,"0"
11544,350,29,2369,"0"
941582,52982,0,2368,"0"
195751.1,9425,2,2403,"0"
18856.4,1079,6,2401,"0"
8946.4,338,48,2400,"0"
8141.2,200,21,2400,"0"
9115,308,16,2374,"0"
2211,130,13,2373,"0"
6849.95,283,13,2422,"0"
33312.2,442,7,2376,"0"
20070.66,416,3,2386,"0"
6139.8,173,16,2383,"0"
21019,283,3,2388,"0"
3143,46,14,2393,"0"
41916.8,1348,0,2390,"0"
73359,2354,3,2390,"0"
32909.2,1024,1,2390,"0"
31862.2,1080,0,2390,"0"
30469,1111,3,2390,"0"
5885,108,48,2390,"0"
14161,171,2,2415,"0"
10434.4,559,2,2411,"0"
29283,305,16,2409,"0"
7721,435,10,2409,"0"
2685,147,36,2403,"0"
3120,130,29,2400,"0"
3560,109,6,2396,"0"
24243.6,1318,0,2379,"0"
6763.8,341,2,2383,"0"
9736,135,24,2417,"0"
14084,571,8,2415,"0"
11821.4,499,2,2409,"0"
5063,136,20,2409,"0"
1001.37,24,21,2403,"0"
5138,357,16,2400,"0"
11980,146,6,2376,"0"
33612,1787,0,2375,"0"
5001.6,64,20,2372,"0"
88098,4614,1,2369,"0"
9930,630,1,2375,"0"
17957,649,2,2365,"0"
2764.8,132,27,2353,"0"
85022,1161,0,2347,"0"
5550,460,16,2409,"0"
1876,54,59,2404,"0"
2343,177,55,2393,"0"
3564,180,20,2381,"0"
82844,5532,2,2379,"0"
17849,690,3,2379,"0"
4788,246,9,2402,"0"
4397,137,8,2401,"0"
59973,2339,0,2401,"0"
80949.8,986,1,2396,"0"
161872,9226,3,2347,"0"
30450,1321,6,2346,"0"
7809.4,834,14,2396,"0"
11726.8,430,7,2372,"0"
115951.4,3132,6,2366,"0"
41891.8,1658,14,2408,"0"
65673.8,2294,49,2366,"0"
18899,233,2,2395,"0"
1264,14,45,2393,"0"
9606,554,0,2390,"0"
3897.2,220,1,2388,"0"
2202.6,119,10,2374,"0"
1549.6,91,49,2373,"0"
7482.6,401,15,2369,"0"
15656,491,8,2381,"0"
28265,394,16,2386,"0"
5096,281,1,2386,"0"
5078.75,112,45,2409,"0"
1972,86,44,2369,"0"
7780,740,36,2367,"0"
23353.4,624,8,2366,"0"
18441.8,389,9,2338,"0"
2102.4,76,3,2397,"0"
13748,695,10,2397,"0"
5762,161,43,2396,"0"
56566,1974,0,2396,"0"
5597,201,27,2366,"0"
9880,136,6,2359,"0"
9578.8,534,13,2358,"0"
4941.8,253,9,2340,"0"
5405,80,15,2339,"0"
40614,1309,1,2380,"0"
25499.8,715,14,2380,"0"
19131.8,783,6,2380,"0"
13257,301,8,2382,"0"
99164,5459,2,2381,"0"
5305,73,20,2380,"0"
1967.4,86,35,2376,"0"
12840,158,16,2341,"0"
17614,492,2,2379,"0"
28277.86,609,3,2376,"0"
1037,63,2,2373,"0"
4080,186,9,2341,"0"
26006,897,10,2408,"0"
22163.41,453,3,2404,"0"
2180.8,65,30,2404,"0"
12105.4,516,9,2402,"0"
8840,567,29,2402,"0"
12141,365,1,2401,"0"
2244,68,13,2389,"0"
3700,46,30,2386,"0"
5341.6,81,59,2387,"0"
3200,80,21,2386,"0"
60682,1358,0,2386,"0"
12602,718,23,2382,"0"
2776,125,23,2382,"0"
16338.2,942,13,2376,"0"
27606.3,1322,0,3194,"0"
7238.4,696,7,3193,"0"
42815.5,2893,0,2347,"0"
1070,49,24,2365,"0"
9413,336,30,2379,"0"
1450.8,81,3,2374,"0"
38826,470,3,2304,"0"
3860,109,21,2381,"0"
28349.2,933,3,2380,"0"
15992,533,20,2379,"0"
6264,191,8,2379,"0"
7765.2,329,6,2397,"0"
286770,12901,0,2376,"0"
27185,287,2,2375,"0"
34905,934,13,2353,"0"
5620,95,14,2346,"0"
15876.6,199,10,2402,"0"
6618.4,179,3,2402,"0"
4298.2,175,7,2375,"0"
24979.8,1324,28,2339,"0"
33409,3474,6,2338,"0"
16742.6,529,1,2338,"0"
24056.6,1991,7,2344,"0"
2873.2,138,8,2344,"0"
16000.6,670,14,2340,"0"
15121,498,14,2397,"0"
4106,129,41,2395,"0"
10724,512,30,2374,"0"
2453.6,70,30,2373,"0"
13133.4,163,6,2373,"0"
25210,792,1,2369,"0"
5021.2,215,16,2344,"0"
4269,230,21,2339,"0"
34045,1243,3,2339,"0"
71659,5953,1,2352,"0"
30366.8,1148,1,2348,"0"
22936.6,1042,3,2347,"0"
3087,80,28,2367,"0"
8208,417,13,2366,"0"
19718.6,747,6,2347,"0"
20360.57,402,1,2347,"0"
12674.05,325,2,2310,"0"
29110,312,9,2367,"0"
5745,69,42,2367,"0"
8033,449,57,2331,"0"
3359.2,182,27,2345,"0"
13254.4,330,22,2360,"0"
8701.6,240,48,2386,"0"
9266.4,858,15,2347,"0"
7026,209,0,2346,"0"
11232,405,3,2340,"0"
86069,4810,2,2339,"0"
6535.4,167,30,2380,"0"
4935.8,147,0,2379,"0"
2672,35,2,2373,"0"
19578,881,3,2376,"0"
980,20,21,2375,"0"
12972.2,174,28,2360,"0"
4172,203,56,2352,"0"
12568,193,9,2333,"0"
5910,112,35,2331,"0"
4360,85,31,2311,"0"
4710,63,28,2327,"0"
3019.8,143,49,2289,"0"
12107,909,10,2344,"0"
6875,274,15,2332,"0"
11611.5,224,14,2368,"0"
360,20,43,2373,"0"
36126.45,1671,0,2368,"0"
34613.4,1741,2,2367,"0"
15453,615,7,2337,"0"
2194,62,29,2366,"1"
7050,104,27,2327,"0"
2125,97,30,2347,"0"
74212,1049,7,2345,"0"
10331,316,29,2345,"0"
25976.8,1421,9,2365,"0"
24781.32,574,0,2362,"0"
10699.2,486,29,2319,"0"
21490.4,1674,6,2305,"0"
27413.55,565,22,2338,"0"
1773.2,67,41,2338,"0"
6950.44,237,1,2327,"0"
2584,147,51,2324,"0"
576.8,32,38,2324,"1"
5290,58,28,2332,"0"
11579.6,402,52,2347,"0"
3822,213,14,2358,"0"
6379.65,175,37,2352,"0"
3554.4,160,30,2352,"0"
35516,599,1,2352,"0"
1480,61,44,2352,"0"
60067.4,1841,2,2351,"0"
6051,254,0,2351,"0"
904,63,36,2345,"0"
11717.37,304,7,2312,"0"
17620.05,329,6,2340,"0"
8245,585,10,2288,"0"
410.4,11,1,2283,"0"
22274,606,15,2325,"0"
10810,411,14,2345,"0"
4162.6,212,13,2339,"0"
7056.8,278,0,2339,"0"
13661,319,27,2339,"0"
6687.2,304,1,2318,"0"
3339.2,174,43,2324,"0"
41990,499,9,2323,"0"
5258,128,24,2331,"0"
3244.8,94,20,2344,"0"
18649.12,570,10,2341,"0"
2824,100,0,2340,"0"
10228.8,347,13,2339,"0"
9390.22,283,10,2337,"0"
21398.4,814,1,2333,"0"
7826,224,49,2339,"0"
180880,8984,1,2331,"0"
12618.8,225,9,2340,"0"
45466,1310,1,2338,"0"
18489.2,677,28,2312,"0"
14156,189,0,2309,"0"
3958,140,30,2324,"0"
2777,44,0,2320,"0"
3385.2,115,28,2332,"0"
3541,195,2,2332,"0"
14478,173,15,2331,"0"
16355.8,759,0,2324,"0"
21946.2,724,20,2323,"0"
5990,84,30,2323,"0"
2670.8,131,8,2306,"0"
5912.8,272,31,2303,"0"
9331.2,449,30,2303,"0"
2064.8,91,37,2296,"0"
5750.6,244,6,2295,"0"
2390.4,106,1,2295,"0"
1518,135,16,2295,"0"
1163.6,56,2,2295,"0"
1872,180,6,2289,"0"
4965.6,210,13,2284,"0"
2390,29,54,2295,"0"
11640.6,699,12,2295,"0"
11287,335,36,2309,"0"
396,22,30,2303,"0"
55812,2664,0,2327,"0"
54909,705,7,2326,"0"
3560,75,1,2325,"0"
2576.8,121,0,2325,"0"
16900,191,21,2303,"0"
2998,171,15,2332,"0"
5295.6,95,43,2330,"0"
2672.8,86,8,2324,"0"
5095.6,224,8,2318,"0"
30828,1275,2,2317,"0"
9415,158,6,2317,"0"
27876,475,0,2311,"0"
59934,758,22,2309,"0"
6050,275,28,2304,"0"
1634,92,43,2304,"0"
16195.6,517,16,2297,"0"
3542.4,95,30,2332,"0"
1264,68,21,2320,"0"
33667.65,1636,0,2317,"0"
1620.4,62,7,2317,"0"
46585,568,9,2310,"0"
8725.8,421,20,2305,"0"
27185.8,359,0,2302,"0"
1539,140,36,2295,"0"
2268.6,79,13,2292,"0"
3783,45,56,2291,"0"
7126.4,260,13,2326,"0"
700,33,58,2326,"1"
1910.4,100,45,2317,"0"
24496.53,985,0,2305,"0"
5250,76,28,2303,"0"
5428.4,160,7,2326,"0"
12914.26,336,2,2319,"0"
12341.4,692,13,2298,"0"
3450,52,56,2319,"0"
5655,92,15,2313,"0"
654,17,42,2305,"0"
3421.2,173,7,2303,"0"
12955.35,619,7,2302,"0"
3305,307,10,2305,"0"
5885,84,28,2304,"0"
2319.6,107,28,2304,"0"
3310,38,13,2302,"0"
22915.2,1206,10,2298,"0"
5810.6,136,30,2298,"0"
1560,54,14,2297,"0"
6871.2,630,1,2332,"0"
1088,57,51,2318,"0"
9428,333,9,2316,"0"
3172,274,44,2312,"0"
5593.6,419,1,2309,"0"
1740,99,30,2305,"0"
3298,112,50,2311,"0"
1042,29,15,2323,"1"
3594,76,13,2323,"0"
24038,386,0,2318,"0"
10305.6,391,0,3192,"0"
3992,137,2,3195,"0"
4496,194,21,3191,"0"
28800,355,6,3194,"0"
44034.8,1495,8,3193,"0"
12324.75,252,6,3192,"0"
8750,107,2,3195,"0"
5578,321,15,3193,"0"
3177,83,49,7715,"0"
4582.8,180,2,3193,"0"
2540,144,44,3156,"0"
16840,482,8,3156,"0"
24612.6,1311,7,3055,"0"
2151.2,120,6,3201,"0"
820,25,35,3054,"1"
16735,465,43,3171,"0"
4016,101,7,2792,"0"
64240.9,3069,3,3199,"0"
1494.4,82,35,3198,"0"
44677.8,2315,3,3149,"0"
17880.2,897,1,3072,"0"
57787.8,3952,6,3051,"0"
3799.2,159,22,3046,"0"
100917.4,3934,10,3046,"0"
11997,188,15,3045,"0"
18696.92,686,3,3045,"0"
7788.8,661,2,3201,"0"
179050,10408,6,3199,"0"
4532.2,503,15,3198,"0"
7928.6,613,1,3072,"0"
6837.2,311,15,3072,"0"
5415,136,16,3053,"0"
3385,52,27,3051,"0"
8002.2,791,13,3048,"0"
61060.4,1464,1,3177,"0"
32870,1542,0,7969,"0"
1996,80,45,7953,"0"
104798,3574,2,3200,"0"
7123,141,48,8266,"0"
2450,140,0,3048,"0"
3914.6,154,0,3045,"0"
15176,409,3,3200,"0"
11132,619,7,2284,"0"
4497.8,470,7,2289,"0"
11910.6,678,9,2288,"0"
7507,210,10,2298,"0"
2480.4,264,0,2295,"0"
1226,45,35,2310,"0"
4252,108,21,2310,"0"
9086.8,277,0,2309,"0"
11796.2,437,21,2306,"0"
15389,174,0,2295,"0"
25828,755,15,2302,"0"
22275.8,909,0,2302,"0"
11416.9,160,7,2298,"0"
25595.77,2983,3,2295,"0"
4372,172,2,2281,"0"
2872,159,24,2326,"0"
2720,156,55,2326,"0"
8690.2,341,30,2313,"0"
26515,573,1,2311,"0"
6198.2,205,1,2309,"0"
4934,226,55,2304,"0"
4272,240,38,2304,"0"
4136,151,1,2302,"0"
1460.6,50,29,2297,"0"
2830,45,16,2296,"0"
19273.5,634,0,2291,"0"
6098,237,0,2276,"0"
4497,180,16,2276,"0"
1590,34,52,2324,"0"
26228.65,655,6,2323,"0"
6125.6,178,27,2313,"0"
121243,6592,3,2290,"0"
5041.6,253,2,2285,"0"
8465,124,8,2283,"0"
1063,14,58,2276,"1"
22620,1050,1,2305,"0"
8942,177,48,2303,"0"
32370,455,0,2296,"0"
90754.2,4072,3,2296,"0"
2246,96,56,2284,"0"
31483.7,1535,8,2282,"0"
9443,153,13,2269,"0"
3755,48,9,2264,"0"
10666,771,2,2262,"0"
23595,534,8,2312,"0"
20296,233,16,2310,"0"
23045,259,9,2309,"0"
12278.2,514,0,2316,"0"
29323.6,393,9,2313,"0"
9952,445,1,2292,"0"
3727,215,28,7402,"0"
27222.6,1113,3,3177,"0"
33576,1635,2,3152,"0"
2405,27,57,3201,"0"
7172,411,0,7402,"0"
13652,644,23,3151,"0"
24597.9,2544,6,3150,"0"
10296,613,7,3045,"0"
6184.4,370,15,3055,"0"
12984.4,435,8,3053,"0"
2707.84,49,21,3198,"0"
43671.6,1322,1,3192,"0"
121624.6,4864,10,3199,"0"
972,35,52,3198,"1"
9783.2,342,14,3072,"0"
7380.2,565,20,7402,"0"
7822,369,20,7433,"0"
14225.1,284,6,7433,"0"
23199.6,782,9,7433,"0"
3085,169,22,7433,"0"
6642,337,2,7433,"0"
3428,196,23,7433,"0"
8816,326,36,3207,"0"
7086.4,231,1,3193,"0"
15758.8,708,1,7433,"0"
3430,196,50,7444,"0"
7417,423,2,7444,"0"
1614,92,2,7444,"0"
3154.4,177,21,7444,"0"
4318,209,34,7444,"0"
2656,134,29,7443,"1"
2083,119,2,7447,"0"
13411,764,28,7447,"0"
6977.6,266,15,7442,"0"
7300,80,35,7443,"0"
34456.2,1894,0,7447,"0"
5430,165,44,7444,"0"
9237,462,10,7443,"0"
5960,62,44,7444,"0"
6001,82,29,7443,"0"
5866.2,275,31,7443,"0"
521,10,21,7444,"0"
6383.6,286,1,7443,"0"
3848,221,51,7444,"1"
1544.6,84,36,7444,"0"
24208,1125,36,7444,"0"
15317,606,15,7443,"0"
8678,429,13,7443,"0"
8017.2,245,13,2304,"0"
4099.6,115,8,2304,"0"
3472,97,22,2304,"0"
25674.2,687,0,2297,"0"
161509.25,6653,0,2297,"0"
18609.2,669,7,2296,"0"
1994,102,30,2289,"0"
16186.2,580,1,2295,"0"
10967,611,7,2290,"0"
5418,288,42,2261,"0"
3310,40,7,2284,"1"
4536.2,184,21,2277,"0"
14664.2,830,7,2271,"0"
27121.68,645,8,2304,"0"
11342,304,24,2303,"0"
6929.2,340,16,2310,"1"
4395,63,1,2310,"0"
6607.8,199,1,2311,"0"
20806.4,553,13,2311,"0"
4512,189,1,2311,"0"
6029,134,15,2309,"0"
213561.8,7456,9,2303,"0"
27081.8,1521,16,2302,"0"
30428.6,664,3,2302,"0"
2386,90,0,2295,"0"
3062.2,84,0,2295,"0"
9947.6,334,0,2295,"0"
2954.4,121,22,2284,"0"
17113.03,632,1,2282,"0"
31645,369,1,2282,"0"
13171,345,23,2278,"0"
6415,73,21,2277,"0"
4307,68,13,2276,"0"
9521,245,1,2271,"0"
13958.8,436,31,2271,"0"
11260.8,442,14,2278,"0"
26071.6,1518,7,2295,"0"
6910,82,24,2263,"0"
2084,98,50,2268,"0"
2669,121,22,2282,"0"
7426,335,6,2282,"0"
9182,489,0,2250,"0"
38171,1972,2,2292,"0"
11373.2,592,3,2304,"0"
7360.6,279,0,2304,"0"
6667,318,0,2303,"0"
5555,66,48,2303,"1"
4746.4,160,23,2303,"0"
21177.36,1828,6,2275,"0"
3401.8,298,27,2271,"0"
3587.2,294,23,2271,"0"
6478.4,331,37,2269,"0"
5946.8,224,28,2298,"0"
1120,54,58,2296,"0"
48402.6,1183,0,2282,"0"
7893.2,458,16,2277,"0"
16370.2,1120,23,2260,"0"
3999,134,27,2288,"0"
2736,156,14,2288,"0"
20544,497,0,2263,"0"
9209,274,38,2298,"0"
13268.4,437,10,2298,"0"
15843.8,335,34,2297,"0"
83114,994,2,2296,"0"
1111,45,59,2297,"0"
891.2,29,27,2268,"1"
15990,219,20,2263,"0"
20780.4,1358,10,2263,"0"
3909.6,378,35,2267,"0"
4397.2,126,34,2295,"0"
16673,694,3,2290,"0"
23723.2,648,9,2288,"0"
1749.6,50,42,2289,"0"
7039.6,177,9,2282,"0"
7274.2,200,20,2281,"0"
10763,503,8,2276,"0"
1604,90,0,2276,"1"
6425.2,332,13,2275,"0"
1528,36,0,2282,"0"
2322,132,14,2267,"0"
13874.6,352,30,2263,"0"
7473,90,7,2263,"0"
2738,152,42,2269,"0"
17469.2,482,0,2254,"0"
66277,3758,1,2254,"0"
25120,335,9,2295,"0"
31913,901,7,2295,"0"
109830,1357,0,2292,"0"
2780,36,21,2267,"1"
3520,200,3,2267,"0"
15332.6,575,7,2264,"0"
5191,74,49,2292,"0"
17425,209,7,2276,"0"
22197,721,42,2260,"0"
2685.6,74,3,2239,"0"
7555,116,6,2234,"0"
2366,66,51,2222,"0"
24841.75,580,0,2221,"0"
55998.43,5002,1,2256,"0"
7829.6,436,52,2255,"0"
24401.6,1017,20,2255,"0"
21989.6,887,6,2254,"0"
25447.2,335,3,2261,"0"
5241.2,444,13,2260,"0"
4529.8,450,14,2260,"0"
142246.9,7495,1,2257,"0"
6694,188,2,2257,"0"
5161,295,22,2277,"0"
11292,165,14,2269,"0"
50760.05,1652,1,2278,"0"
6454.8,316,7,2278,"0"
3681,191,36,2277,"1"
26000,276,6,2269,"0"
46308,1335,2,2275,"0"
7363,257,14,2275,"0"
3360,140,15,2284,"0"
24120,335,15,2284,"0"
19623,1415,7,2282,"0"
11103,570,42,2276,"0"
2454,103,58,2276,"0"
4360,243,22,2261,"0"
3246,44,31,2257,"0"
1945,31,30,2262,"0"
9517.65,152,22,2248,"0"
9419.25,161,8,2248,"0"
12787.4,627,14,2248,"0"
14890,181,22,2239,"0"
17505,204,1,2236,"0"
22452,620,6,2291,"0"
8122905.8,439342,1,2284,"0"
9973,544,29,2257,"0"
13630,168,8,2257,"0"
1382,43,50,2257,"0"
30359.94,407,9,2253,"0"
5440,197,7,2253,"0"
31802.4,995,3,2253,"0"
6160.03,257,0,2261,"0"
3101.2,96,22,2283,"0"
16536.4,468,20,2282,"0"
6422,227,20,2288,"0"
3170,116,0,2261,"0"
18913.4,341,19,2250,"0"
1485.8,198,37,2269,"0"
11565.68,1160,2,2264,"0"
2220,63,36,2264,"0"
2561.4,133,51,2249,"0"
8039,201,57,2269,"0"
1646.2,77,59,2267,"0"
8058.8,331,0,2267,"0"
8693,497,0,2263,"0"
6285,228,28,2262,"0"
23657.4,354,7,2277,"0"
39265,403,6,2276,"0"
880,9,48,2276,"0"
22315,223,2,2276,"0"
9152,299,1,2270,"0"
2411,139,30,2264,"1"
5336.8,301,21,2262,"0"
4250,60,31,2262,"0"
7851,307,3,2254,"0"
24580.2,853,22,2247,"0"
31102.6,1734,6,2246,"0"
1643.6,154,51,2246,"0"
6986,94,7,2232,"0"
6562.6,370,22,2229,"0"
3561.6,184,28,2271,"0"
1230.4,63,43,2269,"0"
7107,101,1,2268,"0"
34509,799,14,2264,"0"
4469.8,203,21,2246,"0"
3746,137,37,2260,"0"
14626,170,9,2256,"0"
7486,214,1,2275,"0"
3905,187,10,2256,"0"
7686,290,14,2263,"0"
3500,158,9,2262,"0"
5339,230,59,2261,"1"
12368,339,7,2260,"0"
7578,127,1,2241,"0"
9166.8,488,9,2236,"0"
6958.2,725,0,2248,"0"
12567.2,1332,2,2247,"0"
8971.2,129,10,2253,"0"
38662.8,1968,1,2250,"0"
3547.8,378,20,2257,"0"
132769,6282,8,2257,"0"
425,9,15,2270,"0"
5084,247,3,2242,"0"
18631,379,7,2242,"0"
3840.8,68,38,2242,"0"
3960,228,6,2253,"0"
63588,3366,6,2249,"0"
5076,85,2,2247,"0"
1452,59,8,2236,"0"
7259,404,9,2228,"0"
15488,249,6,2267,"0"
50384.22,2624,1,2242,"0"
1234.8,98,15,2240,"0"
14321.6,769,2,2239,"0"
12870,345,1,2241,"0"
17599.9,833,1,2239,"0"
20956.2,625,9,2239,"0"
501.4,36,16,2236,"1"
571.8,32,6,2236,"0"
4859.8,204,20,2233,"0"
1761,164,8,2232,"0"
4686,322,42,2226,"0"
4144,237,30,2254,"0"
10654,595,7,2250,"0"
2211.8,144,57,2256,"0"
3577.4,107,0,2250,"0"
5933,297,27,2256,"0"
17342.6,794,1,2249,"0"
42225,478,8,2232,"0"
7676,437,14,2232,"0"
4155,59,1,2243,"0"
8441.2,235,7,2257,"0"
7398,278,9,2253,"0"
19998.01,398,9,2250,"0"
9856,418,9,2241,"0"
4318,252,31,2214,"0"
38796,949,1,2213,"0"
18118.72,406,3,2260,"0"
4583,135,21,2257,"0"
21292.6,232,7,2235,"0"
13884,733,9,2235,"0"
39559,443,7,2227,"0"
6510,83,42,2226,"0"
7307,90,27,2221,"0"
18597.73,331,8,2242,"0"
5975,124,0,2229,"0"
11449.9,164,7,2261,"0"
13689,343,7,2256,"0"
34816.2,1128,13,2267,"0"
16007.6,475,2,2263,"0"
9331.2,410,8,2248,"0"
15490,168,34,2247,"0"
7351.6,223,2,2246,"0"
3924,45,50,2241,"0"
4757,55,22,2240,"0"
6250.4,202,8,2229,"0"
27822.9,1228,3,2257,"0"
6386.8,185,8,2248,"0"
52600,697,1,2232,"0"
20809.99,3563,13,2229,"0"
5025,66,30,2222,"0"
7672,428,3,2248,"0"
2412,71,14,2246,"0"
12933.6,642,0,2229,"0"
6114,176,2,2225,"0"
1344,19,27,2213,"0"
22356,1021,3,2211,"0"
2056,125,7,2211,"0"
48526,1385,1,2255,"0"
7551.6,239,3,2255,"0"
1981.6,55,6,2254,"0"
2807,161,40,2254,"0"
19400,200,14,2234,"0"
45872.2,582,6,2253,"0"
5505,82,35,2253,"0"
5949.6,336,7,2262,"0"
10928,316,6,2255,"0"
10493.6,315,0,2253,"0"
23690.6,805,3,2242,"0"
14079.86,352,9,2241,"0"
10064.6,314,8,2233,"0"
5977.2,184,59,2239,"0"
7802.4,307,2,2235,"1"
14700.7,263,14,2225,"0"
111601.8,6719,1,2219,"0"
32231,786,2,2241,"0"
6827,155,30,2240,"0"
1820.8,64,37,2256,"1"
1849,106,14,2240,"0"
1525,19,41,2227,"0"
9571.2,474,29,2222,"0"
48200,649,1,2227,"0"
11108,555,9,2225,"0"
8320,104,42,2219,"1"
18437.6,997,0,2218,"0"
67192.2,1820,2,2214,"0"
51956.6,2619,1,2206,"0"
10218.8,537,2,2205,"0"
47690,660,2,2236,"0"
9060,497,8,2235,"0"
16020,185,30,2235,"0"
7146,87,0,2234,"0"
14411,663,1,2234,"0"
18451.6,348,28,2234,"0"
7430,89,52,2207,"0"
1432.4,70,1,2207,"0"
3000,125,43,2206,"0"
2121.2,127,7,2206,"0"
4235,242,27,2250,"0"
32768.07,1187,3,2248,"0"
21200,240,16,2243,"0"
19906.4,309,15,2242,"0"
2080,40,52,2255,"0"
7458,223,1,2253,"0"
3626.6,187,14,2253,"0"
2915,41,28,2253,"0"
29063.6,962,2,2249,"0"
1318.4,56,0,2211,"0"
8154.4,351,0,2211,"0"
35737.06,1115,0,2213,"0"
8896.2,228,16,2234,"0"
2601.6,46,57,2228,"0"
3344,141,3,2246,"0"
4886,166,14,2246,"1"
6273.6,232,6,2246,"0"
4392,192,27,2243,"0"
9080,420,14,2240,"1"
4826.8,153,27,2239,"0"
858198,49487,1,2234,"0"
22106,1175,10,2240,"0"
40155,606,1,2236,"0"
7596,419,15,2234,"0"
1214,70,30,2234,"0"
5165,262,27,2229,"0"
4194.8,165,34,2229,"0"
31339.6,953,7,2228,"0"
44593.27,1320,1,2226,"0"
6078.8,234,9,2220,"0"
10490,510,13,2222,"0"
13403,651,15,2222,"0"
13766,665,8,2222,"0"
14559,287,7,2218,"0"
5474,146,6,2212,"0"
4504,186,15,2212,"0"
4516.4,216,45,2219,"0"
2866,131,2,2206,"0"
14480,686,2,2205,"0"
1640,92,8,2200,"0"
1319,77,9,2246,"0"
489488.4,21295,1,2240,"0"
25281.8,1941,9,2240,"0"
112651,1301,1,2239,"0"
1063.6,26,59,2239,"0"
15391.4,512,2,2239,"0"
2950,57,31,2219,"0"
5685,111,21,2213,"0"
11700,480,0,2199,"0"
20031.6,320,13,2180,"0"
29128.4,330,8,2177,"0"
2555,47,9,2117,"0"
25882.4,1028,21,2235,"0"
11904.4,339,0,2228,"0"
18912.4,695,0,2227,"0"
3770,150,38,2207,"0"
9411,298,28,2207,"0"
10663,271,8,2207,"0"
11857.2,458,10,2204,"0"
306768.37,10193,2,2200,"0"
41818.55,1419,0,2193,"0"
3344,83,30,2207,"0"
3562,203,20,2228,"0"
2186,119,44,2227,"0"
41173.95,2024,3,2207,"0"
19795.8,1375,7,2207,"0"
8570,117,9,2207,"0"
4224.6,240,23,2206,"0"
5580,74,28,2205,"0"
3830.4,157,24,2201,"0"
8719.58,208,10,2218,"0"
17355,194,35,2205,"0"
26757.29,685,3,2198,"0"
59978.75,2066,3,2158,"0"
9757.4,145,9,2183,"0"
12849.6,698,29,2171,"0"
16253,441,13,2152,"0"
9748,850,2,2150,"0"
12905,311,52,2219,"0"
41325,530,1,2219,"0"
33396,389,1,2219,"0"
8764.4,252,14,2225,"0"
8361.8,495,27,2221,"0"
6667.2,712,7,2221,"0"
65255,1074,2,2212,"0"
47829.96,4877,1,2206,"0"
50341.29,2645,2,2201,"0"
5313.6,144,3,2213,"0"
1784.2,71,55,2234,"0"
15581,867,2,2233,"0"
10457,189,30,2229,"0"
24603.8,789,9,2228,"0"
61652.4,2693,8,2227,"0"
4750,256,56,2226,"0"
17015.2,482,6,2234,"0"
6028,172,44,2232,"0"
12925.4,508,2,2221,"0"
3455,119,55,2220,"0"
21721.94,457,6,2219,"0"
6830,97,50,2200,"0"
7649.2,166,8,2198,"0"
5535,195,30,2197,"0"
5747.2,177,2,2192,"0"
4749.2,221,35,2192,"0"
1313.2,42,34,2192,"0"
2205,21,51,2233,"0"
3095.62,259,56,2199,"0"
94764,6571,0,2199,"0"
12482.8,504,27,2198,"0"
13465.8,1918,35,2201,"0"
10350.6,146,24,2220,"0"
12031.8,168,0,2220,"0"
15104.4,519,23,2214,"0"
6148,232,24,2220,"0"
11580,135,41,2219,"0"
3409.3,183,57,2219,"1"
2960,111,23,2218,"0"
163579.8,15341,3,2220,"0"
23663.2,949,1,2219,"0"
7900.6,894,0,2219,"0"
8900,436,16,2212,"0"
12609.4,605,22,2211,"0"
8177.8,129,16,2197,"0"
77823,1165,0,2219,"0"
1155,66,2,2219,"0"
11271.27,320,1,2215,"0"
350,20,21,2215,"1"
6035,91,22,2207,"0"
6765,222,9,2204,"0"
41456.75,1134,0,2194,"0"
27839.4,378,10,2179,"0"
14169,420,13,2227,"0"
17200.4,544,3,2226,"0"
26482,1034,8,2226,"0"
6702.2,150,1,2220,"0"
6232.49,125,9,2220,"0"
1623.2,50,49,2220,"0"
4012.97,92,56,2220,"0"
8496.4,269,3,2211,"0"
20877.2,980,35,2193,"0"
22020.8,1278,48,2187,"0"
4679.6,212,15,2197,"1"
18583.2,661,29,2212,"1"
127047,4433,2,2212,"0"
6476.6,296,9,2212,"0"
43358,1843,0,2212,"0"
5218,211,1,2207,"0"
8158.2,391,1,2207,"0"
3933.4,379,20,2215,"0"
2782,159,2,2215,"0"
5924.4,338,35,2214,"0"
3331.2,137,22,2191,"0"
34952,1423,3,2171,"0"
14061,514,28,2179,"0"
39280,1151,0,2207,"0"
3585,166,23,2207,"0"
15144,794,22,2204,"0"
18095.2,645,8,2199,"0"
13456.4,360,15,2225,"0"
13952,609,29,2221,"0"
8630,115,14,2219,"0"
5545,71,52,2219,"0"
54040,646,0,2219,"0"
20614.8,827,9,2215,"0"
14617,693,13,2214,"0"
15726.4,570,9,2213,"0"
73249.6,1976,2,2185,"0"
11901.7,763,13,2184,"0"
9909.6,586,6,2184,"0"
7688.8,406,57,2184,"1"
16752,266,34,2193,"0"
9095.68,418,6,2213,"0"
9330.2,604,14,2211,"0"
18298.6,824,3,2206,"0"
61287.6,3114,6,2206,"0"
13287.8,700,7,2204,"0"
2040,104,48,2200,"0"
1022,44,44,2199,"1"
3134.8,118,6,2199,"0"
10731.2,292,2,2204,"0"
83423.2,2652,20,2214,"0"
30382,375,1,2206,"0"
1965410,64867,7,2205,"0"
30876.7,603,10,2205,"0"
37899.6,1784,14,2201,"0"
2007,101,35,2199,"0"
3232,89,51,2187,"0"
18678.6,862,23,2197,"0"
9008,327,6,2219,"0"
15914,457,6,2219,"0"
1396,80,20,2200,"0"
42005,455,7,2213,"0"
11982,426,30,2205,"0"
13923.2,233,28,2198,"0"
52608.15,1266,1,2212,"0"
11374.05,252,0,2200,"0"
9143,209,28,2199,"0"
6345.6,385,24,2179,"0"
5557.2,406,42,2201,"0"
1859.8,75,59,2198,"1"
29822.9,529,8,2200,"0"
14325,875,7,2199,"0"
3910,160,38,2178,"0"
38705,451,8,2175,"0"
8232.6,294,2,2193,"0"
2372,87,15,2193,"0"
2658.8,115,31,2198,"0"
19072.8,815,13,2194,"0"
88100,3486,1,2194,"0"
852,36,0,2192,"1"
79522.8,1816,1,2180,"0"
1545,49,1,2179,"0"
22991,1319,0,2184,"0"
7797.6,332,7,2184,"0"
26634,737,13,2211,"0"
4247,185,38,2207,"0"
4650.6,176,28,2170,"0"
31391,688,13,2194,"0"
5676,145,29,2211,"0"
21956.4,793,8,2206,"0"
18423,248,3,2204,"0"
2019445.2,111500,3,2192,"0"
12718,179,10,2192,"0"
2845,119,22,2180,"0"
3297,328,36,2179,"0"
7355.6,320,7,2178,"0"
23907,2140,2,2173,"0"
14601.2,570,14,2191,"0"
4185,239,45,2191,"1"
1792,50,29,2193,"0"
10450.8,421,24,2191,"0"
24418.89,568,6,2191,"0"
25214.98,562,43,2187,"0"
16300,190,0,2198,"0"
47190.4,2302,1,2164,"0"
50011,1968,6,2162,"0"
5529,199,41,2162,"0"
3018,85,16,2198,"0"
32340,363,2,2176,"0"
2940,28,16,2186,"1"
12030,205,44,2176,"0"
5407.6,242,34,2163,"0"
6625,82,45,2185,"0"
44407,4144,2,2183,"0"
7867.2,203,8,2180,"0"
7254,313,16,2201,"0"
6453,324,28,2201,"0"
3932,194,23,2200,"0"
8737,299,24,2199,"0"
26974.62,1860,1,2197,"0"
7906.2,326,30,2194,"0"
3580.8,169,27,2194,"0"
125310.6,4511,6,2193,"0"
4650,184,3,2193,"0"
1643,78,1,2165,"1"
6264,326,1,2164,"0"
19932,685,22,2163,"0"
38860,1341,15,2163,"0"
3620,246,1,2159,"0"
5413.4,250,20,2187,"0"
15458.2,1614,42,2184,"0"
9954,116,6,2184,"0"
10948.64,407,13,2184,"0"
5810,72,10,2184,"0"
180,10,30,2170,"1"
2274.8,71,57,2191,"1"
21504.4,885,0,2191,"1"
11005.4,165,21,2191,"0"
8250,111,15,2184,"0"
10035,136,8,2183,"0"
5238.4,116,16,2166,"0"
18253.4,879,8,2162,"0"
6714,88,9,2162,"0"
2538.6,66,15,2159,"1"
17214.41,333,9,2194,"0"
8238.4,293,0,2192,"0"
13851,604,45,2192,"0"
804,41,50,2192,"0"
24166,1038,1,2191,"0"
4055,54,9,2159,"0"
63608,1729,10,2198,"0"
3550,210,55,2198,"0"
3866.4,122,3,2193,"0"
23219.21,713,6,2191,"0"
2436,71,56,2184,"0"
1807.2,68,57,2173,"0"
12363.4,527,10,2157,"0"
4609,264,43,2180,"0"
7442,410,8,2177,"0"
7989.6,264,35,2183,"0"
5204.6,450,14,2179,"0"
15120.6,1534,3,2156,"0"
252865,10524,0,2176,"0"
1590,86,23,2178,"0"
5176.2,285,20,2178,"0"
8010.2,212,15,2176,"0"
3874,148,8,2152,"0"
5591,320,30,7896,"0"
9495,399,8,7895,"0"
4773.2,127,44,3215,"0"
1595,45,6,7885,"0"
8273.2,350,6,3216,"0"
13344,563,0,3215,"0"
6508,395,16,3216,"0"
26625.5,1198,3,3209,"0"
13182,705,8,7808,"0"
2267,221,48,3216,"0"
66635,661,8,7871,"0"
9009,322,35,3216,"1"
7942.8,595,41,3213,"1"
7506.41,188,23,7855,"0"
19163,918,24,7855,"0"
3875,223,36,3216,"0"
7844,352,7,7855,"0"
12480.6,515,14,3214,"0"
31819,1664,9,3215,"0"
20302.6,1116,9,7799,"0"
1920,110,3,7776,"0"
7140,80,28,7770,"0"
978,26,16,3212,"0"
10856,334,34,7686,"0"
40451.6,1141,2,3215,"0"
29133.8,2380,6,7834,"0"
22255.5,824,7,7776,"0"
49703.6,1142,1,7801,"0"
12722,218,21,3213,"0"
10731,613,2,3212,"0"
2943,104,55,7757,"0"
6817.55,179,13,7749,"0"
24037.25,900,2,7749,"0"
18412.4,1264,10,7800,"0"
15684,1473,7,7806,"0"
6099.8,268,29,7806,"0"
11091,490,8,7806,"0"
5403.6,295,8,7792,"0"
1400,40,48,3213,"0"
14206.4,1027,8,3213,"0"
26195.2,1462,28,7735,"0"
3088,49,55,7729,"0"
9284.69,212,1,7794,"0"
400396.9,25807,0,7787,"0"
1410,32,22,7771,"0"
1580,90,15,3220,"0"
29415.65,1241,9,3221,"0"
689709,27746,2,3220,"0"
17443,752,29,3221,"0"
11697.4,661,8,3221,"0"
20181.76,1090,8,3220,"0"
1020,24,20,3219,"1"
12735.75,706,7,7756,"0"
6778.8,538,13,3222,"0"
6059.2,198,1,3222,"0"
3620,155,30,7745,"0"
41523.5,752,1,3222,"0"
32537,1217,3,7741,"0"
10366,802,2,3219,"0"
1575,39,0,3212,"0"
11552.4,324,8,7706,"0"
6072,347,14,3221,"0"
669.6,68,44,7716,"0"
5342.4,177,21,7715,"0"
4758.15,117,8,7731,"0"
2190,124,1,3208,"0"
19901.08,356,10,3222,"0"
3032.6,179,30,3219,"0"
9647.6,493,57,3207,"0"
9869.4,501,9,7721,"0"
2321.6,117,8,7720,"0"
17774,786,7,7717,"0"
5348.8,236,57,7729,"0"
42563.4,1790,1,3222,"0"
11401.2,465,0,7727,"0"
2918,157,8,7721,"0"
5311,125,0,7701,"0"
6277,368,7,3220,"0"
3303,189,50,3219,"0"
5391.4,569,34,7721,"0"
1924.4,59,31,3220,"0"
24313,761,2,7714,"0"
2225,90,48,7710,"0"
33474.4,1333,0,3220,"0"
2760,102,36,7686,"0"
11568.4,454,52,3221,"0"
3995,249,24,7646,"0"
2243,128,30,7706,"0"
6754,285,27,7703,"0"
9472,491,48,7709,"0"
1627.8,30,27,7706,"0"
4545,120,8,7689,"0"
3573,50,8,7674,"0"
5405,171,20,7696,"0"
14009.8,589,1,7693,"0"
31417.4,929,0,7673,"0"
6113,219,0,7661,"0"
8195.86,306,6,7681,"0"
6002.24,730,27,7672,"0"
10538.8,414,1,3228,"0"
16172.4,649,27,7688,"0"
4752.2,254,9,3227,"0"
5748.55,116,13,3226,"0"
5498.2,195,1,7695,"0"
2588,112,2,7695,"0"
9477.2,473,20,7673,"0"
4612,121,58,3228,"0"
152167.8,5133,0,3228,"0"
1420,24,58,7667,"0"
20063.31,460,6,7688,"0"
101011,5717,8,7674,"0"
38197,1088,0,7674,"0"
2957.6,163,49,7674,"0"
1091,63,31,7661,"0"
3220,58,0,7661,"0"
7562.4,386,3,3229,"0"
22296.9,1077,15,3228,"0"
14317,158,8,7678,"0"
8982,347,16,3227,"0"
11149.6,575,14,3226,"0"
4717.33,82,57,3230,"0"
22926,1331,19,7645,"0"
66671,4009,2,3228,"0"
6393.8,329,7,7673,"0"
500,4,37,3229,"1"
9649.73,208,8,3227,"0"
11724.2,670,0,3230,"0"
5200,500,1,7604,"0"
435,10,16,7630,"0"
11047.6,407,8,7673,"0"
8115,120,13,7673,"0"
5386,189,6,7673,"0"
4122,146,13,7638,"0"
41101.25,1031,7,7638,"0"
1260.4,67,27,3228,"0"
1300.4,137,43,3228,"0"
5575,100,51,3226,"0"
8700,124,20,7668,"0"
54061,2200,2,3230,"0"
10096,420,1,3227,"0"
1303,50,0,3227,"0"
195713.2,8324,6,3213,"0"
700,71,35,3209,"0"
128307.66,3855,27,3209,"0"
2803,65,41,3208,"0"
11841,344,3,7657,"0"
2784.8,100,22,7653,"0"
33161.2,930,8,7623,"0"
15585,462,24,3229,"0"
5530.4,250,0,3228,"0"
7023.8,258,0,3227,"0"
54987.94,2477,55,7650,"1"
4131,239,13,3209,"0"
5976,217,23,7657,"0"
15307,231,1,7639,"0"
18745,227,0,7653,"0"
6710,88,43,7602,"0"
3771.6,161,23,7631,"0"
49011,1969,1,7630,"0"
17609.6,545,7,7640,"0"
6712,311,8,7586,"0"
4574.4,161,42,7595,"0"
3615,45,8,7615,"0"
24688.8,2352,57,7580,"0"
9978.4,450,36,3237,"0"
4916.4,280,34,7569,"0"
5434.2,310,28,7596,"0"
8913,699,23,3235,"0"
6560.6,736,9,3234,"0"
91296,5124,43,7240,"0"
6347.8,568,27,3235,"0"
2192,108,41,3234,"0"
12856.4,583,49,3234,"0"
4250,175,27,7583,"0"
8341.6,537,9,7598,"0"
3981,352,14,3233,"0"
3707,210,37,3237,"0"
3730,213,15,3236,"0"
43432.8,1820,3,3235,"0"
8106,190,36,3237,"0"
1315,75,15,3235,"0"
5030,64,35,3235,"0"
1240,70,50,7617,"0"
12375.4,222,15,7567,"0"
29423.6,830,0,7577,"0"
5332,255,36,3237,"0"
67574.55,3166,1,7556,"0"
3494,173,29,3236,"0"
18416.45,752,24,7594,"0"
6079,349,1,3233,"0"
4786.8,184,3,3233,"0"
61027,678,0,7581,"0"
2720,33,7,7541,"0"
3480,160,56,7580,"0"
12494.6,355,8,7594,"0"
34370,414,2,7591,"0"
61411.86,4637,2,7573,"0"
11670.6,347,14,7570,"0"
5856,279,51,7588,"0"
163082.52,11115,0,7559,"0"
1286,20,57,7553,"0"
506,37,15,7562,"0"
6622,144,59,7581,"0"
10509,544,16,3240,"0"
21273.4,893,14,3233,"0"
61307.15,4599,0,3233,"0"
13402,391,7,7553,"0"
3348.4,131,22,7553,"0"
44713,1140,3,7549,"0"
7877.8,316,0,7549,"0"
6094,304,15,3243,"0"
22476.4,1011,19,7552,"0"
19562,812,10,7552,"0"
3747.4,149,35,7548,"0"
8544.4,106,20,3228,"0"
7223.6,373,2,3242,"0"
4560.6,165,0,3241,"0"
5315,302,1,3241,"0"
2520,79,57,3233,"1"
8971.6,584,2,7535,"0"
3229.2,165,57,7527,"0"
720,41,31,7533,"0"
17445.97,521,0,7530,"0"
16095.2,472,22,7534,"0"
5647,322,15,7559,"0"
2130,38,13,3244,"0"
13993,333,12,3244,"0"
4496,228,15,7540,"0"
1287.8,76,22,7538,"0"
4215,49,3,7232,"0"
4640,70,22,7559,"0"
1172.8,59,0,3242,"0"
14428.6,559,9,7541,"0"
4968,255,22,3242,"0"
14600,470,8,3243,"0"
659226.8,31009,2,7506,"0"
51735,1867,48,3235,"0"
20470,245,14,7520,"0"
1166.8,125,23,7533,"0"
11395,149,13,7539,"0"
4071,172,1,3241,"0"
3483.4,196,43,3242,"0"
36631,1304,49,7532,"0"
1554,58,7,3243,"0"
555.2,56,49,3242,"1"
3760,215,48,3241,"0"
25026,895,6,3241,"0"
15040,862,1,7521,"0"
1914,55,50,3243,"0"
6497,374,10,3240,"0"
2721,38,42,7511,"0"
14634,787,0,7498,"0"
6126,288,49,7493,"0"
3160,125,2,7549,"0"
7320,105,35,3243,"0"
50715,621,1,7542,"0"
9512.6,966,14,3243,"0"
232670,9501,1,7492,"0"
17325,1278,3,3240,"0"
8259.6,472,9,3208,"0"
3294,374,9,7449,"0"
21954,641,7,3242,"0"
8360.6,301,2,7496,"0"
11425.4,589,20,7511,"0"
4067.56,227,58,7491,"0"
62538,963,6,7476,"0"
10830,119,8,7525,"0"
6457,173,14,7484,"0"
23470,285,3,7461,"0"
6155,73,45,7503,"0"
32167.38,5554,0,7490,"0"
7090,405,44,3250,"0"
6081.8,117,0,3248,"0"
3823,221,2,3251,"0"
990,18,23,7507,"0"
7944,226,10,3247,"0"
20939.25,613,3,7478,"0"
3253,187,78,3247,"0"
1405,61,57,7464,"0"
4815,64,30,3251,"0"
1634,84,41,3250,"0"
9458.2,369,15,3248,"0"
938,87,58,3247,"1"
12550,538,31,3250,"0"
99527.4,1717,2,3249,"0"
1102.4,106,43,3248,"0"
1712,44,56,3248,"0"
42622.28,12668,3,7437,"0"
8685,135,43,7469,"0"
10362.4,565,15,3251,"0"
16519.41,375,6,7490,"0"
13736,668,3,3250,"0"
220,6,388,3251,"1"
13255.2,666,8,3251,"0"
3684,210,34,3251,"0"
5290,97,13,3248,"0"
15684.8,524,14,7437,"0"
635,9,55,3240,"0"
37330,426,15,3247,"0"
4575,258,2,3249,"0"
9965,103,30,3248,"0"
6175,82,27,7408,"0"
25375,344,6,3250,"0"
15202,596,9,3250,"0"
2130,26,30,7444,"0"
103305.96,4136,3,3251,"0"
4660,237,55,7434,"0"
2673.8,49,6,3250,"0"
8947.6,500,27,7441,"0"
27668.7,716,8,3251,"0"
7652,227,0,3206,"0"
14630.2,374,6,7422,"0"
7638,380,28,3241,"0"
12784.8,527,2,7427,"0"
17995,207,37,7454,"0"
15260,162,9,7454,"0"
931,53,27,7426,"0"
35078,1354,0,7412,"0"
31906.4,478,7,7441,"0"
8359.4,312,16,7406,"0"
13115,243,29,7422,"0"
6780,217,42,7421,"0"
5349,70,41,7437,"0"
7659,228,1,7436,"0"
1376.6,59,45,3227,"0"
1454,51,14,3209,"0"
6484,185,31,7405,"0"
10682.4,325,41,7436,"0"
9938,330,21,7427,"0"
1626,93,50,7399,"0"
10842,558,28,7399,"0"
61773,2601,16,7393,"0"
7406,304,15,7386,"0"
22865,605,0,7366,"0"
1819,164,8,7408,"0"
4015,45,57,7405,"0"
1122,120,51,7405,"0"
42743.2,2432,0,7401,"0"
126175,3710,1,7413,"0"
15878,714,16,3256,"0"
5271,312,1,7412,"0"
3108,160,56,7414,"0"
29633.8,1110,2,7395,"0"
2250,127,27,7409,"0"
5488,247,7,7406,"0"
7662,219,1,7393,"0"
5592,321,43,7392,"0"
24710,967,10,7391,"0"
11169.8,570,9,7387,"0"
6266,327,29,7400,"0"
13542.65,184,34,3255,"0"
2087,226,49,7352,"0"
3096,176,14,7391,"0"
2348,135,21,7398,"0"
3590,50,58,3256,"0"
945.6,43,50,7406,"0"
20790,921,21,7401,"0"
8035.3,987,1,7395,"0"
38628.2,2207,28,3258,"0"
27895.7,1554,10,7377,"0"
26653,1051,23,3255,"0"
21504.8,712,36,7365,"0"
11776.4,258,16,3256,"0"
45818.6,844,1,2159,"0"
12653,579,6,2190,"0"
1332,73,2,2184,"0"
3776,235,6,2158,"0"
6769,383,8,2170,"0"
4012,131,1,2176,"0"
25251.46,572,3,2172,"0"
11105.6,311,20,2171,"0"
16670.4,291,3,2163,"0"
4667,77,34,2157,"0"
1185,67,58,2157,"0"
999.8,60,55,2142,"0"
271853.13,8205,1,2178,"0"
41215.84,829,1,2191,"0"
56926.4,2510,3,2187,"0"
12270,183,0,2183,"0"
22214.97,500,1,2180,"0"
161324,5388,10,2179,"0"
4114.2,211,3,2171,"0"
75866,2181,6,2155,"0"
8020,238,0,2155,"0"
25034.8,793,20,2149,"0"
9845.2,287,2,2144,"0"
11528,343,24,2141,"0"
20254,552,31,2138,"0"
10593.4,507,23,2157,"0"
3913,231,30,2178,"0"
2542,139,8,2176,"0"
2105,121,14,2172,"0"
44496.8,3452,1,2176,"0"
8597.6,147,22,2176,"0"
3736,374,8,2172,"0"
37917.7,2234,2,2171,"0"
28982,1386,0,2173,"0"
44654.6,2105,6,2171,"0"
7077,363,13,2171,"0"
163402,8088,6,2166,"0"
9545,130,14,2177,"0"
24220,294,2,2171,"0"
19281.4,548,0,2184,"0"
74270,2137,1,2177,"0"
43557.6,1778,6,2176,"0"
10162.8,292,10,2173,"0"
2826,125,10,2172,"0"
20707.2,676,0,2157,"0"
3975,56,29,2155,"0"
39015,477,0,2152,"0"
2168,62,58,2184,"0"
10895,124,8,2184,"0"
26582.8,776,3,2183,"0"
5900,85,8,2183,"0"
8085,128,15,2179,"0"
32439.6,1211,1,2165,"0"
46346.72,954,9,2177,"0"
33371.2,2126,6,2177,"0"
41051.15,851,8,2177,"0"
33486.6,693,0,2173,"0"
6497.6,238,44,2170,"0"
6901.6,383,13,2152,"0"
4640,198,31,2138,"0"
31202.4,1272,24,2165,"1"
8400,402,42,2164,"1"
11980,724,14,2164,"0"
4866.8,272,41,2162,"0"
10880.2,335,42,2162,"0"
5283.4,145,7,2157,"0"
9364,103,52,2136,"0"
2640,51,38,2148,"0"
11110,138,34,2173,"0"
15258.4,720,10,2171,"0"
2704,90,14,2171,"0"
12765,140,1,2170,"0"
2992.8,143,0,2166,"0"
44351,994,1,2149,"0"
2771.06,91,2,2156,"0"
5890.8,314,27,2156,"0"
3467.6,64,8,2149,"0"
11054,272,19,2143,"0"
15524.6,423,28,2140,"0"
1997.4,68,16,2138,"0"
112041,3876,2,2158,"0"
15349.2,316,2,2171,"0"
21084,602,1,2166,"0"
32625.75,793,3,2166,"0"
14485,186,16,2164,"0"
39750,522,27,2164,"0"
9375.8,325,0,2162,"0"
2859.2,145,22,2162,"0"
9808,275,35,2158,"0"
4560.6,220,48,2158,"0"
15678,598,34,2152,"0"
2417.4,75,43,2152,"0"
5472,209,24,2151,"0"
9800,127,0,2151,"0"
28167,1531,0,2150,"0"
7054,332,9,2150,"0"
2440,139,57,2142,"0"
3445,52,8,2142,"0"
2668,129,49,2150,"0"
3999,50,43,2150,"0"
80269.55,3366,3,2155,"0"
4938.4,264,49,2152,"0"
13915.6,753,9,2148,"0"
27325.2,1126,1,2142,"0"
3200,44,42,2141,"0"
12268,200,6,2135,"0"
17460.8,780,8,2135,"0"
5640,77,15,2166,"1"
9158,253,22,2164,"0"
2574,146,38,2163,"0"
50271.8,2076,6,2143,"0"
7897.4,411,15,2142,"0"
13381.6,601,0,2143,"0"
19472,687,34,2142,"0"
4536,77,34,2142,"0"
35815,447,2,2163,"0"
3051,75,56,2159,"0"
23760.8,1228,10,2159,"0"
3368,39,13,2156,"0"
1346,70,7,2156,"0"
5096,223,37,2157,"0"
13040,1304,2,2157,"0"
5920,342,24,2156,"0"
4679.6,177,37,2156,"0"
35139.5,520,1,2166,"0"
14998.31,395,0,2166,"0"
65090.29,3069,8,2165,"0"
7178.93,149,3,2164,"0"
5466.8,269,10,2163,"0"
38853,1274,9,2160,"0"
3185,37,9,2157,"0"
5615,105,8,2127,"0"
21888.2,694,7,2171,"0"
55030.8,2087,2,2170,"0"
33896.2,1611,13,2164,"0"
8026.4,344,9,2158,"0"
5122.6,162,28,2157,"0"
7194,206,0,2157,"0"
28331.5,1081,0,2156,"0"
13259,228,30,2127,"0"
81110.92,4859,0,2135,"0"
4608.6,288,36,2152,"0"
25599.8,1448,0,2149,"0"
31055,424,0,2148,"0"
44040,565,1,2148,"0"
8689.2,400,22,2154,"0"
45326.2,575,0,2152,"0"
53981.2,1772,6,2151,"0"
23903,506,28,2151,"0"
2663.6,83,48,2150,"0"
10878,529,27,2148,"0"
18780,236,21,2137,"0"
2991,128,59,2136,"0"
7127,412,6,2137,"0"
31987,1278,20,2134,"0"
2835,41,7,2141,"0"
29745.2,1428,9,2136,"0"
74307.6,3148,21,2135,"0"
24432,1392,16,2116,"0"
4670,83,20,2114,"0"
5328,305,6,2138,"0"
31703.6,1409,8,2135,"0"
2022.02,46,78,2157,"0"
8980.4,255,31,2156,"0"
3845.09,82,10,2136,"0"
6998.4,291,29,2129,"0"
17856.8,787,15,2129,"0"
17413,681,2,2157,"0"
6516.4,172,9,2155,"0"
4798,172,36,2152,"0"
91092,3057,0,2162,"0"
21950,927,1,2156,"0"
10642.2,573,0,2145,"0"
2723.6,123,35,2121,"0"
43967.8,2634,1,2121,"0"
2178,62,57,2119,"0"
4938.32,412,41,2131,"1"
12159.2,519,3,2129,"0"
20849.2,649,8,2129,"0"
18247.6,502,6,2129,"0"
2257,89,9,2145,"0"
33617.7,825,0,2144,"0"
4241,348,23,2143,"0"
6594,336,0,2143,"0"
18525,1061,0,2142,"0"
6508.8,315,27,2149,"0"
40309.05,1285,6,2149,"0"
30696.6,1809,1,2148,"0"
22005,559,3,2147,"0"
23140.4,495,0,2147,"0"
4970.8,236,1,2148,"0"
15464,602,14,2144,"0"
55542,2389,2,2143,"0"
6952,418,6,2141,"0"
26020,1429,6,2128,"0"
12990,621,16,2135,"0"
4349,53,56,2113,"0"
3378,186,2,2107,"0"
7943.2,349,7,2128,"0"
6098,287,15,2116,"0"
3622,201,20,2116,"0"
9903,198,31,2149,"0"
3825.2,167,28,2149,"0"
2290,30,9,2148,"0"
20574.8,547,50,2124,"0"
1822.3,50,27,2151,"0"
19250,742,23,2142,"0"
15292,875,1,2141,"0"
37789.33,1379,0,2137,"0"
36073.8,690,14,2137,"0"
9574,549,7,2136,"1"
4876.55,281,27,2141,"0"
4390,212,29,2138,"0"
15942,931,0,2136,"0"
906,52,50,2126,"0"
11468,423,9,2136,"0"
439633.3,19471,3,2135,"0"
127546.75,4686,2,2135,"0"
2032,102,3,2134,"0"
6247,260,13,2116,"0"
4395,57,51,2143,"0"
3065.6,106,8,2135,"0"
25246.2,967,1,2124,"0"
16492.4,976,3,2123,"0"
130830,1290,29,2093,"0"
3920,137,35,2116,"0"
3463.6,124,35,2116,"0"
18999.6,605,36,2113,"0"
9880,106,10,2135,"0"
17110.4,669,35,2143,"0"
14258.8,386,0,2143,"0"
38402.4,1151,2,2142,"0"
24639,336,2,2116,"0"
3935,54,20,2114,"0"
4979.2,131,21,2114,"0"
4467.6,257,34,2107,"0"
8277,315,0,2107,"0"
16076,339,20,2143,"0"
2574,107,8,2145,"0"
9513.98,252,21,2143,"0"
4719.4,156,9,2131,"0"
4335,64,58,3257,"0"
825,22,29,3256,"0"
16960.6,815,2,7825,"0"
3172.4,381,29,3258,"0"
1860.8,198,34,2129,"0"
1978,57,9,2128,"0"
8252,219,7,2126,"0"
1560,60,9,2131,"0"
23715,756,16,2130,"0"
9756.8,465,2,2129,"0"
29033,415,0,2123,"0"
47454,2059,58,2122,"0"
33485.2,1507,3,2122,"0"
26832.2,1075,0,2128,"0"
8048,460,15,2094,"0"
9599.7,915,9,2092,"0"
1340,21,0,2128,"0"
49410,2294,2,2121,"0"
5620,112,43,2120,"0"
22023.6,1036,6,2117,"0"
2670,49,21,2108,"0"
21364.8,1230,27,2133,"1"
1215,69,22,2121,"0"
2369,135,21,2117,"0"
7090,242,35,2140,"0"
2782,36,58,2133,"0"
11436,151,7,2133,"0"
3202.8,105,49,2141,"0"
11750,335,43,2136,"1"
17586.6,521,1,2134,"0"
5876.8,417,15,2114,"0"
28471,2778,3,2108,"0"
60770.3,3009,1,2114,"0"
3280,36,29,2126,"0"
38651.2,1376,3,2123,"0"
20434,874,1,2127,"0"
4025,225,7,2124,"0"
23260,838,7,2114,"0"
2177.6,105,50,2108,"1"
14982.8,662,14,2122,"0"
13903.76,1482,7,2122,"0"
7680,101,24,2109,"0"
5349,107,27,2114,"0"
5512,68,6,2108,"0"
13170,192,20,2107,"0"
18282,530,10,2106,"0"
5528.4,281,50,2117,"0"
1392,128,56,2113,"0"
4480,67,21,2106,"0"
771,44,3,2116,"0"
75637.15,3143,2,2115,"1"
2988,163,7,2115,"0"
20169.3,695,2,2115,"0"
66108,3255,6,2114,"0"
35843.4,462,0,2109,"0"
4800,225,8,2089,"0"
2950.8,296,50,2089,"0"
1562.6,90,57,2085,"0"
2707,129,15,2085,"0"
43779,689,1,2096,"0"
63386,3622,6,2095,"0"
3681,71,2,2092,"1"
1138,57,59,2121,"0"
7588,226,3,2130,"0"
13486.6,398,3,2127,"0"
7416.6,174,45,2135,"0"
10418,861,1,2116,"0"
2535,157,43,2113,"0"
7014.8,197,8,2113,"0"
1840,107,16,2107,"0"
3607,192,1,2117,"0"
22035,424,9,2117,"0"
26476,448,2,2114,"0"
2094.4,214,48,2116,"0"
8408.8,370,19,2115,"0"
12613,595,23,2106,"0"
8896,233,9,2122,"0"
193307.2,5994,6,2122,"0"
29961.4,970,3,2120,"0"
17010,222,6,2102,"0"
5134,56,3,2121,"0"
3864,161,3,2121,"1"
4797,298,8,2117,"0"
1100,16,27,2109,"0"
10332,518,3,2101,"0"
4194,217,37,2103,"0"
91685.45,2327,0,2102,"0"
3450,198,1,2075,"0"
3395,32,22,2086,"0"
31008.4,1018,9,2085,"0"
30774.8,1074,14,2082,"0"
9508,272,21,2127,"0"
10695,241,27,2126,"0"
2624,149,35,2126,"0"
2760,276,38,2106,"0"
100898.4,3329,9,2124,"0"
7464,274,58,2122,"0"
1122,18,13,2121,"0"
13698,434,8,2116,"0"
6477.2,181,50,2116,"0"
4582.6,154,6,2116,"0"
38890.2,2518,0,2101,"0"
15783,513,13,2094,"0"
5598,139,20,2092,"0"
5346,149,2,2079,"0"
18048.4,521,16,2128,"0"
2620,126,22,2120,"0"
2118,60,48,2112,"0"
6629.2,528,7,2093,"0"
20195.4,2390,0,2092,"0"
3730.4,202,3,2102,"0"
2118,62,57,2102,"0"
2467.4,56,2,2108,"0"
3054.4,121,48,2107,"0"
4617.8,342,0,2108,"0"
6725,102,22,2115,"0"
12650,182,10,2115,"0"
10852,838,6,2115,"0"
93437.6,4662,2,2114,"0"
13762,710,10,2108,"0"
4652,179,0,2102,"0"
2950,45,42,2102,"0"
20674.3,1045,14,2100,"0"
24738.8,1142,6,2099,"0"
14883,848,16,2095,"0"
3518,176,8,2095,"0"
3910,41,51,2093,"0"
13161.2,390,15,2096,"0"
1970,29,21,2099,"0"
3557,43,24,2099,"0"
3310,43,49,2096,"0"
8246.8,577,21,2092,"0"
8650,136,8,2092,"0"
8347,102,50,2078,"0"
8948.6,675,24,2073,"0"
7931.6,264,30,2073,"0"
7152.8,240,13,2115,"0"
12215,699,8,2114,"0"
6575,84,20,2117,"0"
24804,289,0,2115,"0"
19025.77,652,35,2113,"0"
22257.56,539,1,2109,"0"
12376,332,16,2106,"0"
18996.4,979,3,2095,"0"
11607.05,301,13,2089,"0"
26985.6,1348,13,2092,"0"
74777.38,2601,7,2088,"0"
41012.5,1444,2,2100,"0"
1596,45,21,2100,"1"
44760.55,1348,0,2099,"0"
15313.6,923,0,2088,"0"
31015.8,1424,7,2081,"0"
51784,676,9,2106,"0"
34820,394,7,2106,"0"
12928,369,30,2102,"0"
6389.8,273,20,2099,"0"
2295.6,90,37,2099,"0"
10877,163,22,2100,"0"
7088,328,0,2088,"0"
7204,206,26,2106,"0"
11240.01,291,0,2099,"0"
800,20,38,2096,"0"
46937,2683,7,2095,"0"
8631,607,7,2092,"0"
9972.29,310,7,2087,"0"
1747,94,31,2087,"0"
30236,483,14,2086,"0"
25815,1305,6,2085,"0"
7312,423,3,2068,"0"
173085.77,3920,1,2064,"0"
2086,112,34,2108,"0"
4027,80,27,2107,"0"
14965.92,366,1,2109,"0"
6004.3,131,0,2108,"0"
7355.4,92,34,2106,"0"
81165,1039,1,2103,"0"
23036,1213,2,2102,"0"
4559,235,3,2094,"0"
5848,251,3,2092,"0"
61311.6,2378,15,2091,"0"
16073,1807,8,2078,"0"
1167.2,55,31,2078,"0"
1704.8,87,58,2078,"0"
18524,1026,24,2074,"0"
2340,36,0,2081,"0"
9270,114,36,2099,"0"
2932.8,66,20,2095,"0"
1695,31,24,2094,"0"
2874.2,115,24,2094,"0"
1070.4,51,31,2094,"0"
8365.2,289,0,2093,"0"
79327,4628,2,2089,"0"
6424.4,354,37,2079,"0"
4108,144,49,2085,"0"
4745,63,13,2079,"0"
6780,91,27,2079,"0"
48565,3094,0,2079,"0"
5480,256,52,2078,"0"
117963.2,6054,0,2075,"0"
3081,84,31,2075,"0"
2313,126,20,2092,"0"
4945,89,14,2092,"0"
79826,2723,2,2081,"0"
3235,117,14,2073,"0"
84810,1265,6,2065,"0"
22103.6,441,1,2065,"0"
24922.8,1066,14,2064,"0"
61363.6,2855,6,2064,"0"
47039.8,2143,2,2062,"0"
7599.6,273,0,2061,"0"
6334,186,20,2105,"0"
3350,40,27,2105,"0"
19828.6,756,2,2105,"0"
944,49,49,2101,"0"
7149.6,461,21,2101,"0"
32293,458,6,2100,"0"
9875,122,8,2096,"0"
3185,52,35,2096,"0"
21191,822,6,2102,"0"
7673.2,197,7,2092,"0"
22544.4,912,3,2018,"0"
5006,143,22,2017,"0"
6941,94,7,2003,"0"
34236.6,1166,10,2103,"0"
6263,205,3,2100,"0"
13048.6,508,6,2099,"0"
4355,154,7,2095,"0"
4970,143,3,2094,"0"
5240,153,36,2092,"0"
35609.8,1223,8,2091,"0"
18546,616,22,2089,"0"
18600.6,572,7,2089,"0"
19530,935,8,2075,"0"
7803.4,213,30,2073,"0"
26272.4,2332,3,2073,"0"
1413,44,35,2092,"0"
11924.4,758,2,2089,"0"
9578,421,8,2087,"0"
9502,490,27,2087,"0"
2731,42,44,2085,"0"
19287,608,6,2067,"0"
832,56,2,2074,"0"
5471,309,30,2073,"0"
20295.74,699,1,2072,"0"
30194.6,899,2,2079,"0"
2056,129,2,2087,"0"
8959.6,403,37,2086,"0"
15285.5,395,45,2085,"0"
36741.8,448,2,2067,"0"
3871,158,57,2059,"0"
29052,2107,1,2078,"0"
3157,107,23,2100,"0"
21438.35,478,3,2095,"0"
4599,156,43,2095,"0"
4210,120,36,2094,"0"
2798.4,106,57,2093,"0"
2370.4,79,13,2093,"0"
14833.2,555,7,2016,"0"
11235,130,7,1991,"0"
29569.4,816,6,1969,"0"
3516,106,3,2101,"0"
6362,487,27,2091,"0"
4558,439,8,2091,"0"
22678,707,9,2079,"0"
3701,122,59,2066,"0"
158105.6,6535,0,2064,"0"
5540.2,73,57,2067,"0"
2430.2,117,45,2066,"0"
2531,44,34,2065,"0"
25806,818,1,2079,"0"
8258,223,41,2079,"0"
12508.6,1187,6,2082,"0"
753.4,46,3,2081,"0"
52965,676,6,2072,"0"
11272.22,223,1,2071,"0"
26550.4,1277,20,2061,"0"
1665,40,31,2060,"0"
26177.4,908,3,2094,"0"
2123.8,110,44,2092,"0"
24445.72,556,10,2089,"0"
5311,104,0,2092,"0"
8310,104,27,2089,"0"
15489.4,1138,0,2087,"0"
18404.05,361,8,2087,"0"
10529,291,9,2087,"0"
105356.2,4181,2,2064,"0"
15424,364,3,2074,"0"
1493.2,44,21,2073,"0"
1992,83,59,2073,"0"
35448.15,1444,0,2073,"0"
8426,391,21,2072,"0"
5297,262,21,2071,"0"
10750,498,9,2071,"0"
18850.2,226,2,2071,"0"
3043.6,80,2,2068,"0"
57161,1519,1,2067,"0"
14131.8,182,1,2067,"0"
7272.4,274,2,2066,"0"
11479.6,454,7,2065,"0"
6120,177,34,2075,"0"
12835.46,362,16,2072,"0"
5507.2,225,0,2075,"0"
4018,155,58,2073,"0"
10179.8,470,9,2073,"0"
6069.8,184,1,2071,"0"
4546.8,172,28,2071,"0"
37381.48,1700,1,2068,"0"
33654.46,1901,6,2068,"0"
4600.61,96,7,2068,"0"
12967,208,2,2057,"0"
1498,74,38,2046,"0"
1299,74,38,2050,"0"
9773.2,170,20,2047,"0"
4750,285,6,2068,"0"
5579,340,55,2065,"0"
55737.4,1253,0,2065,"0"
34105.6,1522,16,2086,"0"
20320,1431,10,2086,"0"
2374,136,37,2084,"0"
8325,96,1,2075,"0"
7697,237,6,2081,"0"
58270,2081,23,2073,"0"
2492,68,55,2068,"0"
13055,170,48,2081,"0"
6070,110,45,2073,"0"
10483.2,303,36,2068,"0"
3594,205,2,2067,"0"
2006,74,44,2065,"0"
27394.8,923,1,2065,"0"
9654,271,57,2060,"1"
5702,88,24,2060,"0"
73822.96,2080,23,2068,"0"
4104.6,62,49,2066,"0"
19715,278,1,2054,"0"
59680.92,3343,2,2052,"0"
16676.1,895,10,2051,"0"
2234.4,149,51,2046,"0"
16707,625,0,2066,"0"
10471,496,13,2066,"0"
12524,478,2,2065,"0"
24850.4,1214,13,2065,"0"
8868.2,347,3,2064,"0"
2692,123,9,2060,"0"
6364.8,87,14,2059,"0"
19665,247,13,2045,"0"
12528,476,50,2058,"0"
11505,162,8,2048,"0"
900,50,50,2045,"0"
494682.6,24132,0,2043,"0"
1746,97,49,2040,"0"
426697,13383,0,2073,"0"
29776,1262,8,2059,"0"
3826,214,0,2057,"0"
4070,44,7,2053,"0"
6242,320,15,2041,"0"
6330,100,8,2030,"0"
74362,934,1,2030,"0"
81316,1042,2,2030,"0"
65495,3540,3,2018,"0"
20820.8,887,3,2018,"0"
16329.37,316,10,2017,"0"
46890.4,1567,8,2074,"0"
3885,53,51,2072,"0"
5159.2,476,21,2046,"0"
46027,1788,7,2045,"0"
5655,62,42,2039,"0"
1817,51,23,2038,"0"
20181,582,13,2058,"0"
11732,337,9,2057,"0"
6097,495,7,2052,"0"
17920,521,21,2051,"0"
3365.4,128,8,2066,"0"
25382.4,721,1,2061,"0"
3794,113,52,2060,"0"
55570.09,992,6,2061,"0"
14580,166,13,2058,"0"
1920,40,0,2057,"0"
53298,1037,0,2051,"0"
4594,453,50,2049,"0"
23350.71,362,10,2043,"0"
18467.6,951,15,2052,"0"
24849.8,1476,3,2002,"0"
8222.8,258,1,2037,"0"
6823.8,334,8,2035,"0"
5765,80,42,2036,"0"
24941,1430,1,2031,"0"
21346,241,23,2030,"0"
19808,603,10,2047,"0"
55540.5,1318,2,2071,"0"
7276.36,166,8,2066,"0"
88032,7573,1,2065,"0"
12115.8,157,15,2065,"0"
5010,57,37,2060,"0"
7460,85,21,2060,"0"
10803.4,349,44,2059,"0"
5250,302,35,2065,"0"
1115,48,49,2062,"0"
8614,296,2,2046,"0"
7312.4,237,34,2045,"0"
525,15,28,2031,"0"
3523,201,29,2023,"0"
4396,124,8,2019,"0"
5480.4,439,55,2043,"0"
82275.3,6489,0,2040,"0"
2869.8,70,27,2038,"0"
4153.2,219,22,2051,"0"
914,52,27,2050,"1"
13027.2,505,27,2047,"0"
7795,94,7,2046,"0"
2880,78,3,2047,"0"
9745,119,27,2046,"0"
8517,280,27,2029,"0"
87664.4,4653,1,2029,"0"
4584.8,241,31,2026,"0"
5478.4,82,22,2025,"0"
210098.6,10375,0,2032,"0"
7003.05,145,8,2060,"0"
7887.2,219,8,2058,"0"
2031,69,57,2058,"0"
72756,3151,7,2051,"0"
3590,35,55,2049,"0"
39225,439,6,2047,"0"
11983,643,8,2046,"0"
12368,178,8,2030,"0"
3114,165,22,2058,"0"
1922.4,61,55,2057,"0"
2555.4,116,6,2057,"0"
6890.6,346,15,2052,"0"
2590,54,37,2052,"0"
15644.91,295,6,2067,"0"
18490,238,7,2065,"0"
2854,84,52,2061,"0"
191060.2,5774,0,2060,"0"
2283,68,44,2059,"0"
2057.4,194,31,2030,"0"
3120,169,1,2050,"0"
6430.6,568,31,2047,"1"
17936.2,311,0,2045,"0"
14485.6,560,20,2045,"0"
15110.6,299,1,2045,"0"
59574.4,1249,0,2044,"0"
16317.4,813,9,2024,"0"
15823,838,9,2017,"0"
10130,473,6,2015,"0"
7021.8,96,56,2015,"0"
59591.24,3894,1,2015,"0"
26610,272,8,2051,"0"
20090,234,1,2049,"0"
12795.2,656,23,2044,"0"
9155,374,49,2057,"0"
16519.4,640,21,2051,"0"
13850,399,21,2051,"0"
3735,55,14,2029,"0"
13925,325,2,2038,"0"
85955,8542,7,2035,"0"
18019.2,226,1,1998,"0"
16992,305,6,1982,"0"
9210,118,31,1981,"0"
18967.4,524,2,2051,"0"
1022,48,10,2047,"1"
2526.66,63,28,2044,"0"
10208.4,221,2,2023,"0"
6458.6,373,3,2018,"0"
246183.4,7330,27,2011,"0"
9420,116,8,2003,"0"
26256.2,1233,13,2024,"0"
13327.4,797,10,2031,"0"
35803.8,2287,2,2030,"0"
99368.42,4618,1,2029,"0"
5977,611,8,2022,"0"
9652,515,14,2037,"0"
3612.6,84,35,2039,"0"
895,22,0,2038,"0"
10412.8,469,6,2034,"0"
5404.4,574,22,2041,"0"
9789.6,489,1,2040,"0"
709864.4,22006,6,2040,"0"
5503.6,296,24,2038,"0"
5850,81,8,2039,"0"
124641,6920,1,2038,"0"
77698,4495,6,2038,"0"
2665,36,22,2038,"0"
2585,35,21,2038,"0"
15458,813,7,2033,"0"
14214,293,3,2033,"0"
3730,89,36,2024,"0"
18599.4,906,9,2040,"0"
11385,129,6,2038,"0"
9536.8,387,16,2038,"0"
18735,849,43,2037,"0"
18230,377,2,2011,"0"
19666.2,850,0,2005,"0"
147948.2,1964,1,2043,"0"
23062.61,659,0,2039,"0"
1712.6,76,28,2016,"0"
3480,131,35,2018,"0"
8766,356,16,2046,"1"
3070,102,1,2044,"0"
25612,1037,7,2043,"0"
9083.12,251,35,2041,"0"
14182,781,2,2039,"0"
11169.4,496,42,2012,"0"
29905,458,0,2047,"0"
32920,394,7,2045,"0"
40390,516,1,2039,"0"
29059,1336,1,1998,"0"
2744,145,3,1982,"0"
57300.4,1107,6,1966,"0"
22656,279,8,1965,"0"
16000,400,20,1953,"0"
34229,609,3,1950,"0"
2800,31,16,1933,"0"
89049,1255,6,1925,"0"
26367,721,13,1920,"0"
4530,85,20,1917,"0"
6410,77,27,1904,"0"
40049.4,551,3,1890,"0"
20184.8,730,6,1868,"0"
6582,150,43,1864,"0"
3110,180,24,8399,"0"
2482,142,7,8399,"0"
5380.84,106,26,3262,"0"
8614.27,171,15,3261,"0"
230484.65,7723,0,3262,"0"
1453,83,20,8399,"0"
9976.4,484,1,3255,"0"
6520,75,23,8399,"0"
700,40,59,8399,"0"
4424,251,13,8399,"0"
8957,450,15,8399,"0"
24192,1378,22,3262,"0"
3944,166,13,3206,"0"
20380,248,1,3255,"1"
1699.6,45,1,3255,"0"
38889,530,1,3255,"0"
9979,135,14,3248,"0"
8832,234,37,3263,"0"
2154.8,129,21,8399,"0"
14553.2,463,20,3261,"0"
5350,70,29,3264,"0"
4228,233,43,8399,"0"
31645,385,2,3261,"0"
3633.2,151,27,3262,"1"
7098.3,384,49,3264,"0"
16746,426,0,3262,"0"
2368,140,51,8399,"0"
28451.2,396,1,3261,"0"
112841.8,2824,1,3254,"0"
4674.6,252,9,3264,"0"
9864,189,16,3262,"0"
4225,93,20,3261,"0"
13195,157,7,3248,"0"
12637,580,45,8399,"0"
10353.27,206,14,3262,"0"
7137,396,38,3262,"0"
10724,274,21,3262,"0"
14238,407,2,3263,"0"
9910,249,22,3254,"0"
18600.6,635,2,8399,"0"
1033,59,48,8399,"0"
3491,199,58,8399,"0"
2589,148,23,8399,"0"
22994,1315,1,8399,"0"
3998,230,13,3269,"0"
4423,253,15,8399,"0"
6333.2,375,9,8399,"0"
2856,163,1,3257,"0"
9309,495,23,8399,"0"
8248,473,7,8399,"0"
23603.6,1090,0,8399,"0"
5899,338,8,3254,"0"
6185,255,29,3271,"0"
4304,160,43,3272,"0"
16223.08,347,0,3272,"0"
40963,1896,0,8399,"0"
1485,20,27,8399,"0"
137281.8,4299,1,3270,"0"
2909.6,145,0,8399,"0"
21413,1306,0,8399,"0"
3256,170,0,3271,"0"
2376,136,21,8399,"0"
16810.4,817,3,3269,"0"
8028,411,0,8399,"0"
19408,694,1,3270,"0"
13410.4,171,6,3270,"0"
3591,206,58,8399,"0"
1380,70,58,3247,"0"
4551.4,196,0,3233,"0"
7966,386,22,3270,"0"
6335,69,9,3212,"0"
4872.2,243,23,3270,"0"
3535,40,28,3269,"0"
4603,263,29,8399,"0"
1191.6,58,20,3272,"0"
3696.4,172,41,3271,"0"
794.8,52,14,3271,"0"
29294,1184,2,3270,"0"
33814.4,1541,0,8399,"0"
866.6,50,44,8399,"0"
9171.6,429,9,3271,"0"
11823.8,548,20,8399,"0"
5355.4,79,28,3270,"0"
3128.4,173,8,3269,"0"
2540.6,144,22,3268,"0"
3096,160,58,3268,"0"
2240,61,15,3272,"0"
3766.4,286,21,8399,"0"
6355,636,10,3270,"0"
1974,112,20,8399,"0"
47004.35,1774,0,3270,"0"
53463,1726,3,8399,"0"
8894,98,44,8399,"0"
2303,124,44,8399,"0"
36118.8,1727,30,8399,"1"
42033.15,882,2,3277,"0"
12702,369,15,8399,"0"
26675.45,2170,3,3276,"0"
31213.6,1534,0,3276,"0"
6792.29,150,36,3278,"0"
2500,35,23,3277,"0"
4185,56,14,3275,"0"
2054.6,95,48,3279,"0"
15859,352,34,3275,"0"
2208,130,10,8399,"0"
8669.6,417,20,3279,"1"
3358.4,122,0,8399,"0"
4862.4,134,35,3277,"0"
36515.4,2658,3,3276,"0"
28734.4,2335,0,3276,"0"
7347,121,6,3276,"0"
9001.6,490,48,8399,"0"
3500,185,87,8399,"0"
8269.6,212,28,3278,"0"
16488,703,21,3277,"0"
9125.2,388,1,3277,"0"
10460,131,38,3275,"0"
13797,229,13,3278,"0"
785,45,59,8399,"0"
4296,208,41,3278,"0"
5981,316,24,8399,"1"
4510.2,275,44,3275,"0"
4365.2,239,30,3275,"0"
16328,705,1,8399,"0"
1278,71,51,3269,"0"
4055,50,35,3276,"0"
9313.32,295,42,3276,"0"
6670.8,195,9,3279,"0"
24742,960,28,3276,"0"
5720,141,45,2050,"0"
1578,38,55,2050,"0"
29582.4,835,8,2048,"0"
3345,39,13,2045,"0"
4682,198,3,2043,"0"
1940,194,31,2039,"0"
12713.8,392,20,2046,"0"
7950,217,10,2045,"0"
15036.6,1123,0,2019,"0"
17688.22,1081,6,2018,"0"
6590,89,0,2018,"0"
7333.6,324,27,2018,"0"
28596.6,1453,6,2016,"0"
4399.8,199,57,2015,"0"
16707.65,349,0,2015,"0"
3200,80,55,2010,"0"
18824.2,644,29,2017,"0"
9868,337,14,2037,"0"
4482,168,34,2033,"0"
69075,936,2,2032,"0"
716,21,3,2030,"0"
12059.85,844,3,2026,"0"
51097.43,3934,6,2026,"0"
40360.37,1680,1,2026,"0"
37027.23,1772,1,2026,"0"
3828,191,48,2025,"0"
3799,192,14,1973,"0"
9627,125,3,1973,"0"
12377.4,480,3,2036,"0"
909,45,43,2033,"0"
3522,280,2,2031,"0"
21922.4,342,8,2030,"0"
44704,1426,1,2003,"0"
13820,373,2,2004,"0"
4392,231,35,1984,"0"
177086.4,7228,3,2004,"0"
36841.6,779,3,1999,"0"
20596.4,644,41,1997,"0"
3256,51,22,1997,"0"
24055,283,8,2032,"0"
14638.4,430,15,1971,"0"
42515,1754,6,2017,"0"
20694,1109,3,1931,"0"
21611,979,0,1882,"0"
3605.6,160,2,2011,"0"
4325.2,207,10,2011,"0"
35075,2218,3,2009,"0"
5669.6,215,14,2008,"0"
11528,628,21,2009,"0"
26421.6,362,16,2004,"0"
48122.4,1401,1,2001,"0"
6158,179,1,2017,"0"
747455.8,24188,8,2025,"0"
22409.4,610,14,2022,"0"
17851.2,514,7,2018,"0"
7322,296,41,2026,"0"
7322,518,8,2009,"0"
11656,148,16,1980,"0"
93099.2,5401,2,1977,"0"
81406.6,4045,0,1976,"0"
4690,132,27,2038,"0"
8123,325,14,2037,"0"
13469.6,221,19,2037,"0"
18549,271,2,1983,"0"
1718.4,64,7,1982,"0"
4233.2,180,22,1977,"0"
12668,218,16,2024,"0"
23029.1,581,0,2023,"0"
13617.6,516,49,2019,"0"
39250,433,6,2017,"0"
5270.8,187,20,2033,"0"
38559.2,1574,42,2033,"0"
709,30,50,2010,"0"
11218.8,298,7,2009,"0"
15755.2,628,24,2011,"0"
3313.4,133,23,2011,"0"
24454,1458,6,2009,"0"
4800,68,48,1983,"0"
28833,621,0,1974,"0"
3634.2,51,27,1973,"0"
28808,566,0,1969,"0"
49543.6,1010,1,1969,"0"
26239,605,9,1969,"0"
44136,983,3,1969,"0"
40231,958,0,1969,"0"
48175.6,695,3,1969,"0"
5138.4,247,20,2017,"0"
13780.24,266,2,2017,"0"
1200,70,6,2011,"0"
5620,263,36,2011,"0"
15355,195,1,2010,"0"
7030,95,36,2017,"0"
114865,2955,1,2015,"0"
20143.4,799,1,1998,"0"
3872,223,56,1974,"0"
3122,154,41,1970,"0"
8151.8,234,38,1956,"0"
21845,266,10,1952,"0"
38135,482,6,1952,"0"
155554.4,3873,2,1949,"0"
4811,226,23,2024,"0"
36983.28,808,3,2022,"0"
47298.6,2902,8,2022,"0"
7715.8,420,22,2018,"0"
8807.4,231,13,2015,"0"
4198.4,268,41,2015,"0"
3638,122,58,1973,"0"
65316,3818,2,1969,"0"
1366,81,21,2030,"0"
1542.95,33,29,2018,"0"
62825,705,2,1991,"0"
4784.2,71,9,2033,"0"
14313.2,407,24,2031,"0"
20569.8,417,2,2026,"0"
1760,99,59,7996,"0"
17324,296,2,2024,"0"
9455.2,288,2,2017,"0"
6276.2,355,30,2017,"0"
4285,60,14,2017,"0"
14929,192,8,2011,"0"
6089,348,15,2011,"0"
3885,67,1,2011,"0"
9087.4,90,8,2004,"0"
40095,626,1,2004,"0"
5529.2,323,22,1948,"0"
757,15,21,1947,"0"
2946.6,71,56,2005,"0"
12646,554,7,2005,"0"
9605.6,561,2,1981,"0"
26024.4,1040,1,1977,"0"
1799,104,20,1973,"1"
8680.2,247,41,1983,"0"
15504,207,28,2011,"0"
1304,140,27,2010,"0"
83435.2,6156,3,1997,"0"
15222.4,1366,9,1996,"0"
38936.8,1626,1,1998,"0"
10847,393,6,1996,"0"
41417.4,1956,0,1995,"0"
32074.65,1305,2,2001,"0"
28508.96,1116,7,1967,"0"
5226.2,88,37,1967,"0"
1327,76,36,2017,"0"
19820,557,13,2017,"0"
6657.2,262,5,2015,"0"
5056.6,270,13,1981,"0"
14938.6,828,6,1963,"0"
2506,127,23,1973,"0"
21583,1194,3,1991,"0"
16950.8,805,3,1999,"0"
6345,79,3,1998,"0"
61528,728,1,1997,"0"
16355,260,22,1981,"0"
7260,345,0,1991,"1"
33206,1827,1,1946,"0"
2270,130,15,1942,"0"
15021,772,13,1962,"0"
3995,153,36,1954,"0"
1152,32,57,1952,"0"
6622,381,24,2009,"0"
26439.8,764,2,2008,"0"
3256,153,2,2002,"1"
16711.6,861,2,2001,"0"
9462.4,254,6,1998,"0"
10305,299,9,2010,"0"
4294,163,14,2009,"0"
11663.8,488,1,2002,"0"
15146.4,540,13,1977,"0"
10863.2,346,1,1968,"0"
7452.4,285,10,2016,"0"
25634,419,8,2016,"0"
61707,1632,2,2012,"0"
5045.2,104,58,2011,"0"
3457,98,55,2010,"0"
9054.21,183,8,2005,"0"
2220,71,30,1962,"0"
2594.4,130,2,1960,"0"
4303,223,6,1997,"0"
4078.6,167,34,1990,"0"
8309.2,339,3,1984,"0"
2642,151,50,1983,"0"
17367.2,719,10,1983,"0"
67563,3763,1,1982,"0"
5819,256,3,1981,"0"
14515,206,24,1981,"0"
9695.8,191,22,1967,"0"
16729,750,8,1961,"0"
3872,111,36,1952,"0"
19063.2,711,8,1938,"0"
5780,165,30,2008,"0"
13918.4,399,14,2006,"0"
4574.8,163,1,1947,"0"
10438,446,8,1946,"0"
7156.7,398,6,1987,"0"
13216,148,2,2006,"0"
6143.88,228,41,2003,"0"
4316,150,10,1999,"0"
4082,56,30,1969,"0"
2404,130,2,1961,"0"
5775,120,31,1948,"0"
10943,226,8,1982,"0"
10087.6,436,3,1987,"0"
1738,93,7,1983,"0"
1155,27,37,1981,"0"
87671,3494,13,1983,"0"
1918,54,23,1977,"0"
40526.6,1566,3,1976,"0"
22720,697,9,1970,"0"
27776,730,2,1969,"0"
3879,190,30,1981,"0"
2564,128,9,1981,"0"
2983,169,38,1981,"0"
10355.2,543,6,1981,"0"
9328,301,9,1981,"0"
15990,515,1,1976,"0"
6232.58,120,7,1973,"0"
3330,168,29,1973,"0"
1291.23,28,57,1976,"0"
4732.2,126,28,1974,"0"
24698.6,650,9,1970,"0"
12583.6,627,24,1955,"0"
5539.2,164,9,1947,"0"
22137.6,1124,1,1946,"0"
17673,958,44,1946,"1"
4145,62,30,1946,"0"
19817.44,1450,2,1945,"0"
22310.15,534,7,1996,"0"
47853.6,1817,0,1984,"0"
3973,137,1,1941,"0"
21279.39,552,6,1984,"0"
21870.14,565,6,1984,"0"
234,13,36,1983,"1"
5255,61,8,1980,"0"
20723,315,15,1980,"0"
17784,662,7,1999,"0"
2375,31,49,1991,"1"
6625,227,24,1974,"0"
37122,510,2,1974,"0"
20009.2,282,7,1973,"0"
20071,289,34,1970,"0"
24063.6,1264,57,1969,"0"
17262,232,0,1976,"0"
31243,537,3,1974,"0"
3088,88,30,1974,"0"
17670,1176,51,1973,"0"
5084,257,23,1973,"0"
3445,111,28,1962,"0"
86163,2487,43,1960,"0"
2969,170,21,1969,"0"
7445,93,49,1969,"0"
36835,447,0,1940,"0"
36712,1703,0,1933,"0"
24420,259,10,1933,"0"
5190,222,59,1983,"0"
7726,219,27,1983,"0"
68428.6,1905,0,1982,"0"
10092,339,0,1982,"0"
12800,335,16,1977,"0"
2289.8,93,57,1974,"0"
13686.8,437,0,1968,"0"
2200,125,1,1973,"0"
54156,688,2,1956,"0"
6125,70,29,1927,"0"
20490.8,1073,6,1974,"0"
16920,440,1,1962,"0"
87851.59,3165,2,1948,"0"
2418,70,1,1947,"0"
3338.8,105,0,1934,"0"
8301.21,215,10,1926,"0"
8012.8,296,34,1969,"0"
52757.9,1850,6,1968,"0"
10151,179,2,1967,"0"
5268.8,132,35,1967,"0"
15055,144,35,1967,"1"
91865.6,3690,34,1966,"0"
22462.11,685,0,1963,"0"
5261.65,96,45,1946,"0"
6264,86,21,1939,"0"
5269.8,510,0,1970,"0"
4615.8,438,9,1969,"0"
52199.9,2322,21,1968,"0"
31295.1,1055,1,1968,"0"
2817,248,55,1967,"0"
62055.7,1645,13,1966,"0"
11012.4,874,2,1966,"0"
24383,1498,0,1963,"0"
10725,400,19,1956,"0"
4052,232,14,1956,"0"
7951.4,240,2,1955,"0"
13166,452,8,1973,"0"
12192,529,22,1969,"0"
7402.6,200,58,1969,"0"
5700,158,58,1968,"0"
16925,231,7,1968,"0"
22128.55,721,10,1966,"0"
16302.4,812,6,1960,"0"
12674,265,1,1968,"0"
5110,130,29,1967,"0"
6090,323,1,1962,"0"
3218,205,8,1961,"0"
5400,181,15,1961,"0"
41355,452,15,1959,"0"
3757.4,192,8,1967,"0"
8370,271,22,1963,"1"
6602,330,36,1919,"0"
49021,1167,0,1918,"0"
8194.99,162,16,1918,"0"
13586.2,400,22,1917,"0"
2312,133,28,1917,"0"
143539,9819,0,1948,"0"
10128,115,6,1928,"0"
27353,1516,8,1928,"0"
1202,33,58,1927,"0"
40046,3160,8,1927,"0"
11246.6,501,15,1924,"1"
11800,165,21,1924,"0"
8068.6,410,3,1921,"0"
10112.8,465,44,1921,"0"
8095,365,29,1946,"0"
45372,1820,0,1941,"0"
8286,235,0,1969,"0"
11665,1073,14,1962,"0"
5330,63,36,1962,"1"
20000,256,13,1967,"0"
4570.4,216,21,1967,"0"
62855,841,7,1969,"0"
2239.2,52,45,1969,"0"
23282.94,1414,0,1961,"0"
6604,358,3,1961,"0"
28012,359,6,1961,"0"
406,10,14,1961,"0"
2066,117,28,1959,"0"
22476.8,1091,22,1957,"0"
7809.6,378,27,1957,"0"
13313.2,200,10,1953,"0"
19036.2,647,1,1953,"0"
23905,326,6,1953,"0"
15096.23,465,21,1952,"0"
6771.6,319,1,1952,"0"
5712,309,6,1950,"0"
16688.01,288,13,1925,"0"
6766.4,197,37,1921,"0"
4890,75,34,1893,"0"
2967.2,113,27,1884,"0"
14556.1,1569,7,1967,"0"
20065.6,568,0,1966,"0"
3325,42,34,1966,"0"
26259.2,1243,0,1963,"0"
31868,1391,1,1961,"0"
29257,1694,9,1959,"0"
34184.49,1390,9,1957,"0"
4954.2,256,29,1956,"0"
72465.64,2803,6,1949,"0"
115494.96,4328,1,1948,"0"
4794.76,530,22,1947,"0"
20159.9,967,2,1946,"0"
15462.78,1127,20,1946,"0"
82929.6,3122,1,1942,"0"
1993.8,26,1,1940,"0"
6810.8,119,59,1940,"0"
2049,56,24,1939,"0"
1934.7,94,59,1934,"0"
2885.2,125,28,1927,"0"
8572.6,518,13,1926,"0"
4142,224,14,1926,"0"
20307.75,422,2,1925,"0"
2615,35,7,1919,"0"
3283.6,126,38,1917,"1"
5325,158,52,1954,"0"
2705,60,21,1953,"0"
3235.8,100,52,1945,"0"
8920.4,256,41,1942,"0"
10050.2,510,2,1953,"0"
128823.4,6941,1,1961,"0"
20345,314,14,1960,"0"
34727.24,1184,8,1959,"0"
38375,540,6,1962,"0"
3715,316,8,1961,"0"
3018,91,30,1959,"0"
4989,235,15,1956,"0"
14160,190,14,1955,"0"
22922,863,2,1917,"0"
2234,240,50,1914,"0"
4612,212,13,1913,"0"
21653.4,969,2,1925,"0"
10366.79,233,2,1918,"0"
16404.14,551,0,1918,"0"
10684.2,462,16,1949,"0"
2430.8,206,42,1949,"0"
3784.2,325,10,1947,"0"
7008.8,371,22,1946,"0"
2271,137,27,1945,"0"
1004.8,50,6,1940,"0"
5553.8,185,24,1933,"0"
9178,826,7,1928,"0"
8496,392,23,1926,"0"
18918.3,818,6,1917,"0"
10599,604,29,1948,"0"
55165.8,5097,23,1946,"1"
5569.6,517,51,1946,"0"
7736.4,658,58,1939,"0"
62620.8,2046,3,1933,"0"
29894.6,881,2,1941,"0"
5958,178,27,8032,"0"
2675,97,42,1928,"0"
14982,260,16,1926,"0"
15836,250,0,1918,"0"
12296,634,16,1940,"0"
19215.08,1563,13,1918,"0"
9342,534,15,1918,"0"
10637,867,9,1917,"0"
46861,1088,2,1934,"0"
1592,91,44,1934,"0"
43989,1084,1,1920,"0"
6818.6,98,21,1918,"0"
2354,67,42,1918,"0"
21116,1067,2,1948,"0"
20502.18,740,14,1947,"0"
22606,308,29,1947,"0"
21378.2,710,1,1946,"0"
3851,65,0,1942,"0"
33347.6,1477,8,1907,"0"
69071,2547,2,1961,"0"
7520,210,1,1955,"0"
7636,259,2,1953,"0"
2684,154,35,1948,"0"
18489.2,570,9,1940,"0"
7790.4,244,8,1959,"0"
1866,53,34,1959,"0"
20741,588,1,1955,"0"
4487.4,140,21,1955,"0"
16144,450,6,1954,"0"
6996,204,44,1949,"0"
21188,891,14,1953,"0"
1190,69,30,1953,"0"
29207,571,2,1952,"0"
3928,153,44,1949,"0"
36980.13,1283,3,1949,"0"
9600,111,43,1948,"0"
4010,51,30,1947,"0"
1674,46,8,1935,"0"
844,24,34,1932,"0"
10883.1,301,8,1911,"0"
6270,341,27,1910,"0"
10552,250,31,1912,"0"
5906.6,268,21,1911,"0"
2282.8,116,28,1910,"0"
1574,89,50,1940,"0"
13629,530,41,1932,"0"
36119,397,6,1921,"0"
7044,101,23,1906,"0"
12185,127,15,1939,"0"
33904,449,2,1938,"0"
7950.8,230,13,1949,"0"
92580,2084,6,1947,"0"
69804,993,3,1914,"0"
81575,4305,6,1914,"0"
360,10,8,1913,"0"
13782,308,13,1924,"0"
19544.8,1006,6,1914,"0"
7111,150,2,1914,"0"
1791,76,9,1913,"0"
17902.35,730,8,1913,"0"
9296.8,111,58,1911,"0"
43904,612,6,1911,"0"
2420,117,9,1911,"0"
4237,187,15,1911,"0"
8120,458,21,1907,"0"
22060,242,2,1926,"0"
31003.95,985,2,1948,"0"
723,21,30,1927,"1"
7289.6,220,0,1920,"0"
38384.8,1888,8,1925,"0"
2432,70,13,1931,"0"
13592,384,6,1928,"0"
2881.6,148,31,1927,"0"
7052.6,756,2,1926,"0"
18626,877,0,1925,"0"
1078,37,10,1912,"0"
14519.4,1052,16,1906,"0"
4272.4,214,16,1910,"0"
22603.62,558,1,1946,"0"
2814,151,2,1942,"0"
3260,161,14,1938,"0"
7310,104,31,1935,"0"
8523.6,468,9,1933,"0"
2350,31,0,1942,"0"
4722,174,10,1942,"0"
39905,384,1,1941,"0"
26895.8,1156,7,1941,"0"
14040,178,36,1940,"1"
4924,98,3,1899,"0"
7910,98,7,1949,"0"
9732,263,1,1949,"0"
29236.6,902,2,1927,"0"
24529.6,721,23,1926,"0"
1482,85,31,1926,"0"
7532,280,28,1947,"0"
10050,129,0,1947,"0"
15487,469,27,1947,"0"
1749.6,55,34,1943,"0"
79077.57,2760,10,1938,"0"
7828.2,185,42,1935,"0"
6112,96,8,1933,"0"
18577.6,668,1,1933,"0"
18309,1105,13,1946,"0"
2130,192,9,1938,"0"
3580,49,16,1928,"0"
1580,20,38,1927,"0"
5090,68,22,1927,"0"
16730.63,978,13,1898,"0"
39988.6,1487,3,1945,"0"
8568.4,442,7,1945,"0"
13023.4,385,27,1940,"0"
2960,38,48,1939,"0"
19679.2,655,3,1938,"0"
2492.4,128,29,1936,"0"
6817,175,59,1942,"1"
6710,205,21,1938,"0"
2166,31,20,1935,"0"
57535.8,4232,6,1898,"0"
18212.4,749,16,1897,"0"
1450,28,27,1924,"1"
8134.6,933,0,1920,"0"
10763,465,1,1928,"0"
162551.6,7609,2,1928,"0"
24936.8,760,0,1926,"0"
23214.8,689,7,1925,"0"
5649,269,3,1921,"0"
1679,97,30,1904,"0"
16154.8,653,8,1919,"0"
22980,278,1,1896,"0"
3463,208,0,1893,"0"
3680,57,13,1910,"0"
9680,541,8,1905,"0"
170389.2,8293,2,1915,"0"
128215.2,6328,1,1914,"0"
21076.6,1044,3,1914,"0"
122742.4,6470,2,1914,"0"
7164,101,22,1914,"0"
4926.8,131,1,1933,"0"
19938,269,7,1932,"0"
15183.4,490,6,1928,"0"
32677.2,911,6,1928,"0"
6850,96,28,1939,"0"
3719,150,8,1936,"0"
3582.4,115,44,1934,"0"
3816,109,10,1928,"0"
15179,504,10,1927,"0"
3268,105,35,1926,"0"
5674,164,0,1920,"0"
22800.2,716,6,1918,"0"
13773,435,6,1917,"0"
19634.2,631,43,1912,"0"
36769.95,931,10,1911,"0"
23505.4,601,10,1911,"0"
5616,320,44,1907,"0"
3309.6,98,29,1905,"1"
7340,98,21,1904,"0"
21469.7,846,0,1926,"0"
8954.4,242,14,1926,"0"
2784,76,42,1926,"0"
20318.2,549,0,1925,"0"
2550,74,3,1916,"0"
20013.8,1335,22,1913,"0"
6424,226,22,1918,"0"
2212,92,31,1916,"0"
7421.4,515,5,1914,"0"
8595.2,116,23,1913,"0"
11933,653,8,1894,"0"
6834,349,2,1897,"0"
104409.4,4450,21,1893,"0"
2189.2,96,56,1897,"0"
5588,206,33,1895,"0"
45900.4,1627,1,1893,"0"
14246.8,213,1,1892,"0"
41682.6,2084,3,1892,"0"
12422.2,169,2,1902,"0"
5486,225,27,1899,"0"
2243,129,2,1898,"0"
22114.4,423,14,1898,"0"
4891,281,56,1896,"0"
16130,191,43,1896,"0"
14670,198,9,1886,"0"
9690,150,9,1885,"0"
29124.93,910,6,1920,"0"
25131.6,398,1,1912,"0"
13162,477,14,1912,"0"
29329,433,6,1906,"0"
2067,119,2,1925,"0"
4220,111,6,1918,"0"
69908,4912,9,1917,"0"
9000,107,52,1916,"0"
240,7,45,1919,"1"
1618,69,33,1919,"0"
12061.8,309,21,1918,"0"
44029.2,1199,0,1917,"0"
3886,113,34,1917,"0"
29257,1392,14,1927,"0"
19054.4,654,10,1927,"0"
8874,248,41,1925,"0"
17945.2,511,7,1918,"0"
7099,107,1,1915,"0"
744.6,47,9,1920,"0"
17088,233,15,1920,"0"
9858.4,295,10,1920,"0"
24445,1002,1,1919,"0"
9010,518,23,1918,"0"
2734,91,51,1917,"0"
14418,792,16,1913,"0"
39635,397,1,1911,"0"
3205,124,8,1910,"0"
3477,86,13,1925,"0"
1325,26,20,1920,"0"
5201.2,170,31,1918,"0"
9710.63,325,15,1912,"0"
29648.4,846,3,1906,"0"
17462.4,751,22,1906,"0"
18628,559,0,1887,"0"
18670,559,10,1885,"0"
110361.8,3258,2,1883,"0"
41845,1873,8,1904,"0"
5192,241,14,1907,"0"
6328,340,10,1890,"0"
10215.6,698,6,1890,"0"
3750.8,170,9,1889,"0"
6190.16,376,16,1913,"0"
993.6,59,29,1910,"0"
11445,149,6,1907,"0"
10057.2,254,28,1906,"0"
9065.2,144,35,1906,"0"
56987.9,3967,3,1890,"0"
15441,1166,20,1886,"0"
14902.4,685,22,1912,"0"
480,20,28,1911,"0"
3171.8,166,15,1877,"0"
17464.8,587,1,1892,"0"
5095.6,230,37,1883,"0"
2710,32,20,1896,"0"
7578.8,306,15,1893,"0"
7987,119,9,1892,"0"
19608.4,1074,1,1891,"0"
10950,303,21,1913,"0"
18228,521,3,1912,"0"
4830,97,2,1890,"0"
28835.8,1242,3,1884,"0"
6871.6,218,1,1878,"0"
22103,316,6,1877,"0"
42260,535,3,1892,"0"
5572,142,41,1891,"0"
7683,317,36,1890,"0"
40012,2578,1,1890,"0"
16636,1145,21,1896,"0"
7705,107,6,1891,"0"
32985,408,9,1890,"0"
31817.6,1411,1,1889,"0"
5055,60,13,1883,"0"
8556,131,3,1911,"0"
21936.2,642,8,1913,"0"
3060,41,20,1878,"0"
3565.5,76,28,1877,"0"
6646.8,77,41,1892,"0"
30651,523,1,1891,"0"
9940,127,7,1890,"0"
1540.6,44,16,1889,"1"
2150,122,41,7715,"0"
12127.6,589,6,7715,"0"
81064,1130,6,7715,"0"
12980,172,1,7715,"0"
2493,100,50,7650,"0"
1122,55,59,7650,"0"
72074,4182,3,3283,"0"
17682.8,815,7,7650,"0"
3182,182,59,3209,"0"
27954.8,1592,0,7650,"0"
2526.2,182,21,3286,"1"
14809,449,2,3286,"0"
11197.58,377,7,3275,"0"
102249.2,4358,3,3285,"0"
9912,808,1,3275,"0"
12572.4,1035,15,3275,"0"
65599.8,3250,2,3286,"0"
83954,3262,0,3282,"0"
9481.8,483,1,3282,"0"
35622,1051,6,3275,"0"
3116.4,148,21,7715,"0"
146145.35,3936,6,3283,"0"
4406,161,8,3283,"0"
55163,1831,0,3286,"0"
14374,821,0,3286,"0"
12641,603,50,3286,"0"
9286,430,1,7715,"0"
6172.4,552,15,3285,"0"
21629.6,989,2,7715,"0"
4238,212,10,7715,"0"
12425.76,267,15,3284,"0"
3906,186,7,3282,"0"
4756,62,31,3284,"0"
800430,46049,1,3283,"0"
34640.82,659,1,3283,"0"
4290.85,94,49,3285,"0"
3536,202,36,7688,"0"
3148.4,149,42,7688,"0"
11752,545,10,7688,"0"
6035.4,273,10,7688,"0"
2491,144,22,7688,"0"
24873.6,659,2,3286,"0"
25038.6,931,2,7688,"0"
9563.8,548,9,7688,"0"
12942,676,9,7688,"0"
13091,394,20,3284,"0"
2810,171,20,7688,"0"
23799.2,1109,10,3254,"0"
12589.2,709,52,7688,"0"
1875,107,3,7688,"0"
1033,60,30,7688,"0"
6699,215,1,3289,"0"
2714,134,0,3292,"0"
9170,405,8,3291,"0"
2982,152,41,3290,"0"
17799,1242,2,3290,"0"
8725.6,449,6,3291,"0"
13588.4,745,2,3291,"0"
16155.9,1439,16,3293,"0"
43983.4,2955,0,3291,"0"
23261,661,13,3293,"0"
27935.4,1344,0,3293,"0"
10258,509,8,3292,"0"
5060,63,36,3292,"0"
805.2,32,21,3283,"1"
3734,158,34,3293,"0"
30874.6,1376,1,3293,"0"
41291.4,1934,7,3292,"0"
9694,559,27,7716,"0"
4654.6,260,9,7716,"0"
2534,143,31,7651,"0"
5712,302,48,7716,"0"
31910.8,1380,3,7651,"0"
1424,81,7,7651,"0"
2808,119,45,7651,"0"
17100,210,21,3291,"0"
7548,430,45,7651,"0"
2236,127,3,7651,"0"
4271,207,7,7651,"0"
7251,413,16,7651,"0"
2136,89,23,7651,"0"
2765,158,41,7716,"0"
37416.4,1580,48,7651,"0"
8168.8,125,6,3275,"0"
2948,44,48,3297,"0"
67540,5342,0,7651,"0"
161237.84,8406,1,3298,"0"
850,40,3,3296,"0"
235208.2,12413,1,3299,"0"
1586.8,81,0,3298,"0"
10955.2,367,13,3299,"0"
3508.6,93,14,3269,"0"
5360,309,9,7651,"0"
3635,41,13,3296,"0"
14600,208,1,3290,"0"
3202,43,2,3290,"0"
6271,301,23,3290,"0"
4672,266,2,3290,"0"
2303,154,36,3290,"0"
8820,112,16,3297,"0"
35602.8,432,2,7650,"0"
14282,598,35,7650,"0"
4451,256,22,3268,"0"
31050,459,0,3299,"0"
4220,58,30,7650,"0"
46090,573,2,7650,"0"
12235,160,1,7650,"0"
7264.5,190,0,7650,"0"
9820,100,9,7650,"0"
7975,94,27,7650,"0"
40278,582,1,7650,"0"
20117.2,513,24,7650,"0"
989.39,24,15,3282,"0"
5860,306,13,3255,"0"
3744,218,8,3307,"0"
7492.95,265,48,7650,"0"
6179,259,24,3303,"0"
6540,358,31,3307,"0"
7739,198,7,3307,"0"
1354,78,21,3306,"0"
37315,465,24,7650,"0"
3135.8,90,36,7650,"0"
8748.87,171,8,7650,"0"
22608,1111,52,3307,"0"
2963,169,2,7716,"0"
1207,63,50,3289,"0"
2622.6,117,36,7716,"0"
4712,246,31,3305,"0"
177940,2283,3,3306,"0"
23586.2,824,9,3305,"0"
66600.21,1995,2,3304,"0"
113984,4985,0,3306,"0"
4334,249,27,7716,"0"
37063,789,5,3307,"0"
5806.8,203,3,7716,"0"
8448.2,320,0,3304,"0"
14498.4,688,6,7651,"0"
2173,124,1,7716,"0"
619960,19250,2,7716,"0"
6744.4,344,9,7716,"0"
1887,100,0,7716,"1"
1684,97,29,7716,"0"
1415,81,56,7716,"0"
47416,593,2,3305,"0"
5358,160,16,3207,"0"
9151.14,165,1,3307,"0"
5992.4,89,2,3307,"0"
537,30,14,7716,"0"
4731,240,13,3304,"0"
15464.2,728,0,7716,"0"
35522.95,999,20,3307,"0"
8015.6,311,21,7716,"0"
38780.15,1025,0,3307,"0"
28749.2,861,6,3307,"0"
10636.8,342,1,3305,"0"
28668,1154,30,7688,"0"
10954,351,43,3289,"0"
14359.2,580,16,7688,"0"
16477,458,8,3289,"0"
6267,332,43,7688,"0"
736,41,42,7688,"0"
3804,189,20,7688,"0"
4620,44,15,7688,"0"
15072.2,585,9,3304,"0"
127501.9,1804,0,7688,"0"
15670,181,21,7688,"0"
5802.2,250,1,7688,"0"
2906,165,42,7688,"0"
11580,117,16,7688,"0"
1949,110,29,7688,"0"
4977,284,1,7688,"0"
1547,82,2,7688,"0"
8262,364,2,7688,"0"
4350,250,38,7688,"0"
2061.6,55,23,3314,"0"
1254,48,15,3312,"1"
2862.4,139,31,3314,"0"
59420,2083,7,3311,"0"
8261.2,356,8,3275,"0"
3234.78,356,52,3314,"0"
8814.04,522,27,3313,"0"
12802.8,1329,10,3313,"0"
55418,2165,3,3312,"0"
10713,628,0,7688,"0"
1720.8,181,15,3313,"0"
4097.6,189,29,3312,"0"
29740,372,3,3314,"0"
7084,112,30,3312,"0"
9340,104,49,3311,"0"
5654.6,290,37,3310,"0"
1432,61,37,3240,"0"
5742,269,45,3313,"0"
5635,77,22,3313,"0"
9975.8,423,20,3312,"0"
7626,103,28,3312,"0"
37710,888,1,3314,"0"
6605,94,1,3310,"0"
3094,153,10,3314,"0"
19233.55,423,37,3312,"0"
8540,136,29,3311,"0"
1227.35,25,31,3311,"0"
3636,97,50,3311,"0"
8126.4,811,6,3311,"0"
8910,109,6,7727,"0"
1904,98,15,7680,"0"
2210.8,119,15,7680,"0"
2905,167,7,7680,"0"
3553,169,14,7680,"0"
1675,42,27,3321,"0"
1338,76,38,7680,"0"
42577.69,695,1,3317,"0"
11360,111,20,7680,"0"
20201,291,9,3321,"0"
1905,116,43,3321,"0"
7128.6,194,0,3320,"0"
1390,80,57,7680,"0"
17260,226,28,3317,"0"
29238.8,1131,10,3318,"0"
3720,293,15,3317,"0"
19356,821,3,3317,"0"
6819,337,15,7680,"0"
1326,75,22,7680,"0"
8315,103,6,3321,"0"
4086,90,38,3318,"0"
4446,236,27,3317,"0"
25590.2,1099,13,7680,"0"
1717,98,35,7680,"0"
8684,481,1,3318,"0"
9546,403,8,3321,"0"
6577,377,13,7680,"0"
3587,205,3,3320,"0"
3965,45,31,3320,"0"
52760,4483,0,7680,"0"
2818,81,36,7680,"0"
2164,95,15,3318,"0"
4116,118,36,7680,"0"
5305,73,55,3319,"0"
8623.4,269,6,3318,"0"
4283.4,233,43,3319,"0"
8636,451,28,3320,"0"
2877,156,8,7680,"0"
3773,202,20,7680,"0"
3269.8,151,57,7680,"0"
6246,286,9,7461,"0"
6689,130,13,7461,"0"
9095,131,24,7461,"0"
5610,236,13,7461,"0"
3657,163,31,7461,"0"
1903,109,41,7461,"0"
4426,194,38,7461,"0"
1672,101,59,7461,"1"
2030,116,52,7461,"0"
4669,268,29,7461,"0"
8079.8,276,50,7461,"0"
2848,132,59,7461,"0"
8148.8,470,1,7461,"0"
1440,83,49,7461,"0"
3421,196,3,7461,"0"
16638,710,15,7461,"0"
2518,150,1,7461,"0"
9588.8,686,8,3324,"0"
41546.95,1815,1,3236,"0"
4168,176,37,7461,"0"
3728,127,8,3326,"0"
13872,555,10,3327,"0"
7780,95,50,3325,"0"
3765,51,28,3327,"0"
23995,294,1,3326,"0"
3838,193,28,7461,"0"
18948.8,1126,21,3326,"0"
20010,1071,0,7461,"0"
15119,252,37,3317,"0"
1556,89,36,3328,"0"
1189.2,40,20,3325,"0"
2035,29,22,3324,"0"
36980,390,8,3327,"0"
8270,108,27,3325,"0"
8296,370,15,3324,"0"
16169,408,1,3327,"0"
7722,614,0,3324,"0"
44928.66,2076,1,3324,"0"
28215,434,2,3324,"0"
4678,199,1,3208,"0"
43976.6,1359,1,3310,"0"
16844.2,569,0,3333,"0"
3722,217,55,3331,"0"
39676.4,2211,3,3331,"0"
35352.9,1171,6,3324,"0"
6810,87,27,3333,"0"
4407,208,24,3333,"0"
9567.6,424,15,3332,"0"
15445,176,150,3333,"1"
16870,265,1,3333,"0"
34285,707,2,3331,"0"
2482,120,30,3335,"0"
14712.64,872,12,3331,"0"
8454.8,513,22,7680,"0"
2208,98,30,3324,"0"
2655,31,51,7680,"0"
3085,140,8,3335,"0"
2743,158,35,3331,"0"
4386,136,7,3331,"0"
2771,253,47,3332,"0"
9390,165,8,3335,"0"
29556.8,2768,13,3333,"0"
31820,1670,1,3331,"0"
4077,214,30,3332,"0"
11412.2,393,2,3333,"0"
43175,610,6,3328,"0"
1245,17,42,3335,"1"
59519.2,2935,3,3334,"0"
2705,31,3,3332,"0"
1870,33,120,3335,"1"
7130,396,24,3335,"0"
5620,75,44,3334,"0"
3425,35,36,3341,"0"
8684,124,6,3341,"0"
4863,293,30,3340,"0"
1213,70,44,3317,"0"
7891.6,417,0,3340,"0"
2759.8,192,43,3340,"0"
9231.4,1252,23,3209,"0"
17709.8,1230,6,3051,"0"
3343.4,274,42,3045,"0"
5079.2,238,59,3045,"0"
36532.25,1286,3,3341,"0"
16522,471,3,3341,"0"
29474,617,3,3340,"0"
7435.4,185,9,3340,"0"
4857.2,247,34,3340,"0"
54854,2504,0,3340,"0"
3042,168,14,3339,"0"
385.2,18,41,3342,"0"
70844,1326,0,3340,"0"
25190.4,852,3,3338,"0"
9684,382,21,3338,"0"
8144.4,327,20,3332,"0"
13553.6,523,27,3340,"0"
2816,119,37,3332,"0"
19242,872,7,3332,"0"
75535.4,2751,6,3342,"0"
1437,83,21,3340,"0"
4123,53,48,3338,"0"
2226,118,44,3208,"0"
2143,123,14,3207,"0"
13540,427,6,3338,"0"
5135,134,37,3338,"0"
10123.4,563,9,3275,"0"
3856,176,49,3331,"0"
154376.9,2992,3,3240,"0"
14603.2,391,2,3342,"0"
8162.25,283,35,3324,"0"
1115.8,116,9,3209,"0"
1235,70,31,3341,"0"
3642,167,22,3331,"0"
2635.6,75,52,3331,"0"
30958.6,962,6,3303,"0"
34013.3,1069,3,3339,"0"
9862,521,0,3342,"0"
5791,140,47,3342,"0"
22191.98,791,1,7680,"0"
2992,54,15,7680,"0"
12459.29,301,29,7680,"0"
11650,160,8,7680,"0"
8610,93,14,7680,"0"
40990,3554,7,7680,"0"
7862.6,386,21,3331,"0"
6945,70,6,3347,"0"
25611.6,828,2,3345,"0"
4221,51,14,7680,"0"
1644.2,79,31,3346,"0"
829.6,41,24,3317,"0"
9128.36,939,8,3349,"0"
9494,158,14,3346,"0"
3155.58,263,1,3338,"0"
9200.8,313,0,3338,"0"
52587,5475,6,3324,"0"
3367,198,3,7727,"0"
775,45,37,7727,"1"
8495.2,470,21,7727,"0"
12436,694,3,7727,"0"
60114.2,2623,1,3348,"0"
6427,367,22,7727,"0"
23011.6,914,13,3338,"0"
5772.8,330,44,7727,"0"
8165.6,486,42,3348,"1"
1793.4,94,21,7727,"0"
3611,207,35,3205,"0"
15631.4,848,14,3205,"0"
62488.8,3296,8,7727,"0"
5917,289,10,3310,"0"
41360.63,928,1,3207,"0"
11984.6,617,0,3349,"0"
7444,507,30,3347,"0"
4890,63,51,7727,"0"
9740,122,45,7727,"0"
12961.6,441,13,7727,"0"
81053,2756,2,7727,"0"
14185,181,15,7727,"0"
14890,706,31,7433,"0"
1920,110,41,7433,"0"
5234,235,2,7433,"0"
3829,186,9,7433,"0"
2820,161,10,3352,"0"
3713.8,179,2,7433,"0"
12078,692,2,3354,"0"
6300,62,16,3346,"0"
2333,64,57,3354,"0"
83190,4011,7,7433,"0"
18549,334,6,3354,"0"
22044.2,678,1,3356,"0"
8223,83,2,7433,"0"
8040,85,20,7433,"0"
5705,67,21,7433,"0"
21115.55,231,2,7433,"0"
27850,415,6,7433,"0"
32662.6,1098,6,7433,"0"
6910,84,2,7433,"0"
18921,612,8,7433,"0"
11936.4,523,13,3360,"0"
3045,86,51,7433,"0"
1646458.4,36975,6,7433,"0"
6540,97,36,7433,"0"
31226.4,332,22,3363,"0"
14699,807,3,3353,"0"
1150,23,15,3362,"0"
9040.4,540,10,3362,"0"
30914.4,1353,10,3359,"0"
5342.4,299,14,3359,"0"
36195,430,10,3363,"0"
3678,281,7,3359,"0"
2710,28,50,7433,"0"
1027,28,34,3363,"0"
18595.6,939,2,3356,"0"
68566.85,3146,2,3361,"0"
24570.4,612,13,3356,"0"
7899,153,0,3361,"0"
28935,352,3,7433,"0"
22320,299,13,3363,"0"
47385,549,0,7404,"0"
2470,103,31,3362,"0"
3845,41,37,7433,"0"
11425,162,13,7433,"0"
18814.19,322,2,7433,"0"
14427.6,955,8,3355,"0"
6317,128,2,3362,"0"
24963,556,51,7433,"0"
770.4,65,55,3356,"0"
61232,6402,0,3356,"0"
75190,816,6,7433,"0"
20494,237,2,7433,"0"
27447.8,1417,2,7433,"0"
23960,294,9,7433,"0"
1082.6,62,51,3362,"0"
23735,287,2,3361,"0"
11218,178,1,3362,"0"
30904.35,557,0,3361,"0"
7340,344,23,3360,"0"
12065,183,57,7433,"0"
71329,1173,3,3356,"0"
59160,719,6,3359,"0"
7025,90,24,7433,"0"
5909,338,44,7433,"0"
8386,337,51,7433,"0"
10208,438,52,7433,"0"
6654,259,41,7433,"0"
6048,310,22,3369,"0"
11619.57,214,43,3356,"1"
7737,317,1,3355,"0"
17765.4,749,13,7433,"0"
14268,230,2,3369,"0"
17959.2,214,15,3370,"0"
3687,79,15,7433,"0"
11114.65,338,2,3368,"0"
2935.6,316,51,3366,"0"
15808.6,662,0,3367,"0"
2083,82,56,2957,"0"
10830,132,14,3369,"0"
18112.8,341,8,3368,"0"
5002.4,260,28,3370,"0"
5782.8,337,14,3369,"0"
33171,1467,16,7433,"0"
1284.8,41,6,3367,"0"
14568,834,21,3367,"0"
23220,234,0,3368,"0"
20690,251,9,3368,"0"
1314,65,55,3345,"0"
13185,147,10,3360,"0"
3972,95,20,3368,"0"
588,20,29,3368,"0"
25271,914,13,3369,"0"
3879,72,30,3369,"0"
6600,275,35,3368,"0"
2352,236,1,3370,"0"
28578.51,1969,5,3366,"0"
7601,109,7,3368,"0"
3924.2,114,59,3370,"0"
517807.8,17296,0,7404,"0"
10565,115,5,7404,"0"
18043,372,7,7404,"0"
17975,230,10,7404,"0"
30662,369,2,7404,"0"
37965,446,6,7404,"0"
27120.75,378,7,7404,"0"
51641.05,755,0,7404,"0"
740,23,48,7404,"0"
5690,67,31,7404,"0"
25583,787,27,7404,"0"
28095,341,14,7404,"0"
24795,280,10,3376,"0"
11865,113,2,3373,"0"
34025,434,9,3377,"0"
41779,1469,0,3376,"0"
9476,543,1,3376,"0"
8373.8,501,7,3347,"0"
36006,449,6,3375,"0"
2190,90,51,3377,"0"
4373,152,9,3377,"0"
5529,229,21,3375,"0"
10307,270,3,3375,"0"
36267.2,1352,1,3367,"0"
27201.6,364,9,3375,"0"
10645,186,38,3375,"0"
26045,748,10,3375,"0"
33673.4,1373,0,3374,"0"
29135,375,28,3376,"0"
3820,210,2,3373,"0"
25933.63,407,0,3376,"0"
42839.07,1296,8,3352,"0"
21275,244,44,7391,"1"
43136.9,821,0,7391,"0"
3406,96,23,3374,"0"
13090,164,14,3377,"0"
1625,22,41,3376,"0"
10373.1,1221,14,3377,"0"
2966.6,418,2,3377,"0"
10247.6,315,0,3375,"0"
5525,316,21,3373,"0"
14270,181,0,3376,"0"
138883.2,6219,0,3375,"0"
2748,78,20,3376,"0"
5950,74,9,3380,"0"
2647,91,30,3374,"1"
55154,1615,2,3381,"0"
8644.8,10237,0,3384,"0"
2418,104,27,3384,"0"
2529.2,55,48,3383,"0"
62285.2,2038,3,3383,"0"
4765,66,38,7387,"0"
10405.6,420,22,3382,"0"
9145,131,2,3380,"0"
51546,1328,14,3380,"0"
8716,156,7,3383,"0"
15814.6,595,3,3384,"0"
18611,320,3,7433,"0"
5450.4,261,6,3381,"0"
9242.4,383,8,3381,"0"
1708,98,29,7433,"0"
8415,104,2,3373,"0"
12145.4,550,13,3383,"0"
1155,28,20,3381,"0"
43084,1236,0,7433,"0"
14103.92,3549,13,3382,"0"
17248,831,8,3381,"0"
4008,182,10,7433,"0"
5122,81,8,3381,"0"
1276.8,48,43,3384,"0"
8146.46,178,10,3383,"0"
1460.8,74,8,3373,"0"
44944,1817,2,7433,"0"
31308.8,1265,0,7433,"0"
81784.8,3284,0,7433,"0"
20066,1081,1,7433,"0"
16576,579,0,7433,"0"
11837,677,14,7433,"0"
4964,283,14,7433,"0"
10458,307,29,3353,"0"
15737,825,0,7433,"0"
4194,169,27,7433,"0"
2055,117,10,7433,"0"
4385,250,10,7433,"0"
7597.2,310,0,7433,"0"
2645,96,23,3387,"0"
9487.2,256,6,3354,"0"
3055,181,21,7433,"0"
10764,286,41,3352,"0"
912,38,28,7433,"0"
2912,164,44,7433,"0"
67181,2736,1,7433,"0"
5020,144,28,3387,"0"
3387.2,185,31,7433,"0"
6292,187,38,3353,"0"
8480.6,850,8,3353,"0"
5517.6,295,9,3388,"0"
6186.4,551,23,3388,"0"
3751.2,53,58,3390,"0"
1915,31,41,3390,"0"
41594,3829,2,3390,"0"
4544.12,259,38,3390,"0"
1856.4,164,27,3389,"0"
9113.4,139,1,3355,"0"
8637.2,517,6,3354,"0"
4637.2,210,43,7433,"0"
36936.2,833,13,3352,"0"
42525.7,2168,8,3206,"0"
20269,1019,14,3205,"0"
5512,161,22,7404,"0"
4265,51,10,3048,"0"
4485.6,309,3,3045,"0"
2208,127,38,7433,"0"
3182,112,28,3388,"0"
20056.6,1664,9,3391,"0"
22245.6,592,9,3374,"0"
34840,4260,0,3367,"0"
8718,498,24,7433,"0"
6755,107,1,3359,"0"
6082,207,30,3359,"0"
6680.8,347,10,7433,"1"
63481.6,2442,2,7433,"0"
2422.4,74,0,7404,"0"
3133,179,15,3388,"0"
800,14,38,3387,"1"
4502,240,2,3359,"0"
28470,464,8,3389,"0"
2685.84,64,9,3390,"0"
30636,901,16,3359,"0"
384524.4,16405,0,7433,"0"
905,17,15,7404,"0"
1215,83,44,7404,"0"
1755,99,7,7404,"0"
4344,248,31,7404,"0"
12913.2,723,6,7404,"0"
4831,273,49,7404,"0"
5730,161,2,7404,"0"
18728.6,661,31,7404,"0"
2679,153,28,7404,"0"
5155,296,7,7404,"0"
15512,418,3,7404,"0"
5162.8,137,2,7404,"0"
5968.8,217,34,7404,"0"
4668,267,8,3388,"0"
3700,370,21,3388,"0"
5267,99,2,3397,"0"
3724,209,14,7404,"0"
363835.35,12408,6,3394,"0"
10072,535,3,3395,"0"
3718,162,44,3398,"0"
129529,6337,0,3398,"0"
7628,189,44,3396,"0"
233024,10199,0,3397,"0"
37088.4,1679,13,3396,"0"
7885,114,59,3398,"0"
15261.6,769,0,3397,"0"
3484,201,23,7404,"0"
7480,144,3,3396,"0"
1428,81,34,3387,"0"
6663.2,212,38,3395,"0"
9101.15,181,6,3397,"0"
170288.7,7699,1,7404,"0"
6144.2,232,50,3405,"0"
4729,271,23,3402,"0"
4184,239,15,3395,"0"
23758.71,702,3,3346,"0"
17390.6,871,0,3402,"0"
6189,344,2,3403,"0"
7552,434,13,7404,"0"
2214.2,135,22,3405,"0"
4127.2,164,1,3398,"0"
17070,228,23,3404,"0"
50090,1140,6,3398,"0"
10945.2,432,9,3396,"0"
7092,218,35,3402,"0"
6631.6,173,14,7404,"0"
19420.2,721,6,7404,"0"
22808,1045,12,3401,"0"
9472.8,454,44,3404,"0"
2289.6,30,8,3401,"0"
41752.26,1126,1,3405,"0"
24332,703,13,3411,"0"
25353.57,561,3,3411,"0"
13870.9,229,16,3410,"0"
23938,368,16,3410,"0"
37628,2148,2,7688,"0"
7286,548,8,3412,"0"
1188,68,13,3401,"0"
13257.4,347,30,3411,"0"
2916.4,162,41,3412,"0"
7460,331,50,3410,"0"
15530,166,37,3375,"0"
8132.8,437,28,3409,"0"
61803.2,796,1,7650,"0"
6848.8,332,9,7391,"0"
10060,121,20,3409,"0"
4995,74,15,3410,"0"
17921.2,377,22,3409,"0"
17905,191,6,7433,"0"
3753.8,263,2,3411,"0"
3117,175,27,3412,"0"
1954.2,110,20,7680,"0"
4502.4,217,52,3410,"0"
34128,1322,0,3412,"0"
19244.4,282,1,3411,"0"
19832,612,28,3411,"0"
88718.6,3717,1,3409,"0"
55272.4,1601,3,3409,"0"
3562,194,6,7680,"0"
8214,475,21,3398,"0"
7024,283,9,3398,"0"
1635,25,34,3409,"0"
35040.97,1529,2,3409,"0"
18806.8,536,23,7680,"0"
2383,128,7,3411,"0"
4354,244,52,3410,"0"
8259.2,232,16,3411,"0"
6070,302,37,3411,"0"
24140,801,6,7680,"0"
37925,538,6,3410,"0"
3849,195,20,7680,"0"
18913.4,719,29,7680,"0"
15475,174,1,7650,"0"
21446.85,277,9,7433,"0"
2188,126,35,7688,"0"
11955,146,28,7433,"0"
10130,130,14,7433,"0"
36896.6,1467,0,7651,"0"
14968.6,500,1,7433,"0"
2358.4,89,30,3416,"0"
2182,121,31,7688,"0"
27010,311,7,3415,"0"
45713.2,2340,9,3419,"0"
7768,311,31,3416,"0"
31237,1084,2,3416,"0"
4263,50,21,3418,"0"
4000.4,122,30,3417,"0"
18621.38,703,2,3346,"0"
11050,325,1,3345,"0"
70995,826,6,3345,"0"
9795,98,23,7650,"0"
6840.2,308,14,3416,"0"
10610,127,7,3416,"0"
1675,89,48,3418,"0"
9266,243,57,7433,"0"
4227.2,327,10,3419,"0"
945.6,38,23,3416,"0"
2569,147,0,3418,"0"
2260,130,56,7433,"0"
530,30,49,7404,"0"
3015,173,35,7404,"0"
10803,321,29,3417,"1"
2090,120,30,7404,"0"
682.8,21,59,7404,"0"
7356,201,3,7404,"0"
24293,326,7,3419,"0"
6090,173,2,7404,"0"
120311.25,4565,2,7404,"0"
8916.8,308,41,7404,"0"
1694,102,6,7404,"0"
2144,123,23,7637,"0"
3505,47,0,3417,"0"
4590,54,15,7637,"0"
2177,126,15,7727,"0"
33734,1575,8,7727,"0"
7024.2,219,37,3417,"0"
42088,466,13,3415,"0"
11246,504,27,7727,"0"
17216,683,16,3419,"0"
36472,665,0,7637,"0"
1220,70,13,7637,"0"
3643,204,13,7637,"0"
9018,98,21,7650,"0"
9148,288,28,7637,"0"
18851,743,13,7637,"0"
2890,165,20,7637,"0"
5801,275,1,7637,"0"
5142,127,9,7637,"0"
5903,216,29,7637,"0"
16926,469,7,7637,"0"
7877.8,289,44,7637,"0"
10995.8,157,14,7637,"0"
9632.6,557,35,7637,"0"
18208,320,29,3409,"0"
202273.3,6253,0,3345,"0"
4237,244,24,3424,"0"
2946.4,190,16,3426,"0"
55403,2284,3,3424,"0"
14057.8,642,21,7688,"0"
37570,513,9,7404,"0"
33317.2,1349,2,3425,"0"
3024,174,7,3424,"0"
4590,60,55,7680,"0"
1756,87,28,3425,"0"
1580,160,42,7637,"0"
1878,107,36,7404,"0"
3683,124,31,3426,"0"
3377,193,35,3425,"1"
4426.8,248,49,3424,"0"
12558,562,3,3422,"0"
1434.2,153,44,3381,"0"
3632,146,43,3347,"0"
13545.8,794,7,7433,"0"
30053.99,553,6,3346,"0"
48605.6,564,3,3425,"0"
4021,231,45,7688,"0"
6106.6,346,22,3423,"0"
5985,113,0,3423,"0"
24405.02,528,2,3415,"0"
8342,459,10,3415,"0"
38900.31,1335,2,3348,"0"
1202279.4,21488,1,3426,"0"
7035.99,247,7,3422,"1"
7964,297,8,7433,"0"
9187.2,197,20,3366,"0"
1530,38,55,7688,"0"
11872,512,3,7460,"0"
10500,140,27,3425,"0"
3779.6,189,8,3423,"0"
1681,95,27,7727,"0"
1520.8,44,5,3398,"0"
6833.2,358,20,3396,"0"
30319.2,1714,2,3426,"0"
25969.2,1398,6,3422,"0"
25868.7,1980,6,3408,"0"
3240.2,169,50,3425,"0"
16785.6,805,15,3418,"0"
6153,246,22,3418,"0"
4454,193,31,3416,"0"
39601,801,1,7680,"0"
23415.4,1125,10,3396,"0"
4398,193,0,7460,"0"
1176,66,29,7688,"0"
13664,394,1,3415,"0"
771,44,7,7404,"0"
15668,750,3,7688,"0"
4455,51,29,3422,"0"
37577.6,1853,7,3397,"0"
1540,53,2,3422,"0"
17051.6,475,9,3415,"0"
10534,305,1,3394,"0"
33081.2,339,7,3394,"0"
2040.2,111,37,3206,"0"
15274,205,1,7680,"0"
8439.6,394,9,3423,"0"
119578.4,4582,0,3396,"0"
6457,186,9,3352,"0"
1950,26,24,7650,"0"
10625,118,43,7650,"0"
17575,214,3,7650,"0"
28299.6,1304,0,3431,"0"
28005.6,1120,10,3430,"0"
8168.26,178,22,7650,"0"
1344,56,14,7727,"0"
15928,619,30,7688,"0"
19093,357,38,7650,"0"
17916,515,24,7404,"0"
18400,780,8,7433,"0"
51125.05,631,6,7433,"0"
1002008,58429,1,7404,"0"
4991.8,203,21,3437,"0"
68530.85,1874,3,3439,"0"
20640,259,24,7727,"0"
14915,1103,30,3438,"0"
5051.6,154,15,7391,"0"
15215.2,633,21,7391,"0"
21548,797,36,7391,"0"
8989.2,357,20,7391,"0"
28630,1821,2,7680,"0"
13050.62,346,8,7680,"0"
8626,493,10,7680,"0"
41458.6,1836,14,7688,"0"
29170,340,1,7433,"0"
21074,589,10,3440,"0"
16125,155,28,7727,"0"
707.6,36,2,3438,"1"
37270,3615,1,3439,"0"
2898,166,37,7716,"0"
4182.4,248,3,3439,"0"
5400,282,37,7688,"0"
10775,121,42,7727,"0"
9909.2,352,23,3437,"0"
4334,160,41,7387,"0"
44350,532,2,3440,"0"
25085,292,10,3440,"0"
2238.8,96,22,7387,"0"
95274.8,1069,6,3439,"0"
12753,741,13,7651,"0"
1335.2,84,7,3440,"0"
3037,175,41,7404,"0"
5309.6,219,0,3440,"0"
5634,263,59,3440,"0"
25368.8,1134,0,3438,"0"
2314.2,129,48,7404,"0"
75067.2,2917,34,7460,"0"
16478.4,862,13,3440,"0"
7593.4,340,14,3440,"0"
4936,141,36,7387,"0"
7484.8,300,31,7637,"0"
2635,27,34,7727,"0"
70812,3185,2,7650,"0"
5193.6,160,7,7404,"0"
49235,533,14,7637,"0"
1220,65,8,7460,"0"
3863,221,21,7404,"0"
20595,268,49,7433,"0"
61258,3514,7,7650,"0"
10630,219,13,7650,"0"
10164,104,30,7686,"0"
4888.2,275,15,3446,"0"
7068,478,20,3432,"0"
11773,675,3,3443,"0"
6095,70,6,7660,"0"
550991.74,16547,1,3445,"0"
34882.6,460,1,3443,"0"
2840,160,9,3439,"0"
14230,193,23,3437,"0"
1561.2,45,1,3437,"0"
44995,524,9,7433,"0"
9818.6,126,16,7645,"0"
1033,60,8,7644,"0"
6148.8,236,13,3443,"0"
7663,363,24,7387,"0"
2472.4,109,56,3437,"0"
6519.1,237,21,3348,"0"
9668,685,16,3347,"0"
5484.4,290,2,3346,"0"
2847.2,274,29,3044,"0"
1400,80,51,7616,"0"
8191.2,397,2,7460,"0"
1044,88,10,3446,"0"
8006,340,21,3446,"0"
47473.33,1322,36,3445,"0"
1255,17,20,3443,"0"
34807.6,1563,2,3443,"0"
1279.8,74,36,3445,"0"
2020,56,36,3445,"0"
10002,275,38,3444,"0"
12314.1,909,29,3446,"0"
48152.1,716,2,3444,"0"
45689.3,942,1,7433,"0"
15456.4,543,36,3432,"0"
26964.6,971,6,7580,"0"
14314,745,7,3429,"0"
40312.8,2266,2,3398,"0"
16499.2,835,6,3397,"0"
6660,76,14,3397,"0"
18757.6,970,20,3396,"0"
54793,1823,6,7433,"0"
73593,4228,6,2813,"0"
30371.4,1255,3,2802,"0"
13396,703,3,7460,"0"
6231.8,207,1,7545,"0"
12645,185,15,7433,"0"
8800.8,503,14,7541,"0"
2976,83,0,3454,"0"
84520.35,1501,0,7433,"0"
35704.6,1497,23,7404,"0"
17322,506,6,7404,"0"
3992.2,227,13,3453,"0"
21364.4,1276,42,3453,"0"
7022,351,0,3453,"0"
17578,1358,2,3444,"0"
1339,81,30,3438,"0"
56390.5,7325,0,3431,"0"
2637,151,9,7404,"0"
12328,181,10,7433,"0"
6907,207,13,3446,"0"
52351,627,1,3451,"0"
3570,35,27,7433,"0"
1680,70,52,7404,"0"
13038,251,38,3444,"0"
42274,1210,2,7404,"0"
4680,76,34,7404,"0"
6826.8,333,24,7404,"0"
31146,1206,1,7428,"0"
14295,175,1,7417,"0"
24494.2,784,0,7404,"0"
28604.8,1237,8,7406,"0"
7063.81,510,3,3453,"0"
7500,1023,24,3446,"0"
11098,576,0,7380,"0"
16715.4,698,36,7380,"0"
16535,216,48,7343,"0"
8487.6,509,6,1882,"0"
16411.15,773,0,1903,"0"
15145,575,51,1899,"0"
3157,181,50,1897,"0"
1990,72,48,1872,"0"
1170.8,53,31,1910,"0"
7551,328,2,1906,"0"
40173,936,0,1906,"0"
10970.4,534,22,1905,"0"
25920,498,3,1905,"0"
4286.2,134,20,1905,"0"
1924,55,1,1900,"0"
2440.2,108,43,1900,"0"
15615.6,222,21,1898,"0"
2349.6,31,42,1898,"0"
7374.8,369,1,1898,"0"
74414.4,2946,9,1897,"0"
3913.2,174,14,1882,"0"
3514,170,0,1879,"0"
9801.2,655,8,1877,"0"
13399,427,9,1876,"0"
9534,302,14,1898,"0"
4187,165,1,1885,"0"
64117,2713,2,1871,"0"
3215,45,22,1870,"0"
5697.8,289,21,1870,"0"
5700,80,9,1877,"0"
8079,144,27,1877,"0"
6827,181,1,1887,"0"
9246.6,464,7,1886,"0"
7094.7,180,14,1910,"0"
3732,78,43,1907,"0"
6336.6,326,40,1905,"0"
8835,112,20,1889,"0"
5480,64,30,1889,"0"
26732.8,815,3,1906,"0"
8685,102,14,1906,"0"
39141,471,6,1904,"0"
41778,2394,0,1903,"0"
19590,211,21,1886,"0"
3552,167,52,1886,"0"
1585,37,35,1882,"0"
1515,89,16,1900,"0"
10880,130,0,1899,"0"
56790.2,1707,3,1899,"0"
33337.6,781,2,1906,"0"
32855.8,1070,1,1904,"0"
8169.8,271,16,1904,"0"
13305,157,27,1896,"0"
810,11,51,1889,"0"
11838.2,358,38,1889,"0"
10608,424,2,1887,"0"
10379,434,7,1886,"0"
1664,77,34,1883,"0"
15095,190,10,1879,"0"
11542,433,14,1879,"0"
2510,48,21,1865,"0"
16035.8,275,8,1870,"0"
18164.89,760,7,1868,"0"
16022.2,658,0,1863,"0"
636,34,22,1876,"0"
47941,1597,3,1869,"0"
5056,247,9,1898,"0"
4584,191,20,1898,"0"
1130,14,51,1896,"0"
2876,137,22,1894,"0"
5658,254,8,1894,"0"
14797.2,616,16,1882,"0"
3165,49,3,1879,"0"
12931.4,578,7,1875,"0"
10189,705,16,1896,"0"
5610.8,224,27,1896,"0"
3462,97,2,1893,"0"
51078,616,6,1885,"0"
24234.4,1216,21,1885,"0"
4166,231,28,1884,"0"
13824.2,437,6,1883,"0"
5435,67,6,1876,"0"
7335.2,527,9,1872,"0"
4730,62,14,1868,"0"
3327,93,3,1864,"1"
27257.4,781,8,1864,"0"
12385.4,309,0,1858,"0"
25501,1369,2,1884,"0"
15345,158,10,1900,"0"
13294.8,444,1,1899,"0"
9560.8,206,24,1896,"0"
8615,96,21,1889,"0"
154724.33,3953,3,1893,"0"
1594,63,49,1892,"0"
38524,1188,6,1889,"0"
26662.4,1073,13,1878,"0"
24883.8,793,8,1889,"0"
4485.8,221,31,1883,"0"
11430.4,347,7,1872,"0"
81998.8,2480,6,1871,"0"
14084.6,324,22,1865,"0"
16147,510,24,1858,"0"
29211.4,456,0,1889,"0"
11643.7,456,9,1875,"0"
31502.76,851,2,1870,"0"
24799.87,671,3,1861,"0"
5844.4,167,8,1854,"0"
2325.2,104,7,1851,"0"
13322,389,9,1831,"0"
6265,340,37,1809,"0"
12009,175,35,1808,"0"
24853.6,1106,1,1802,"0"
1617,92,36,1779,"0"
6806,109,7,1730,"0"
5150,141,22,1859,"0"
7275.8,367,8,1854,"0"
2545,36,21,1854,"0"
66203.76,5115,2,1879,"0"
6352,172,7,1879,"0"
39010.6,1097,22,1877,"0"
6773.4,463,2,1875,"0"
2910,32,0,1872,"1"
7341.6,473,3,1871,"0"
30439.19,915,1,1871,"0"
15309.6,450,28,1870,"0"
2720,85,37,1869,"0"
9525.8,318,27,1851,"0"
6845.6,239,0,1820,"0"
1847.75,53,30,1781,"0"
3542.16,98,57,1864,"0"
5277,256,31,1858,"0"
5945,83,43,1856,"0"
396,12,9,1848,"0"
6295,77,58,1843,"0"
2114,119,49,1843,"0"
35105,1396,0,1864,"0"
1285,79,30,1863,"0"
10778.6,203,14,1858,"0"
2534.8,123,45,1857,"0"
110670,1678,0,1886,"0"
9955.8,363,3,1885,"0"
4866.4,94,8,1883,"0"
5617.2,154,14,1882,"0"
1936,111,56,1879,"0"
1456.07,32,52,1877,"0"
4400,125,2,1872,"0"
2250,64,49,1871,"0"
31780.4,920,1,1871,"0"
7648,432,1,1884,"0"
942,53,13,1883,"0"
3380,40,24,1879,"0"
18747.6,570,20,1878,"0"
20891,1038,8,1878,"0"
8870.6,447,9,1877,"0"
4178.4,214,31,1876,"0"
2655,35,36,1875,"0"
2728,150,0,1856,"0"
570,12,52,1856,"0"
29528,1443,21,1849,"0"
18821.4,859,24,1877,"0"
2680,58,0,1876,"0"
5521,126,24,1875,"0"
23327.35,931,8,1869,"0"
31758,1776,0,1861,"0"
7017.8,410,30,1877,"0"
6090.4,324,31,1890,"0"
7910,339,7,1890,"0"
24929.6,1042,1,1889,"0"
213017.2,4819,2,1879,"0"
3466,99,57,1865,"0"
115886,1830,13,1865,"0"
1442.2,154,55,1865,"0"
12345,148,0,1871,"0"
4968,72,0,1855,"0"
13108.2,208,1,1861,"0"
52175,672,0,1861,"0"
5904,336,3,1841,"0"
3396,194,23,1836,"0"
3302,218,27,1868,"0"
19770,335,13,1865,"0"
16309,646,9,1884,"0"
249812,7264,3,1883,"0"
91794,5214,2,1883,"0"
3584,143,27,1882,"0"
11447.6,554,14,1882,"0"
9534,368,20,1880,"0"
1325.6,130,35,1848,"0"
8502,385,0,1847,"0"
4197,90,2,1864,"0"
25638.5,2742,0,1858,"0"
2555.6,35,52,1855,"0"
9161,132,0,1865,"0"
20295,247,9,1876,"0"
18002.8,838,12,1875,"0"
7019,248,23,1872,"0"
2469,145,42,1870,"0"
9608.4,265,50,1870,"0"
18343.06,516,0,1869,"0"
43734,1831,1,1868,"0"
9284.4,453,20,1866,"0"
183964,10667,58,1865,"1"
20705,1119,7,1865,"0"
8526,395,24,1877,"1"
43567,1141,1,1875,"0"
4593.6,204,0,1830,"0"
4554,257,44,1850,"0"
12476.2,269,7,1843,"0"
934,35,6,1840,"0"
9667,141,2,1840,"0"
35486.8,955,0,1864,"0"
2562,148,59,1864,"0"
3787,217,34,1856,"0"
1850,82,24,1865,"0"
4864.4,225,37,1865,"0"
13337.4,828,0,1862,"0"
88517,5555,3,1847,"0"
11570,162,27,1842,"0"
13760.4,385,3,1842,"0"
3406,119,2,1840,"0"
112484.4,6351,2,1836,"0"
13169.9,642,29,1833,"0"
6357.4,98,22,1849,"0"
21247,240,8,1878,"0"
11574,498,9,1878,"0"
5085,57,42,1876,"0"
93980,5246,1,1871,"0"
2495.6,123,50,1864,"0"
2388,71,22,1877,"0"
7774,212,2,1871,"0"
3362,153,7,1869,"0"
23847.49,423,1,1869,"0"
6394,322,7,1869,"0"
11040,315,0,1866,"0"
13484.6,347,7,1865,"0"
19307.4,504,2,1862,"0"
14050,447,9,1872,"0"
19523,308,2,1871,"0"
4086,179,20,1870,"0"
25449,487,13,1870,"0"
3758,216,50,1869,"1"
5620,64,0,1864,"0"
30450.03,988,1,1863,"0"
10506,902,7,1862,"0"
17625,185,3,1861,"0"
2055,117,43,1857,"0"
5726,233,10,1833,"0"
2080,118,43,1831,"0"
10345,317,16,1831,"0"
9325,123,30,1849,"0"
4784,180,15,1834,"0"
44763,549,0,1824,"0"
7950,127,0,1821,"0"
2619.2,53,43,1808,"0"
20154,280,9,1801,"0"
5151,233,48,1801,"0"
7000,385,51,1781,"0"
3099,65,34,1772,"0"
5391.2,234,14,1765,"0"
15308,170,3,1763,"0"
10985.76,188,14,1746,"0"
49026,670,3,1731,"0"
34589,722,3,1722,"0"
24485.49,616,9,1848,"0"
11191,425,21,1840,"0"
31777.55,1265,10,1858,"0"
20536,949,0,1855,"0"
4706,64,2,1854,"0"
823378.11,25859,0,1848,"0"
58805,2225,3,1828,"0"
28531.6,2464,0,1827,"0"
26734.2,1612,6,1827,"0"
49737,662,6,1870,"0"
4998,99,23,1870,"0"
37332.85,1869,5,1869,"0"
21049.6,647,7,1868,"0"
25585.2,1185,10,1868,"0"
14136,623,1,1866,"0"
714,40,27,1865,"0"
753,21,59,1868,"0"
21864.8,1760,6,1865,"0"
2110,120,16,1861,"0"
4235,45,24,1856,"0"
15536.8,831,0,1842,"0"
137427.35,5896,3,1862,"0"
1316,61,57,1862,"0"
9067,113,24,1855,"0"
7811.6,206,7,1854,"0"
1515,23,38,1848,"0"
34009.8,1811,10,1841,"0"
4585,51,30,1834,"0"
5949.6,313,22,1834,"0"
6729.8,298,0,1856,"0"
12738.6,217,22,1855,"0"
10544,490,1,1851,"0"
5855,102,23,1850,"0"
16756.4,813,28,1848,"0"
2478,41,52,1841,"0"
7378,110,22,1833,"0"
7290.8,298,20,1855,"0"
5007,62,0,1854,"1"
12804.4,828,7,1821,"0"
1563,81,1,1820,"0"
71215,922,6,1819,"0"
7114,257,37,1858,"0"
37790.1,737,1,1854,"0"
29264,1264,7,1851,"0"
4304,123,30,1851,"0"
2707.2,67,7,1850,"0"
6125,79,20,1849,"0"
6184,175,1,1855,"0"
27416,769,1,1864,"0"
25453,1277,2,1863,"0"
8221,438,22,1862,"0"
2728.2,115,29,1861,"0"
8445.2,385,16,1858,"0"
3526.73,70,55,1858,"0"
41429,1526,3,1858,"0"
36242,1418,20,1858,"0"
22711.89,1180,13,1858,"0"
46315,563,7,1851,"0"
29080,357,3,1851,"0"
33663.6,794,27,1850,"0"
27445,365,2,1847,"0"
21749,326,1,1847,"0"
266435.69,8083,0,1847,"0"
9816,645,22,1843,"0"
85636.05,2514,6,1841,"0"
3714,155,21,1838,"0"
19911,340,23,1840,"0"
15438.85,259,6,1862,"0"
56183.4,1231,8,1858,"0"
10868,383,1,1857,"0"
51819.2,3299,6,1857,"0"
3690,171,22,1855,"0"
5306,268,0,1854,"0"
9965,568,1,1857,"0"
41273.2,867,13,1862,"0"
19447.35,643,10,1859,"0"
18560,1325,1,1857,"0"
7700,79,0,1855,"0"
16873.44,480,2,1857,"0"
4928,145,8,1851,"0"
4454,125,7,1849,"0"
25855.8,847,0,1808,"0"
28074.2,912,1,1856,"0"
32128,1400,3,1856,"0"
10124,332,10,1854,"0"
57637.8,4432,6,1854,"0"
2442,92,6,1851,"0"
42862,2452,2,1837,"0"
2392,137,29,1836,"0"
10845,151,13,1843,"0"
29396,1348,15,1843,"0"
27445,395,0,1841,"0"
3065.2,103,30,1819,"0"
12500,293,2,1812,"0"
20648.8,342,14,1820,"0"
2269,80,1,1819,"0"
2097,102,13,1816,"1"
2190,29,59,1815,"0"
101547.1,5346,6,1813,"0"
3573,125,29,1812,"0"
50685,1508,6,1848,"0"
45676.35,1626,35,1848,"0"
47737.5,3217,1,1855,"0"
19968.6,782,9,1854,"0"
2287.6,97,1,1854,"0"
5263.2,250,2,1849,"0"
24033.7,779,3,1841,"0"
554,26,2,1840,"0"
4162.8,313,7,1836,"0"
2678.8,97,48,1833,"0"
8876.6,878,43,1827,"0"
12822.8,790,7,1823,"0"
7132,325,34,1833,"0"
36415.2,1468,20,1840,"0"
20477,235,34,1840,"0"
50193,675,13,1837,"0"
16200,688,1,1837,"0"
9780,117,7,1837,"0"
34840.64,1120,3,1836,"0"
10995.8,445,31,1834,"0"
20732,827,6,1816,"0"
8872,195,28,1837,"0"
15589.6,439,2,1836,"0"
7743,227,10,1835,"0"
7484.4,208,3,1828,"0"
12110.4,341,15,1827,"0"
10189.8,533,22,1827,"0"
25946.8,2854,0,1813,"0"
30975,364,3,1812,"0"
7827.6,455,15,1810,"0"
22865.6,827,7,1809,"0"
1669.4,100,41,1809,"0"
5898,259,24,1808,"0"
2160.4,86,57,1847,"0"
8660,134,42,1844,"0"
192,20,43,1843,"0"
1364,43,31,1841,"0"
2003.4,176,27,1836,"0"
712.8,66,51,1835,"1"
25490.4,1597,50,1835,"0"
2360,32,1,1834,"0"
26677.6,2058,1,1833,"0"
7414,338,20,1849,"0"
13091.8,721,13,1843,"0"
40160,983,1,1843,"0"
2040,44,30,1842,"0"
4359.6,65,3,1841,"0"
12901.6,605,15,1836,"0"
34910,408,2,1833,"0"
2280,105,15,1833,"0"
1328.2,71,20,1816,"0"
4457.6,102,31,1820,"0"
20095,941,6,1820,"0"
17903.2,1017,6,1820,"0"
5960.6,78,8,1814,"0"
16621.8,442,10,1812,"0"
21535,788,1,1823,"0"
19285,1102,13,1822,"0"
8420,305,10,1843,"0"
1574,62,42,1840,"0"
7340.6,416,10,1809,"0"
3250,57,57,1808,"0"
6642,93,10,1808,"0"
12106,316,22,1807,"0"
6863.4,315,30,1826,"0"
5584,77,7,1851,"0"
13995,148,3,1850,"0"
2774.4,113,23,1850,"0"
34004.2,918,23,1850,"0"
9854.55,408,14,1849,"1"
7585,191,22,1848,"0"
27251.45,378,8,1847,"0"
6048,299,0,1842,"0"
1896,59,30,1841,"1"
37118,491,20,1840,"0"
2330,133,30,1805,"0"
46444.2,2440,7,1799,"0"
7794,304,6,1833,"0"
4650,53,56,1830,"0"
20231,260,59,1830,"0"
21868.75,750,3,1829,"0"
31213,510,6,1829,"0"
10002.4,364,8,1821,"0"
7322,407,38,1829,"0"
3562,183,36,1828,"0"
12608.8,305,0,1827,"0"
31998,616,8,1827,"0"
19362,283,2,1827,"0"
6610,275,9,1814,"0"
8700,106,7,1814,"1"
863,49,14,1813,"0"
11904,145,14,1809,"0"
7980,94,30,1837,"0"
4425,65,1,1836,"0"
2668,112,22,1836,"0"
785,45,31,1836,"0"
6508.4,319,0,1835,"0"
7300,730,3,1805,"0"
1835,106,14,1828,"0"
13796.4,1531,13,1828,"0"
9520.6,453,44,1826,"0"
12891.2,563,15,1812,"0"
12371.8,484,6,1806,"0"
34404,499,1,1806,"0"
21096.8,1528,0,1801,"0"
22696.2,1121,2,1815,"0"
2683.2,85,29,1807,"0"
10553.2,435,37,1807,"0"
4063.4,396,31,1815,"0"
2696.2,128,37,1814,"0"
9335,544,10,1810,"0"
15542.86,418,1,1836,"0"
13507,200,15,1842,"0"
7854,99,29,1840,"0"
5306,304,45,1834,"0"
3940,54,2,1827,"0"
57922,3302,0,1823,"0"
5107,72,44,1823,"0"
2864.6,137,44,1823,"0"
4048,225,9,1822,"0"
5885,170,22,1820,"0"
5875,93,22,1822,"0"
6953,396,24,1822,"0"
3640,364,43,1815,"0"
116642.8,5014,1,1819,"0"
6834.6,233,36,1815,"1"
3452.8,176,3,1823,"0"
11150,131,7,1823,"0"
2117,109,6,1820,"0"
28141.8,1112,13,1828,"0"
3223,111,27,1795,"0"
11020,327,13,1812,"0"
3325,38,2,1800,"0"
9887.2,476,1,1799,"0"
36360,511,0,1793,"0"
5397,76,35,1830,"0"
5946.4,170,22,1829,"0"
3710,73,36,1823,"0"
11310,171,57,1823,"0"
29047,532,13,1835,"0"
39650,674,1,1835,"0"
3388.8,99,57,1830,"0"
3902.8,125,42,1830,"0"
2544,81,59,1830,"0"
8648,128,21,3460,"0"
9050,261,0,3459,"0"
1777.6,77,56,3052,"0"
17090.6,470,13,3436,"0"
9880.19,211,1,3461,"0"
22823.03,653,3,3460,"0"
23101.8,1300,59,1819,"0"
6272,359,7,1816,"0"
6578,375,7,1816,"0"
5209,297,7,1816,"0"
3329,41,2,1816,"0"
6459.2,263,3,1812,"0"
7688,218,0,1809,"0"
63668,1821,15,1807,"0"
51272.8,1654,7,1801,"0"
13755,176,21,1795,"0"
13385,172,27,1795,"0"
23362.4,2216,36,1809,"0"
15371.8,834,41,1809,"0"
268623.8,18176,2,1808,"0"
43769.4,1653,13,1806,"0"
2255,74,3,1805,"0"
26450.8,1216,28,1802,"0"
4092,197,29,1824,"0"
18584.2,719,0,1823,"0"
22982.51,408,8,1823,"0"
3362,163,7,1821,"0"
3622,158,22,1814,"0"
15539.2,426,7,1814,"1"
3642.4,126,51,1829,"0"
2766,97,49,1829,"0"
4421.8,144,21,1829,"0"
9648,466,7,1827,"0"
14651.8,320,22,1826,"0"
13482,205,1,1819,"0"
18426.8,389,2,1819,"0"
26002.6,1260,9,1792,"0"
43727.4,2180,3,1793,"0"
2605,39,22,1798,"0"
5027.4,244,35,1820,"0"
320,4,34,1807,"1"
3705.6,175,8,1806,"0"
1161.4,44,2,1806,"0"
3592,206,29,1806,"0"
50848.25,2781,0,1793,"0"
21230.2,1181,0,1792,"0"
15898,802,2,1792,"0"
10888,979,8,1791,"0"
9586,447,56,1787,"0"
6305,90,36,1786,"0"
3416,103,3,1823,"0"
11231.8,333,52,1823,"0"
5275.36,108,30,1823,"0"
6338,234,14,1816,"0"
3776,108,50,1808,"0"
5800,170,23,1786,"0"
1740,52,20,1822,"0"
259,8,9,1821,"0"
11556,406,42,1820,"0"
2337,96,30,1809,"0"
4846,266,1,1794,"0"
1509,45,58,1792,"0"
5999.6,373,24,1791,"0"
9606.1,497,8,1791,"0"
12884.4,698,7,1787,"0"
6354.4,321,28,1786,"0"
10098.48,317,31,1813,"0"
25258.24,487,1,1812,"0"
10060.76,982,31,1808,"0"
9822.6,381,29,1820,"0"
68939,2582,0,1813,"0"
11346,150,8,1812,"0"
189125,9527,0,1807,"0"
9375,130,16,1789,"0"
3438.4,116,3,1787,"0"
25869.2,1437,7,1786,"0"
1768,75,59,1784,"0"
2949.2,167,41,1781,"0"
1744,87,43,1781,"0"
5925,60,24,1802,"0"
2370,96,23,1800,"0"
6686,107,29,1823,"0"
1636,47,1,1823,"0"
27199,1028,6,1820,"0"
7735.59,126,29,1820,"0"
5907.2,154,7,1820,"0"
171355.45,5541,1,1815,"0"
15690,450,1,1815,"0"
20422.8,601,7,1814,"0"
9592,413,0,1813,"0"
31614.6,471,13,1808,"0"
10124.81,204,35,1808,"0"
15702,728,0,1808,"0"
3914,180,15,1816,"0"
20151,1885,0,1814,"0"
8278,348,37,1813,"0"
33165.07,676,10,1809,"0"
7900.86,224,6,1801,"0"
1746.2,57,30,1793,"0"
23005,2229,1,1816,"0"
20144,749,9,1815,"0"
42344,1200,1,1814,"0"
3953,138,7,1813,"0"
4932.4,173,38,1810,"0"
3892,344,1,1808,"0"
7346.66,348,41,1807,"0"
12082,145,6,1802,"0"
19458.4,925,7,1800,"0"
37371.8,1238,0,1799,"0"
15277.8,695,44,1795,"0"
3828,50,56,1793,"0"
32769,528,9,1777,"0"
11043.4,181,3,1799,"0"
1023,59,29,1795,"0"
6884.6,276,1,1794,"0"
2130,114,22,1794,"0"
62403.6,1870,2,1793,"0"
2040,67,44,1793,"0"
31956.2,933,16,1795,"0"
14710.4,419,14,1794,"0"
3608,202,56,1793,"0"
51174.6,2824,13,1809,"0"
83720,2571,0,1808,"0"
7070.2,218,1,1808,"0"
24635.8,1104,8,1807,"0"
9574,447,7,1785,"0"
14258,829,7,1784,"0"
16100.07,2300,1,1781,"0"
40044.6,1666,0,1799,"0"
648,36,38,1795,"0"
30716,1229,29,1794,"0"
25100,384,13,1794,"0"
6625.6,368,3,1794,"0"
2053,118,30,1784,"0"
15116,782,16,1780,"0"
42818.51,900,3,1779,"0"
44232.4,2229,3,1778,"0"
7126.4,325,3,1773,"0"
3905,50,8,1772,"0"
10686,397,37,1780,"0"
38305,511,2,1780,"0"
5393.6,467,16,1780,"0"
11757,209,29,1780,"0"
3585,53,43,1777,"0"
67463,1687,3,1771,"0"
1510,24,16,1806,"0"
12879,161,16,1814,"0"
2746,124,27,1802,"0"
10498,118,35,1799,"0"
9836,571,2,1798,"0"
1906.2,154,28,1785,"0"
1662.2,86,28,1785,"0"
141475.63,4883,0,1780,"0"
82466.4,5640,0,1780,"0"
406006.6,21133,0,1780,"0"
31784,1247,16,1787,"0"
32956.4,2333,1,1786,"0"
1743,102,56,1793,"0"
2395,44,41,1770,"0"
20030,308,3,1766,"0"
3380,49,7,1765,"0"
2194,65,36,1798,"0"
16895,232,21,1793,"0"
73131,1230,1,1792,"0"
2131,123,24,1792,"0"
40569.45,1767,2,1786,"0"
18154,1265,2,1786,"0"
2470.6,115,34,1767,"0"
7992,114,37,1766,"0"
9458,270,2,1805,"0"
69097,2140,2,1794,"0"
4200,55,22,1785,"0"
74584.05,2230,0,1785,"0"
3195.6,338,10,1780,"0"
20614.8,705,8,1780,"0"
15745,197,7,1779,"0"
14173.6,561,2,1779,"0"
9052.4,538,8,1778,"0"
14502,413,20,1778,"0"
895,11,51,1781,"0"
32363.2,2125,6,1793,"0"
19211,617,31,1793,"0"
113444.6,6334,1,1792,"0"
38635.2,1874,2,1786,"0"
21412.69,1064,6,1794,"0"
1872,124,59,1793,"0"
7261,115,28,1793,"0"
795,30,27,1793,"0"
4610,54,0,1792,"0"
28941.49,654,10,1791,"0"
10523,190,51,1763,"0"
45785.64,2639,23,1763,"0"
26694,843,7,1766,"0"
20992.8,377,14,1759,"0"
6699.2,359,0,1757,"0"
1664,95,44,1800,"1"
18490,1057,7,1794,"0"
52305,724,2,1792,"0"
7262.6,101,20,1792,"0"
7832,100,49,1779,"0"
18835,183,0,1774,"0"
22562,786,1,1774,"0"
2566.7,30,1,1774,"0"
2545,31,56,1773,"0"
4601.8,239,35,1772,"0"
21247,1038,13,1772,"0"
6250.4,213,9,1792,"0"
1627.4,71,22,1792,"0"
13364,394,8,1785,"0"
4090,216,7,1784,"0"
12355,242,10,1802,"0"
6570,85,27,1801,"1"
2075.6,54,22,1792,"1"
14069.2,529,10,1788,"0"
6010,409,10,1784,"0"
9274.8,506,13,1780,"0"
9278,306,13,1785,"0"
6622,345,2,1795,"0"
17210,207,27,1794,"0"
25399.4,1099,7,1794,"0"
14516.4,208,14,1794,"0"
24645.8,311,8,1794,"0"
48380.6,690,0,1794,"0"
72828.8,1029,2,1794,"0"
25266.5,604,1,1794,"0"
9990,119,24,1793,"0"
3659,38,43,1793,"0"
4359,234,1,1788,"0"
2437.6,114,51,1781,"1"
16230.4,463,22,1779,"0"
1365,68,42,1785,"0"
5176.4,290,43,1784,"0"
1455.6,165,28,1781,"0"
2083.6,191,58,1780,"0"
4062,207,15,1780,"0"
3794.2,208,31,1779,"0"
17302.4,499,6,1779,"0"
3122,178,10,1780,"0"
15492,595,24,1780,"0"
27295,380,3,1779,"0"
2540,227,44,1788,"0"
28295,1736,0,1787,"0"
8040,335,13,1779,"0"
4613,54,80,1778,"0"
54500,824,1,1777,"0"
2185.6,103,22,1756,"1"
7686.4,294,31,1766,"0"
17838.4,1280,13,1765,"0"
9120,348,8,1770,"0"
8828.2,180,3,1786,"0"
20056.6,558,15,1785,"0"
15278,451,3,1785,"0"
22113.96,426,5,1784,"0"
17579.6,776,37,1763,"0"
5735.1,133,1,1763,"0"
12331.4,663,6,1760,"0"
8120,107,8,1758,"0"
33916,1279,2,1771,"0"
10492.8,305,23,1766,"0"
4259.6,165,20,1766,"0"
28832.78,979,6,1766,"0"
11477.2,504,9,1758,"0"
1979.2,84,24,1738,"1"
12801,261,13,1735,"0"
52902,2801,2,1730,"0"
22542.75,531,37,1768,"0"
6878.2,316,10,1774,"0"
6310.6,103,2,1764,"0"
43830.4,2035,44,1758,"1"
125952,3685,3,1750,"0"
1981,112,59,1766,"0"
33036.4,1399,9,1766,"0"
4670,55,9,1752,"0"
2036,47,52,1751,"0"
25602.4,711,6,1751,"0"
3456.8,127,43,1749,"0"
12015.6,374,21,1751,"0"
12215.36,228,15,1753,"0"
4588,130,41,1784,"0"
6510,79,36,1784,"0"
9866.53,298,23,1779,"0"
14562.4,428,6,1777,"0"
5980,85,30,1777,"0"
12831.6,366,0,1778,"0"
7760,121,7,1761,"0"
5889.6,246,35,1774,"0"
29546.4,1432,0,1774,"0"
17586.4,818,37,1772,"0"
64745,879,13,1773,"0"
4525,195,37,1771,"0"
7320,222,23,1751,"0"
1395,105,59,1768,"0"
2973.74,77,14,1767,"0"
7332,241,8,1766,"0"
17360.2,989,2,1765,"0"
9016.8,369,50,1759,"0"
26018,315,8,1777,"0"
2875.6,282,43,1774,"0"
2969.6,316,1,1773,"0"
2849,193,42,1773,"0"
1482.6,99,42,1772,"0"
9608.2,1114,7,1772,"0"
5887,104,10,1770,"0"
12926,375,2,1770,"0"
43843,1637,2,1781,"0"
27120,931,3,1780,"0"
13303.8,439,1,1780,"0"
33870.8,1577,1,1779,"0"
2885,39,29,1778,"0"
81107,3259,13,1777,"0"
7100,314,7,1774,"0"
1550,22,22,1764,"0"
41199.4,1474,45,1763,"1"
63507.8,1801,38,1763,"0"
4570,60,20,1763,"0"
3032.8,158,15,1784,"0"
42645,489,1,1778,"0"
667.4,37,2,1775,"1"
20235,245,8,1772,"0"
8715,149,7,1772,"0"
10530,130,31,1771,"0"
10529,118,16,1770,"0"
11930,242,1,1766,"0"
31959.8,1628,6,1763,"0"
2816.8,149,8,1763,"1"
2773,294,43,1760,"0"
2664.4,285,10,1759,"0"
12650.4,416,2,1759,"0"
26934.8,1126,14,1758,"0"
6190,286,2,1757,"0"
11876.8,502,21,1757,"0"
5878.4,291,16,1756,"0"
46550.4,2272,3,1771,"0"
11528.4,413,2,1769,"0"
9220.2,316,24,1770,"0"
5365.8,124,20,1770,"0"
454.8,31,28,1767,"1"
9459.46,333,3,1766,"0"
12562.4,1064,7,1765,"0"
5768,269,43,1772,"0"
29550,360,2,1772,"0"
18088,842,0,1749,"0"
4208,46,8,1750,"0"
32376.8,2112,6,1757,"0"
61780,1770,0,1777,"0"
2227,127,36,1771,"0"
6220.8,320,0,1767,"0"
2672,145,3,1764,"0"
3095,129,21,1759,"0"
11583.35,410,8,1759,"0"
4184,89,44,1757,"0"
4737,271,10,1758,"0"
1468,24,43,1757,"0"
2555,25,9,1751,"0"
17765,255,21,1751,"0"
2083,119,29,1750,"0"
5408,238,7,1760,"0"
1170,113,50,1760,"0"
2998,44,43,1760,"0"
2554.8,163,10,1759,"0"
1595,19,38,1756,"0"
22802,643,0,1751,"0"
8957,754,13,1751,"0"
36016.8,1115,6,1751,"0"
67815.6,4842,20,1746,"0"
7091.4,110,23,1752,"0"
1844,76,30,1745,"0"
832.8,24,22,1767,"0"
10007.4,292,3,1765,"0"
114483.4,3541,28,1749,"0"
2381,35,14,1750,"0"
5992.4,484,35,1763,"0"
11485,117,9,1762,"0"
9052,480,23,1759,"0"
30205,390,0,1759,"0"
4945,59,9,1759,"0"
30501,1752,58,1767,"1"
21490,264,28,1764,"0"
5943.4,194,36,1764,"0"
10449.6,283,29,1757,"0"
440,26,29,1754,"1"
8380,107,93,1744,"0"
8400.8,188,28,1743,"0"
4479.6,190,31,1751,"0"
4980,312,23,1750,"0"
3449.2,134,56,1750,"0"
4676.6,213,8,1752,"0"
34547.8,1127,9,1750,"0"
58429,1716,6,1763,"0"
18964,543,21,1760,"0"
7108,97,14,1759,"0"
7901.6,434,8,1757,"0"
5836.4,242,44,1756,"0"
9161,411,22,1753,"0"
24035,280,3,1753,"0"
4070,51,31,1752,"0"
27311,1401,3,1752,"0"
12395,139,2,1743,"0"
4440,234,35,1742,"0"
4100,63,1,1738,"0"
17070,187,2,1758,"0"
20550,249,2,1757,"0"
5502.99,144,1,1757,"0"
8910.7,361,10,1743,"0"
40997,1766,6,1742,"0"
38713.8,1246,31,1738,"0"
28136.8,761,50,1757,"0"
6814,387,31,1746,"0"
35636.8,1131,2,1738,"0"
21799.4,564,12,1752,"0"
2535,145,9,3466,"0"
30748.4,3482,7,3460,"0"
3011.6,170,7,3458,"0"
52350,2119,1,3467,"0"
6338,275,10,3466,"0"
41847,2084,3,3461,"0"
34008.4,3372,2,3468,"0"
75412.44,4118,0,3466,"0"
10325.01,425,9,3462,"0"
148956.4,11747,3,3459,"0"
21151.75,1032,2,3455,"0"
31261,1291,7,3465,"0"
3142,87,14,3466,"0"
14100.8,407,6,3465,"0"
22368.8,642,6,3460,"0"
7345,107,42,3466,"1"
6578.8,186,6,3464,"0"
1725,49,20,3432,"0"
2154.8,114,16,3430,"0"
3278,161,23,3444,"0"
7696.4,380,14,3205,"0"
11025.8,404,9,3275,"0"
28400.4,1255,20,3044,"0"
20620.2,1120,7,3432,"0"
13454.8,634,10,3430,"0"
5422,155,23,3429,"0"
36095,464,1,3394,"0"
75805.2,3105,7,3206,"0"
20860.3,4083,9,2729,"0"
24492,661,6,2680,"0"
35179.65,728,6,3460,"0"
6142,352,50,3429,"0"
18131,746,7,3460,"0"
9328,181,1,3454,"0"
4525,70,29,3431,"0"
13057.4,225,22,3430,"0"
5083,69,43,3443,"0"
3876,222,14,3458,"0"
172493.2,8092,0,3443,"0"
1390,80,42,3458,"0"
31295,369,3,3458,"0"
7135,92,36,3051,"0"
31025.9,1264,1,1752,"0"
1136,41,36,1767,"0"
6463,84,10,1766,"0"
4769,277,23,1766,"0"
12545.6,440,16,1765,"0"
27296.31,707,42,1760,"0"
11162,238,9,1757,"0"
3675,45,59,1757,"0"
40173.8,2032,28,1752,"0"
6158,176,7,1751,"0"
192984.27,7148,3,1728,"0"
18388,250,13,1749,"0"
1404,61,58,1746,"0"
5195,92,48,1745,"1"
11067.2,248,27,1742,"0"
21926.2,973,23,1742,"0"
11765.6,373,30,1743,"0"
17853.6,557,16,1743,"0"
1553,43,30,1742,"1"
7580.4,706,23,1742,"0"
1182,44,28,1751,"0"
20413.2,726,24,1750,"0"
10052,213,13,1735,"0"
6215,96,30,1732,"0"
28684.2,1948,0,1750,"0"
3688,210,7,1746,"0"
10989.2,457,2,1745,"0"
28356,2582,2,1745,"0"
29620.8,1422,28,1738,"0"
2960,38,16,1736,"0"
5405,59,14,1737,"0"
15444.4,738,14,1736,"0"
2512,138,35,1744,"0"
6534.4,197,28,1742,"0"
5622,78,42,1742,"0"
3619.4,177,7,1756,"0"
22444,680,7,1730,"0"
2660,39,49,1745,"0"
2004,115,27,1737,"0"
5149.2,265,23,1737,"0"
3596,165,35,1758,"0"
9760,233,13,1758,"0"
18728,712,1,1756,"0"
5640.42,192,118,1754,"1"
7101.2,120,6,1731,"0"
33728,1564,3,1738,"0"
11895,176,7,1738,"0"
4295,49,1,1744,"0"
3130.2,165,6,1742,"0"
1472.2,87,58,1752,"0"
24792,887,2,1746,"0"
14166,797,9,1745,"0"
15523.6,628,13,1744,"0"
7412,110,34,1738,"0"
10127,739,6,1749,"0"
5234,222,29,1745,"1"
104806.7,4917,2,1745,"0"
12395,179,14,1746,"0"
7249.6,287,23,1746,"0"
18733,215,13,1745,"0"
5717.6,273,38,1744,"0"
1656,95,57,1744,"0"
9068.8,143,48,1738,"0"
4295,47,14,1737,"0"
10690.8,424,27,1731,"0"
24805,2680,0,1731,"0"
14165.15,529,3,1730,"0"
255,6,50,1727,"0"
3245,49,29,1749,"0"
19029,659,13,1742,"0"
1244,57,36,1738,"0"
2835,37,45,1732,"0"
2250,39,57,1735,"0"
17709,1000,2,1737,"0"
28894,1830,6,1733,"0"
1206,69,34,1746,"0"
120526.4,3943,20,1746,"0"
2206,60,31,1745,"0"
5665.29,163,36,1745,"0"
14125.15,304,1,1744,"0"
8014,689,0,1744,"0"
5518,167,24,1750,"0"
24154,1239,51,1749,"0"
6514,184,37,1744,"0"
42420,1751,9,1743,"0"
3166,136,38,1743,"0"
16964.4,507,20,1742,"0"
15738,265,20,1738,"0"
12946,257,21,1736,"0"
19850,210,20,1732,"0"
6792,194,27,1739,"0"
11640.6,583,8,1736,"0"
19966,1149,0,1725,"0"
4764,144,52,1722,"0"
9765.6,709,6,1737,"0"
5338,216,35,1735,"0"
8885,109,3,1735,"0"
45657.8,658,8,1731,"0"
8206.8,210,22,1731,"0"
4346.6,189,1,1730,"0"
58099,3595,3,1737,"0"
54478.6,9829,0,1737,"0"
1393.2,67,43,1736,"0"
101616.81,5055,1,1725,"0"
10310,763,15,1725,"0"
4588,187,22,1743,"0"
45810.8,2264,1,1743,"0"
9004.4,493,7,1743,"0"
19208.6,872,20,1742,"1"
3005,40,37,1736,"0"
12680,1109,28,1732,"0"
4882,184,31,1732,"0"
2741,104,31,1728,"0"
23746.4,610,1,1728,"0"
21166,565,1,1728,"0"
23123.6,918,3,1728,"0"
6048,149,28,1736,"0"
8247.6,403,21,1735,"0"
99551.35,4504,1,1732,"0"
2832,80,34,1731,"0"
3070,66,30,1738,"0"
7474,290,15,1735,"1"
2450,140,2,1724,"0"
2706,91,38,1737,"0"
5125,65,35,1736,"0"
3992,214,27,1725,"0"
44106.4,691,3,1724,"0"
18530.8,467,1,1724,"0"
2065.2,99,23,1723,"0"
12948,237,6,1730,"0"
25582,1080,52,1730,"0"
2819,38,1,1743,"0"
3310,184,58,1743,"0"
9842,266,16,1742,"0"
4706,134,1,1737,"0"
1819.2,181,14,1737,"0"
70072,1839,14,1736,"0"
6306,180,27,1736,"0"
2905.8,164,16,1744,"0"
4150,65,8,1742,"0"
12672,832,2,1742,"0"
1808.6,34,0,1742,"0"
369094,15650,0,1737,"0"
14296.56,584,3,1736,"0"
8750.8,275,1,1735,"0"
9737.13,207,13,1727,"0"
32740.92,711,2,1721,"0"
11205,131,2,1728,"0"
11170.2,541,21,1732,"0"
6769.2,345,44,1730,"0"
18375.4,1293,0,1728,"0"
12158.8,725,10,1736,"0"
5446.2,582,9,1736,"0"
8126,295,37,1735,"0"
1844.2,57,13,1735,"1"
9475,700,3,1735,"0"
6904.8,548,27,1731,"0"
14557.4,886,8,1728,"0"
9120,104,37,1731,"0"
9935.2,341,27,1729,"0"
27932.89,958,2,1728,"0"
5956,88,27,1728,"0"
9620,429,22,1725,"0"
157028.6,6056,0,1725,"0"
6202.8,268,6,1725,"0"
7542,420,13,1725,"0"
43167,510,0,1729,"0"
9946,111,8,1729,"0"
1922,110,50,1728,"0"
20950,288,2,1728,"0"
58734.8,3135,1,1729,"0"
490,7,42,1728,"1"
19822,798,8,1725,"0"
1745,28,7,1727,"0"
11990.8,562,13,1725,"0"
15150,1226,3,1724,"0"
18374,326,10,1723,"0"
35025,463,7,1722,"0"
7315,83,23,1728,"0"
22908,833,13,1728,"0"
289,8,10,1725,"0"
11450,129,35,1722,"0"
19720.4,984,2,1736,"0"
56258.19,1202,0,1735,"0"
19251.6,843,0,1732,"0"
4486,57,7,1731,"0"
1659.6,58,15,1731,"0"
3790,52,48,1730,"0"
2220,222,23,1729,"0"
27755.4,853,1,1728,"0"
3728.8,155,2,1723,"0"
115473,4673,3,1722,"0"
1878,104,14,1724,"0"
48215.6,2584,1,1722,"0"
16377.6,696,43,1722,"0"
15950.6,658,8,1721,"0"
37092,2259,1,1725,"0"
3023.6,161,58,1725,"1"
6709.8,413,30,1724,"0"
28329.2,2356,0,1721,"0"
4282,125,2,1723,"0"
5558.69,144,2,1722,"0"
6074.8,241,59,1725,"0"
7195,95,5,1723,"0"
2118,118,1,1727,"0"
741,42,2,1725,"0"
74864.6,2068,9,1723,"0"
25210,296,10,1724,"0"
7256,89,28,1723,"0"
1296,13,0,1721,"0"
42554.47,1452,6,1722,"0"
32752,1849,2,1721,"0"
120965.6,7815,35,1708,"1"
1486,81,2,1717,"0"
20874,741,8,1711,"0"
11760,580,2,1703,"0"
13644,233,1,1701,"0"
2661,40,29,1700,"0"
979,15,44,1696,"1"
8660,114,23,1695,"0"
5857,296,34,1688,"0"
19471.37,739,6,1687,"0"
16887.77,450,13,1718,"0"
160779.8,4631,24,1690,"0"
1567.8,63,23,1688,"0"
11674,486,23,1688,"0"
6641,184,24,1707,"0"
3063.2,90,56,1701,"0"
2554,119,8,1691,"0"
7507.6,344,36,1717,"0"
3598,92,48,1716,"0"
50135.48,1370,0,1714,"0"
18003.4,602,2,1714,"0"
18049.2,1388,44,1711,"0"
1790,39,50,1710,"0"
1895,32,14,1716,"0"
2045.8,114,16,1710,"0"
13516.4,210,14,1709,"0"
19010.8,988,2,1700,"0"
41122.4,2076,0,1693,"0"
1230,27,1,1689,"0"
39780,1211,13,1684,"0"
61502.8,2670,1,1717,"0"
1982,28,3,1709,"0"
10694,742,43,1707,"0"
7465,99,29,1705,"0"
14670.4,638,7,1701,"0"
15295,227,27,1701,"0"
174629.6,6164,1,1717,"0"
14194.8,629,8,1715,"0"
15597,160,28,1714,"1"
62846.4,2554,3,1712,"0"
9801,621,3,1710,"0"
54231.2,1939,1,1705,"0"
8186,364,22,1701,"0"
6674.2,347,6,1696,"0"
4036,65,1,1690,"0"
53881.6,2140,0,1687,"0"
4011,68,2,1687,"0"
7805,114,14,1715,"0"
15765.6,872,8,1710,"0"
4795.4,100,21,1695,"0"
21484.2,389,6,1689,"0"
4021.2,143,2,1688,"0"
748.4,72,3,1709,"0"
2927,51,20,1708,"0"
39462,2149,1,1708,"0"
57527.8,3555,3,1707,"0"
6529.8,160,57,1707,"0"
16991.6,243,1,1707,"0"
1768,92,3,1704,"0"
234019.2,11532,2,1716,"0"
3169.8,91,37,1714,"0"
14410.12,265,0,1701,"0"
3502.4,104,34,1701,"0"
40896,1554,9,1710,"0"
8405.6,695,22,1710,"0"
8354,239,28,1709,"0"
3292.8,218,36,1708,"0"
10378,278,8,1716,"0"
12960.6,151,8,1716,"0"
6792,94,35,1715,"0"
12253,347,2,1714,"0"
128455.25,5681,27,1707,"0"
34996,590,1,1704,"0"
12790,266,6,1704,"0"
2673,57,0,1703,"0"
11660,126,14,1718,"0"
14545,167,7,1717,"0"
14552,760,1,1716,"0"
6333,362,22,1715,"0"
4160,395,6,1714,"0"
3500,45,58,1714,"0"
13953.65,317,0,1710,"0"
42078.8,1979,8,1708,"0"
14202,528,14,1708,"0"
13824,453,28,1707,"0"
4734,62,65,1707,"0"
4303.6,223,7,1704,"0"
12153.1,265,13,1715,"0"
21229.6,1579,0,1709,"0"
14508.2,180,52,1701,"0"
5824,72,51,1688,"0"
37163.14,740,1,1686,"0"
5272,362,9,1682,"0"
6968,282,0,1679,"0"
46336,2475,1,1679,"0"
2530.4,145,55,1719,"0"
11611,687,2,1716,"0"
13423,156,10,1712,"0"
27748,1479,0,1710,"0"
11822,482,7,1710,"0"
3246,161,42,1707,"0"
17470.8,403,0,1704,"0"
1090,14,35,1701,"0"
9588,470,7,1700,"0"
36713,564,3,1697,"0"
9527.2,446,2,1691,"0"
60485,814,2,1688,"0"
475,5,10,1719,"0"
8465.2,418,22,1718,"0"
47306,3303,1,1718,"0"
11832.12,706,2,1711,"0"
91583.8,3831,9,1710,"0"
3595,205,37,1710,"0"
5380,77,10,1708,"0"
113574,1427,2,1708,"0"
1554,88,14,1707,"0"
14698,942,15,1707,"0"
12678,144,28,1703,"0"
12355,179,10,1703,"0"
3896.6,163,34,1689,"0"
22575,297,7,1689,"0"
30975,348,7,1684,"0"
54713,1145,0,1683,"0"
5961,581,27,1682,"0"
4748,163,50,1679,"0"
3301,76,16,1669,"0"
5698,238,13,1667,"0"
3832,56,2,1666,"0"
14726.8,566,9,1662,"0"
29977.4,562,6,1661,"0"
14593,801,2,1658,"0"
31018.8,1546,10,1658,"0"
19420,195,3,1718,"0"
18035.2,709,43,1715,"0"
12555,144,7,1711,"0"
7823.4,328,43,1710,"0"
8064.8,361,52,1708,"0"
6530,96,22,1708,"0"
70010,1779,1,1708,"0"
1050,18,3,1718,"1"
21409.4,751,2,1711,"0"
19770.2,906,2,1710,"0"
127799.4,3797,10,1702,"0"
48789.49,1659,3,1702,"0"
7626.93,172,6,1687,"0"
4287,84,7,1681,"0"
4115,55,38,1679,"0"
11584.6,458,2,1645,"0"
11421.6,256,13,1597,"0"
11936,684,15,1584,"0"
2111,49,45,1584,"0"
43109,506,1,1550,"0"
26140,324,1,1550,"0"
67905,741,0,1549,"0"
1600.2,88,2,1702,"1"
17132.24,329,1,1715,"0"
3810,55,36,1691,"0"
9800,406,8,1687,"0"
7945,89,13,1686,"0"
27351.6,454,3,1686,"0"
6120,75,50,1684,"0"
40861,919,6,1683,"0"
15165,273,0,1675,"0"
47420,855,0,1669,"0"
40224,560,2,1667,"0"
13625,241,13,1665,"0"
8325,130,6,1655,"0"
35765,416,1,1654,"0"
5238,89,0,1647,"0"
34208.4,786,23,1627,"0"
17767,413,6,1613,"0"
63224.6,888,3,1611,"0"
7810,130,8,1599,"0"
11147,616,1,1599,"0"
15667,553,21,1593,"0"
43489.33,1351,13,1591,"0"
47267.75,630,1,3466,"0"
4366,182,13,3468,"0"
3989,227,43,3466,"0"
22704,671,38,3465,"0"
9804,332,15,3465,"0"
1720,76,16,7722,"0"
5876,326,8,3436,"0"
36715,413,1,3437,"0"
9880.6,418,7,3466,"0"
19954.2,849,0,3431,"0"
3825,69,24,2905,"0"
10221.6,486,35,7722,"0"
3321,185,56,2899,"0"
29175,427,8,2899,"0"
4766.4,271,22,7722,"0"
1080,55,0,7722,"0"
2080,60,14,3473,"0"
9550,99,22,7722,"0"
11819.4,415,21,3474,"0"
9320,263,13,3473,"0"
34436.4,2292,2,7722,"0"
3543,371,23,3474,"0"
11116,497,7,3475,"0"
4493.6,139,38,3475,"0"
37823.14,1214,1,3475,"0"
11120,1191,0,3474,"0"
3140,157,41,3429,"0"
1504.8,29,58,3472,"1"
5945,100,5,3471,"0"
3061.4,113,56,3475,"0"
30366.22,755,2,3473,"0"
36677.98,951,1,3473,"0"
3489.4,198,58,3471,"0"
3494,143,0,3206,"0"
27399.4,1262,28,3206,"0"
2042.04,87,43,3475,"0"
7399,370,10,3473,"0"
252788.6,10406,2,3451,"0"
1714,98,34,3474,"0"
4092,227,27,3471,"0"
2260,146,3,3346,"0"
9270.8,512,14,3473,"0"
41844.28,1367,2,3475,"0"
21705,1144,9,7722,"0"
5052.6,281,21,7722,"0"
4090,178,1,3475,"0"
27322,342,6,3475,"0"
16709.6,700,0,3474,"0"
17341.6,654,28,3471,"0"
5773.6,237,1,3475,"0"
4647.93,97,27,3465,"0"
21089.6,622,0,3473,"0"
7690,88,36,3488,"0"
28999.4,1019,2,3488,"0"
2181,44,2,3431,"0"
1650,24,59,3347,"0"
20759.2,614,8,3481,"0"
2781.2,74,48,3489,"0"
26362.35,1069,2,3481,"0"
21940,2194,2,3488,"0"
1746.4,62,2,3487,"0"
7597.4,329,34,3480,"0"
1219,70,0,3488,"0"
4054,275,15,3487,"0"
14656,391,10,3482,"0"
3130,179,8,3481,"0"
3710,63,16,3488,"0"
1029,30,34,3488,"0"
25240,310,8,3481,"0"
25655,300,7,3481,"0"
28100.4,1138,6,3489,"0"
25374.6,997,0,3489,"0"
13845.2,651,9,3481,"0"
175353.25,8300,0,3488,"0"
12636.4,437,45,3481,"0"
17602.4,1190,10,3471,"0"
4538.4,214,1,3482,"0"
6373.2,233,14,3206,"1"
60042.5,3321,2,3479,"0"
131698.2,2279,6,3478,"0"
2381,136,23,2949,"0"
13238.8,385,0,2948,"0"
5487.2,295,43,3480,"0"
17882.2,825,9,3482,"0"
6486,100,42,3472,"0"
6226,106,15,3478,"0"
13835.8,611,15,3479,"0"
6116,319,0,3479,"0"
2540,104,8,3502,"0"
41495,627,6,3502,"0"
9012.8,387,31,3501,"0"
45170,545,0,3501,"0"
9433,330,7,3500,"0"
16411.55,523,1,3501,"0"
690,7,40,3499,"0"
1075,23,31,3502,"0"
7421.21,131,19,3496,"0"
9405,103,23,3499,"0"
2110,39,13,3493,"0"
11639,552,13,3500,"0"
8789,240,14,3496,"0"
31210,508,16,3495,"0"
46567.13,1007,6,3492,"0"
44234.6,1829,6,3472,"0"
15671,803,3,3471,"0"
4255,72,24,3499,"0"
19066.8,554,20,3478,"0"
22553.85,1239,0,3432,"0"
46761.41,1075,8,3495,"0"
21609,1540,24,3495,"1"
11928,192,37,3495,"0"
19673,1125,7,3492,"0"
2994.6,178,35,3496,"0"
802.5,19,20,3492,"0"
634585.2,24127,6,3495,"0"
1910,52,27,3492,"0"
9065,129,2,3492,"0"
3600,206,44,3496,"0"
7859,297,7,3493,"0"
7432,298,14,3494,"0"
356.4,10,41,3494,"1"
13640,171,3,3494,"0"
6292.8,392,2,3493,"0"
15285.6,1382,8,3494,"0"
1255,22,36,2960,"0"
3347.6,377,7,3474,"0"
13653,629,23,3464,"0"
25254.08,738,8,3464,"0"
30105,417,15,8295,"0"
14640.4,1072,0,3436,"0"
13895.86,802,10,3516,"0"
35986,643,13,3515,"0"
3105,43,37,3515,"0"
26329,1852,10,3514,"0"
25624,346,6,3516,"0"
24384.29,731,2,3516,"0"
5297.36,93,49,3510,"0"
13871.8,318,8,3516,"0"
29306.4,991,10,3513,"1"
7620,89,30,3513,"0"
1450,30,56,3516,"0"
3459,173,15,3515,"0"
44400,523,0,3516,"0"
9051.6,390,6,3516,"0"
16600.8,564,43,3515,"0"
11704.6,399,3,3515,"0"
24737.2,1000,3,3517,"0"
4163.4,163,3,3514,"0"
19159,1016,8,3506,"0"
27206,950,1,3503,"0"
72095,906,8,3507,"0"
20489,310,6,3503,"0"
67224,3543,0,3508,"0"
5393,168,41,3508,"0"
6440.4,734,24,3508,"0"
17738.6,1582,16,3503,"0"
4604,89,35,3507,"0"
3300,49,52,3509,"0"
762,47,50,3501,"0"
7849.1,168,2,3509,"0"
35736,2492,0,3510,"0"
48304,1431,2,3508,"0"
22193,941,1,3508,"0"
6568.6,350,8,3499,"0"
10997.16,732,20,3510,"0"
1706.6,97,29,3499,"0"
21909.65,673,3,3480,"0"
29232.32,917,1,3480,"0"
7846,315,3,3516,"0"
504,15,6,3515,"0"
768,40,1,3515,"0"
7094,396,34,3513,"0"
29076,1156,23,7722,"0"
3254,70,10,3523,"0"
8420,251,58,3524,"0"
5380,188,9,3522,"0"
6606,202,38,3520,"1"
16100,187,7,3520,"0"
9348,487,28,3437,"0"
24211.8,561,13,3522,"0"
27213.75,556,2,3521,"0"
2150,53,58,3524,"0"
7134,350,31,3522,"0"
14121.8,780,16,3522,"0"
15417.4,352,2,3522,"0"
14740,190,12,3520,"0"
31761.2,2183,3,3503,"0"
14044,170,29,3501,"0"
17660,726,14,3522,"0"
3265,62,13,3501,"0"
15150,170,9,3520,"0"
2610,144,30,3478,"0"
5505,68,55,3522,"0"
4391.2,242,29,3524,"0"
5275,282,24,3523,"0"
8734.6,396,7,3521,"0"
10653,117,6,3521,"0"
6737,516,8,3521,"0"
7630.6,159,7,3523,"0"
9890,142,21,3523,"0"
50730.8,1900,2,1716,"0"
2819,82,6,1715,"0"
23430,296,2,1711,"0"
20831.05,479,2,1708,"0"
3231,48,10,1702,"0"
16158.6,546,0,1711,"0"
9088,424,9,1710,"0"
5343,304,22,1709,"0"
600,15,2,1703,"0"
34212.8,1610,0,1701,"0"
4358,125,13,1687,"0"
21532.4,612,1,1686,"0"
1230,70,34,1682,"0"
85624.4,3738,2,1682,"0"
9305,1061,35,1704,"0"
5402,154,41,1703,"0"
58892.8,2584,2,1702,"0"
3160,32,21,1702,"0"
1512,86,2,1702,"0"
4567.4,66,1,1700,"0"
49199.2,745,1,1702,"0"
43654.4,2410,1,1702,"0"
1104.2,60,7,1701,"0"
21970.8,1317,10,1680,"0"
48486,554,6,1680,"0"
23794,819,6,1680,"0"
10529.2,395,7,1674,"0"
6423.2,287,0,1674,"0"
18056,277,0,1669,"0"
35235,357,2,1701,"0"
14270,193,1,1701,"0"
19441.6,223,0,1700,"0"
30527,381,2,1700,"0"
26235,300,2,1697,"0"
20248,215,14,1696,"0"
42125,479,1,1694,"0"
8542,284,14,1694,"0"
8425,104,16,1708,"0"
12806,584,8,1704,"0"
5362,229,13,1704,"0"
5290,74,44,1703,"0"
13628.4,218,22,1703,"0"
27134.8,820,20,1702,"0"
33420.1,403,6,1702,"0"
1694,40,27,1683,"0"
12837.2,993,1,1695,"0"
5617.2,324,28,1695,"0"
1884,31,48,1694,"0"
6967.2,248,43,1683,"1"
13334.15,262,15,1683,"0"
112770.94,2626,1,1683,"0"
19470.73,728,1,1683,"0"
15562.2,604,2,1683,"0"
15678,765,8,1683,"0"
8680,133,43,1687,"0"
13058,374,1,1707,"0"
15043,447,1,1704,"0"
889.8,50,36,1703,"0"
13113,259,6,1702,"0"
8203,206,13,1700,"1"
8886.4,278,16,1700,"0"
14385,212,7,1654,"0"
7504,99,23,1652,"0"
11548.6,207,10,1652,"0"
4865,64,21,1651,"0"
10378,821,31,1694,"0"
8841.6,149,14,1693,"0"
5757.6,584,55,1689,"1"
18835,276,7,1687,"0"
4481.6,148,2,1686,"0"
9747.8,212,21,1686,"0"
31631,406,13,1686,"0"
5571,201,43,1696,"0"
9255.8,108,44,1696,"0"
7607.2,284,2,1695,"0"
7506,321,24,1695,"0"
5325,263,1,1693,"0"
11310.4,282,13,1688,"0"
18535,528,13,1674,"0"
10453,331,29,1669,"0"
1491,164,36,1696,"0"
7730,85,42,1696,"0"
7664.2,479,23,1694,"1"
34720,432,12,1693,"0"
22743.47,721,0,1667,"0"
3484,198,1,1667,"0"
11620,138,13,1690,"0"
1427,56,57,1697,"1"
901,34,57,1697,"0"
12722.59,313,10,1697,"0"
46919.45,1971,3,1695,"0"
717817.5,34848,2,1695,"0"
1350,14,49,1674,"0"
17411,694,8,1646,"0"
690,8,37,1641,"0"
14060.81,619,3,1696,"0"
10537.2,282,1,1694,"0"
1762,50,58,1693,"0"
22211.4,1133,3,1680,"0"
27162.6,1109,10,1690,"0"
3059,132,13,1689,"0"
43655.8,1649,0,1683,"0"
1040,60,30,1682,"0"
3924.8,198,7,1682,"0"
6871,394,2,1679,"0"
8720,128,2,1696,"0"
15348.4,442,26,1688,"0"
22622.4,784,6,1687,"0"
24367,1179,1,1687,"0"
17850.15,400,21,1686,"0"
3423.6,46,31,1695,"0"
25028,1821,3,1689,"0"
38111.6,781,6,1682,"0"
155584.42,5437,0,1682,"0"
12874,368,34,1682,"0"
11047,343,9,1682,"0"
15195,957,0,1681,"0"
7685,108,8,1680,"0"
3207.4,163,34,1680,"0"
4642,137,35,1679,"0"
12086,328,1,1679,"0"
7087,345,0,1665,"0"
8519.6,379,22,1682,"0"
18272,334,0,1682,"0"
12804.2,545,7,1681,"0"
4611,97,37,1681,"0"
4312.8,223,20,1690,"0"
9540,129,56,1690,"1"
6548.8,360,15,1689,"0"
3044.6,326,7,1688,"0"
5883.4,194,14,1690,"0"
3480,101,29,1690,"0"
9825.45,201,24,1690,"0"
360,11,23,1689,"0"
2577,141,45,1689,"0"
8163,248,35,1689,"0"
5151,276,23,1689,"0"
47285.57,1099,2,1686,"0"
42155.25,2508,7,1674,"0"
2340,60,16,1666,"0"
61517.2,4260,0,1686,"0"
252133,14426,20,1695,"0"
12410,144,15,1689,"0"
12158.79,621,7,1687,"0"
25885,889,6,1687,"0"
13497.6,564,24,1666,"0"
11868,599,1,1665,"0"
5290.8,256,6,1662,"0"
7434,86,8,1693,"0"
16031.4,219,6,1693,"0"
1630,20,22,1693,"0"
460,5,29,1686,"0"
13133.8,428,22,1637,"0"
7496,297,41,1634,"0"
5224.4,76,0,1620,"0"
16412.4,806,8,1679,"0"
16321,842,3,1679,"0"
18740,733,13,1684,"0"
16404,616,35,1682,"0"
3001,83,23,1682,"0"
14014.6,203,7,1682,"0"
9831.2,437,35,1682,"0"
34753.2,410,14,1681,"0"
34608,473,2,1681,"0"
12865,216,21,1680,"0"
3022.6,125,20,1680,"0"
8929,498,23,1688,"0"
1335.4,75,0,1688,"0"
4415,69,1,1687,"0"
4915.6,204,56,1674,"0"
8725,133,2,1670,"0"
4445.8,120,9,1668,"0"
41520.2,1244,8,1673,"0"
1714,29,2,1660,"0"
8693,187,41,1658,"0"
47797.4,1289,0,1674,"0"
32813.8,1155,3,1672,"0"
5558.8,239,42,1672,"0"
20176.6,593,1,1681,"0"
3286,235,28,1680,"0"
15520,174,7,1675,"0"
2806,59,44,1673,"0"
13256,277,13,1673,"0"
6995,83,21,1640,"0"
7390,104,20,1640,"0"
1159.2,77,55,1683,"0"
11735.8,369,3,1682,"0"
4330.2,424,42,1680,"0"
20223.2,731,7,1680,"0"
29018.8,1391,1,1616,"0"
120140.2,2499,1,1613,"0"
7609.04,194,1,1683,"0"
12517.6,228,0,1683,"0"
10837.8,275,34,1683,"0"
113095,1501,6,1682,"0"
3591.6,44,16,1681,"0"
14071,455,0,1682,"0"
22182.53,755,22,1682,"0"
30299,850,6,1679,"0"
2910,139,51,1665,"0"
3858,153,51,1679,"0"
7505,103,28,1679,"0"
23146,1077,8,1676,"0"
12824,1024,8,1674,"0"
8779.2,10558,14,1673,"0"
13490,183,14,1672,"0"
144402.2,5567,6,1669,"0"
483.8,7,15,1683,"0"
11725.85,314,0,1681,"0"
17828.6,271,10,1667,"0"
6192,177,7,1666,"0"
2679.4,148,30,1665,"0"
10265,145,9,1677,"0"
5307,442,0,1668,"0"
6075.2,121,57,1666,"0"
9195.6,183,13,1666,"0"
7376.8,321,29,1662,"0"
20576,250,1,1652,"0"
15238.6,272,28,1651,"0"
2080,66,59,1646,"0"
8780,94,22,1673,"0"
4948,289,36,1672,"0"
11655,141,31,1668,"0"
9882,190,1,1667,"0"
52978,4404,1,1634,"0"
9157,99,28,1633,"0"
26463.8,464,6,1675,"0"
10902.2,265,1,1669,"0"
9761,325,37,1674,"0"
3170,48,27,1673,"0"
10963,150,21,1603,"0"
7710.72,293,2,1655,"0"
3425,85,10,1654,"0"
3074,60,10,1654,"0"
51135.8,2795,0,1648,"0"
29375.6,375,14,1647,"0"
5429.2,311,20,1658,"0"
7216,201,28,1679,"0"
10020.2,297,0,1677,"0"
39678,1845,9,1665,"0"
8082,293,7,1660,"0"
10295,167,13,1654,"0"
2230,38,13,1653,"0"
760,19,2,1673,"0"
46734,1698,20,1674,"0"
14358,278,16,1674,"0"
8155,322,7,1661,"0"
7674.4,241,29,1645,"0"
136941.6,4107,0,1645,"0"
21751.8,679,7,1644,"0"
4205,92,37,1679,"0"
13025,154,2,1676,"0"
23464.2,707,2,1672,"0"
24637.89,429,20,1666,"0"
3696.8,155,29,1662,"0"
5195,66,0,1662,"0"
42025.4,1160,2,1655,"0"
63333.1,1542,1,1655,"0"
14530,176,55,1654,"0"
3483,126,59,1652,"0"
15359,235,38,1673,"0"
63794.23,1968,7,1669,"0"
4174,421,45,1665,"0"
546,8,21,1660,"1"
26777,507,1,1546,"0"
1976,41,59,1543,"0"
14134,276,22,1539,"0"
43723.23,2218,2,1661,"0"
51300,9303,6,1658,"0"
4180,48,21,1658,"0"
42075.22,2509,3,1654,"0"
2185,27,24,1667,"0"
16779.6,659,28,1666,"0"
3676.6,420,37,1645,"0"
5214,296,21,1654,"0"
96604.9,4313,0,1654,"0"
67380.21,2139,2,1651,"0"
2197,125,3,1642,"1"
17020,180,0,1662,"0"
8983,480,14,1660,"0"
9734.4,538,3,1654,"0"
3459.2,130,45,1654,"0"
14045.2,636,50,1654,"0"
6820,195,23,1666,"0"
5735.6,269,34,1665,"0"
29977.2,749,1,1662,"0"
3755.8,354,14,1661,"0"
4931.4,93,0,1605,"0"
4582,54,50,1654,"0"
21330.51,2538,30,1652,"0"
15415,207,10,1652,"0"
29576,657,1,1647,"0"
9963.8,538,8,1646,"0"
2015,115,36,1646,"0"
5425.4,310,21,1645,"0"
19295,249,1,1646,"0"
26393,343,6,1645,"0"
1050,17,30,1640,"0"
1855.6,105,24,1598,"0"
5480,87,23,1598,"0"
12157,153,6,1598,"0"
4063.6,215,9,1598,"0"
1238,71,44,1598,"0"
9991.2,615,2,1660,"0"
5492.4,289,9,1658,"0"
3380,346,30,1655,"0"
8235.2,177,37,1660,"0"
20092.4,574,36,1641,"1"
1940.8,32,42,1640,"0"
2120,31,29,1640,"0"
9295,109,13,1639,"0"
30645.8,1014,16,1639,"0"
14976,330,3,1667,"0"
25175,297,10,1666,"0"
32149.44,874,6,1672,"0"
4944,336,31,1669,"0"
70544.8,3171,3,1638,"0"
13365,159,15,1668,"0"
17214,186,1,1667,"0"
7540,80,22,1666,"0"
19522,820,1,1665,"0"
5200,215,9,1662,"0"
29114,411,10,1638,"0"
28871,978,3,1674,"0"
26921.6,1036,2,1674,"0"
64050.2,2833,8,1661,"0"
4485,57,27,1660,"0"
22225.2,465,6,1653,"0"
19676.75,546,10,1645,"0"
1420,40,51,1642,"0"
11185,139,37,1652,"0"
3042,176,55,1652,"0"
6168,102,0,1647,"0"
12388,795,1,1651,"0"
57067.11,3209,3,1647,"0"
14410.8,756,0,1642,"0"
12249.8,1251,3,1641,"0"
4369.8,75,16,1641,"0"
3904.4,203,7,1640,"0"
26223.6,1949,7,1639,"0"
9066.8,447,13,1639,"0"
36730.4,1358,14,1647,"0"
16146.6,961,10,1645,"0"
45746,2133,3,1644,"0"
105465.6,1915,0,1640,"0"
31807.6,759,2,1640,"0"
38285,463,8,1638,"0"
3310,54,31,1638,"0"
1834,106,34,1653,"0"
151496.26,5044,6,1653,"0"
12962.4,590,29,1652,"0"
12118,193,7,1652,"0"
7073.4,733,30,1658,"0"
3201,132,22,1603,"0"
4250.6,184,23,1599,"0"
658,32,24,1599,"0"
3477,126,36,1654,"0"
17698,253,14,1638,"0"
12567.6,2910,3,1637,"0"
5838.8,165,22,1625,"0"
27515,929,21,1647,"1"
7944.4,197,35,1598,"0"
5667,303,23,1632,"0"
12948.93,333,10,1660,"0"
5248,151,14,1658,"0"
6160,62,27,1655,"0"
3585.6,198,6,1655,"0"
575,10,58,1654,"0"
5587.2,171,35,1653,"0"
34006,818,7,1634,"0"
1345.2,73,57,1631,"0"
7101,404,2,3530,"0"
6539,140,9,3531,"0"
6881,229,45,3431,"0"
6857,135,52,3529,"0"
3931,196,28,3527,"0"
11317.8,645,0,3530,"0"
9039,311,36,3529,"0"
263313,3273,1,3529,"0"
7338.2,100,0,3529,"0"
385,8,24,3531,"0"
4177752,221091,1,3531,"0"
8710.8,389,51,3529,"0"
15823.6,693,8,3528,"0"
1843.6,94,3,3528,"0"
11858,584,15,3528,"0"
68995.2,2894,6,3531,"0"
3222,62,28,1626,"0"
14608,258,6,1645,"0"
50133.6,4519,6,1640,"0"
4246.4,405,14,1637,"0"
27167.58,1531,3,1635,"0"
9064.8,445,7,1647,"0"
5726,287,15,1645,"0"
22228.4,688,3,1652,"0"
7481.2,301,16,1651,"0"
7758,129,15,1648,"0"
19195.4,644,9,1648,"0"
64652.6,824,1,1648,"0"
19550,220,3,1620,"0"
14503.4,202,1,1619,"0"
3555,47,8,1648,"0"
4135,59,2,1648,"0"
9270,110,13,1647,"0"
6932,84,0,1631,"0"
7381.4,168,20,1645,"0"
40397.2,2050,9,1645,"0"
26655,459,13,1613,"0"
45297.82,1587,0,1646,"0"
1463,57,7,1625,"1"
2320.4,150,3,1653,"0"
8295.4,551,15,1653,"0"
60252.8,5276,7,1651,"1"
530,30,51,1625,"1"
4260,74,41,1634,"0"
51108.5,2748,6,1625,"0"
6421,84,8,1625,"0"
23205,264,0,1645,"0"
5020.8,142,55,1642,"0"
5424.2,171,8,1644,"0"
8983.6,292,36,1641,"0"
1777.04,96,27,1640,"0"
24014.3,864,1,1635,"0"
46166,1495,0,1634,"0"
11921.55,407,14,1632,"0"
1035,62,29,1609,"0"
6025,64,21,1609,"0"
1002.4,50,28,1609,"0"
5712.8,272,14,1598,"0"
2110,120,7,1598,"0"
29030,332,1,1644,"0"
28664,1594,31,1641,"0"
13500.4,907,42,1620,"0"
88708,1219,1,1619,"0"
6911,152,9,1611,"0"
12060.8,394,27,1638,"0"
6872,394,3,1637,"0"
37047,934,1,1611,"0"
26987.4,1008,0,1649,"0"
17275,622,0,1649,"0"
5362,225,16,1641,"0"
41292.4,1069,0,1640,"0"
18419.6,352,1,1638,"0"
6010,186,0,1638,"0"
78783,5858,9,1633,"0"
12075,150,0,1631,"0"
9215,181,7,1627,"0"
120932.4,2460,0,1627,"0"
41713,485,0,1625,"0"
6234,235,9,1613,"0"
22157.6,703,3,1613,"0"
3655,68,34,1610,"0"
8279.8,421,51,1620,"0"
1748.4,137,36,1609,"0"
19172,367,10,1634,"0"
1541.8,101,1,1633,"0"
10150,579,14,1631,"0"
9404.2,499,31,1631,"0"
39711.6,1716,2,1627,"0"
5345,66,43,1626,"0"
4621,134,1,1625,"0"
6209,109,2,1620,"0"
5479.6,586,0,1638,"0"
12272.8,183,6,1638,"0"
5367.48,303,28,1632,"0"
8255.2,221,36,1628,"0"
41985,651,1,1584,"0"
33795,2462,6,1613,"0"
85080.25,3997,1,1638,"0"
24721,527,1,1634,"0"
3185,44,41,1611,"0"
11971,191,23,1610,"0"
34970,1895,42,1610,"0"
3530,46,6,1609,"0"
1536,84,37,1605,"0"
20748.2,354,16,1598,"0"
1706,83,34,1598,"0"
12289.8,245,6,1633,"0"
12777.6,630,13,1631,"0"
3055,39,22,1602,"0"
16235,368,8,1609,"0"
37806.85,1113,6,1604,"0"
3769,217,49,1603,"0"
1395,27,22,1605,"0"
13905,207,27,1639,"0"
46302,3872,2,1624,"0"
7574.4,200,13,1620,"0"
30470,330,8,1619,"0"
7185,93,16,1617,"0"
15612,199,1,1613,"0"
2006,90,8,1599,"0"
101126,4092,14,1599,"0"
2157.8,163,6,1599,"0"
3597.6,52,0,1613,"0"
35581.6,2470,2,1612,"0"
954,51,36,1609,"0"
180404.6,10750,6,1609,"0"
11829.2,279,0,1624,"0"
103331,6012,2,1626,"0"
9353,118,15,1618,"0"
5450,319,30,1617,"0"
39735,612,2,1617,"0"
8898,448,37,1614,"0"
7909,106,31,1613,"0"
12529.8,531,6,1602,"0"
1155,33,14,1599,"0"
3755,216,6,1610,"0"
16365.6,456,1,1609,"0"
1572.8,42,28,1605,"0"
2244,85,21,1603,"0"
1930,110,22,1624,"0"
70280,1254,0,1618,"0"
3347,205,20,1617,"0"
4058.6,116,49,1617,"0"
3255,186,27,1616,"0"
7750.2,302,22,1614,"0"
169870.35,9812,0,1601,"0"
27842,357,8,1596,"0"
2538,42,7,1633,"0"
8715,232,41,1626,"0"
25897.39,595,3,1626,"0"
4495,109,34,1624,"0"
3588,118,2,1619,"0"
2930,182,30,1618,"0"
4142,119,33,1614,"0"
10132,175,21,1599,"0"
4028.4,116,8,1640,"1"
5793.6,258,36,1639,"0"
3640,103,36,1633,"0"
15274.6,199,0,1605,"0"
42442.6,4498,10,1605,"0"
5091.9,604,31,1604,"0"
12905,168,22,1604,"0"
16624.2,1660,3,1603,"0"
10281,411,14,1590,"0"
4495,59,20,7356,"0"
23605,283,6,7395,"0"
3034.98,57,44,3531,"0"
52470,616,2,7358,"0"
3420,180,27,7392,"0"
7811.8,381,21,7374,"0"
34791.6,1631,6,7386,"0"
6132,187,8,7399,"0"
114224,3153,13,7378,"0"
3235,185,24,7357,"0"
12522,482,22,7380,"0"
10851.2,537,3,7385,"0"
793.6,48,42,7380,"0"
11770.38,13540,15,7357,"0"
1132,64,23,7387,"1"
4536,260,48,7386,"0"
6520,351,23,7359,"0"
4060,130,16,7367,"0"
25312,926,15,7359,"0"
36045,503,1,3535,"0"
6036.4,259,16,7155,"0"
17068.9,380,34,7114,"0"
14972.89,299,14,7073,"0"
24952,710,7,7336,"0"
2304,131,1,7332,"0"
40611.4,602,0,7363,"0"
49623.88,1392,12,3534,"0"
7265.7,151,1,7330,"0"
5962,66,51,3536,"0"
6600,90,6,3535,"0"
34356,1647,10,3534,"0"
3101,41,50,3529,"0"
1804,96,57,7356,"0"
19593,308,9,7343,"0"
5116,265,9,3500,"0"
24175,533,0,3536,"0"
5538,278,22,3538,"0"
13660,186,2,7322,"0"
2322.8,241,20,7328,"0"
1590.8,88,0,7328,"0"
13474,475,6,3534,"0"
10984.9,225,1,7350,"0"
14460,182,27,3536,"0"
1289,65,7,3535,"0"
74873.6,935,0,3536,"0"
6387.6,262,6,7337,"0"
11210,396,7,7325,"0"
17081.2,439,7,7337,"0"
88500,3089,1,7339,"0"
7805.6,226,13,7324,"0"
7120.2,408,28,3535,"0"
929,54,52,7296,"1"
6820,390,20,3536,"0"
352854.59,11735,1,3535,"0"
4787,244,10,7329,"0"
16088.4,382,44,7244,"0"
6777.4,370,8,7338,"0"
29802,2741,2,7316,"0"
9060,342,0,7308,"0"
12811,695,16,7339,"0"
3692,165,6,3536,"0"
11848,678,2,7323,"0"
12939,450,3,7330,"0"
14547,289,15,3529,"0"
17525,1165,2,7325,"0"
6380,100,48,7324,"0"
4528,192,27,3528,"0"
3660,45,23,7302,"0"
63745,4884,1,3536,"0"
11419.2,315,13,3536,"0"
4016.01,92,35,3535,"0"
13801.6,462,7,7328,"0"
19377,712,2,7304,"0"
12140,140,3,7303,"0"
13543.6,429,9,7302,"0"
18400,200,0,3537,"0"
55930,716,6,7322,"0"
2504,131,7,7294,"0"
102102,4602,2,7311,"0"
7117,408,0,7304,"0"
4952,239,6,7307,"0"
3805,194,13,7281,"0"
57546,3539,1,7317,"0"
1301.9,135,59,7308,"0"
24209.92,1201,3,7289,"0"
629952.6,35707,8,7295,"0"
4017,230,59,7258,"0"
19585,209,10,7240,"0"
10489.81,167,12,7316,"0"
7418,222,15,7275,"0"
7424,213,6,3545,"0"
19386.4,1302,3,7247,"0"
5171,140,55,7293,"0"
264133.6,11547,0,7309,"0"
9352,435,14,7304,"0"
4330,127,52,3534,"1"
1359.6,76,27,7295,"0"
8898.6,591,20,7289,"0"
2232,77,57,3545,"0"
6310.6,339,16,3541,"0"
15035,169,0,7280,"0"
37380,1857,9,7287,"0"
15625,213,31,3545,"0"
48757,605,0,3545,"0"
22554.6,875,14,7239,"0"
15539,659,23,3541,"0"
8263,364,49,3541,"0"
100761,4896,3,3545,"0"
67186,1167,0,3545,"0"
100910,2905,1,3542,"0"
5412,154,16,3545,"0"
2344,65,41,3545,"0"
4138,119,31,3544,"0"
1291.8,97,52,3541,"0"
9920,424,21,7294,"0"
2435,28,49,7295,"1"
2814,162,6,3542,"0"
3279,139,42,7282,"0"
4321.6,224,27,7275,"0"
20070,255,0,3543,"0"
2776.23,62,7,7248,"0"
19855.88,431,14,7282,"0"
7319,418,20,3544,"0"
4736,99,24,3545,"0"
9359.8,154,2,7272,"0"
24474.4,1085,1,7269,"0"
13923,471,7,3541,"0"
9085.53,160,1,7280,"0"
2954,174,51,7275,"0"
43707.4,823,6,7275,"0"
3716,110,20,7274,"0"
16472.8,736,2,3541,"0"
5400.8,646,56,7232,"0"
1158.6,165,7,7227,"0"
7284.8,265,1,7279,"0"
22390.4,635,3,7262,"0"
6406.2,188,13,7258,"0"
3993.2,91,58,7258,"0"
7088,335,7,7240,"0"
2956,170,15,7269,"0"
2353,84,3,7238,"0"
18043,205,28,7246,"0"
153634.2,4946,6,7245,"0"
2906,113,1,7237,"0"
42534.4,1181,14,7251,"0"
22166,273,1,7252,"0"
8536,485,10,7247,"0"
11055.4,282,34,7219,"0"
11892,1087,3,3552,"0"
19376,529,24,7232,"0"
2312,115,27,7247,"0"
5084,146,29,3550,"0"
1896,108,44,7232,"0"
20514,639,21,3552,"0"
22736,612,6,3549,"0"
33145.48,677,3,3549,"0"
5471.2,661,24,3534,"1"
22888.8,1487,0,3552,"0"
8107.2,411,14,7205,"0"
5004,227,8,7204,"0"
6144,99,0,7203,"0"
21275.4,2584,16,3552,"0"
11004.4,332,2,3551,"0"
1928,70,43,7238,"0"
530,30,30,7232,"0"
11245,139,24,7225,"0"
1840,50,51,7167,"0"
5275.4,247,52,7163,"0"
2984.4,96,6,3552,"0"
5004,277,37,7181,"0"
3784,216,45,3549,"0"
7387.8,147,20,7198,"0"
2596,31,59,3549,"0"
1820,46,58,3549,"1"
7655,88,36,7225,"0"
1994,83,22,7240,"0"
4579,304,8,7239,"0"
4448.4,209,43,7231,"0"
2243,58,37,3550,"0"
26867,2209,3,7203,"0"
8288.8,721,21,7197,"0"
36586,3480,8,7199,"1"
8426.6,466,6,7198,"0"
27413.58,9837,3,7219,"0"
937.6,55,21,7218,"0"
7818,287,16,3550,"0"
13240,409,8,7217,"0"
47940,1111,1,7216,"0"
2112,88,52,7216,"0"
13990.6,627,9,7168,"0"
20100,283,0,7211,"0"
3334.4,196,2,3541,"0"
4892.71,90,30,7143,"0"
30749.29,673,6,7143,"0"
3870,185,9,3548,"0"
1050,60,51,7210,"0"
15726,377,13,7209,"0"
2411,140,29,7206,"0"
3266,187,9,7219,"0"
13768.2,351,15,7213,"0"
51874.56,6423,3,7210,"0"
104397.05,3774,20,7210,"0"
4890.2,495,13,7157,"0"
31040,326,2,3551,"0"
4516,258,41,3552,"0"
42538,1366,8,7205,"0"
54956.1,1735,9,7192,"0"
1225,60,55,7209,"0"
13194.8,443,8,7170,"0"
7995,113,36,7197,"0"
5445,75,3,7197,"0"
16620,909,0,7205,"0"
6050,62,15,7199,"0"
2594,152,37,7198,"0"
6390,136,0,7198,"0"
72716.4,1751,1,7197,"0"
17392,862,8,7185,"0"
10370,113,36,7204,"0"
12339.4,520,23,7183,"0"
3085,43,14,7195,"0"
21710,262,2,7192,"0"
29562.2,633,1,7192,"0"
10812.6,508,37,7190,"0"
3636,83,22,7188,"0"
1664,164,8,3557,"0"
11890,139,55,7184,"1"
35697,1819,3,7191,"0"
75733,3065,3,7191,"0"
1051,62,0,7189,"0"
58261.2,3158,1,7190,"0"
5783,338,27,7190,"0"
116056.2,5907,3,7191,"0"
174147.3,4169,2,7167,"0"
2315,43,45,3555,"0"
15000,179,27,3555,"0"
32304,2095,13,3559,"0"
11627,636,8,3548,"0"
97420.33,16668,9,7175,"0"
2753,174,30,7176,"0"
12164,811,6,7080,"0"
35183.05,669,0,7114,"0"
7104,441,28,7185,"0"
33198.6,1294,0,7185,"0"
38223.8,614,1,7185,"0"
52357.8,1842,1,7185,"0"
53064,1604,2,7185,"0"
12225.31,396,9,7185,"0"
50466,1178,2,7185,"0"
8828.4,327,14,7183,"0"
1754.6,99,45,7168,"0"
2212,127,34,3559,"0"
22662,840,7,3558,"0"
5882,176,10,7184,"0"
1760,92,27,7170,"1"
835,45,41,3550,"0"
1029,18,2,3548,"0"
1971.6,91,10,3558,"0"
68410.8,1998,1,7169,"0"
9811.15,227,24,7146,"0"
4170,60,29,3555,"0"
17157.4,533,1,7143,"0"
20705.6,1118,3,7143,"0"
850,25,41,3555,"1"
1060,51,44,7171,"0"
5897.2,290,48,7169,"0"
43540,515,9,7167,"0"
440,6,49,7163,"1"
10709.2,331,21,3541,"0"
4328,231,36,7161,"0"
61626.4,1708,0,3558,"0"
42520.55,1297,0,3557,"0"
48673.52,945,10,7147,"0"
4510.6,164,23,7143,"0"
21152,277,20,7160,"0"
91565,1147,0,7149,"0"
2350,134,28,7146,"0"
34554.2,1886,27,7160,"0"
688,18,35,7153,"0"
14479.8,290,6,7163,"0"
18118.4,667,6,7155,"0"
15916.2,864,0,7154,"0"
2868,108,56,7143,"0"
24596.6,273,8,7154,"0"
27576.56,626,7,7150,"0"
3660,42,6,7150,"0"
2725,155,27,7143,"0"
1630,72,57,7134,"0"
8072,423,7,7132,"0"
5695.4,308,9,7127,"0"
30073.2,2322,3,7142,"0"
16653,549,2,7128,"0"
105659.6,3891,1,7098,"0"
18675.4,1952,8,7090,"0"
29403.83,633,8,7066,"0"
8800,287,13,7055,"0"
6510,148,6,7036,"0"
7822,223,2,2337,"0"
9013,347,3,2333,"0"
13419.6,763,27,7141,"0"
135504.2,3876,1,7134,"0"
2884.8,149,45,7132,"0"
1965.4,89,57,7105,"0"
15666.3,288,6,2317,"0"
35282.4,1963,6,7135,"0"
12126.4,629,0,7105,"0"
8956,516,36,7121,"0"
7162,409,20,6971,"0"
7317,338,16,7079,"0"
17108,791,7,3565,"0"
19185,439,8,7099,"0"
20490,635,0,7092,"0"
3949,157,2,3563,"0"
10905,149,22,7126,"0"
4019,140,37,7120,"0"
7342,214,24,3556,"0"
8335,228,9,3555,"0"
71634.92,1548,3,7097,"0"
3345,46,48,7104,"0"
3595,209,27,7041,"0"
7609,490,1,7087,"0"
8228,472,7,7098,"0"
7211,258,43,7091,"0"
12682,592,3,7115,"0"
4302,227,1,3527,"0"
19593.6,1884,24,3527,"0"
12854.4,612,8,7052,"0"
33707,754,3,7113,"0"
1220,70,52,7077,"0"
1721.4,30,36,7122,"0"
22033,642,0,7038,"0"
17240.3,376,1,7104,"0"
14069.8,577,22,7099,"0"
12687.2,518,7,7077,"0"
8270.36,467,3,3564,"0"
37555.6,2093,3,7092,"0"
4540,62,55,7092,"0"
8000,112,50,3563,"0"
17304,767,7,3548,"0"
1708,62,26,7065,"0"
1763.4,99,52,7078,"0"
39731.4,462,2,3564,"0"
38242.6,597,1,3564,"0"
44461,1886,2,7090,"0"
2176,84,41,7065,"0"
24005,271,1,7084,"0"
11235,133,35,7066,"0"
31590,1574,3,3562,"0"
3680,200,14,7073,"0"
6058,287,13,7066,"0"
25271.6,1098,0,7076,"0"
37206.4,1148,2,7072,"0"
28865.6,1847,2,7086,"0"
12042.2,520,13,3564,"0"
16200.8,869,1,3562,"0"
24900,271,13,3555,"0"
11545,156,23,3565,"0"
15379.45,236,3,7024,"0"
2031.6,65,37,7022,"0"
20085,774,0,3563,"0"
13780,156,2,7007,"0"
2854.4,95,8,7073,"0"
820,11,37,7077,"1"
5797,289,23,7073,"0"
2180,132,27,3562,"1"
569068.53,13707,0,7029,"0"
7246.4,212,35,3563,"0"
36996,1064,1,7059,"0"
16464.8,287,21,7059,"0"
21520.2,860,3,7070,"0"
51327.15,932,0,7064,"0"
3564.2,173,3,7066,"0"
13057.58,278,0,7029,"0"
5462.6,628,3,7027,"0"
4000.2,231,28,7059,"0"
8190.95,179,21,7070,"0"
3156.2,164,35,7058,"0"
937.42,18,29,3562,"1"
6099.4,654,23,7035,"0"
35851.8,1599,3,7064,"0"
79509,2809,1,7064,"0"
71207.2,3234,2,7063,"0"
22365,323,10,7045,"0"
100127.95,2823,9,7048,"0"
15236,784,7,6996,"0"
1577,96,21,7069,"0"
5040,291,22,7051,"0"
5080,74,104,7031,"0"
6911.2,283,15,6979,"0"
26875.8,1549,0,6978,"0"
16752,797,24,7055,"0"
23334.2,982,13,7040,"0"
21220.2,828,0,7038,"0"
151929.5,7498,1,7057,"0"
18240,224,15,7036,"0"
3640,60,16,7030,"0"
2239.2,92,28,7031,"0"
15885.94,284,8,7043,"0"
29448,682,15,7029,"0"
16212.8,649,22,7027,"0"
7995.85,222,41,7023,"0"
8671,262,20,3527,"0"
84055.6,2217,0,7029,"0"
1929,110,10,7031,"0"
24606.41,513,6,3557,"0"
14933.8,374,6,3573,"0"
12368.8,1196,1,3572,"0"
43118,1558,7,3572,"0"
39336.2,1741,2,3572,"0"
34422.6,937,9,7030,"0"
2184,124,2,7021,"0"
6267,346,14,3573,"0"
2591.2,101,27,3571,"1"
8020,108,13,7017,"0"
5493,264,30,3570,"0"
1244.15,45,34,7042,"0"
24204.8,699,8,7041,"0"
3537,201,28,7024,"0"
17854,394,7,7035,"0"
3092.8,244,30,7010,"0"
3425,202,6,7001,"0"
2390.8,96,36,7010,"0"
25920,264,1,6965,"0"
1477.6,119,31,6996,"0"
3252.8,177,23,7015,"0"
5533,90,44,7010,"0"
68735,854,13,7008,"0"
43630,1785,6,7024,"0"
6120,248,13,6986,"0"
4392,125,14,3570,"0"
4085.6,168,0,3570,"0"
4874,209,8,3573,"0"
28712.3,1142,55,3571,"0"
13232,503,1,3571,"0"
27042,741,7,7010,"0"
61704,4065,3,7013,"0"
9459,101,9,7007,"0"
3681,59,49,3573,"0"
522,29,10,6996,"0"
33495,481,3,7006,"0"
11575,217,0,7000,"0"
18875,683,1,6999,"0"
2812,118,42,7021,"0"
12456.2,696,6,7020,"0"
11465.2,507,8,3569,"0"
14086.2,200,15,3573,"0"
22012,366,10,3570,"0"
24172,489,9,7001,"0"
810.75,57,0,3573,"0"
35815.6,1748,15,7017,"0"
1094,49,16,7017,"0"
5193,118,23,3569,"0"
13076.93,303,7,6958,"0"
4535,64,41,7003,"0"
5660,58,7,3572,"0"
8035,103,15,3571,"0"
79372.4,4628,0,6987,"0"
47288.6,1975,9,7015,"0"
5426.24,108,44,7009,"0"
1926,73,29,6994,"0"
15378,211,16,6993,"0"
955,54,21,3571,"1"
655.67,13,36,7013,"1"
120484.2,4175,1,7002,"0"
1890,105,37,6945,"0"
5713.4,294,8,6982,"0"
8425,290,7,6995,"0"
13252.6,608,10,6995,"0"
4875,58,28,6994,"0"
5079,73,21,7008,"0"
6776,95,8,3571,"0"
8668,250,9,6994,"1"
13758,807,30,6979,"0"
3255,166,22,6978,"0"
8396,425,36,6922,"0"
5549,102,58,6993,"0"
8820,504,31,6989,"0"
117027.33,2602,3,6987,"0"
25081,1538,6,6995,"0"
7782.78,413,10,6961,"0"
32222.8,989,20,6986,"0"
20891,1436,8,6987,"0"
159385.8,5278,1,6987,"0"
23262,658,7,6985,"0"
4123,238,7,6981,"0"
6329.6,600,7,6953,"0"
2483.2,112,9,6951,"0"
6182,352,7,3580,"0"
26122,1193,15,6972,"0"
9552,273,27,6995,"0"
23627.2,1002,0,6978,"0"
5774,166,51,6965,"0"
1805,102,16,3513,"0"
8666.4,266,13,6987,"0"
15084,417,21,3577,"0"
2134,114,55,6965,"0"
22939.35,651,13,6973,"0"
14901,502,29,6994,"0"
8770,126,23,6994,"0"
12104,341,15,3555,"0"
1046,59,29,6965,"0"
2105.6,116,43,6971,"0"
890,50,16,6971,"0"
83728,1077,1,6966,"0"
19620,208,6,6953,"0"
15262.4,515,34,3578,"0"
30979.2,1337,2,6980,"0"
9692,190,3,6975,"0"
5411,247,58,6988,"0"
11148,188,45,6988,"0"
14642,776,27,3534,"0"
26370,2378,13,3577,"0"
21274.65,367,14,6986,"0"
17352,591,27,3580,"0"
17428.4,651,0,3580,"0"
36223.8,1290,7,3580,"0"
24642,838,6,3580,"0"
1927.3,38,50,6985,"0"
76842.2,4076,3,3578,"0"
10546.4,441,1,3577,"0"
24720,337,35,3577,"0"
35712,1605,3,3576,"0"
11374,475,16,3576,"0"
3400,330,15,6978,"0"
1663,95,45,6965,"0"
6867,102,28,6925,"0"
5078,285,35,6960,"0"
9115.2,262,14,6980,"0"
6871.2,209,16,6979,"0"
3604,162,24,6910,"0"
54977.4,1488,1,6961,"0"
2089.2,147,48,3579,"0"
1450.3,162,14,6950,"0"
4876.8,388,44,3578,"0"
62610,3285,0,6957,"0"
2065.2,207,9,3576,"0"
22244.4,424,9,6974,"0"
88078.7,2738,0,3579,"0"
5554.2,223,15,3578,"0"
2798.8,150,16,3577,"0"
8564.26,421,20,6971,"0"
1756,100,9,6971,"0"
12866,291,2,6945,"1"
3758.8,156,36,6960,"0"
14201,695,48,3577,"0"
25411.4,1039,42,6951,"0"
6778.4,349,14,3580,"0"
68318.7,966,0,6945,"0"
11687.6,589,16,6951,"0"
24609.4,305,48,6945,"0"
17623.26,1092,13,6940,"0"
785,18,41,6932,"1"
1322.2,59,35,6964,"1"
3329.6,148,37,3576,"0"
35423.45,1461,1,3580,"0"
34856.8,941,30,6960,"0"
28377.2,2024,21,6929,"0"
2184.4,36,44,3579,"0"
21186,633,6,3576,"0"
7452,293,9,3578,"0"
44384.8,644,6,6937,"0"
1112,56,27,6943,"0"
7444,414,0,6943,"0"
21658.8,657,8,6940,"0"
74356,2218,2,6951,"0"
28545.31,953,1,6939,"0"
11838,548,9,6925,"0"
4352,222,28,6932,"0"
11755.55,862,22,6908,"0"
9275.88,171,7,6922,"0"
46263.6,2012,2,6929,"0"
2910,62,2,6938,"0"
1555,46,34,6938,"0"
56659.05,2296,0,6936,"0"
35415.65,1743,0,6922,"0"
2164,77,21,6923,"0"
2985,46,30,6929,"0"
6528.2,287,16,6930,"0"
3941.6,220,8,6926,"0"
989.65,21,27,6936,"0"
48696,668,0,6834,"0"
24965,405,24,6925,"0"
11149,567,14,6925,"0"
4585,71,27,6938,"0"
8710.8,297,2,6902,"0"
1474.6,73,23,6924,"0"
24705.36,551,0,6932,"0"
2521,144,29,6937,"0"
11289.4,315,8,6937,"0"
2086,120,9,3586,"0"
31986,1688,6,3586,"0"
66773.4,3570,7,6923,"0"
1084.6,120,23,6901,"0"
11228.8,431,29,6904,"0"
1625,89,16,6916,"0"
1639,93,2,6912,"0"
107205,3891,3,3584,"0"
3765,211,3,6910,"0"
4398,251,2,6910,"0"
5415,67,15,6903,"0"
2663,147,59,6926,"0"
15696.6,1837,21,3587,"0"
15706.2,731,8,3587,"0"
3119.6,366,28,3586,"0"
6147,84,38,6916,"0"
7892,96,23,6915,"0"
4245,238,20,6916,"0"
25169.2,725,0,3587,"0"
3220,44,36,6924,"0"
7620,236,21,3587,"0"
2342,134,14,3586,"0"
8358.6,250,8,6904,"0"
3510,42,57,6919,"0"
57661.2,2182,0,6915,"0"
18074,215,2,6910,"0"
3835.98,74,8,6926,"0"
4111.2,225,14,3586,"0"
24582,785,13,3584,"1"
5832.4,82,38,3578,"0"
25070,1772,0,3577,"0"
18218.8,1958,1,6889,"0"
29820.4,1035,6,6897,"0"
18733,1094,10,6896,"0"
47080.6,2635,0,6902,"0"
41556,582,2,6905,"0"
19488.8,730,8,6887,"0"
30677,2386,5,6909,"0"
76761.6,3576,1,3586,"0"
5110,76,30,3583,"0"
6290,359,27,6891,"0"
3474,143,9,3432,"0"
26576,1539,3,6881,"0"
7354,124,2,6889,"0"
1312.8,128,38,6874,"0"
10476,541,29,3586,"0"
2141,123,15,3586,"0"
45143.4,1990,3,3586,"0"
9704.4,485,14,3583,"0"
1107.8,58,24,6904,"0"
20897.45,889,2,6903,"0"
56751,2231,2,6896,"0"
4470,63,15,6818,"0"
2819.2,132,48,3587,"0"
9679.4,275,13,6883,"0"
34140,333,1,3583,"0"
1643,89,2,6905,"0"
25440.65,479,0,6853,"0"
9435,538,31,6874,"0"
10549,578,7,3584,"0"
28951,553,10,3587,"0"
3850,64,36,3584,"0"
2528.4,140,57,6880,"0"
7773.6,374,14,6881,"0"
1542,88,1,6881,"0"
25682,1328,34,6891,"0"
118571.5,5922,1,7780,"0"
82458.6,2428,0,3587,"0"
29118.4,1123,14,7780,"0"
13076.4,627,29,7780,"0"
4634.4,494,0,7780,"0"
2685,36,20,7778,"0"
133406.46,6844,1,7780,"0"
25962.4,2607,1,7780,"0"
11140,160,2,7780,"0"
1028,93,56,7763,"1"
64859.8,5770,1,7780,"0"
77903.64,3508,3,7780,"0"
7089.2,759,34,7778,"0"
5080,145,37,3593,"0"
1523804,97807,2,7780,"0"
2050.34,116,15,7780,"1"
244648.6,7566,15,3593,"0"
2852,163,23,3592,"0"
29718.7,1931,13,7780,"0"
15546.6,2265,5,3590,"0"
4394,165,34,3583,"0"
9680,132,7,7780,"0"
11173,961,6,7780,"0"
23840.6,1274,19,7780,"0"
76050.6,1601,2,3593,"0"
29852.3,1517,0,7780,"0"
55128.6,2909,7,7780,"0"
1716.4,172,30,3592,"0"
4570,61,1,3594,"1"
4840,65,8,7778,"0"
2390,36,16,3591,"0"
8799.6,331,28,3591,"0"
145647.6,7962,3,7780,"0"
6960.2,458,7,7780,"0"
47090.8,1629,7,3591,"0"
8386,373,20,3479,"0"
14947,853,7,3373,"0"
16733.6,742,0,3594,"0"
2975,50,23,7763,"0"
1956.42,30,34,3590,"0"
16941,966,0,2955,"0"
2483,142,31,3593,"0"
4555.4,452,14,3591,"0"
19204,1083,7,3591,"0"
279267.8,16177,1,7780,"0"
14205,669,7,7780,"0"
6457.6,357,55,7780,"0"
135190.4,6913,1,7780,"0"
37367,402,6,3592,"0"
22084,243,2,3590,"0"
3385.6,332,1,7780,"0"
7870.8,389,27,7780,"0"
870,50,34,3592,"1"
4233.04,439,5,7780,"0"
13887,459,7,3590,"0"
13240.4,939,8,7780,"0"
14165,153,0,3577,"1"
162702.4,2605,6,3577,"0"
3836.2,397,27,7780,"0"
3446.6,185,57,7763,"0"
935,100,34,7763,"0"
3550.8,225,34,7763,"0"
4551.45,140,27,2953,"0"
8487.6,420,24,7763,"0"
63507.82,3415,7,7763,"0"
9064.6,383,8,7763,"0"
9363,541,30,7763,"0"
7967.4,914,0,7763,"0"
4848.4,343,30,7763,"0"
126114.34,3496,8,7763,"0"
4622,69,1,3052,"0"
70233.6,3183,2,7763,"0"
3784,403,34,7763,"0"
63655.7,3028,6,7763,"0"
40920.56,2318,3,7763,"0"
53867.6,3248,3,7763,"0"
556.8,85,29,7763,"0"
3740,406,45,7763,"0"
5555,79,34,7763,"0"
56545.42,2928,5,7763,"0"
8281,98,36,3599,"0"
45864.2,1194,15,3597,"0"
20748,434,2,3583,"0"
23154,888,0,3479,"0"
15504.26,396,1,3479,"0"
21073,487,6,7763,"0"
137252.4,7403,1,7763,"0"
64663.6,2173,0,7763,"0"
2141.2,78,24,7763,"0"
40652,577,14,7763,"0"
2030,26,43,7763,"0"
47618.74,2867,0,7763,"0"
8813.04,458,16,7763,"0"
31102,3250,16,7763,"0"
2550,39,52,3500,"0"
2272,65,15,3600,"0"
66453.8,1965,41,3600,"0"
5278,144,0,3598,"0"
10081.14,505,1,7763,"0"
3370,94,50,3597,"0"
8357.2,243,0,3597,"0"
36976.1,2245,1,7763,"0"
45751.3,2908,5,7763,"0"
126914.6,4511,3,7763,"0"
32210.2,1305,14,3599,"0"
20875.6,982,0,3598,"0"
12321.8,214,6,3598,"0"
35129,1015,3,3597,"0"
13476,861,8,3600,"0"
29695,377,9,3600,"0"
4669.2,208,9,3599,"0"
1904.46,218,31,7763,"0"
3459,61,30,7763,"0"
4457.32,385,8,7763,"0"
6417.32,350,34,7763,"0"
23662.8,1825,0,7763,"0"
51756.6,3685,0,7763,"0"
2342.8,209,13,7763,"0"
35476.6,1763,10,7779,"0"
1525,34,20,7779,"1"
9245.2,488,14,7779,"0"
9264,123,1,3605,"0"
206556,5666,1,3601,"0"
10979.1,626,3,7779,"0"
4381.86,217,10,7780,"0"
39325,415,0,3608,"0"
101612,8040,16,3606,"0"
3912,111,31,3607,"0"
3105,45,8,7778,"0"
36009.4,967,6,3597,"0"
11695.4,492,6,7778,"0"
56888.3,3782,6,7779,"0"
48821.8,2554,3,7779,"0"
3190.4,148,1,7779,"0"
64185.4,3478,6,7779,"0"
112690.4,3770,1,7779,"0"
59473.9,1383,1,7779,"0"
58713.2,2033,34,7779,"0"
8470.2,511,14,3465,"0"
5937.05,126,41,3608,"0"
471,27,10,3534,"0"
3371,314,23,3534,"0"
1424,81,8,3608,"0"
3500,204,57,7779,"0"
3870.8,387,1,7779,"0"
15027.2,853,3,7779,"0"
7632,703,7,7780,"0"
40144,1935,6,3607,"0"
32034.3,1614,10,7779,"0"
16449,1309,2,7779,"0"
7806,463,22,7779,"0"
17419.4,1449,23,3605,"0"
2645,143,29,3606,"0"
11027.6,308,15,7779,"0"
10767.4,499,3,3606,"0"
1312,140,37,7779,"0"
23707,1315,10,7779,"0"
10381.2,361,24,3606,"1"
2333.8,251,34,7779,"0"
5656.4,284,10,7779,"0"
33056.8,1567,1,7779,"0"
1566.6,94,8,7779,"0"
13587.8,570,41,7780,"0"
17052,744,2,7780,"0"
102272.8,7003,1,7779,"0"
64087.8,4348,1,7779,"0"
9278,444,48,3614,"0"
25680.4,818,6,7779,"1"
43653,2652,1,7779,"0"
5585,78,31,7778,"0"
56066,3219,6,7779,"0"
7763.6,450,10,7779,"0"
27312.5,1897,13,7779,"0"
34243.9,1715,9,7779,"0"
7725.12,368,0,7779,"0"
38055.05,1583,2,3611,"0"
10497.4,209,13,3611,"0"
9622,460,2,3605,"0"
7748.6,487,1,7779,"0"
7356.2,301,22,3614,"0"
111416.3,7039,1,7779,"0"
11225,128,9,3615,"0"
3327.6,191,16,3612,"0"
4423.6,280,23,3613,"0"
216,12,22,3605,"0"
986,54,36,3604,"0"
25594.4,538,1,3615,"0"
4857.4,282,19,7762,"0"
1865,106,3,3604,"0"
85084.6,3862,1,3604,"0"
4272.4,286,44,3613,"0"
2192,31,57,7762,"0"
18960,232,6,3612,"0"
1763,100,9,3614,"0"
993.1,54,30,7762,"0"
30863,793,7,3613,"0"
14380,199,3,3612,"0"
62516.2,4780,0,7762,"0"
24526.2,1574,6,7762,"0"
9564,261,13,3612,"0"
2992.8,307,7,7762,"0"
3176,117,30,7762,"0"
1719.86,94,28,7779,"0"
19697.6,937,1,7762,"0"
28669.8,1857,1,7762,"0"
292243.8,18440,0,7762,"0"
26320.9,1190,2,7762,"0"
37930.6,1295,1,7762,"0"
1933.2,176,27,7762,"0"
245797.05,20468,0,7762,"0"
79777.2,2762,1,7762,"0"
40237.4,1692,0,7762,"0"
2531,242,0,7762,"0"
10237,986,3,7762,"0"
4771,276,23,3619,"0"
2368,68,6,3622,"0"
11004,452,15,7762,"0"
13614.4,1104,9,3622,"0"
956.4,50,49,3622,"0"
23685,265,19,7762,"0"
4845,276,16,3622,"0"
46479.4,2062,0,3620,"0"
3050,49,57,3619,"0"
80764.3,4470,1,7762,"0"
1614,80,57,3622,"0"
1252,72,30,3621,"0"
4820,64,6,7762,"0"
5879,336,13,3620,"0"
28190.6,997,6,3622,"0"
9846.6,968,27,7762,"0"
38666.2,4244,1,7762,"0"
7752.2,294,3,7762,"0"
9803.2,289,22,3619,"0"
18183.45,242,36,3622,"0"
23225.4,1096,9,7762,"0"
11860,201,9,3611,"0"
8137,477,44,3620,"0"
107054,1233,6,3620,"0"
7918,251,21,3618,"0"
16705,830,43,7762,"0"
6250.6,562,0,7762,"0"
4888,281,3,3622,"0"
106050,1248,1,3621,"0"
9926,703,16,7762,"0"
7081.4,360,1,3620,"0"
55295,766,9,3618,"0"
64548,2665,7,7762,"0"
44625,522,20,7762,"0"
25055.01,568,8,3604,"0"
22315,241,1,3604,"0"
1062,74,37,3601,"0"
6405,61,24,3621,"0"
7063,363,22,3618,"0"
10167.2,650,57,7780,"0"
4212.4,438,23,7780,"0"
17040.4,1828,2,7780,"0"
2727.8,128,50,7780,"0"
7601.7,398,16,7780,"0"
9026.6,496,0,3628,"0"
50510.4,1496,6,3627,"0"
20075.6,1636,2,7780,"0"
4896,146,8,3618,"0"
27123.2,1503,23,7780,"0"
14051.6,1460,44,7780,"0"
26975,321,8,7778,"0"
19403.55,269,22,3627,"0"
44495.35,573,1,3627,"0"
64292.7,787,6,3627,"0"
139453.25,1752,6,3627,"0"
21475,255,31,3625,"0"
3661,46,29,3625,"0"
1179,67,23,3621,"0"
720,40,37,3621,"0"
15640,728,15,3626,"0"
19930,227,9,3628,"0"
19472,270,13,3627,"0"
19128.12,892,3,3626,"0"
2006,35,23,3627,"0"
40659.3,2235,6,7762,"0"
10849.6,292,45,3625,"0"
1006,35,56,3625,"0"
5003,294,0,3627,"0"
2262,59,48,3626,"1"
22091.06,597,13,3626,"0"
3272,133,1,3626,"0"
157461.2,2340,8,7762,"0"
9571,507,0,3628,"0"
3590,309,3,7762,"0"
41726,797,6,7762,"0"
8942,366,8,7762,"0"
8580.4,299,31,7762,"0"
11725,144,36,7762,"0"
169055.6,13854,6,7763,"0"
29745.7,2501,42,7780,"0"
19137.6,1080,7,7780,"0"
15298.3,914,13,7780,"0"
6395,80,1,7778,"0"
40049,1739,2,7778,"0"
28952,1569,8,7780,"0"
142189.6,6468,1,7780,"0"
25125,1218,0,7780,"0"
13885,197,24,7778,"0"
24930.2,503,27,7778,"0"
11120.8,1180,2,7778,"0"
2465,41,36,7778,"0"
6577.8,177,16,7778,"0"
2460,31,29,7778,"0"
3745,48,44,7778,"0"
2905,59,72,7778,"0"
39816.6,527,1,7762,"0"
46418,826,1,7762,"0"
10560.65,235,1,7762,"0"
10081,271,41,7762,"0"
3115,36,37,7762,"0"
1502.4,65,7,3633,"0"
28734.4,1620,3,7779,"0"
1377,78,30,3636,"0"
20679.2,598,6,7779,"1"
17896.6,828,6,7779,"0"
10723.6,171,2,3619,"0"
1665.2,192,28,7779,"0"
73665.5,4102,1,7779,"0"
21803.8,923,3,3635,"0"
77240.6,2699,1,3635,"0"
12803.8,608,23,3635,"0"
6775,114,52,3632,"0"
180,10,48,3633,"0"
55196,688,2,3632,"0"
13854.8,658,43,3635,"0"
2260,34,51,3635,"0"
3435,42,27,3635,"0"
6586,686,8,3634,"0"
21869,948,7,3636,"0"
1616,82,13,3635,"0"
2770,45,43,3633,"0"
4673,200,27,3635,"0"
20446.2,581,8,3633,"0"
36705.8,1878,0,7759,"0"
7853.6,240,21,7759,"0"
1065.6,111,22,7759,"0"
1992,122,20,7759,"0"
14806.2,1082,0,7759,"0"
1155.2,112,20,3639,"0"
9934.4,917,0,7780,"0"
1009.2,55,35,7780,"0"
110665,1456,2,3598,"0"
107042.7,5518,2,7780,"0"
3767.7,77,0,3612,"0"
3202,70,14,3612,"0"
2110,26,3,3612,"0"
12224.8,501,28,3641,"0"
4464,255,52,3599,"0"
1020,16,0,3641,"0"
16105,1533,1,3640,"0"
17424.84,747,1,7780,"0"
7604,228,1,3640,"0"
34816,456,0,3640,"0"
13137.2,638,8,3640,"0"
6564,375,9,3611,"0"
90019.8,3779,1,3642,"0"
5094.2,277,23,3639,"0"
16561,176,9,3643,"0"
34197.2,1609,6,7780,"0"
14276.2,403,6,7778,"0"
6920,88,55,7778,"0"
8416.2,244,0,3641,"0"
74738,5010,1,7780,"0"
3998,245,3,3642,"0"
69651.9,3532,6,7780,"0"
14948,205,22,3641,"0"
127153.8,5996,3,7780,"0"
13703,171,27,3600,"0"
663,38,6,3640,"0"
9215.4,304,49,3627,"1"
3624,390,29,7780,"0"
6866.4,294,50,3643,"0"
36000,1917,2,3597,"0"
16375,211,13,3642,"0"
25207.08,438,9,3625,"0"
35137.8,1229,13,7762,"0"
9740,270,8,3641,"0"
2528,69,44,3641,"0"
85978.8,5614,2,7762,"0"
9913.4,547,27,3592,"0"
6000,215,31,7762,"0"
9664,270,38,3643,"0"
29146,984,0,3643,"0"
59435,722,2,3642,"0"
12855.6,267,1,3640,"0"
742.6,103,23,7762,"0"
15460,1566,7,7762,"0"
38336.8,2387,0,3599,"0"
3799,116,31,7762,"0"
11311,608,1,3597,"0"
22730.4,929,1,3472,"0"
7024,316,0,3640,"0"
90405.82,4531,6,7780,"0"
20206.6,618,7,3642,"0"
9005,117,9,7778,"0"
11793,231,50,7762,"0"
9965,123,3,7762,"0"
6180,76,22,7762,"0"
11364,1221,29,7780,"0"
13518.6,595,16,7780,"0"
8517.8,215,38,7780,"0"
23484.6,1648,14,7780,"0"
14489.6,691,48,7780,"0"
23292.4,1409,1,7780,"0"
3671.3,363,13,7780,"0"
30751.62,1714,1,7780,"0"
1624.8,97,58,7780,"0"
18848.4,2042,13,7780,"0"
6132.8,337,0,7780,"1"
13888.2,825,22,7780,"0"
63440,1539,14,3646,"0"
21652.27,577,22,3640,"0"
30686.8,2597,2,7780,"0"
32830.3,1944,8,7780,"0"
3686.7,178,0,7762,"0"
2301,114,0,7762,"0"
13715,682,20,7762,"0"
48610.6,2294,2,7762,"0"
13058,643,9,7762,"0"
2343,125,55,7749,"0"
4870,226,7,3647,"0"
2905.2,87,20,3648,"0"
55729.4,2427,3,7780,"0"
53006.2,5144,6,7737,"0"
3080.8,158,16,7780,"0"
5218.8,218,28,7780,"0"
27311.8,1073,50,3598,"0"
4809,61,36,7763,"0"
2686,76,13,3656,"0"
3718,106,7,3656,"0"
6237.76,354,0,7763,"0"
14014.4,545,30,3656,"0"
13564.2,878,7,3657,"0"
30783.2,1497,9,3654,"0"
1406,61,15,3656,"0"
7660.8,315,37,3656,"0"
1831,105,9,3654,"0"
19422,1799,1,7778,"0"
6165,322,22,3657,"0"
25760,292,1,3657,"0"
3540,45,29,3656,"0"
29742.82,765,2,3657,"0"
1130,15,37,7759,"0"
2515,31,21,3656,"0"
1244,124,64,3656,"1"
36086.4,1390,8,7759,"0"
8166,301,28,3657,"0"
9971.6,380,9,3655,"0"
1794.28,192,50,7727,"0"
4210.92,172,43,7733,"0"
9096.4,371,36,7742,"0"
16999.18,307,7,3048,"0"
12724,364,21,3656,"0"
1728,86,24,3654,"0"
11769.23,260,2,7778,"0"
15617.15,344,6,7778,"0"
13040.82,321,28,7778,"0"
7735.38,158,13,7778,"0"
2482,71,34,1612,"0"
5514.2,364,28,1611,"0"
17615.6,659,8,1611,"0"
16051.4,829,10,1610,"0"
27844.6,1229,37,1610,"0"
5881,88,34,1610,"0"
27146.2,1313,1,1609,"0"
16854,445,24,1595,"0"
9102,260,13,1594,"0"
615,15,43,1591,"1"
5075,225,59,1609,"0"
4146,156,37,1595,"0"
8879.2,517,15,1589,"0"
13393.8,446,7,1609,"0"
9652,160,2,1618,"0"
14493,670,8,1617,"0"
5370,170,24,1617,"0"
7852,270,1,1617,"0"
11585,150,38,1617,"0"
19000.8,279,16,1617,"0"
2105,29,28,1613,"0"
6653.4,199,24,1597,"0"
4070,53,27,1612,"0"
10714,641,7,1611,"0"
12308.6,220,2,1591,"0"
270,4,56,1597,"1"
7367,425,27,1596,"0"
1653.4,72,6,1596,"0"
5013.4,517,13,1595,"0"
6814,210,15,1595,"0"
93798,1603,1,1592,"0"
17024.8,953,36,1621,"0"
918,51,38,1613,"0"
19016,265,10,1613,"0"
33921.6,1461,6,1612,"0"
9585,110,23,1611,"0"
875,21,43,1592,"0"
17448.4,679,2,1619,"0"
9587,346,37,1618,"0"
2615,34,50,1584,"1"
4345.6,94,3,1604,"0"
15292,434,6,1603,"0"
7897.6,232,8,1597,"0"
11444,353,9,1582,"0"
7009.6,277,24,1582,"0"
4169.8,59,14,1612,"0"
28936.8,1037,13,1611,"0"
11033,542,7,1611,"0"
444,14,9,1590,"0"
1122.8,66,21,1585,"0"
6605,78,36,1583,"0"
26667,378,10,1599,"0"
5215,76,22,1599,"0"
1147.8,25,2,1582,"0"
38629,1493,2,1609,"0"
18556.52,799,21,1583,"0"
26915.2,2596,2,1583,"0"
4630,59,35,1609,"0"
5072,239,21,1604,"0"
12261.8,336,35,1603,"0"
11573.62,545,1,1599,"0"
12586.4,557,0,1598,"0"
3328.8,83,42,1597,"0"
15365,207,24,1597,"0"
28061.8,910,0,1596,"0"
68051.4,4682,3,1594,"0"
9558,128,13,1592,"0"
9643,252,7,1605,"0"
42542.8,1390,1,1604,"0"
47303.4,2630,0,1603,"0"
3056,41,55,1610,"0"
6963.2,219,23,1610,"0"
7469,279,0,1585,"0"
7091.2,368,34,1585,"0"
130939.16,10488,3,1585,"0"
6694.8,322,6,1582,"0"
19946.6,429,7,1604,"0"
5141,294,27,1604,"0"
5362,292,22,1602,"0"
18135,265,6,1602,"0"
3020,39,28,1584,"1"
9860,126,57,1584,"0"
40631.4,2840,9,1584,"0"
9272.96,134,2,1583,"0"
7401.2,299,2,1585,"0"
7750,264,7,1585,"0"
22465.8,328,6,1576,"0"
11398.92,329,10,1605,"0"
60755,1291,0,1605,"0"
23532.2,747,0,1604,"0"
5162,150,20,1604,"0"
17998.2,617,36,1599,"0"
50108,1664,8,1596,"0"
3659.2,201,14,1588,"0"
33986.8,975,3,1588,"0"
13038.9,628,2,1588,"0"
5743.6,129,16,1588,"0"
54936.4,2880,1,1588,"0"
6503.4,273,27,1585,"0"
34775.6,2829,6,1584,"0"
2455,29,1,1582,"0"
52461,5959,1,1582,"0"
12951.6,654,41,1577,"0"
6847,300,10,1596,"0"
7878,249,20,1596,"0"
29637.6,846,0,1596,"0"
16576,236,7,1596,"0"
10825,123,15,1595,"0"
13520,246,0,1604,"0"
22306,357,3,1604,"0"
2169,26,51,1603,"1"
4086.8,145,42,1578,"0"
43810,524,2,1575,"0"
4915,95,24,1582,"0"
22582.2,522,2,1605,"0"
26280,299,14,1604,"0"
21920,286,29,1604,"0"
5387,88,3,1603,"0"
5555,81,35,1599,"0"
3510,174,36,1595,"0"
38790.8,1761,2,1576,"0"
14126.2,728,20,1575,"0"
7243.8,146,16,1588,"0"
13980,156,15,1586,"0"
15400,193,8,1585,"0"
10804.1,446,7,1605,"0"
193550.63,4024,1,1605,"0"
6180.8,183,14,1602,"0"
12356,413,8,1602,"0"
23550.4,703,2,1602,"0"
3385,51,1,1581,"0"
31595,364,9,1597,"0"
4224,176,8,1610,"0"
9841.2,282,10,1609,"0"
7201.2,223,22,1609,"0"
26427.2,800,0,1606,"0"
6172,417,13,1599,"0"
30316.8,1143,2,1596,"0"
9938,138,23,1596,"0"
4015,58,30,1596,"0"
25251.6,1291,0,1595,"0"
7520,314,35,1595,"0"
39772,559,6,1595,"0"
6334,324,14,1589,"0"
54507,1201,0,1584,"0"
7024,379,2,1583,"0"
2953.72,144,9,1583,"0"
31175.6,1119,6,1597,"0"
3140,136,7,1570,"0"
240,6,42,1566,"0"
15205,205,29,1566,"0"
3763.4,192,9,1560,"0"
4968,86,27,1598,"0"
88605,1045,0,1597,"0"
29385,350,0,1597,"0"
39450.4,1009,2,1596,"0"
27167.6,462,8,1596,"0"
7715,106,23,1596,"0"
17811,269,9,1596,"0"
1752,63,28,1596,"0"
8874,122,21,1596,"0"
42783,3797,6,1595,"0"
1825,23,21,1595,"0"
27935,304,9,1592,"0"
7602.4,101,28,1590,"0"
40805,545,0,1589,"0"
9152,139,9,1589,"0"
18265,340,21,1588,"0"
20090,255,7,1588,"0"
12760,150,9,1585,"0"
7966,236,0,1585,"0"
34960,376,20,1585,"0"
1236.2,46,8,1598,"0"
3617.6,101,1,1595,"0"
64990.8,1868,2,1593,"0"
8260,828,34,1588,"0"
3323,195,7,1585,"0"
5816,312,8,1572,"0"
2405.8,88,8,1571,"0"
31554.7,917,0,1570,"0"
11590.8,553,45,1569,"0"
7385,101,38,1595,"0"
15485,208,21,1589,"0"
9882,322,0,1582,"0"
876,40,3,1574,"0"
9436,177,0,1574,"0"
2050,39,42,1574,"0"
2852,73,59,1595,"0"
11629.2,328,3,1591,"0"
105645,3078,37,1593,"1"
18466.8,855,0,1592,"0"
10713.4,331,2,1592,"0"
19826.4,649,6,1592,"0"
9967.4,228,24,1589,"0"
22695,554,6,1589,"0"
14404.93,447,7,1589,"0"
573.4,21,9,1590,"1"
12993,705,6,1593,"0"
4111,53,6,1591,"0"
22192.8,1043,9,1581,"0"
25430.2,1217,29,1581,"0"
32311,1620,29,1581,"0"
40902.2,1240,1,1595,"0"
7100.4,211,9,1590,"0"
9709.2,330,31,1584,"0"
1665,20,30,1584,"1"
3862,149,15,1583,"0"
4364.2,60,48,1583,"0"
12610.8,291,1,1582,"0"
5140.2,68,13,1581,"0"
1195.2,108,35,1581,"1"
6591.2,716,37,1578,"0"
11972.4,558,2,1577,"0"
10606,293,23,1576,"0"
4804.8,308,28,1575,"0"
75326.8,5941,0,1575,"0"
11882,678,13,1575,"0"
17024.2,950,6,1593,"0"
22471,876,8,1589,"0"
6153,234,29,1583,"0"
6245,85,7,1583,"0"
22910,274,2,1581,"0"
20978,195,6,1577,"0"
2761.6,135,37,1576,"0"
17982.8,812,6,1575,"0"
43428,776,2,1574,"0"
2471,156,51,1577,"0"
4870.6,190,1,1575,"0"
31136.6,3064,2,1568,"0"
9950,146,30,1568,"0"
2709.6,91,9,1567,"0"
1540.8,135,44,1566,"0"
11464,631,27,1576,"0"
7637,357,1,1568,"0"
340.8,16,3,1562,"0"
7249.8,339,1,1561,"0"
19755,822,9,1560,"0"
3703.2,270,6,1559,"0"
3107.95,87,2,1591,"0"
13704,200,1,1591,"0"
8600.6,336,14,1585,"0"
26855,360,9,1585,"0"
30132,1078,1,1584,"0"
2425.2,129,16,1584,"0"
71620,3459,3,1582,"0"
26668,1035,3,1581,"0"
3197,32,27,1578,"1"
12644,165,1,1578,"0"
34541.8,1639,1,1576,"0"
70200.4,1248,7,1576,"0"
2073,57,50,1576,"0"
10898,143,16,1570,"0"
4610,241,59,1589,"0"
22375,645,3,1589,"0"
12557,363,2,1583,"0"
57546,764,13,1570,"0"
23799.2,361,2,1559,"0"
1875,32,48,1556,"0"
12070,244,6,1554,"0"
138017.8,3909,0,1581,"0"
6380,182,0,1576,"0"
8249,110,48,1575,"0"
11195,129,16,1575,"0"
203770.76,7416,1,1569,"0"
297368,10683,2,1582,"0"
5667.6,212,30,1582,"0"
151101,5105,1,1581,"0"
17385,207,44,1578,"0"
28546.8,1353,10,1578,"0"
4895,125,51,1550,"0"
1997,83,29,1550,"0"
18178,925,1,1548,"0"
21197,286,16,1548,"0"
1775.2,96,45,1548,"0"
2373,136,50,1543,"0"
34196,1430,7,1542,"0"
10885.8,251,1,1542,"0"
5039,194,13,1539,"0"
26256,1017,2,1539,"0"
5298,313,14,1539,"0"
5581.6,160,6,1536,"0"
2079.6,77,31,1535,"0"
2092,101,35,1531,"0"
2815,146,22,1531,"0"
149167,6723,2,1528,"0"
13102.8,442,14,1528,"0"
13288.6,376,13,1572,"0"
3357,83,20,1568,"0"
37678,1305,0,1561,"0"
11026,403,1,1560,"0"
7010,70,20,1583,"0"
10455,143,20,1582,"0"
4255,57,2,1579,"0"
3255,187,9,1578,"0"
11472,180,13,1574,"0"
24618.6,842,9,1567,"0"
19200.4,1088,1,1571,"0"
700,40,35,1570,"1"
2412.4,139,28,1569,"0"
29318.76,1980,2,1566,"0"
6720,254,29,1555,"0"
3928,191,59,1574,"0"
62226.6,2487,3,1569,"0"
24870,1427,7,1553,"0"
25270,676,0,1547,"0"
26890,2535,9,1546,"0"
35704.2,978,2,1589,"0"
2401.6,66,9,1589,"0"
1845.67,42,29,1586,"0"
3966,111,31,1583,"0"
4686,213,24,1581,"0"
10928,607,27,1561,"0"
8549.2,446,9,1553,"0"
18184,669,3,1569,"0"
45700.6,1271,0,1568,"0"
24365,285,1,1564,"0"
2942,82,0,1581,"0"
46382.8,2567,1,1527,"0"
2392,111,51,1526,"0"
3015,38,45,1525,"0"
10168.6,171,20,1549,"0"
7490,248,6,1548,"0"
11942,383,8,1546,"0"
3040,36,22,1562,"1"
5960,90,1,1571,"0"
20182,358,7,1571,"0"
5202,234,58,1571,"0"
54905,591,9,1567,"0"
14147,190,14,1567,"0"
14150,198,3,1567,"0"
18555,213,0,1570,"0"
14481.6,693,2,1568,"0"
8977,285,3,1577,"0"
3075,176,14,1577,"0"
6412.6,126,34,1576,"0"
10085,117,23,1576,"0"
25074,1081,9,1564,"0"
6558,386,20,1568,"0"
6312.2,306,27,1567,"0"
10873.2,360,37,1565,"0"
7515,450,6,1561,"0"
21804,1144,9,1549,"0"
5390,103,0,1560,"0"
2827.4,96,34,1579,"0"
4362,222,29,1578,"0"
10775,139,27,1577,"0"
5117,121,30,1571,"0"
1863,91,48,1582,"0"
5939.4,267,41,1576,"0"
15065.2,539,9,1568,"0"
15739,188,37,1568,"0"
7128,237,20,1568,"0"
20142,273,8,1567,"0"
4604.4,139,7,1579,"0"
31737.8,663,3,1562,"0"
24418,869,2,1563,"0"
44258.5,2415,1,1542,"0"
50970.6,2919,3,1554,"0"
52867.85,6877,13,1547,"0"
3272.4,65,31,1560,"0"
10717.8,438,49,1560,"0"
55609,2010,6,1566,"0"
52114,2334,6,1564,"0"
14665,599,10,1563,"0"
6767.4,154,14,1563,"0"
4720,66,42,1562,"0"
8960.8,610,7,1563,"0"
7293,81,29,1562,"0"
10840,148,8,1557,"0"
11207,191,0,1556,"0"
4790,256,1,1555,"0"
2022,116,49,1554,"0"
8452,441,8,1554,"0"
754,43,45,1514,"0"
1903,109,38,1514,"0"
8320,104,34,1567,"0"
28285,320,16,1565,"0"
11578.8,426,28,1559,"0"
20013,456,0,1557,"0"
22609.2,1062,13,1553,"0"
5197.2,186,2,1543,"0"
360,10,21,1539,"0"
8609.2,92,20,1536,"0"
5435,72,0,1550,"0"
1580,45,48,1550,"0"
9620.4,330,8,1546,"0"
4540,226,30,1571,"0"
2773,149,24,1560,"0"
1050,13,30,1570,"0"
-260,1,14,1570,"0"
4736,402,34,1569,"0"
13608,579,35,1568,"0"
4499.6,215,2,1578,"0"
888,51,50,1578,"0"
1152,59,34,1577,"0"
22352.28,546,15,1577,"0"
2488,120,43,1576,"0"
20552,540,6,1571,"0"
3634.4,200,10,1567,"0"
24979.48,580,9,1566,"0"
10102,463,7,1561,"0"
9255,97,15,1561,"0"
29102,1388,0,1561,"0"
34436,1190,2,1548,"0"
133557.2,8001,13,1547,"0"
3920,178,6,1547,"0"
4340,48,34,1546,"0"
47517.8,2070,3,1546,"0"
12018.4,559,13,1546,"0"
1165,18,20,1542,"0"
480.2,22,35,1542,"1"
19191.01,1810,1,1542,"0"
2107.6,92,21,1558,"0"
27999,417,10,1557,"0"
9844,443,8,1557,"0"
266677.8,11039,0,1556,"0"
1534,65,1,1555,"1"
5646,239,36,1555,"0"
14360,659,8,1555,"0"
3504,136,56,1554,"0"
7114,200,1,1559,"0"
1248,52,51,1556,"0"
4504,148,0,1554,"0"
6793,168,14,1542,"0"
4388,43,20,1539,"0"
3900,50,20,1556,"0"
15095,170,15,1550,"0"
65523.4,1162,0,1539,"0"
30957.4,1399,10,1539,"0"
14227.6,586,0,1539,"0"
30152,419,1,1539,"0"
8847,257,27,1528,"0"
9975,98,16,1528,"0"
22801,388,2,1557,"0"
2837,162,2,1557,"0"
6865,95,2,1556,"0"
2218,35,35,1555,"0"
31173.6,1376,3,1555,"0"
7530,85,14,1564,"0"
21693.4,614,24,1562,"0"
19208,1101,6,1561,"0"
4114,48,9,1561,"0"
48710,1590,8,1561,"0"
40704,1939,2,1561,"0"
11128,192,21,1559,"0"
4219,54,55,1559,"0"
32121,501,1,1559,"0"
12274,160,14,1557,"0"
3808,246,8,1547,"0"
44936.6,2253,0,1557,"0"
5742,74,44,1556,"0"
36702,608,0,1556,"0"
1743.4,110,15,1555,"0"
13913.6,1407,1,1556,"0"
7369.6,202,24,1555,"0"
30671.8,2200,1,1553,"0"
6467.6,110,8,1553,"0"
525,15,49,1564,"0"
113654.2,5256,12,1564,"0"
2646.4,83,8,1562,"0"
7659,188,36,1557,"0"
2020,46,23,1555,"0"
13229.21,384,2,1549,"0"
1772,98,29,1548,"0"
13196.4,378,14,1554,"0"
5454,155,30,1563,"0"
16829,547,35,1560,"0"
10099.2,303,13,1551,"0"
33170.03,971,3,1550,"0"
30245.75,881,0,1549,"0"
25745.6,734,24,1549,"0"
7371.2,223,10,1549,"0"
3537,211,36,1549,"0"
5455.8,157,30,1547,"0"
31500.4,914,1,1546,"0"
4892,283,7,1543,"0"
15355,216,0,1543,"0"
15112,365,6,1525,"0"
3940,190,22,1520,"0"
2834,162,58,1515,"0"
3690,58,21,1554,"0"
7087,184,24,1554,"0"
3500,165,31,1548,"0"
1490.8,71,21,1554,"0"
6354,227,15,1553,"1"
50752,553,0,1550,"0"
46101.4,1571,2,1550,"0"
9379,127,0,1549,"0"
430,25,14,1547,"1"
32905,500,2,1546,"0"
3822,109,49,1547,"0"
4412.8,468,13,1549,"0"
11394.4,144,1,1547,"0"
1966.8,198,43,1547,"1"
3425,50,54,1547,"0"
13527.8,212,15,1546,"0"
24228,695,2,1546,"0"
4267,245,7,1546,"0"
2533,146,29,1554,"0"
5640,201,29,1550,"0"
12609,242,2,1548,"0"
3968,46,43,1521,"0"
1080.2,58,15,1521,"0"
53415.8,714,2,1556,"0"
240,9,43,1553,"1"
39269.2,660,6,1553,"0"
63178.8,1121,1,1552,"0"
2770,40,41,1550,"0"
1437.2,73,48,1540,"0"
22617,272,8,1539,"0"
27460,786,10,1539,"0"
8900,544,8,1539,"0"
1495,21,56,1536,"0"
31619.4,1170,2,1535,"0"
8115.6,289,2,1534,"0"
4905,57,55,1534,"0"
4908,237,7,1534,"0"
400,40,58,1513,"0"
12260,133,7,1513,"0"
1430.6,31,42,1510,"0"
8616,332,15,1505,"0"
2045,28,30,1505,"0"
15172,680,1,1504,"0"
2605,27,31,1539,"0"
16496,528,7,1529,"0"
5145,65,14,1543,"0"
4605,54,35,1543,"0"
23963.99,2713,0,1542,"0"
7672.8,263,8,1536,"0"
8833.4,100,16,1526,"0"
513900.2,27579,1,1524,"0"
6040.37,137,7,1521,"0"
1500,26,0,1556,"0"
44424.45,1279,3,1555,"0"
25686.4,648,6,1553,"0"
1259,35,28,1558,"1"
10883,209,1,1557,"0"
6223.2,170,24,1555,"0"
7834.28,160,20,1555,"1"
30960.45,2146,1,1549,"0"
47759.2,3427,2,1549,"0"
78789.25,3661,0,1549,"0"
44385.45,3531,2,1549,"0"
13780,804,3,1549,"0"
10384.2,358,3,1549,"1"
7926,226,1,1542,"0"
17971.4,516,7,1542,"0"
16239,931,7,1542,"0"
1845,82,52,1541,"0"
8120,96,29,1539,"0"
8421,148,2,1539,"0"
6252,512,42,1539,"0"
7836.6,354,10,1539,"0"
2750,39,16,1535,"0"
13721.4,200,35,1528,"0"
4055,51,21,1542,"0"
9062,451,16,1542,"0"
30485.8,1392,8,1542,"0"
6725.8,329,6,1541,"0"
3705,83,6,1541,"0"
18654,240,1,1540,"0"
5322.8,203,29,1540,"0"
34758,455,0,1540,"0"
5775,217,7,1528,"0"
9552,546,8,1543,"0"
6485,86,29,1543,"0"
17784,588,9,1543,"0"
5110,64,55,1542,"0"
2317.2,79,51,1544,"0"
13363.4,397,30,1544,"0"
15861.2,742,3,1542,"0"
12190,143,13,1541,"0"
12568,201,1,1540,"0"
4871,147,21,1536,"0"
6395,64,30,1535,"0"
9230.8,271,2,1550,"0"
48444,2773,0,1549,"0"
55940,670,0,1547,"0"
7563.6,399,0,1543,"0"
37445,421,2,1514,"0"
2970,51,34,1510,"0"
925,13,10,1504,"0"
65080.8,3271,2,1500,"0"
5407,300,0,1500,"0"
41371.64,5466,6,1525,"0"
4520,156,23,1524,"0"
13685.8,516,27,1532,"0"
29425,302,2,1529,"0"
9182,148,37,1527,"0"
2441.2,106,27,1527,"0"
4444,220,9,1542,"0"
5189.2,233,13,1542,"0"
2211,86,21,1541,"0"
11890,176,14,1540,"0"
2022,116,22,1540,"0"
34634,734,9,1539,"0"
11995,135,8,1531,"0"
5870.8,236,2,1552,"0"
30577.45,780,8,1553,"0"
2595,132,43,1553,"0"
16615,656,0,1550,"0"
15591.6,539,13,1547,"0"
4280,259,43,1546,"0"
1237,71,29,1498,"0"
3716,62,21,1498,"0"
4677.4,61,37,1498,"0"
772,31,29,1498,"0"
20202.8,481,1,1494,"0"
47340.64,822,2,1494,"0"
2288,131,10,1494,"0"
375,9,44,1549,"0"
29518.4,1036,0,1529,"0"
39490,466,9,1528,"0"
6949,346,9,1527,"0"
1716,55,8,1521,"0"
23897,578,0,1500,"0"
28277,414,13,1498,"0"
59085,750,1,1498,"0"
44945,810,1,1484,"0"
2624.4,130,23,1459,"0"
42647,707,3,1432,"0"
17510,218,0,1417,"0"
9435,178,3,1404,"0"
50040,724,3,1394,"0"
82348.2,1601,1,1379,"0"
49023.6,673,2,1379,"0"
6812.2,151,37,1369,"0"
5835,74,1,1337,"0"
13415,168,15,1337,"0"
2757,158,31,1543,"0"
10794,509,8,1542,"0"
6956.47,151,20,1540,"0"
13182.95,288,13,1539,"0"
12917.2,410,1,1536,"0"
10290,302,2,1536,"0"
5667.8,169,2,1536,"0"
3307,151,52,1535,"0"
4574,124,55,1535,"0"
8866.2,251,27,1534,"0"
3974,111,27,1533,"0"
1523,87,22,1532,"0"
1220.6,73,7,1540,"0"
12044.4,428,5,1530,"0"
2527.8,88,16,1530,"0"
10887.4,551,1,1522,"0"
42417.2,3689,2,1532,"0"
29357,1455,0,1532,"0"
22941.6,1134,3,1530,"0"
10694.2,322,27,1529,"0"
45400.4,2717,0,1529,"0"
13708,679,2,1526,"0"
5029,71,5,1526,"0"
5765,76,19,1518,"0"
15625.2,612,49,1540,"0"
6620,83,20,1539,"0"
4932,60,51,1538,"0"
16553,465,0,1536,"0"
3715,57,54,1535,"0"
3168.2,82,34,1534,"0"
18583,358,29,1533,"0"
6740,82,21,1532,"0"
14155.6,645,8,1527,"0"
6990,227,10,1527,"0"
5700.8,188,13,1525,"0"
2832.8,52,49,1533,"0"
2404.6,157,14,1532,"0"
9278.8,584,2,1520,"0"
2160,60,55,1515,"1"
15989,210,6,1512,"0"
27910,446,14,1511,"0"
6755,84,22,1510,"0"
1690,27,21,1510,"0"
25194,1232,2,1510,"0"
955,55,44,1513,"0"
8859,506,30,1511,"0"
5280,254,38,1510,"0"
5426.4,60,23,1543,"0"
1602375.2,61651,0,1540,"0"
14948.8,552,38,1536,"0"
5961,83,27,1533,"0"
3413,194,31,1532,"1"
3395,46,2,1530,"0"
69997.6,4530,13,1529,"0"
15840,241,1,1529,"0"
923,23,2,1529,"0"
22745,1610,14,1529,"0"
1067,61,28,1527,"0"
6675,104,8,1527,"0"
43130,537,1,1525,"0"
5423,93,41,1522,"0"
19167,300,2,1522,"0"
19066,836,22,1507,"0"
8075,108,6,1506,"0"
11752,193,1,1504,"0"
3005,39,34,1534,"0"
3543.2,135,27,1533,"0"
1356,78,1,1532,"0"
12190,786,7,1531,"0"
1398,62,43,1529,"0"
12260.8,594,15,1489,"0"
12123,512,23,1488,"0"
3445,45,31,1487,"0"
44374.8,1831,9,1484,"0"
5012,64,23,1539,"0"
26873,1205,2,1539,"0"
5471,73,6,1539,"0"
29118,685,8,1538,"0"
6906,206,13,1535,"0"
22624.4,937,22,1534,"0"
611.8,46,38,1532,"0"
9865,127,15,1532,"0"
1319,23,58,1525,"0"
71116.8,1932,2,1519,"0"
53852.25,2210,2,1519,"0"
2176.8,103,15,1518,"0"
6161,306,0,1518,"0"
8973,208,15,1511,"0"
28482,390,2,1529,"0"
14393,218,14,1529,"0"
11578,453,7,1527,"0"
2957,208,21,1534,"0"
23133.2,668,16,1533,"0"
10817.4,342,8,1530,"0"
11966,411,1,1527,"0"
20983.77,600,3,1519,"0"
8639.2,272,31,1518,"0"
3910,206,28,1508,"0"
40596,689,1,1539,"0"
14208,472,21,1534,"0"
16047,486,1,1534,"0"
4441,229,2,1532,"0"
20976,641,8,1532,"0"
3732,209,30,1532,"0"
21113,442,20,1529,"0"
1115,46,44,1523,"0"
6772,162,55,1523,"0"
13465,788,2,1520,"0"
1200,51,0,1519,"0"
7905,101,1,1516,"0"
11214.2,234,14,1516,"0"
21401,428,8,1498,"0"
18719,237,34,1498,"0"
6534.8,282,0,1497,"0"
405,22,13,1494,"0"
3504,336,9,1493,"0"
9308,533,22,1527,"0"
15356.22,313,2,1524,"0"
30835,495,0,1523,"0"
22289,568,3,1521,"0"
2437.2,110,31,1521,"0"
10839.2,335,3,1520,"0"
21730.4,337,24,1519,"0"
14393,264,13,1518,"0"
5736,96,38,1515,"0"
13526.4,645,0,1527,"0"
2990,45,28,1522,"0"
16040,220,0,1522,"0"
53012,719,16,1515,"0"
18398,776,31,1514,"0"
4129.2,234,13,1511,"0"
1827.2,76,43,1511,"0"
1924.4,156,27,1511,"0"
7857.8,827,13,1511,"0"
14754.6,1386,7,1510,"0"
4955,71,55,1508,"0"
6230.6,360,1,1482,"0"
38040,485,14,1482,"0"
4914,133,36,1481,"0"
8249,482,16,1480,"0"
3974,198,7,1480,"0"
9359,223,20,1480,"0"
9803.8,751,2,1522,"0"
7319.6,496,14,1520,"0"
9180,124,31,1520,"0"
4278,44,0,1522,"1"
3298,42,55,1519,"0"
5069.6,164,1,1519,"0"
4465.8,197,30,1519,"0"
3473.2,140,29,1512,"0"
1962.4,79,20,1512,"0"
7745.1,545,50,1511,"0"
19977.6,376,8,1507,"0"
4430.8,92,2,1503,"0"
1427,82,34,1503,"0"
3356,95,0,1512,"0"
96309.65,2256,1,1508,"0"
3833,109,0,1508,"0"
8995,134,1,1518,"0"
6163.2,262,1,1518,"0"
8685,168,3,1508,"0"
37127.8,2114,0,1506,"0"
9253.6,222,8,1505,"0"
3432,189,1,1504,"0"
11166.76,1196,9,1500,"0"
8605.2,318,7,1510,"0"
25650.2,550,2,1508,"0"
2030,31,50,1529,"0"
10408,466,6,1528,"0"
2875,166,29,1523,"0"
844414,48529,1,1493,"0"
45800,2616,14,1484,"0"
4201.2,184,1,1506,"0"
1052,47,1,1505,"1"
48992.6,1935,15,1501,"0"
14022.4,1148,23,1500,"0"
7544,346,20,1494,"0"
2963.4,74,22,1494,"0"
4497,159,6,1489,"0"
2846,117,14,1485,"0"
4987.4,534,10,1519,"0"
18181.2,848,1,1519,"0"
20195.6,1758,1,1519,"0"
10272.6,496,7,1518,"0"
649.6,31,9,1514,"1"
3366,167,23,1514,"0"
38791.94,1418,2,1514,"0"
4404.4,288,38,1513,"0"
5897,625,0,1513,"0"
12900.4,520,9,1514,"0"
27935,307,1,1513,"0"
2905,135,0,1511,"0"
7491.8,213,13,1505,"0"
1288.4,35,20,1505,"0"
23422.4,514,6,1514,"0"
9234,512,13,1514,"0"
2693,155,14,1513,"0"
8725,135,10,1512,"0"
4197,97,29,1512,"0"
613,34,35,1512,"0"
47028.6,912,6,1512,"0"
1576,90,34,1501,"0"
3138,48,29,1500,"0"
1634.8,69,6,1497,"0"
1828,92,16,1494,"0"
12082,507,1,1479,"0"
6318,248,0,1479,"0"
32747,763,1,1478,"0"
10739.4,630,21,1476,"0"
7241.2,124,0,1476,"0"
31970,364,14,1519,"0"
20262.2,765,0,1519,"0"
35361,558,6,1518,"0"
12454,547,10,1518,"0"
24555,528,0,1518,"0"
6371,80,57,1514,"0"
20310,249,27,1513,"0"
6680,81,52,1513,"0"
19696.53,413,7,1519,"0"
9437,270,2,1499,"0"
10457.6,172,1,1498,"0"
5896.8,254,7,1497,"0"
13688,580,1,1494,"0"
4103,119,15,1494,"0"
11283.2,623,15,1493,"0"
17179.74,424,37,1493,"0"
5512.87,113,27,1493,"0"
9702.85,158,13,1515,"0"
39670,495,3,1483,"0"
1656,96,27,1503,"0"
3700,48,2,1512,"0"
20205.4,725,1,1507,"0"
23822,961,6,1506,"0"
24061.62,811,1,1506,"0"
1501.2,68,8,1491,"1"
8385,100,14,1511,"0"
17526.4,872,14,1508,"0"
81118.6,2079,6,1508,"0"
20232,1023,9,1507,"0"
1883,92,57,1512,"0"
17530,218,13,1512,"0"
17134.6,606,7,1510,"0"
706,20,1,1500,"1"
8057.2,454,8,1511,"0"
6169.6,186,2,1508,"0"
3383.33,65,3,1507,"0"
2025,113,51,1510,"0"
19162.4,975,41,1491,"0"
4850,54,6,1489,"0"
2940.4,141,0,1494,"0"
23982,1672,6,1493,"0"
46974.15,3785,0,1492,"0"
5730,421,0,1510,"0"
7072,325,0,1507,"0"
2265,105,1,1507,"0"
1762.8,98,28,1473,"0"
27753,495,0,1471,"0"
1128,58,24,1466,"0"
60005,2164,3,1497,"0"
4291,54,1,1514,"0"
17764,524,10,1513,"0"
12375.82,257,8,1511,"0"
4474.2,223,15,8277,"0"
1068,61,38,3650,"0"
2454,80,22,8277,"0"
3807.2,180,28,3655,"0"
3023.2,169,24,8277,"0"
46753,2620,7,3051,"0"
1725,25,15,3662,"0"
12329,563,15,3660,"0"
11100,122,23,3660,"0"
33914.43,778,1,3662,"0"
13159,438,44,3661,"0"
2562.8,140,8,3661,"1"
12828,375,15,8277,"0"
18663.27,4115,3,3653,"0"
190357.8,9358,0,3653,"0"
875,50,58,3663,"0"
2579.8,140,27,8277,"0"
44921.8,2771,1,3662,"0"
8195.6,307,15,3660,"0"
5170.2,308,9,3654,"0"
42719,4023,0,3649,"0"
1733,27,29,3648,"0"
21217.2,1133,1,3647,"0"
1575,56,16,8277,"1"
17208,834,6,3663,"0"
4445,61,1,3663,"0"
7739,336,13,8277,"0"
5261,267,3,3660,"0"
1452,83,2,3660,"0"
9839.2,538,1,8277,"0"
2626,111,37,3660,"0"
2953,169,44,8277,"0"
2741,162,3,8277,"0"
8642,242,20,8277,"0"
20504.4,588,1,3668,"0"
5616.35,145,56,8277,"0"
66580.4,1982,2,3650,"0"
3925.8,206,56,8277,"0"
6623.2,181,21,8277,"0"
6352.8,379,38,8277,"0"
3333,135,15,8277,"0"
6036.6,290,24,8277,"0"
565,15,45,3670,"0"
914,52,36,3667,"0"
850.2,54,20,3669,"0"
2198,76,29,8277,"0"
5388,273,7,3669,"0"
1661.44,75,23,3669,"0"
457.8,25,8,3668,"0"
13250,526,0,3670,"0"
23055.6,1314,1,3668,"0"
5035,53,31,3669,"0"
7367,91,28,3670,"0"
3585,208,8,3671,"0"
14997.6,787,16,3669,"0"
5591,319,15,3670,"0"
812,38,37,3669,"0"
1674.8,69,57,3667,"0"
4766,90,14,2964,"0"
3679,134,20,3669,"0"
1022,60,58,8277,"0"
1906,69,13,3650,"0"
2409,149,14,8277,"0"
8060,810,56,8277,"0"
36290,476,13,3675,"0"
7281,307,23,3676,"0"
32970.94,1264,3,3649,"0"
4454,267,20,3677,"0"
977.2,65,44,3678,"0"
4468,214,31,3677,"0"
9261,478,0,3675,"0"
58230.73,3095,6,3676,"0"
20977.4,1704,6,3675,"0"
3055,38,6,3678,"0"
13103.79,389,23,3676,"0"
19677.19,469,7,3678,"0"
4788.2,226,6,3675,"0"
22264,588,1,3677,"0"
5629.8,308,15,3653,"1"
137888.2,5930,3,3675,"0"
4541,66,50,3675,"0"
34401.6,1434,13,3675,"0"
19315.6,779,13,3675,"0"
6772,108,44,3678,"0"
5127,292,1,3677,"0"
3304,190,22,3675,"0"
10950,471,8,3677,"0"
18222,627,9,8277,"0"
49640.8,2096,59,8277,"0"
20617.86,627,38,8277,"0"
1751,94,0,8277,"0"
6332,340,38,8277,"0"
30826.6,1145,0,8277,"0"
9629,125,27,3685,"0"
18295,244,14,3675,"0"
23204,660,2,8277,"0"
26106,978,0,3685,"0"
32042,809,24,3684,"0"
27980,928,3,3683,"0"
4481.4,71,7,3681,"0"
11312,637,14,3685,"0"
20343,947,2,3685,"0"
14195.2,883,1,3683,"0"
9389.8,739,6,3681,"0"
17674,616,16,3682,"0"
4769,271,20,3683,"0"
10817,138,28,8277,"0"
9889.8,487,8,3685,"0"
7282.8,411,16,3682,"0"
14610.2,619,14,3684,"0"
4026,230,9,3683,"0"
17877,671,1,8277,"0"
56366,4505,1,3671,"0"
14481.6,177,20,3682,"0"
3805,207,14,3690,"0"
7042.85,146,2,8277,"0"
7489.29,175,15,8277,"0"
7678,222,6,3692,"0"
1430,23,44,3692,"0"
7822,235,34,3692,"0"
7715.8,199,14,3670,"0"
5173,141,9,3670,"0"
18312.14,511,24,3691,"0"
93756,3402,0,3692,"0"
3974,130,44,8277,"0"
19738,1080,1,8277,"0"
18973.6,637,6,3688,"0"
11316,408,1,3691,"0"
3874,205,14,3691,"0"
4462,72,43,3692,"0"
4328,220,0,3688,"0"
913,52,55,3692,"1"
12974.4,371,6,8277,"0"
804,33,13,3689,"0"
14704,165,6,3688,"0"
41185,447,2,3690,"0"
1529,84,50,3690,"0"
5696,92,27,8277,"0"
21039,595,7,3674,"0"
182860.8,15336,2,3691,"0"
2840,103,2,8277,"0"
4402.4,244,28,3689,"0"
6388,323,43,3689,"0"
4214,222,44,3691,"0"
363.6,20,22,3689,"0"
14657,204,24,3692,"0"
39045,389,7,3691,"0"
2685,70,58,8277,"1"
3041,103,22,8277,"0"
5430.8,155,10,8277,"0"
16659.6,690,28,8277,"0"
3310.8,177,7,3699,"0"
1868.8,112,6,3698,"0"
4481,258,48,8277,"0"
1503.6,165,14,3698,"0"
30456.4,1553,2,3669,"0"
5400,270,41,8277,"0"
3896,221,29,8277,"0"
11500,478,0,3697,"0"
7527,344,24,8277,"0"
5106,292,20,8277,"0"
10602.6,201,14,3697,"0"
10475.2,131,3,3698,"0"
32402.2,1281,6,3698,"0"
11322,128,7,3697,"0"
5931.2,261,21,3697,"0"
8408,378,27,3697,"0"
3252.2,108,21,3696,"0"
6795.6,302,8,3681,"0"
10313,125,8,8277,"0"
3188,182,14,3677,"0"
2312,115,57,3675,"0"
3169.6,182,1,3675,"0"
1955.6,87,7,3670,"0"
3821,268,27,8277,"0"
147249.8,1953,0,3698,"0"
18723.6,757,8,3697,"0"
24172,911,6,3697,"0"
12251,455,21,8277,"0"
2437,113,20,3699,"0"
3666.94,106,37,3599,"1"
17592,478,14,8277,"0"
5393.2,278,24,3698,"0"
63474.4,799,1,3698,"0"
1931.6,79,0,3695,"0"
16038,443,15,3696,"0"
12792.6,418,23,8277,"0"
5840,283,45,3703,"0"
18530,246,41,3702,"0"
5065,52,3,3705,"0"
18015,210,2,3648,"0"
3584.6,181,34,3648,"0"
25842,1021,21,3688,"0"
15269.55,468,6,3705,"0"
1484,63,21,3705,"0"
14097,743,8,3705,"0"
7340,210,0,3703,"0"
480,10,31,3705,"1"
60265.6,3637,0,3704,"0"
16280,387,13,8277,"0"
5812,187,29,8277,"0"
72754.74,5164,0,3703,"0"
14771.05,302,9,7903,"0"
12954,429,9,8277,"0"
90824,3196,6,7903,"0"
21080.8,1389,9,3706,"0"
9188,256,23,3704,"0"
5036,209,22,8277,"0"
7675.8,405,1,8277,"0"
12534,215,29,8277,"0"
5485,70,7,8277,"0"
11695.2,414,28,3711,"0"
2571,134,14,3710,"0"
21366.4,1036,1,3712,"0"
3400,195,34,8277,"0"
18707.2,618,9,8277,"0"
6785,99,50,3711,"0"
4344,62,38,8277,"0"
30160,357,6,3712,"0"
3037,241,22,3709,"0"
2626,151,21,8277,"0"
4645.77,108,30,8277,"0"
10060,121,21,3712,"0"
12414,798,0,3710,"0"
6700,338,50,3712,"0"
2286,120,21,8277,"0"
2463,98,314,3713,"1"
2410,34,3,3711,"0"
30977,1186,1,3709,"0"
8165,445,15,3695,"0"
2811,97,3,3702,"0"
11665,143,15,3712,"0"
770,51,52,3713,"0"
16258.2,214,14,3712,"0"
10880,106,27,3710,"0"
2364,66,15,3710,"0"
36020,429,23,3710,"0"
59158,663,3,3710,"0"
3533.87,71,7,3709,"0"
3240,185,52,8277,"0"
2390,112,23,3710,"0"
7332.8,408,30,3710,"0"
1215,27,42,8277,"0"
72977.6,6727,2,3709,"0"
30230.2,1681,2,3671,"0"
15204.2,939,14,3671,"0"
10699,346,13,3710,"0"
3578,97,29,3710,"0"
11802,613,29,8277,"0"
8694,378,6,3720,"0"
44207,2026,0,3720,"0"
1400,40,13,3720,"0"
1273,73,59,3720,"0"
14241,667,15,3688,"0"
1299,73,27,3718,"0"
8346,151,0,3718,"0"
7548.8,409,22,3718,"0"
2698.4,202,14,3717,"0"
13522.8,579,3,3716,"0"
144801.65,4040,1,3718,"0"
10810,130,34,3718,"0"
2632,88,8,7903,"0"
2039.34,42,2,3597,"0"
7664.2,342,8,8277,"0"
13215.92,354,8,3719,"0"
3894,194,28,8277,"0"
1926.2,141,24,3718,"0"
582.8,56,49,3719,"0"
8269.6,547,1,3717,"0"
14510,190,14,3719,"0"
28713.6,3756,6,3716,"0"
685,17,9,3704,"0"
16246.4,625,23,8277,"0"
3064.6,208,30,3716,"0"
3198.8,157,16,3716,"0"
8558,246,3,3719,"0"
6580.6,208,34,3718,"0"
2061,117,13,8277,"0"
21756,517,23,8277,"0"
870,50,8,8277,"0"
22580,298,14,3725,"0"
6680.32,673,0,3723,"0"
4792,82,57,3726,"0"
81395,2997,2,3725,"0"
904,52,15,8277,"0"
1728,58,55,8277,"0"
4052,214,57,3674,"0"
3144,125,34,3725,"0"
15179.2,202,2,3725,"0"
20918.4,411,0,8277,"0"
10640,566,0,3727,"0"
22792,927,0,3726,"0"
247937.05,10138,1,3727,"0"
6456,249,34,3726,"0"
12498,181,43,3726,"0"
4430,254,15,8277,"0"
10240,118,7,3727,"0"
3426.2,223,27,3725,"0"
13770.6,1296,56,3724,"1"
3986.4,383,45,3723,"0"
5476.45,106,40,3723,"0"
2827.4,304,22,3702,"0"
1442,56,58,3726,"0"
22299.4,937,1,3725,"0"
27608,1353,0,3724,"0"
2960,38,16,3723,"0"
6224,317,16,3734,"0"
513,28,35,3731,"0"
20588,806,14,3733,"0"
56466,2403,1,3732,"0"
57293,2940,2,3730,"0"
32570.4,1458,3,3734,"0"
14916,629,15,3733,"0"
16905.8,227,10,3733,"0"
11900,614,15,3734,"0"
29964,1124,8,3734,"0"
1867,23,56,3733,"0"
52529.2,2320,6,3732,"0"
8658,249,21,8277,"0"
5205,79,58,8277,"0"
16548.4,1185,2,3733,"0"
5527,319,7,8277,"0"
1230.8,60,44,3723,"0"
1999.2,90,29,3705,"0"
1564,77,27,3704,"0"
4113.8,234,24,3703,"0"
5378.8,226,37,3730,"0"
17650.4,936,10,3723,"0"
8056.6,522,22,3723,"0"
8756.6,258,31,3731,"0"
5319,194,31,8277,"0"
2506,70,30,3731,"0"
4158,141,21,8277,"0"
6793.6,395,30,3724,"0"
28856.4,800,13,3734,"0"
4730,67,49,3734,"0"
9819.6,283,8,3734,"0"
15571.59,320,5,3051,"0"
1997,124,37,3731,"0"
2491.2,139,29,8277,"0"
7168.4,125,14,3730,"0"
13500,180,21,3734,"0"
1665.32,107,49,3734,"0"
9105.8,373,30,3733,"0"
646.98,11,24,3730,"0"
1176,67,37,3670,"0"
15240.6,604,13,8277,"0"
31657.88,720,6,7903,"0"
11899,582,15,8277,"0"
7971.2,752,10,3740,"0"
63432.8,3253,3,3739,"0"
12798,1322,13,3739,"0"
332092.6,15066,2,3741,"0"
16460.8,883,0,3739,"0"
30048.03,641,1,8277,"0"
7117,402,15,3738,"0"
10866,349,0,3740,"0"
145798,5116,0,3738,"0"
35227.8,763,3,3723,"0"
41022,741,1,3723,"0"
13960.45,272,24,3737,"0"
16425,211,9,8277,"0"
1456,73,1,3740,"0"
154245.43,3295,3,3730,"0"
13185,495,23,3740,"0"
4516,250,6,3738,"0"
14559,760,16,3741,"0"
8274,477,8,8277,"0"
6570.4,312,7,3740,"0"
1050,60,59,8277,"0"
4053,232,23,3737,"0"
8570,110,36,3740,"0"
105015,4707,2,3731,"0"
566,32,36,3730,"0"
63806.25,1478,0,3747,"0"
11929,597,24,3744,"0"
6034,360,59,3745,"0"
7897,466,13,8277,"0"
18037.6,1620,41,3748,"0"
5830,66,41,3748,"0"
2299,102,28,3741,"0"
11028.6,796,9,3748,"0"
1211,125,29,3747,"0"
7472.4,338,29,3747,"0"
17328.8,495,8,3744,"0"
1121,64,28,8277,"0"
21183.2,749,2,3746,"0"
3397,194,10,3745,"0"
8474,239,9,3744,"0"
432,20,0,8277,"0"
16972,326,13,3744,"0"
6600,294,7,8277,"0"
40097,1357,2,3747,"0"
4210,51,23,3745,"0"
22840,261,10,3745,"0"
2106,60,8,8277,"0"
1059,54,16,3746,"0"
48587.6,2172,2,3747,"0"
3305,43,9,3747,"0"
1698,96,3,8277,"0"
13077.2,647,16,3744,"0"
28250,323,1,3748,"0"
8005,428,14,3747,"0"
6445,83,10,3747,"0"
2159,124,42,8277,"0"
2775,160,59,3745,"0"
3212.4,162,2,3730,"0"
9384.2,414,20,3745,"0"
9195,102,2,3748,"0"
10564,294,10,3748,"0"
21984,631,8,3747,"0"
2214.4,104,45,3746,"0"
1319.8,75,38,8277,"0"
1671,95,56,8277,"0"
16479,686,1,8277,"0"
4510,137,57,3746,"0"
3718,183,3,8277,"0"
3839,220,8,8277,"0"
20581.8,1158,13,8277,"0"
3325.8,89,43,8277,"0"
42869.74,910,6,8277,"0"
1929,110,8,8277,"0"
8604,492,23,8277,"0"
5429,309,7,8277,"0"
26075,327,7,3755,"0"
3793,101,7,3753,"0"
7324.4,378,22,3752,"0"
18992,226,1,3754,"0"
4130,236,0,3755,"0"
15168,434,24,3754,"0"
2756,230,27,3753,"0"
1980,110,38,3745,"0"
9140,373,16,3754,"0"
14155.6,836,1,3755,"0"
9624.3,602,2,3753,"0"
68008.82,1493,1,3751,"0"
1923,109,49,3751,"0"
3035,45,59,3755,"0"
12111.9,451,13,8277,"0"
2345,30,43,3751,"0"
13954,419,15,3752,"0"
7204.8,279,7,3709,"0"
8870,432,20,3753,"0"
580.68,15,58,3753,"0"
10135,348,24,3752,"0"
81897,1387,6,3751,"0"
672,35,48,3753,"1"
57638,999,27,3755,"0"
34590,390,1,3752,"0"
4881.31,99,22,3753,"0"
7777,368,34,3753,"0"
6512,327,21,3754,"0"
83224,2343,6,3752,"0"
2234,164,22,8277,"0"
7896.4,293,2,8277,"0"
1230,70,2,8277,"0"
9022.2,263,31,8277,"0"
5200,155,31,3760,"0"
20963.7,515,13,3761,"0"
133384,4513,1,3762,"0"
16932,893,2,3760,"0"
17401.8,653,10,3759,"0"
9422.4,412,14,3751,"0"
24283,997,7,3650,"0"
16268,823,44,3760,"0"
11222.4,437,28,3762,"0"
3841,219,20,8277,"0"
19654,513,8,3762,"0"
25135,337,0,3752,"0"
7901,452,14,3752,"0"
10763.6,265,23,3752,"0"
18245,201,3,3759,"0"
15646,193,51,3758,"0"
1450,18,2,3760,"0"
10257.6,797,37,3760,"0"
13315.4,1359,8,3758,"0"
743,14,8,3758,"0"
15001,1580,41,3745,"0"
5546,318,30,8277,"0"
12519.2,590,8,3760,"0"
17887.6,1151,27,3760,"0"
13634.8,184,22,3759,"0"
6650,80,10,3759,"0"
1280,16,13,3759,"0"
48651.6,1399,0,3762,"0"
29767.4,685,13,7903,"0"
13842,850,21,3759,"0"
940,31,9,3760,"1"
3193,182,8,8277,"0"
7665,434,20,8277,"0"
17208.8,452,2,8277,"0"
3216,134,40,3768,"0"
2042,31,21,3744,"0"
12095,146,13,3744,"0"
3168,181,3,3746,"0"
5199,298,2,3746,"0"
5202,149,22,3769,"0"
6634,189,2,8277,"0"
1137,65,49,3765,"0"
2330,26,13,3769,"0"
16702.4,497,3,8277,"0"
82197.8,3950,14,3744,"0"
3532,201,30,3598,"0"
1104,55,31,3766,"0"
13704.8,540,16,3767,"0"
14028.2,514,8,3769,"0"
6015.2,269,37,3766,"0"
13212,440,0,3767,"0"
4382,56,6,3767,"0"
8671.2,501,27,3768,"0"
5703.4,92,29,3769,"0"
3970,44,22,3765,"0"
3695,125,13,7903,"0"
74332.2,4072,0,3766,"0"
38769.4,1216,28,7903,"0"
9749,472,0,3766,"0"
14710,149,8,3751,"0"
5507,263,44,8277,"0"
9515,111,12,8277,"0"
2766.41,170,14,3774,"0"
2446,114,50,3774,"0"
35364.2,2566,0,3775,"0"
2598,217,2,3776,"0"
10350,297,14,3775,"0"
3920.2,303,9,3774,"0"
4937.2,138,1,3776,"1"
8048,230,21,3776,"0"
28262.8,835,8,3776,"0"
22202.57,458,20,3776,"0"
7631,424,27,3775,"0"
2854,42,24,3774,"0"
11123.2,145,21,3773,"0"
22398,715,7,3775,"0"
22104.4,664,15,3774,"0"
3276,130,37,3774,"0"
38653.2,3255,0,3776,"0"
1173,65,34,3773,"0"
5155,77,1,3775,"0"
47955.98,2386,0,3774,"0"
6395,212,14,3773,"0"
28012.5,748,0,8277,"0"
11090,157,49,3773,"0"
68460,802,6,3773,"0"
4665,74,0,3774,"0"
14920,163,6,3774,"0"
24154.6,807,6,8277,"0"
16651.89,448,1,3741,"0"
19797.2,906,8,3741,"0"
9952,956,28,3780,"0"
3145,36,41,3783,"0"
7551.2,296,8,3781,"0"
3580,57,6,3782,"0"
3920,162,6,3781,"0"
9225,131,2,3780,"0"
53381.2,1628,1,3781,"0"
10824,311,6,3744,"0"
3023.6,84,7,3740,"0"
1925,25,48,8094,"0"
11773.8,1244,16,3782,"0"
11250.44,354,16,3780,"0"
4634.4,246,8,3779,"0"
7388,349,21,3780,"0"
53423.28,3104,1,3782,"0"
26431,429,7,3780,"0"
6496,160,10,3782,"0"
1777,102,43,3781,"0"
55720,714,6,3783,"0"
19230.85,264,7,3779,"0"
14693.2,709,1,8064,"0"
5281.2,285,7,3781,"0"
7235,341,50,3780,"0"
3979.5,83,8,8042,"1"
12730.6,739,0,3782,"0"
21078.2,678,1,3741,"0"
5660,157,24,3738,"0"
5930.45,240,6,3781,"0"
16110,914,1,3780,"0"
10061.8,199,34,3783,"0"
2601.6,126,30,3783,"0"
6494,269,1,3779,"0"
37490.4,1657,23,3781,"0"
18499.59,2971,1,3760,"0"
2324,133,24,7953,"0"
4390,54,48,7927,"0"
26121.6,1094,6,3790,"0"
28192.6,1176,2,3787,"0"
33387,1839,2,3790,"0"
4480,72,14,3751,"0"
65909,1937,0,3730,"0"
143383,1506,1,3789,"0"
29150,320,21,3790,"0"
3990,38,41,3790,"0"
3617.4,362,16,3787,"0"
3844.4,206,30,3790,"0"
2488.8,193,52,3789,"0"
8135,105,23,3789,"0"
12198.6,1214,1,3790,"0"
173818.4,6911,0,3788,"0"
9083.6,408,3,3787,"0"
13454.32,743,10,3772,"0"
16210.4,1022,9,3772,"0"
7444,675,1,3779,"0"
6844,225,9,3789,"0"
24937.2,1397,3,3788,"0"
4766.8,240,1,3787,"0"
8747,252,8,3787,"0"
11239.4,520,7,3787,"0"
4903,111,6,1508,"0"
6080.8,193,7,1506,"0"
9890,355,30,1505,"0"
13287.8,530,1,1504,"0"
3087.59,92,8,1504,"0"
6036.8,208,7,1502,"0"
7950.2,236,3,1501,"0"
23430.51,780,10,1500,"0"
3529.6,196,49,1493,"0"
3541.6,255,35,1491,"0"
3725.2,155,20,1491,"0"
1905,28,35,1491,"0"
93528,5211,3,1506,"0"
698,30,29,1506,"0"
8498,254,10,1505,"0"
10012,366,15,1505,"0"
5621.2,232,9,1504,"0"
9355,534,2,1504,"0"
9374.4,1004,9,1506,"0"
4382,117,5,1506,"0"
98224.6,1380,1,1505,"0"
1003.2,92,27,1505,"0"
3167.4,62,27,1505,"0"
6794,342,31,1504,"1"
10985.8,479,14,1463,"0"
4651,173,7,1459,"0"
1260,18,50,1459,"0"
6835,76,1,1506,"0"
9159.6,249,14,1504,"0"
6936,215,0,1503,"0"
136396,4943,6,1501,"0"
440,11,36,1478,"0"
10520,600,2,1478,"0"
9604,253,15,1477,"0"
14020,156,8,1477,"0"
23878,335,3,1472,"0"
12380,146,55,1505,"0"
1937,111,30,1500,"0"
8570,438,14,1499,"0"
14025,497,24,1499,"0"
40421.4,2051,23,1498,"0"
13990,206,21,1504,"0"
3500,51,2,1501,"0"
21595.4,1065,7,1501,"0"
2125,28,2,1504,"0"
40845.95,1721,15,1501,"0"
13022,872,34,1501,"0"
6790,483,15,1498,"1"
18766.9,691,9,1497,"0"
9642,130,0,1503,"0"
310096.5,13971,2,1500,"0"
44039.1,1742,2,1500,"0"
84264.8,1046,6,1499,"0"
45185,602,7,1498,"0"
9274,228,7,1486,"0"
4717,60,7,1485,"0"
4852.8,251,0,1483,"0"
20866.8,813,20,1506,"0"
50730.8,2098,2,1509,"0"
17034.4,828,3,1509,"0"
6733.8,249,8,1509,"0"
48784.2,1815,2,1509,"0"
23295.4,848,0,1509,"0"
39451.6,1490,7,1509,"0"
4852,195,20,1501,"0"
7319.8,133,20,1488,"0"
6860,139,57,1484,"0"
24406.55,537,9,1484,"0"
10099,261,7,1477,"0"
12357.4,344,9,1490,"0"
18209.4,1342,2,1487,"0"
11230,143,15,1487,"0"
20536.8,569,2,1514,"0"
6872,206,43,1512,"0"
2470,74,51,1512,"0"
23837,1477,13,1509,"0"
20085,1161,52,1508,"0"
122514.8,5584,3,1508,"0"
27806.2,936,1,1506,"0"
42293,1524,3,1506,"0"
12726,366,1,1500,"0"
9363.8,348,16,1500,"0"
8864,513,34,1499,"1"
28372,443,35,1497,"0"
52575,676,7,1494,"0"
10856,151,0,1497,"0"
10318,504,1,1494,"0"
85671,1421,6,1492,"0"
3810.4,113,22,1492,"0"
1723,30,37,1491,"0"
19853,317,2,1491,"0"
18202,754,28,1491,"0"
2741,158,14,1490,"0"
14174,321,7,1490,"0"
13035,165,29,1486,"0"
17544,433,9,1486,"0"
532,17,6,1485,"0"
22378,253,13,1485,"0"
10890,152,1,1483,"0"
15705.6,514,12,1486,"0"
920.8,35,43,1485,"0"
137849,7610,1,1485,"0"
10039.4,245,30,1482,"0"
5778,115,15,1479,"0"
8821,378,9,1498,"0"
9365,127,13,1498,"0"
63620,1528,20,1498,"0"
58913.2,2879,0,1497,"0"
48507.66,992,0,1494,"0"
6560.8,136,8,1494,"0"
2840,126,31,1494,"0"
5865,82,13,1493,"0"
350,20,24,1497,"0"
19384.6,976,22,1494,"0"
21195.4,1029,2,1500,"0"
3435.4,196,7,1499,"0"
1210,70,21,1498,"1"
5408.4,376,6,1498,"0"
14611.4,841,8,1497,"0"
5224.6,243,50,1497,"0"
11783,564,5,1470,"0"
13283,226,41,1470,"0"
11193.6,580,7,1470,"0"
1754.8,194,6,1465,"0"
1860,39,15,1464,"0"
9555,316,9,1491,"0"
2473,79,21,1497,"0"
16025,187,8,1494,"0"
10928,535,0,1493,"0"
5286,127,42,1459,"0"
19000,1858,8,3795,"0"
35576.6,1717,1,3795,"0"
7428,195,42,3793,"0"
2962,85,27,3793,"0"
6900,369,1,3796,"0"
2699,111,21,3795,"0"
129617,4566,0,3793,"0"
3749,60,21,3793,"0"
49221.8,1560,2,3786,"0"
914,52,36,3795,"0"
39990,519,2,3797,"0"
54508,4007,2,3795,"0"
2042.4,218,38,3751,"0"
6374.8,204,1,3739,"0"
5226.6,290,21,3795,"0"
3180,179,36,3794,"0"
14306,411,15,3796,"0"
7618.8,389,7,3795,"0"
60135,843,8,3794,"0"
30370.4,1693,9,3786,"0"
14086.25,283,7,3797,"0"
14192,1234,8,3794,"0"
4986,286,1,1457,"0"
5464,89,50,1457,"0"
5620,92,24,1457,"0"
191526,6067,7,1457,"0"
21525,275,7,1456,"0"
59070.15,4281,14,1455,"0"
10280,128,1,1453,"0"
3351.15,219,27,1452,"0"
10186,404,6,1451,"0"
9215,118,7,1499,"0"
23206,2011,1,1494,"0"
41542.8,1764,6,1482,"0"
21570,324,6,1482,"0"
3235,278,23,1494,"0"
14931,1194,6,1493,"0"
3375,159,22,1491,"0"
11963.58,146,16,1498,"0"
4122,54,56,1497,"0"
9975,105,9,1497,"0"
14855,178,10,1479,"0"
3274.12,68,14,1466,"0"
5242.4,163,3,1505,"0"
3172,90,9,1505,"0"
11412,333,6,1500,"0"
28807.2,825,14,1507,"0"
2036.4,83,43,1494,"0"
5852,327,10,1494,"0"
4328,125,21,1491,"0"
715.8,35,8,1489,"0"
15504.4,457,6,1487,"0"
37712.6,909,1,1499,"0"
54683.4,774,6,1497,"0"
6515,90,7,1487,"0"
7936.8,282,2,1473,"0"
3180,162,8,1471,"0"
2454.8,79,52,1452,"0"
8232.4,447,15,1435,"0"
1620,83,0,1414,"0"
8177,160,22,1410,"0"
5098,337,23,1407,"0"
61334.07,4120,1,1480,"0"
21543.8,1442,0,1479,"0"
12882.4,550,2,1478,"1"
9205,284,16,1478,"0"
12990,148,8,1491,"0"
5286,199,14,1490,"0"
13260,741,9,1489,"0"
950,32,30,1487,"0"
27544.8,979,0,1486,"0"
2714,104,22,1483,"0"
5797,326,9,1483,"0"
5140,200,29,1492,"1"
89140.2,1808,1,1490,"0"
9483.6,669,22,1487,"0"
1280,16,43,1450,"0"
7224,366,2,1445,"0"
8040,88,52,1443,"0"
18045,232,22,1443,"0"
1913.6,99,7,1443,"0"
7867,101,20,1441,"0"
25513.6,967,35,1441,"0"
6730,384,21,1438,"0"
2980,171,56,1476,"0"
13691,398,2,1473,"0"
4611.4,235,14,1470,"0"
20538,266,13,1490,"0"
26531,469,1,1489,"0"
9096,155,14,1486,"0"
39036.4,507,1,1484,"0"
15670.8,548,31,1484,"0"
71193,955,8,1492,"0"
7978.8,391,14,1478,"0"
2830,131,28,1471,"0"
18473,824,9,1470,"0"
12131,516,38,1494,"0"
8899,358,14,1494,"0"
4396,56,21,1492,"0"
6566.6,116,14,1491,"0"
1200,57,51,1491,"0"
6020,101,48,1491,"0"
7306.8,356,29,1485,"0"
6520.52,151,22,1484,"0"
7126.8,304,49,1483,"0"
3280.6,56,2,1482,"0"
3570,61,8,1479,"0"
41963,631,2,1479,"0"
4969.09,99,52,1470,"0"
16875,198,1,1460,"0"
10624,406,13,1459,"0"
6685,97,13,1472,"0"
4001,203,37,1494,"0"
11754.2,332,6,1491,"0"
20872.45,436,6,1309,"0"
5600,72,15,1306,"0"
22640.2,605,10,1305,"0"
4802,274,30,1302,"0"
3520,64,13,1281,"0"
22865,266,0,1276,"0"
11265,203,21,1273,"0"
550,8,22,1456,"0"
17214.64,413,1,1451,"0"
14322.6,449,29,1480,"0"
4347.6,306,24,1492,"0"
1025,58,7,1492,"0"
6857,100,8,1491,"0"
4858,74,59,1483,"0"
20008,274,23,1480,"0"
6800,287,7,1479,"0"
12030,146,13,1479,"0"
13330,166,2,1479,"0"
6042,249,22,1478,"0"
2770,79,44,1485,"0"
22946.19,622,0,1484,"0"
25272,723,13,1481,"0"
1326,64,22,1486,"0"
23548,438,13,1484,"0"
6954.6,258,10,1493,"0"
10505.6,236,8,1487,"0"
5812.6,186,23,1476,"0"
535,8,22,1450,"1"
14321,362,6,1469,"0"
12422,704,3,1469,"0"
51714.37,13470,3,1464,"0"
2804.4,165,2,1469,"0"
13161.4,620,30,1466,"0"
8748.4,126,2,1485,"0"
3739,214,30,1484,"0"
4851.2,139,8,1484,"0"
4198.2,229,35,1483,"0"
5817.8,591,26,1480,"0"
14982.4,652,8,1479,"0"
15342,427,3,1479,"0"
24423.31,794,0,1479,"0"
3754,131,13,1479,"1"
10210,218,1,1477,"0"
7940,448,23,1477,"0"
1220,74,28,1477,"0"
1738460.2,84087,0,1480,"0"
5983,235,23,1477,"0"
3622,182,36,1472,"0"
52722.6,4942,0,1472,"0"
3329.2,155,51,1471,"0"
90455.4,9448,2,1470,"0"
13227,600,6,1469,"0"
8700,124,47,1469,"0"
2569.4,145,2,1469,"0"
2254.2,242,8,1469,"0"
15197.6,948,1,1469,"0"
2215,35,50,1466,"0"
1505.6,82,45,1466,"0"
20556,379,42,1465,"0"
1644,40,1,1490,"0"
1485,16,3,1487,"0"
3966,208,3,1486,"0"
4667.6,205,9,1490,"0"
12502,359,21,1486,"0"
2808,162,43,1483,"0"
2051.4,99,23,1483,"1"
8719.6,152,0,1483,"0"
616,60,16,1478,"0"
7120,95,10,1472,"0"
5890,301,3,1471,"0"
1688,97,56,1470,"0"
50219.6,809,1,1469,"0"
78051.6,4454,3,1464,"0"
1950.3,163,24,1462,"0"
9761.2,446,2,1458,"0"
3294.6,167,51,1458,"0"
10887,1110,0,1463,"0"
14393.8,1077,6,1457,"0"
83386.4,2885,0,1471,"0"
26510,782,6,1470,"0"
5121.4,365,27,1479,"0"
4344,240,2,1477,"0"
6748.8,324,1,1476,"0"
6872,189,1,1471,"0"
18864,571,2,1466,"0"
765,21,48,1464,"0"
19235,1156,3,1463,"0"
13172,628,1,1462,"0"
144708,12777,0,1459,"0"
21080.2,646,3,1476,"0"
5635,74,1,1472,"0"
46551.8,1220,7,1472,"0"
4400,53,8,1472,"0"
13180,159,22,1471,"0"
40300.8,2126,1,1470,"0"
5497.2,165,37,1470,"0"
4769,273,1,1467,"0"
11145,162,51,1466,"0"
31358.4,944,10,1483,"0"
19185,229,7,1482,"0"
5184,72,20,1482,"0"
1249,20,51,1451,"0"
2880,165,29,1448,"0"
7215.8,262,9,1470,"0"
11954,596,8,1467,"0"
5976.8,176,58,1466,"0"
5173.21,115,44,1470,"0"
11528,811,22,1469,"0"
8393.6,640,7,1469,"0"
14884.4,420,0,1474,"0"
5591,190,31,1476,"0"
8835,245,16,1472,"0"
10552.8,299,24,1472,"0"
4005,135,3,1472,"0"
8645,136,13,1472,"0"
9371.2,375,45,1471,"1"
46258.4,1807,6,1470,"0"
16131.4,307,16,1470,"0"
4305.2,101,2,1445,"0"
15029.2,731,42,1442,"0"
3315,49,38,1442,"0"
43280,598,0,1466,"0"
7140.4,297,1,1456,"0"
7053,489,42,1437,"0"
4815,72,48,1435,"0"
117033.8,4788,9,1431,"0"
25465,320,8,1431,"0"
3475,42,29,1431,"0"
39036,518,1,1463,"0"
1863,74,24,1484,"1"
2058,123,28,1483,"0"
94814.85,2367,3,1483,"0"
2853.46,60,45,1480,"0"
34641,1685,6,1479,"0"
5856,244,12,1479,"0"
3051.8,86,13,1476,"0"
5976,344,23,1472,"0"
4615.6,262,1,1470,"0"
10175,122,24,1459,"0"
8246.8,481,0,1456,"0"
6245.2,307,3,1456,"0"
2790,36,35,1455,"0"
2490,139,38,1453,"0"
4156,41,28,1452,"0"
5306.6,83,13,1480,"0"
19661.31,447,3,1479,"0"
11333.2,336,8,1479,"0"
26222.6,353,0,1478,"0"
4858.8,162,23,1477,"0"
17536,506,13,1476,"0"
5905.8,100,43,1470,"0"
23290,348,2,1469,"0"
35363.6,1217,14,1467,"0"
2213,110,21,1466,"0"
1626.4,126,1,1449,"0"
3542,162,59,1449,"0"
17150.2,782,15,1473,"0"
92767.6,3106,6,1460,"0"
4478,117,7,1460,"0"
5183.2,149,16,1458,"0"
540,10,28,1456,"0"
44684.6,2415,6,1457,"0"
21925,315,8,1457,"0"
17527.3,1147,8,1457,"0"
2903,37,54,1455,"0"
4290.2,412,27,1451,"0"
39903.8,2960,6,1451,"0"
5006.4,228,42,1450,"0"
6444,369,9,1242,"0"
60172.2,1238,0,1240,"0"
9792,188,6,1444,"0"
2756.8,56,16,1441,"0"
3625,65,16,1467,"0"
52123.6,2361,1,1464,"0"
5702,178,29,1464,"0"
4880,65,21,1463,"0"
12250,700,0,1463,"0"
23639.93,605,16,1460,"0"
2652.4,77,31,1457,"1"
2505.6,124,37,1371,"0"
3205,46,44,1466,"0"
55327.4,1714,2,1465,"0"
40220,494,0,1465,"0"
6470,82,20,1464,"0"
3455.4,86,1,1463,"0"
3041.3,54,38,1458,"0"
53034.8,1513,1,1457,"0"
5379,156,35,1456,"0"
68445.8,2424,3,1455,"0"
13955,173,1,1470,"0"
1451.6,69,21,1466,"0"
2610,34,59,1466,"0"
16805.2,498,1,1465,"0"
8686,160,20,1451,"0"
34278.6,1892,1,1427,"0"
2681,152,1,1427,"0"
4387,175,23,1427,"0"
16001.2,267,2,1427,"0"
6725.6,454,8,1425,"0"
3696,209,1,1424,"0"
30530,326,9,1466,"0"
163831.8,6489,6,1450,"0"
16001,768,0,1465,"0"
26937,1246,3,1463,"0"
1482,82,15,1462,"0"
2530,32,15,1459,"0"
8754.41,175,56,1477,"0"
1911,78,30,1477,"1"
11907.6,305,14,1476,"0"
66185.22,1586,1,1472,"0"
6507.85,154,1,1471,"0"
4110.13,99,43,1465,"0"
1824,82,8,1464,"0"
10200,179,20,1238,"0"
7444,228,13,1449,"0"
6052,587,0,1441,"0"
47602.1,4017,3,1448,"0"
3714.8,148,2,1445,"0"
6075,83,0,1445,"0"
6038,271,1,1441,"0"
11665,155,12,1441,"0"
22610,370,2,1436,"0"
21162,832,0,1326,"0"
8373.6,265,14,1445,"0"
2984.8,160,44,1443,"0"
3073.4,140,35,1421,"1"
91992.31,2602,1,1421,"0"
2005.6,216,29,1417,"0"
5802.6,112,29,1417,"0"
3060,34,0,1459,"0"
12718.2,544,7,1458,"0"
5814.8,223,23,1458,"0"
23402,1113,7,1457,"0"
2674,137,10,1456,"0"
25225,360,3,1456,"0"
1050,55,59,1456,"0"
18454.8,841,1,1455,"0"
20710,278,16,1455,"0"
8541,137,3,1462,"0"
6652,101,28,1458,"0"
3894,119,22,1458,"0"
23472,376,0,1458,"0"
3653,107,31,1442,"0"
17496,502,37,1456,"0"
9804,502,24,1456,"0"
29939.15,1676,0,1455,"0"
7836,89,23,1452,"0"
2938,84,13,1458,"0"
14736,467,14,1457,"1"
52785,565,21,1464,"0"
44815,622,9,1463,"0"
66518.6,2129,1,1459,"0"
13765,163,20,1458,"0"
9340.6,211,37,1457,"0"
4320,45,1,1441,"0"
32807,1117,1,1443,"0"
3065,53,0,1456,"0"
2876.8,115,30,1455,"0"
1012,48,45,1451,"0"
27954.6,1079,3,1434,"0"
30783.15,1395,6,1431,"0"
17185,290,15,1445,"0"
20766,379,3,1221,"0"
40625,485,0,1219,"0"
7012.8,110,2,1435,"0"
16606.6,440,29,1434,"0"
13460,177,29,1434,"0"
18195.4,641,43,1434,"0"
5204.8,298,14,1452,"0"
3518.4,206,27,1452,"0"
6022.6,352,28,1452,"0"
8974.4,531,2,1452,"0"
4083.8,237,6,1452,"0"
10209.8,601,14,1452,"0"
8813.2,516,9,1452,"0"
9049.8,544,10,1452,"0"
6858.8,411,14,1452,"0"
4429.4,255,30,1452,"0"
4776.8,282,6,1452,"0"
3593,206,14,1452,"0"
12937,589,28,1452,"0"
6742,391,14,1452,"0"
25757.2,1408,1,1452,"0"
12764.6,770,3,1452,"0"
8546,516,9,1452,"0"
10272,627,10,1452,"0"
12501,747,14,1452,"0"
5002,303,10,1452,"0"
9671.8,575,10,1452,"0"
9701,391,16,1452,"0"
4693,281,22,1452,"0"
4990,271,1,1452,"0"
8430,247,27,1452,"0"
6875,418,2,1452,"0"
3077,179,14,1452,"0"
56486.4,2023,24,1452,"0"
222468.4,7861,6,1452,"0"
8645.6,453,6,1429,"0"
58057.2,2745,0,1451,"0"
124158,3862,1,1457,"0"
6533,257,9,1456,"0"
6621.6,164,49,1467,"0"
6890,78,9,1445,"0"
140636.1,5823,1,1443,"0"
69943.81,1680,0,1443,"0"
1542,43,21,1443,"0"
6857,198,20,1442,"0"
8604,252,2,1441,"0"
3295,54,21,1413,"0"
15753,220,36,1410,"0"
25680,373,6,1409,"0"
8468.4,218,51,1459,"0"
16548.2,500,20,1458,"0"
2141.2,61,21,1456,"0"
4325,59,21,1450,"0"
15650,179,3,1449,"0"
5139,292,15,1458,"0"
2429.6,103,29,1458,"0"
12177,549,23,1437,"0"
894,52,7,1435,"0"
11321,441,28,1434,"0"
2355,30,7,1434,"0"
9146.2,355,9,1434,"0"
6635,93,30,1431,"0"
5907,178,48,1466,"0"
2792.8,83,41,1466,"0"
44131.6,1252,0,1466,"0"
15877.6,455,7,1464,"0"
3097.8,96,8,1464,"0"
12031,369,1,1464,"0"
1567.8,69,45,1462,"0"
14305.6,331,6,1460,"0"
9743.42,614,6,1459,"0"
11699.65,226,0,1458,"0"
2169,111,6,1457,"0"
3120,40,50,1456,"0"
6315.2,224,14,1456,"0"
55898,691,1,1430,"0"
27891,339,20,1430,"0"
9850,123,21,1217,"0"
79602,3387,3,1217,"0"
8885.8,375,29,1212,"0"
54472.74,4325,2,1429,"0"
2595.6,206,31,1429,"0"
13174.6,719,7,1427,"0"
21634.5,1239,2,1427,"0"
5555,78,10,1424,"0"
2025,37,15,1431,"0"
14678.8,1000,15,1428,"0"
3500,192,48,1457,"0"
2801.8,53,22,1457,"0"
31906.2,1436,16,1457,"0"
18716.4,761,10,1456,"0"
4135,112,56,1455,"0"
2285,29,0,1427,"1"
3015,39,27,1312,"0"
14999,310,10,1311,"0"
2214,63,31,1309,"0"
1104,21,6,1438,"0"
13857.2,354,6,1436,"0"
6842.8,267,13,1436,"0"
21373,266,7,1436,"0"
26064.8,730,2,1435,"0"
26721.6,734,13,1430,"0"
73492.4,2311,3,1424,"0"
4892,248,10,1448,"0"
1390,19,56,1448,"0"
10372,162,7,1421,"0"
12976.6,955,28,1450,"0"
5878.8,215,29,1444,"0"
11566,361,23,1444,"0"
12895.2,460,13,1451,"0"
5322,181,1,1450,"0"
8854,434,44,1450,"0"
67860.8,3609,3,1430,"0"
2392,134,8,1429,"0"
6497,276,8,1428,"0"
2915,85,50,1445,"0"
56174,2212,2,1444,"0"
41046.94,3627,1,1442,"0"
98484.6,3665,22,1450,"0"
10613,393,8,1448,"0"
7706,218,0,1421,"0"
23087.8,760,6,1417,"0"
10750,130,13,1434,"0"
17690,259,1,1449,"0"
37249,1551,10,1449,"0"
7787,228,10,1449,"0"
10354,142,57,1448,"0"
25424,696,6,1445,"0"
13509.6,603,13,1445,"0"
24593.8,902,2,1444,"0"
71330,2133,3,1444,"0"
29661,1808,0,1451,"0"
30838.4,1469,6,1451,"0"
51672.6,1919,1,1451,"0"
17558,357,1,1450,"0"
6400,506,13,1449,"0"
16160,220,23,1449,"0"
12903,388,28,1445,"0"
24715,279,6,1445,"0"
16620.4,243,49,1444,"0"
8031,137,3,1444,"0"
25439,504,7,1443,"0"
62963,2298,2,1443,"0"
12919,831,2,1441,"0"
8617.6,328,1,1207,"0"
26676,409,2,1203,"0"
5615,84,3,1424,"0"
30682.4,2189,1,1417,"0"
2362,71,38,1422,"0"
3018.8,145,9,1422,"0"
9814,421,2,1421,"0"
2085,26,59,1421,"0"
6251,230,20,1420,"0"
88506,4567,21,1443,"0"
4517.2,239,0,1442,"0"
6833,391,28,1441,"0"
22410.6,931,1,1437,"0"
143330.6,4716,0,1420,"0"
2742.4,93,43,1435,"0"
15410,186,0,1437,"0"
520,40,44,1437,"0"
48554.4,1524,6,1420,"0"
10635,135,38,1442,"0"
8080,102,37,1442,"0"
4012,70,44,1441,"1"
20047.2,1144,13,1441,"0"
19499.8,1703,9,1435,"1"
11337.2,613,2,1435,"0"
20409,302,20,1401,"0"
2172,116,44,1436,"0"
3590,182,37,1436,"0"
3986,205,44,1436,"0"
8264.2,155,15,1443,"0"
20512.68,378,8,1442,"0"
49133,824,0,1437,"0"
6892,641,13,1435,"0"
15030,176,23,1424,"0"
9650,341,1,1422,"0"
20756.68,917,3,1420,"0"
12101,569,14,1430,"0"
6522,265,6,1428,"0"
6973,341,28,1424,"0"
14786,1474,7,1445,"0"
7760,224,3,1430,"0"
5643.8,322,28,1415,"0"
61505,732,2,1410,"0"
11185,212,1,1410,"0"
15996,1177,13,1297,"0"
14247,566,10,1435,"0"
3871,59,7,1431,"1"
13155,162,6,1431,"0"
5624,79,35,1430,"0"
3119,40,48,1429,"0"
30312.4,1143,16,1429,"0"
10537.2,448,1,1429,"0"
4814,243,41,1429,"0"
8375,110,21,1429,"0"
12946,388,0,1425,"0"
9755.2,186,14,1424,"0"
3030,275,30,1437,"1"
4125.2,237,10,1437,"0"
7442.4,400,7,1436,"0"
74123.45,3436,6,1436,"0"
3264,37,3,1435,"0"
28821,686,2,1435,"0"
25917,364,1,1435,"0"
1347,16,7,1431,"0"
7865.8,241,15,1429,"0"
4609.6,59,55,1428,"0"
6104,244,27,1427,"1"
4542.4,521,0,1427,"0"
2662.4,142,35,1417,"0"
102140,1278,2,1394,"0"
129720,1545,0,1394,"0"
4449,114,20,1393,"0"
6256,136,50,1393,"0"
47260.4,2219,1,1392,"0"
33880.84,674,2,1434,"0"
22050,1036,16,1431,"0"
11144,326,8,1429,"0"
3818,129,7,1428,"0"
6138,228,7,1427,"0"
9026,259,8,1414,"0"
17702.8,526,24,1414,"0"
4945.2,262,1,1431,"0"
2238,69,13,1402,"0"
18344.6,788,1,1399,"0"
2600,142,19,1435,"0"
1820,70,6,1435,"0"
16804.8,699,8,1430,"0"
5369,116,14,1430,"0"
631,32,41,1409,"1"
6446.6,303,30,1403,"0"
26875,301,7,1442,"0"
3754,138,9,1437,"0"
7584,102,8,1407,"0"
2728.8,206,0,1410,"0"
1785,27,7,1407,"0"
4400,422,34,1406,"0"
10827.2,868,6,1403,"0"
38601.2,1331,24,1407,"0"
14881.6,664,7,1406,"0"
4784.6,286,41,1406,"0"
18324.2,982,3,1404,"0"
3801,58,28,1403,"0"
3506.4,313,35,1403,"0"
84085.8,2854,10,1424,"0"
846,42,8,1424,"0"
26893.8,1133,10,1424,"0"
5340,64,42,1424,"0"
46563,4147,1,1421,"0"
8140.8,326,24,1427,"0"
10324.4,416,43,1425,"0"
53228.8,2112,2,1425,"0"
33001,394,3,1425,"0"
16105,187,6,1424,"0"
2032.4,142,38,1424,"0"
11416,519,22,1424,"0"
60877,2763,22,1424,"0"
2669.6,121,31,1424,"0"
14250,656,43,1423,"0"
5359.2,247,23,1423,"0"
9354,444,38,1422,"0"
6273,337,2,1424,"0"
14412.16,1557,2,1424,"0"
9473,663,8,1423,"0"
1930.8,118,1,1422,"0"
1260,27,51,1421,"0"
4648.6,565,30,1421,"0"
1022.2,102,27,1420,"0"
12620,290,7,1429,"0"
931.6,43,15,1428,"0"
4250,189,6,1424,"0"
8437,326,9,1414,"0"
2443,94,3,1407,"0"
31395.4,1489,3,1389,"0"
36459,548,3,1389,"0"
13370.8,633,0,1388,"0"
13273.8,588,1,1426,"0"
1104,15,20,1424,"0"
2257,38,29,1423,"0"
4063,47,29,1421,"0"
25764,1046,22,1413,"0"
31199.6,449,0,1413,"0"
1495,25,51,1409,"0"
18249.6,619,34,1407,"0"
5798.4,280,45,1407,"0"
1432,70,41,1407,"0"
3240,154,24,1407,"0"
13626,209,0,1427,"0"
4835.2,188,28,1399,"0"
4206.65,118,13,1416,"0"
10470,135,37,1291,"0"
4691,282,23,1410,"0"
16082,296,7,1409,"0"
4550,84,7,1409,"0"
5860,90,36,1415,"0"
37327,1313,2,1396,"0"
43771,1755,10,1431,"0"
11346.52,272,8,1430,"0"
13231.8,581,1,1387,"0"
6020,85,23,1414,"0"
6979,400,3,1413,"0"
48318.47,1099,6,1436,"0"
1871,108,49,1396,"0"
38490,486,42,1393,"1"
18497.77,373,0,1415,"0"
27084,354,1,1410,"0"
11516,350,45,1409,"0"
27294.7,531,9,1396,"0"
8200,231,2,1414,"0"
18658,844,56,3804,"0"
12635,156,30,3803,"0"
44270.4,3707,1,3803,"0"
28296.4,1683,10,3802,"0"
9764.4,362,24,3804,"0"
29407,1007,2,3803,"0"
1506,52,14,3803,"0"
18432.6,863,1,3803,"0"
4475.47,129,7,3801,"0"
7643,445,30,3802,"0"
19182.8,449,3,3801,"0"
71611.6,3899,2,3801,"0"
8885,437,29,3803,"0"
54870,652,10,3804,"0"
11295,150,23,3804,"0"
36060,1202,0,3803,"0"
11752,635,13,3779,"0"
2210,124,22,3803,"0"
38237.4,1565,1,1400,"0"
1785.6,166,55,1402,"0"
2413.2,229,34,1402,"0"
5384.8,221,24,1402,"0"
4130,146,45,1400,"0"
7873,382,111,1396,"0"
1380,57,59,1417,"0"
22771.2,309,14,1414,"0"
3856.6,290,34,1417,"1"
10730.21,517,9,1416,"0"
6865,96,1,1414,"0"
1960,109,16,1422,"1"
1410,80,3,1421,"0"
58772,1213,2,1418,"0"
2156,55,44,1406,"0"
2404,68,55,1406,"0"
10783,596,15,1420,"0"
2722,124,42,1415,"0"
2891,108,42,1431,"0"
11784.4,413,2,1425,"0"
6805,92,51,1423,"0"
5544.4,154,23,1423,"0"
7158,90,42,1423,"0"
8450,131,14,1421,"0"
3904,222,27,1417,"0"
2657.6,126,59,1406,"1"
80130.4,2950,2,1400,"0"
8012,441,6,1414,"0"
726,40,56,1380,"0"
12757,503,10,1380,"0"
16724,223,30,1379,"0"
21200,252,0,1368,"0"
14404,215,0,1410,"0"
66609.2,2174,1,1393,"0"
18828.44,547,9,1407,"0"
3300,47,9,1420,"0"
6815,339,21,1413,"0"
3242,121,7,1409,"0"
2908,82,37,1427,"0"
15995.38,365,7,1425,"0"
5882,167,21,1421,"0"
15796.6,473,2,1420,"0"
1412,70,23,1417,"0"
2877,38,42,1395,"0"
12152.26,885,7,1394,"0"
2678.8,231,28,1394,"0"
18158.4,1746,13,1389,"0"
496.8,25,38,1388,"1"
2329,82,3,1410,"0"
37832,1304,0,1409,"0"
3102.4,177,22,1410,"0"
24946.4,1179,7,1410,"0"
2102,98,43,1400,"0"
6841,260,55,1396,"0"
18069.6,520,3,1394,"0"
24435.4,780,8,1410,"0"
7553,128,20,1409,"0"
6241,133,51,1409,"0"
8834.57,240,8,1409,"0"
18849.45,350,13,1414,"0"
6760,147,6,1414,"0"
7910,117,57,1411,"0"
74147,998,1,1416,"0"
4621,262,37,1415,"0"
21035,256,24,1414,"0"
58127.8,767,2,1406,"0"
1923.6,180,21,1406,"0"
23760,350,1,1184,"0"
5285.6,242,0,1180,"0"
9184,465,2,1180,"0"
7679.8,238,24,1404,"0"
4294,210,15,1280,"0"
15572,259,20,1421,"0"
6030,351,38,1421,"0"
48871.3,1262,50,1417,"1"
28432,1363,30,1416,"0"
17513.8,345,9,1416,"0"
1666,32,27,1387,"0"
588,33,8,1387,"1"
3267,37,45,1366,"0"
18950,281,7,1365,"0"
11943,206,21,1365,"0"
2218,117,1,1417,"0"
12230,864,22,1417,"0"
20732,1218,20,1402,"0"
2563.6,131,8,1401,"0"
2030,83,29,1402,"0"
14655.4,288,41,1410,"0"
4678.2,239,13,1409,"0"
34215,531,8,1408,"0"
804,46,56,1406,"0"
9315.95,247,50,1409,"0"
7352.4,441,48,1408,"0"
10157.2,510,24,1406,"0"
3350,272,23,1403,"0"
123953.6,6882,6,1386,"0"
7285,417,24,1386,"0"
28181.8,975,30,1410,"0"
13808,600,22,1409,"0"
28384,1236,0,1409,"0"
8250,102,22,1407,"0"
76983.84,1200,1,1270,"0"
42747.4,653,7,1262,"0"
1396.4,62,3,1402,"0"
1552.8,76,50,1400,"1"
2250,116,49,1400,"0"
3700,370,3,1399,"0"
2200.2,111,3,1397,"0"
1904,102,21,1379,"0"
7019.88,153,27,1375,"0"
13144,362,2,1396,"0"
15320.4,653,44,1407,"0"
42537.2,1575,0,1406,"0"
35420,2095,3,3811,"0"
2881.2,282,13,3809,"0"
6941.4,180,55,3809,"0"
9484.4,422,20,3811,"0"
5012.05,100,59,3808,"0"
1742.66,7861,0,3809,"0"
2206,127,22,3802,"0"
21579,420,2,3801,"0"
7362.6,130,27,3800,"0"
120884.4,6832,1,3817,"0"
137984,7995,2,3817,"0"
16506.6,799,7,3809,"0"
6435,82,16,3811,"0"
18597,1314,7,3811,"0"
38002,969,6,1403,"0"
19267.42,563,3,1402,"0"
1013,47,15,1359,"0"
768,26,8,1357,"0"
812,68,48,1354,"0"
47641,820,3,1399,"0"
2528.7,289,9,1392,"0"
4801.2,264,15,1388,"0"
27080,1376,16,1386,"0"
7711.4,764,14,1386,"0"
12081.72,603,0,1386,"0"
4829,287,13,1386,"0"
2345,29,10,1407,"0"
1430.6,79,2,1414,"0"
137045.75,7081,2,1402,"0"
97512,3715,0,1402,"0"
12247.8,587,2,1400,"0"
8858,177,14,1399,"0"
22566,325,10,1396,"0"
4183,221,34,1396,"0"
14108.4,433,22,1395,"0"
4308.4,127,23,1403,"0"
3080,146,41,1400,"0"
1754.2,74,0,1400,"0"
3768,218,35,1399,"0"
41525.6,2258,6,1393,"0"
5416.4,146,24,1392,"0"
3680,49,3,1386,"0"
14260,182,1,1385,"0"
100187.88,6509,1,1382,"0"
9685,141,10,1399,"0"
2468.2,33,43,1396,"0"
8892.6,579,0,1387,"0"
7217,415,28,1409,"0"
18787.6,488,9,1408,"0"
1842,105,13,1408,"0"
33127.44,885,9,1407,"0"
5878,284,36,1406,"0"
12636.9,486,8,1406,"0"
43271.8,900,1,1406,"0"
7340.6,248,9,1402,"0"
16579.6,511,20,1400,"0"
5032.2,154,29,1400,"0"
2440,70,50,1400,"0"
1550.8,160,49,1408,"0"
2086.4,114,22,1407,"0"
2107.2,210,2,1403,"0"
32319.6,726,20,1402,"0"
2610,150,24,1402,"0"
10855,126,16,1401,"0"
9859.6,307,6,1400,"1"
8983.6,307,27,1400,"1"
4204.4,129,13,1400,"1"
10670.6,916,2,1399,"0"
8143.4,112,27,1395,"0"
34931.2,656,3,1393,"0"
23107.4,857,13,1393,"0"
30417,440,3,1407,"0"
4370,135,6,1399,"0"
24491,1091,10,1399,"0"
845,14,0,1397,"0"
3382,162,31,1395,"0"
3235,47,51,1404,"0"
19640.4,432,0,1400,"0"
4471.4,337,3,1397,"0"
3008.4,123,22,1382,"0"
24041.3,1456,2,1380,"0"
1040,50,43,1396,"0"
18956,794,7,1396,"0"
31755.2,915,16,1395,"0"
13497,202,9,1395,"0"
7370.6,353,0,1395,"0"
7923,119,10,1395,"0"
12518,547,13,1394,"0"
1733,99,8,1389,"0"
1548,56,56,1387,"0"
2810.8,46,29,1371,"0"
588,49,14,1392,"1"
21782.5,580,13,1389,"0"
2386.6,77,7,1380,"0"
10885,341,8,1387,"0"
7163.6,191,2,1380,"0"
4146,201,42,1380,"0"
14528.79,310,3,1360,"0"
12797.8,413,7,1393,"0"
4875,58,48,1396,"0"
5438,114,59,1396,"0"
1564,89,51,1395,"0"
52328,2855,1,1394,"0"
41296.8,1629,38,1394,"0"
9110,123,58,1393,"0"
1436,41,8,1393,"0"
5258,270,24,1392,"0"
1337,77,58,1385,"0"
8054.6,326,9,1382,"0"
6708.8,293,57,1382,"0"
3354.4,160,16,1395,"0"
9440,556,22,1390,"0"
19681.2,583,8,1390,"0"
28540.4,812,20,1380,"0"
8297.6,374,6,1379,"0"
6079,74,38,1379,"0"
2438.2,223,6,1354,"0"
5607.2,294,8,1353,"0"
3020.4,150,48,1352,"0"
15025,502,2,1352,"0"
59565.2,3255,2,1352,"0"
23477,633,7,1350,"0"
1962,86,28,1350,"0"
3440,117,36,1350,"0"
19767,902,21,1400,"0"
14990,791,1,1396,"0"
4590,60,22,1396,"0"
22246,1158,9,1394,"0"
3345.6,156,49,1393,"1"
918.6,52,2,1393,"0"
1794,96,56,1396,"0"
3988,310,34,1395,"0"
25955.6,350,15,1395,"0"
49412.95,1070,6,1394,"0"
12946.4,565,14,1392,"0"
41767.8,615,1,1386,"0"
37775.4,552,1,1386,"0"
3641.6,167,23,1382,"0"
16003.4,980,35,1389,"0"
6442.6,383,59,1388,"0"
92918.46,42650,1,1386,"0"
4218,242,7,1382,"0"
7808,97,44,1381,"0"
113069,2001,0,1381,"0"
47342.8,2231,7,1380,"0"
10444,772,0,1380,"0"
10630,126,3,1374,"0"
8411,158,0,1389,"0"
21748.2,483,2,1386,"0"
4360,145,35,1385,"0"
8578,311,9,1399,"0"
6672,279,1,1396,"0"
25154.6,1026,9,1396,"0"
26312.45,953,22,1394,"0"
11305,143,0,1379,"0"
4628,261,15,1379,"0"
12799.4,401,0,1373,"0"
41108.64,1221,9,1371,"0"
15568,819,30,1367,"0"
944,31,50,1389,"0"
49106.4,691,1,3824,"0"
5176,460,7,3824,"0"
8455,192,28,3816,"0"
1587.2,97,58,3824,"0"
5912.8,360,51,3824,"0"
8727,285,52,3817,"0"
7831.54,148,15,3808,"0"
1514,86,7,3809,"0"
31824,1796,6,3814,"0"
29664.4,1129,0,3818,"0"
90406,5379,3,3814,"0"
2498.4,73,6,3831,"0"
1685,17,44,3830,"0"
17607.4,698,13,3832,"0"
19715.4,953,3,3830,"0"
3455,45,57,3829,"0"
2354,100,0,3831,"0"
40010,846,6,3832,"0"
10592,379,30,3821,"0"
2979,142,31,3832,"0"
28094,591,21,3831,"0"
14048,742,6,3832,"0"
16231.8,874,2,3824,"0"
2580.2,147,23,3807,"0"
7099.4,255,45,3787,"0"
11068,855,6,3787,"0"
8641,309,28,3808,"0"
3815,44,45,3800,"0"
16666,917,10,3808,"1"
12630,146,9,3825,"0"
6660.2,348,21,3808,"0"
3998.8,176,51,3825,"0"
6700,189,2,3817,"0"
7743,416,20,3802,"0"
19221.2,1387,27,3816,"0"
1312,53,16,3838,"0"
1103,64,45,3836,"1"
4137,116,20,3836,"0"
6391.8,152,21,3839,"0"
549726.11,26123,2,3838,"0"
34616.4,990,8,3836,"0"
8748.4,422,7,3838,"0"
4966,57,10,3839,"0"
7606,521,52,3836,"0"
19526.6,658,1,3839,"0"
55241.6,1029,1,3837,"0"
2975.2,164,8,3838,"0"
16058.33,487,6,3839,"0"
9999,551,16,3828,"0"
176045.7,7812,6,3839,"0"
797,26,2,3838,"1"
2501.2,42,45,3837,"1"
55890,755,0,3829,"0"
44727,482,3,3836,"0"
29422,440,0,1385,"0"
4245,63,6,1381,"0"
54865,1205,1,1390,"0"
17194,1466,2,1389,"0"
4148.8,199,28,1388,"0"
4250,63,24,1388,"0"
21249.6,538,6,1389,"0"
14008,407,9,1388,"0"
14387,221,13,1387,"0"
10774.6,155,10,1386,"0"
15625,177,0,1382,"0"
5850.8,238,7,1369,"0"
2837.2,105,38,1368,"0"
12261.8,687,13,1382,"0"
23406.4,837,0,1382,"0"
13558.14,870,8,1379,"0"
13423.4,955,16,1378,"0"
3402.2,47,8,1376,"0"
7979.6,739,13,1373,"0"
79237.6,3564,1,1367,"0"
4354.8,245,45,1367,"0"
3450.6,342,3,1367,"0"
996,33,28,1366,"0"
24235,370,1,1366,"0"
69389,2087,1,1246,"0"
11480.6,531,28,1239,"0"
7717.6,351,22,1232,"0"
14807,1081,37,1386,"0"
4164,123,0,1382,"0"
48234.8,2199,23,1386,"0"
35094.49,1198,0,1386,"0"
17500.6,623,1,1385,"0"
10401.2,153,15,1385,"0"
3690,158,15,1382,"0"
22825.6,687,2,1365,"0"
2881.2,163,3,1379,"0"
5032,139,22,1375,"0"
6278,196,1,1343,"0"
19848.8,872,20,1339,"0"
1750.8,60,31,1393,"0"
2507.4,87,50,1392,"0"
19785,252,29,1387,"0"
4354,160,23,1387,"0"
13077,189,9,1387,"0"
3942,77,48,1388,"0"
11514.8,410,2,1385,"0"
16070,790,13,1385,"0"
10988,580,1,1385,"0"
20419,1149,10,1365,"0"
25333,1429,35,1381,"0"
46660,2458,2,1380,"0"
1512,25,27,1379,"0"
2908,166,22,1378,"0"
96524.53,2098,3,1382,"0"
8385,110,23,1381,"0"
7045,405,0,1380,"0"
28679,502,8,1378,"0"
25523.13,1123,2,1378,"0"
2115.2,110,28,1373,"0"
15837,201,6,1372,"0"
20326.6,1053,13,1365,"0"
3404,90,1,1393,"0"
1404,57,36,1393,"0"
25880.8,5537,1,1388,"0"
8570,179,51,1387,"0"
3208,195,38,1387,"0"
1130,15,37,1375,"0"
4345,57,44,1374,"1"
11718.8,380,14,1389,"0"
4869,264,13,1389,"0"
24664,704,2,1387,"0"
13284,400,10,1386,"0"
9363,217,3,1382,"0"
25377.2,818,8,1380,"0"
21552,995,16,1360,"0"
22774.8,325,2,1143,"0"
17274,845,2,1360,"0"
7731,215,30,1360,"0"
18950.85,397,13,1368,"0"
26059.5,869,14,1381,"0"
18860,216,7,1374,"0"
23030,724,8,1373,"0"
9102.4,299,21,1372,"0"
10903.74,216,0,1339,"0"
20633.52,529,34,1338,"0"
4098,233,7,1379,"0"
32484,1969,0,1374,"0"
4601,251,16,1373,"0"
2242,88,9,1373,"0"
2131,32,0,1373,"0"
2310,52,57,1372,"0"
23923.2,605,7,1371,"0"
1805,21,1,1369,"0"
1661.6,176,1,1374,"0"
1342,38,38,1372,"0"
2747.6,151,1,1371,"0"
17706.37,527,1,1367,"0"
3045.2,125,23,1376,"0"
520,30,57,1375,"0"
6902,93,50,1329,"0"
1922,110,44,1326,"0"
34382,1442,36,1375,"0"
37362.2,1699,1,1374,"0"
3190,192,7,1373,"0"
13722,227,28,1385,"1"
10880,132,58,1381,"0"
14825.8,365,13,1381,"0"
1049,26,22,1381,"0"
15765.8,210,29,1381,"0"
14150,185,0,1381,"0"
28524.4,554,2,1379,"0"
1568,77,23,1361,"0"
13320,214,9,1357,"0"
3026,173,29,1379,"0"
6281,169,22,1360,"0"
23648.2,729,3,1358,"0"
3170,63,2,1358,"0"
1455,27,35,1358,"0"
3500,49,14,1358,"0"
49062,714,6,1354,"0"
24284.6,375,9,1354,"0"
5870,81,59,1353,"0"
10,7,22,1351,"0"
38690,2241,0,1371,"0"
2754,163,52,1358,"0"
13307,322,59,1354,"0"
4471.6,459,14,1353,"0"
3030.2,125,21,1353,"0"
1456,27,44,1387,"0"
2402,137,13,1386,"0"
20771.8,583,16,1385,"0"
275,5,2,1381,"0"
5536.4,163,1,1381,"0"
5086,170,43,1380,"0"
10683.72,244,10,1371,"0"
57077.8,2497,1,1371,"0"
1870,86,0,1352,"0"
13211,156,13,1347,"0"
12665,687,0,1336,"0"
86126.8,3319,3,1333,"0"
22723.31,666,0,1367,"0"
4370,225,1,1373,"0"
6094,211,51,1368,"0"
3084,148,35,1365,"0"
8457.4,316,0,1350,"0"
14486.2,367,15,1347,"0"
17150,981,52,1347,"0"
4685.8,228,23,1339,"0"
66920,2021,0,1337,"0"
1550,74,16,1337,"1"
34550.8,1007,3,1337,"0"
17097.2,636,0,1333,"0"
3975.45,96,21,1333,"0"
72382,2717,0,1331,"0"
32765.2,626,1,1130,"0"
20669,794,0,1357,"0"
2886,73,30,1353,"0"
20178.2,667,1,1353,"0"
1828.8,51,43,1351,"0"
6291,143,2,1347,"0"
1220,70,27,1361,"0"
5324,127,27,1360,"0"
9840,111,2,1224,"0"
12977.4,258,0,1219,"0"
4093,250,15,1331,"0"
1907.8,48,35,1330,"0"
55287.6,2846,6,1325,"0"
14041,296,1,1312,"0"
6309,272,7,1371,"0"
50637.47,1248,1,1368,"0"
5891,184,37,1366,"0"
11365,323,2,1365,"0"
7718.8,402,7,1364,"0"
5220,69,56,1364,"0"
6803.2,337,13,1359,"0"
36073.64,649,1,1359,"0"
9087,247,44,1359,"0"
57683.43,1503,3,1359,"0"
6914.2,294,2,1358,"0"
17339.4,590,2,1371,"0"
22511.8,646,7,1366,"0"
22937,357,45,1366,"0"
9798,555,14,1366,"0"
11785.4,163,7,1365,"0"
7145,82,0,1365,"0"
540909.4,18442,0,1362,"0"
5228.45,91,21,1361,"1"
1416,59,48,1361,"0"
3883,176,31,1359,"0"
11005.2,560,7,1359,"0"
2320,90,57,1358,"0"
2348,90,22,1358,"0"
3137.2,174,9,1357,"0"
37715.4,640,7,1357,"0"
13218,260,16,1354,"0"
18780.4,1416,8,1350,"0"
15388,242,0,1350,"0"
12873.8,864,14,1344,"0"
1548,72,43,1325,"0"
28856.6,1128,9,1323,"0"
40012,1311,0,1322,"0"
871.8,13,23,1318,"0"
12088,498,1,1317,"0"
32470,575,0,1316,"0"
795,15,7,1312,"0"
2388,114,29,1373,"0"
3942,76,15,1373,"0"
7398,99,43,1368,"0"
6158.4,86,3,1368,"0"
16806,268,15,1368,"0"
6614.8,267,9,1366,"0"
4226,241,14,1364,"0"
11411,214,28,1361,"0"
8253.15,393,14,1352,"0"
1945,36,8,1344,"0"
177058.8,2779,3,1364,"0"
23142.2,648,2,1368,"0"
3950,53,1,1361,"0"
12813,466,8,1361,"0"
6507,213,10,1357,"0"
26836.2,2095,0,1357,"0"
7112,80,30,1351,"0"
35620,1515,56,1351,"0"
38527.1,1172,2,1347,"0"
20665,240,10,1346,"0"
25894,868,7,1343,"0"
2980,170,37,1368,"0"
12080.8,433,7,1367,"0"
6388,108,3,1366,"0"
10872,153,15,1362,"0"
2376,106,1,1358,"1"
3000,125,0,1357,"0"
23795.35,500,2,1352,"0"
6327.6,316,0,1351,"0"
3776.4,157,28,1342,"0"
5418,300,36,1337,"0"
10239,459,38,1367,"0"
3609,122,41,1365,"0"
3910,111,13,1365,"0"
7195,88,15,1364,"0"
2255,106,45,1361,"0"
2411.8,144,55,1360,"0"
2547.8,127,44,1359,"0"
5666,182,34,1359,"0"
1586.4,74,50,1358,"0"
8169.2,349,9,1358,"0"
22325.3,933,6,1357,"0"
6778.8,111,20,1354,"0"
13850,178,1,1352,"0"
7512.8,409,22,1350,"0"
4050,70,28,1344,"1"
3975,50,0,1341,"0"
67106,1792,0,1338,"0"
74213,4636,0,1332,"0"
81674.4,5873,0,1332,"0"
10683.4,172,7,1332,"0"
7740,89,0,1368,"0"
2885,31,3,1367,"0"
3624.4,88,6,1364,"0"
3083.6,132,14,1364,"0"
12240.8,427,8,1364,"0"
1970,29,13,1358,"0"
49759,812,0,1357,"0"
4175,238,14,1310,"0"
4761.2,205,3,1341,"0"
44543.82,2339,3,1337,"0"
8490.4,650,23,1333,"0"
2791.2,139,28,1332,"0"
5893,262,42,1350,"0"
5600.8,483,3,1353,"0"
576,52,45,1352,"1"
1723.6,186,35,1351,"0"
3975.24,340,6,1350,"0"
10162,473,7,1347,"0"
11237,403,2,1311,"0"
31308,459,2,1310,"0"
6962.6,164,28,1309,"0"
32895,431,7,1309,"0"
13014,741,1,1303,"0"
2320,90,52,1353,"0"
4130,60,2,1351,"0"
7858,169,21,1355,"0"
3390,202,49,1354,"1"
7270,259,8,1354,"0"
3998,195,57,1354,"0"
118997,1517,1,1354,"0"
1400,67,16,1353,"0"
12872,632,6,1353,"0"
6830,92,9,1352,"0"
12295,296,8,1352,"0"
38015.4,1703,6,1351,"0"
4830,81,10,1357,"0"
10321,422,2,1354,"0"
2580,36,22,1353,"0"
13195,158,13,1353,"0"
62160,2105,0,1352,"0"
1448,17,31,1351,"0"
4246,175,42,1350,"0"
8570,242,10,1358,"0"
12065.4,158,20,1358,"0"
23289,384,9,1357,"0"
7566,162,9,1357,"0"
1914,30,0,1339,"0"
11372,650,0,1333,"0"
68056.2,2177,6,1333,"0"
54074,1549,6,1332,"0"
10034,478,9,1332,"0"
32454,699,3,1313,"0"
1254,36,52,1353,"1"
17488.6,286,43,1350,"0"
1976.24,101,52,1366,"0"
2352.4,119,59,1366,"0"
5528,309,24,1366,"0"
4570,189,3,1365,"0"
31566.88,1221,22,1365,"0"
45541.6,3030,3,1364,"0"
8692.8,387,7,1362,"0"
3462,108,16,1347,"0"
9730.95,232,3,1344,"0"
8354.4,429,23,1343,"0"
7016.8,331,52,1343,"0"
3393.2,140,0,1343,"0"
2385,37,55,1304,"0"
2160,90,22,1350,"0"
11816.6,300,1,1347,"0"
8726.39,281,1,1347,"0"
1785,102,21,1345,"0"
6682,368,9,1344,"0"
3871.6,58,37,1215,"0"
9855,134,8,1215,"0"
11303,180,8,1214,"0"
273901.6,9450,6,1339,"0"
27442.8,772,0,1096,"0"
8435,107,9,1322,"0"
22506,1450,0,1353,"0"
9438,227,3,1345,"0"
195276,6223,1,1340,"0"
4681,58,27,1354,"0"
3129.8,118,7,1354,"0"
14514.4,638,1,1353,"0"
16042.6,226,22,1351,"0"
13123971,653649,0,1351,"0"
18223,1012,0,1333,"0"
1603,20,35,1330,"0"
19547.45,378,8,1332,"0"
57989.6,2379,1,1331,"0"
14893,896,16,1330,"1"
3059.4,44,28,1347,"0"
13255,156,8,1347,"0"
44174,4656,43,1346,"0"
10210,132,0,1343,"0"
2745.4,294,23,1343,"0"
19723.6,1423,7,1342,"0"
4676.4,225,3,1339,"0"
4824,243,58,1338,"0"
30278,1616,6,1346,"0"
4490.4,157,48,1346,"0"
1382.8,75,43,1339,"0"
2456,150,22,1339,"0"
5508,122,50,1347,"0"
91502,2465,3,1347,"0"
35349.12,1982,3,1323,"0"
4869.8,208,29,1323,"0"
4772.4,248,21,1338,"0"
9249,120,6,1333,"0"
13964,518,10,1360,"0"
30078.8,869,0,1359,"0"
-80,1,31,1358,"1"
1834,46,56,1354,"1"
782,25,49,1352,"0"
1532,84,43,1352,"0"
7686,215,16,1352,"0"
13330.3,467,1,1326,"0"
46404,1934,3,1332,"0"
18675,776,14,1332,"0"
1200,28,58,1331,"0"
4335,137,24,1331,"0"
3236,152,1,1331,"0"
5005,58,22,1330,"0"
8740,276,13,1339,"0"
4447.4,159,55,1337,"0"
13121.9,298,16,1337,"0"
52637,1438,29,1342,"0"
2297,132,23,1344,"0"
8154.2,398,3,1343,"0"
2048,116,3,1340,"0"
18056,252,0,1339,"0"
32216.5,842,1,1336,"0"
54566,2480,2,1301,"0"
19279,439,2,1299,"0"
15115,169,1,1298,"0"
3132,268,27,1339,"0"
2331,106,0,1338,"0"
10168,587,2,1345,"0"
8412.8,536,13,1344,"0"
6800.8,411,48,1344,"0"
23069.8,788,34,1340,"1"
1817,52,41,1325,"0"
3329,40,22,1322,"0"
5965,80,48,1347,"0"
2875,35,52,1324,"0"
13495.2,898,8,1340,"0"
10920,358,31,1338,"0"
13817.2,180,0,1338,"0"
21321.6,665,36,1338,"0"
13397,595,2,1317,"0"
48316.6,2388,3,1312,"0"
5275,129,20,1347,"0"
2594,68,15,1346,"0"
15279,881,13,1326,"0"
12281.4,563,20,1324,"0"
6197,96,36,1320,"0"
1352,41,43,1319,"1"
7572.4,286,8,1318,"0"
15571.4,268,7,1303,"0"
7004,239,49,1337,"0"
15070.03,585,2,1325,"0"
11192.56,264,7,1324,"0"
6501,97,38,1319,"0"
12695,170,21,1316,"0"
19175,282,1,1312,"0"
16365.6,1429,3,1310,"0"
49825.36,639,2,1310,"0"
158051.1,7982,6,1332,"0"
15452,530,13,1332,"0"
8349.2,188,22,1331,"0"
27452.2,1431,1,1330,"0"
12609,164,21,1330,"0"
12650.8,944,0,1309,"0"
1437,23,27,1309,"0"
6003,380,3,1308,"0"
6892.4,315,37,1318,"0"
7868,163,20,1285,"0"
61343,1551,3,1281,"0"
3060,90,44,1338,"0"
9160,260,0,1332,"0"
3374,92,14,1330,"0"
51710,1480,0,1329,"0"
1593.2,90,13,1327,"0"
3948,227,37,1341,"0"
31784.8,1676,7,1341,"0"
6518,186,6,1341,"0"
60025,1771,21,1339,"0"
2095,27,15,1338,"0"
24673.4,870,14,1337,"0"
13254.01,305,0,1333,"0"
1050,35,1,1331,"0"
1892,109,43,1331,"1"
23120,1076,2,1329,"0"
3120,49,14,1295,"0"
9277.8,343,16,1288,"0"
81471.05,3589,1,1329,"0"
8689.4,424,45,1326,"0"
7567,304,1,1326,"0"
8190,273,14,1325,"0"
10381.6,576,16,1329,"0"
56376.8,2041,3,1322,"0"
9451.2,993,8,1322,"0"
5055.6,236,23,1322,"0"
100094.55,4601,0,1316,"0"
3650,185,13,1312,"0"
24273.2,2058,0,1317,"0"
3138,150,7,1312,"0"
5206,197,28,1312,"0"
17715.4,1648,1,1333,"0"
16494,1406,9,1332,"0"
9398.4,414,9,1332,"0"
3083,128,35,1332,"0"
4341.6,158,59,1330,"0"
8152,110,48,1338,"0"
10060.2,374,1,1338,"0"
7992,120,29,1333,"0"
49650,690,6,1333,"0"
102530,2945,7,1332,"0"
12216,541,10,793,"0"
17658.6,676,0,794,"0"
2485,32,16,794,"0"
68875,2241,6,794,"0"
8429.2,405,29,794,"0"
2234,47,30,794,"0"
10840,136,15,794,"0"
3661.4,241,13,793,"0"
36390,502,0,790,"0"
2469.8,109,48,790,"0"
20795.8,817,0,790,"0"
33429,507,1,790,"0"
21338,1000,0,787,"0"
11157.8,627,14,791,"0"
3866.98,1522,14,794,"0"
18228.8,2358,13,794,"0"
7420,742,30,794,"0"
4892,245,41,794,"1"
23048,1107,7,793,"0"
23520,1346,10,792,"0"
3852.2,196,43,792,"0"
3580,170,14,791,"0"
29979.71,637,2,791,"0"
56190,730,1,786,"0"
6505,81,35,787,"0"
22338.8,904,2,785,"0"
4093.2,212,37,785,"0"
13620,595,2,780,"0"
14237.4,432,15,780,"0"
47151.9,2544,5,779,"0"
15156.4,817,8,779,"1"
15859.8,848,0,786,"0"
32882.8,2418,2,786,"0"
18080,795,6,786,"0"
3141.6,54,7,786,"0"
5790,78,42,785,"0"
13808.8,630,10,784,"0"
6357.2,365,37,784,"0"
20766.8,583,6,784,"0"
5705.6,289,10,788,"0"
52400.4,2534,3,788,"0"
16805.8,303,0,786,"0"
9518.4,346,24,785,"0"
4084,62,10,784,"0"
37757.4,1607,12,779,"0"
7807,117,9,786,"0"
12395,163,15,787,"0"
5710,162,16,788,"0"
3209,49,8,787,"0"
2855,31,51,785,"0"
17230.8,244,1,784,"0"
5341.6,579,23,787,"0"
6132,598,7,787,"0"
2204.4,118,51,785,"0"
4846,142,10,784,"0"
3981.6,127,7,783,"0"
4864.4,267,55,786,"0"
1292,48,10,786,"0"
5062,239,23,786,"0"
5745,70,36,786,"0"
598,18,41,780,"0"
6868.8,279,1,780,"0"
14980,209,8,780,"0"
31222.25,692,1,786,"0"
26250,296,30,786,"0"
44717,1050,1,785,"0"
3111,178,3,784,"0"
21976.8,431,13,784,"0"
11365.2,499,34,779,"0"
2673,153,41,779,"0"
10125,127,51,787,"0"
3849.2,121,30,787,"0"
8866.6,310,1,787,"0"
7966,231,13,786,"0"
8904,386,21,785,"0"
3482,199,8,787,"0"
9411.2,108,1,787,"0"
6022.4,289,35,787,"0"
2580,40,23,784,"0"
1942,98,22,783,"1"
26090.4,972,6,783,"0"
3277.2,190,16,779,"0"
18285.6,923,2,779,"0"
34568,2391,0,779,"0"
3570.4,124,1,788,"0"
4857.4,190,35,787,"0"
2452,132,56,787,"0"
1286,38,54,786,"1"
31230.2,2544,0,785,"0"
5999.8,77,14,785,"0"
9929,408,37,785,"0"
1162.6,62,16,787,"0"
4872.2,110,0,786,"0"
6819,388,3,787,"0"
2464,207,44,787,"0"
19635.6,967,37,787,"0"
4788,272,29,786,"0"
3218,136,2,784,"0"
11963,157,14,784,"0"
4062.2,161,29,787,"0"
34659,1990,6,787,"0"
22232,1190,8,787,"0"
2340,36,6,787,"0"
5366,91,1,786,"0"
1394,62,22,786,"1"
4822.8,223,30,785,"0"
6998,499,10,785,"0"
23063,910,9,785,"0"
10917.2,147,3,785,"0"
2355,31,0,785,"0"
4224,169,24,784,"1"
1158,26,56,787,"0"
10723,146,0,783,"0"
10410,126,14,784,"0"
9811.6,491,6,781,"0"
3692.8,133,29,780,"0"
6460,90,42,786,"0"
337.8,16,21,785,"0"
4014,206,37,784,"1"
12307,499,2,784,"0"
40264,1165,3,780,"0"
2760.4,40,31,779,"0"
738,21,28,779,"1"
4684.4,51,51,785,"0"
24755,298,15,780,"0"
8217.2,236,6,781,"0"
10477.6,318,13,781,"0"
1040,30,58,781,"0"
777,21,23,781,"0"
9256,312,15,780,"0"
7286,303,0,780,"0"
7725,102,1,780,"0"
435,10,28,780,"0"
8778.4,433,31,779,"0"
1942.6,127,57,779,"0"
1726.4,60,16,778,"0"
6863.2,331,0,778,"0"
29718.8,1322,0,777,"0"
21271.4,1011,1,777,"0"
17121.2,480,9,780,"0"
8808,402,31,780,"0"
1192.8,125,35,780,"0"
16263.4,289,13,779,"1"
3352.8,91,52,779,"1"
5916,141,31,780,"0"
26812.6,1390,1,779,"0"
23654.8,509,2,779,"0"
11102.4,404,23,780,"0"
31863.8,1188,0,778,"0"
12374,178,3,776,"0"
1572,108,9,780,"0"
56616.6,2669,0,779,"0"
15215,221,29,777,"0"
3090.6,73,0,776,"0"
3355,44,13,771,"1"
1400,81,59,780,"0"
7501.2,363,8,778,"0"
9200,115,10,778,"0"
4532,131,10,776,"0"
7897,202,2,773,"0"
6102,82,0,772,"0"
3194,180,2,772,"0"
9037,178,21,778,"0"
16594.4,202,2,773,"0"
21702.55,625,21,765,"0"
4860.6,526,20,776,"0"
97672.62,7562,1,776,"0"
6923.6,351,10,776,"0"
7280,86,22,773,"0"
3440,58,49,773,"0"
4085.2,313,6,773,"0"
6351.6,228,24,772,"0"
4311.2,234,10,771,"0"
6281.2,670,1,771,"0"
6602.7,638,6,770,"0"
10719.2,666,28,770,"0"
29914.6,1318,3,769,"0"
11345,172,2,764,"0"
53753,2056,2,764,"0"
25396.6,336,0,763,"0"
67367,3397,2,763,"0"
2644.8,136,31,762,"0"
6833.4,361,7,759,"0"
16509.4,282,3,758,"0"
4920,69,14,758,"0"
7630.8,830,1,757,"0"
15460,187,8,756,"0"
1978,100,29,778,"0"
1673.8,54,35,777,"1"
1848,95,7,777,"0"
1434,41,16,777,"0"
1222,104,51,776,"1"
6438.6,117,0,776,"0"
2923.2,133,31,776,"0"
11273.2,375,27,773,"0"
3157,66,0,773,"0"
5884,146,27,779,"0"
18609.6,630,3,777,"0"
12721,174,12,777,"0"
4604,62,9,777,"0"
3710,53,0,776,"0"
10622.4,131,8,773,"0"
81086,1345,0,773,"0"
24088.6,712,3,773,"0"
9730,303,9,769,"0"
4494.4,243,41,769,"0"
9993,272,8,777,"0"
28841.8,1703,6,776,"0"
19738,262,3,763,"0"
9775,120,14,759,"0"
15477,303,10,776,"0"
4099,229,30,776,"0"
4838.8,183,22,773,"0"
9490,322,48,770,"0"
7080,91,56,769,"0"
15305.2,414,10,773,"0"
7555,115,1,772,"0"
19053.8,872,9,770,"0"
3107.6,179,7,770,"0"
15345,196,7,772,"0"
1404,78,21,774,"0"
5480,72,22,771,"0"
228,8,55,773,"0"
8702,171,14,773,"0"
9998.6,184,9,772,"0"
3500,113,1,772,"0"
3437.6,97,13,771,"0"
9372.2,258,14,770,"0"
28600.7,775,12,770,"0"
3674.4,121,55,769,"0"
4424,65,49,772,"0"
22903.4,398,2,755,"0"
126259.4,2645,2,752,"0"
3040,82,23,752,"1"
3919.3,227,6,751,"0"
6327,305,2,749,"0"
2454,152,3,749,"0"
66947.2,2884,1,744,"0"
36932.2,3989,8,741,"0"
3221,161,2,771,"0"
14287.4,639,7,771,"0"
6174.4,258,15,771,"0"
2158,87,22,763,"0"
18648,1410,2,763,"0"
1116,58,10,763,"1"
4028,165,0,758,"0"
11248,166,3,769,"0"
3510,104,14,763,"0"
45586,2298,22,762,"0"
4727.4,144,24,766,"0"
11001,301,14,764,"0"
9190,237,7,763,"0"
41434,991,9,770,"0"
5936.4,328,23,766,"0"
200045.2,5796,1,764,"0"
21657.4,387,0,757,"0"
3712.8,116,51,757,"0"
7474,280,1,756,"0"
7194,116,7,772,"0"
6845.4,385,34,770,"0"
33375.6,736,6,770,"0"
13645.8,523,6,764,"0"
22528.4,449,10,764,"0"
5266.6,114,22,763,"0"
1755,94,2,763,"0"
29449.4,1043,1,762,"0"
9678,107,52,762,"0"
72986.8,1215,6,772,"0"
44160.8,2035,0,771,"0"
16554,812,8,771,"0"
30959.6,1388,0,756,"0"
9686.8,456,24,755,"0"
1808,62,15,773,"1"
1885,28,20,772,"0"
4370.4,206,0,771,"0"
50142,1955,2,771,"0"
18336.62,380,3,771,"0"
4860.8,150,0,771,"0"
898,34,27,771,"1"
66680,2448,3,771,"0"
1139,66,9,770,"0"
28771,439,3,766,"0"
5476,72,41,766,"0"
10928.8,462,10,766,"0"
2590.8,145,57,770,"0"
9982.2,142,7,769,"0"
250690.7,9926,2,769,"0"
16030,168,1,765,"0"
14235,191,8,763,"0"
9078.8,344,38,763,"0"
18223,246,56,763,"1"
6025,71,27,763,"0"
7548,214,10,763,"0"
6270.6,242,27,763,"0"
13502.4,285,2,762,"0"
5494.8,318,37,762,"0"
1174,57,28,759,"1"
3884,99,49,758,"0"
13314,221,1,766,"0"
10040.6,294,2,766,"0"
19065.42,411,2,766,"0"
2901,43,8,771,"0"
18425,750,0,771,"0"
4632,132,6,769,"0"
2307.6,66,48,766,"0"
21510.43,470,1,771,"0"
2259,130,22,770,"0"
25112.4,1193,0,769,"0"
12080.8,681,14,765,"0"
5329,73,51,773,"0"
2647,47,34,772,"0"
2935,36,37,772,"0"
11022,636,49,766,"0"
3952,75,28,772,"0"
5538,262,2,771,"0"
10907.8,523,8,770,"0"
15704,497,6,769,"0"
9065,112,13,766,"0"
4125,50,15,763,"0"
6035,92,21,762,"0"
35915,431,15,762,"0"
2460,40,28,758,"0"
24022.8,711,0,757,"0"
21136,392,24,756,"0"
1855,31,42,755,"0"
1440,18,37,751,"0"
11751,476,24,771,"0"
46087,664,1,766,"0"
13700,661,51,769,"0"
2758,104,3,767,"0"
5533,77,9,766,"0"
10668,416,27,766,"0"
7010,521,6,766,"0"
14746,734,10,766,"0"
7985.2,433,6,759,"0"
6742.7,328,20,758,"0"
2754.8,231,51,757,"0"
2540.4,214,10,738,"0"
5213,377,1,737,"0"
1106,49,55,734,"0"
4705,102,31,734,"0"
1650,22,20,731,"0"
8750.8,285,8,766,"0"
5302,244,14,758,"0"
2321.6,67,14,764,"0"
2991,93,41,762,"0"
13478,185,10,759,"0"
6545,86,51,758,"0"
32876,998,6,756,"0"
2300,80,0,756,"0"
5529,375,14,752,"0"
7461,249,0,766,"0"
16753.8,615,6,765,"0"
6110.4,174,23,765,"0"
4485.2,113,15,765,"0"
7800,90,35,764,"0"
5112.6,184,28,763,"0"
6123,69,49,763,"0"
10387.4,184,36,761,"0"
11518,330,8,759,"0"
22200.2,540,20,757,"0"
1244.8,30,52,757,"0"
6145.53,129,22,757,"0"
17010,224,23,756,"0"
14748,826,9,750,"0"
3602.4,104,7,756,"0"
14596.2,675,9,756,"0"
5580,72,22,755,"1"
16607.8,1483,10,755,"0"
7742.2,101,27,752,"1"
7070.2,616,50,751,"1"
6501.4,341,7,750,"0"
18355.2,929,6,750,"0"
33512.8,1618,1,750,"0"
19926.6,801,9,752,"0"
17360.8,770,3,762,"0"
31795.2,932,2,756,"0"
23339.6,712,29,756,"0"
5567,252,30,752,"0"
3993.2,172,23,749,"0"
982,36,2,749,"0"
20142,605,14,765,"0"
4955,260,3,765,"0"
5725,103,41,765,"0"
6047.8,90,0,765,"0"
4434,157,0,765,"0"
14126.6,659,2,764,"0"
36089,652,6,764,"0"
1733.2,50,20,764,"0"
5905.2,92,16,763,"0"
7414,397,23,761,"0"
14825,637,20,759,"0"
33251,1238,0,759,"0"
18368,991,1,758,"0"
14520,212,14,757,"0"
28309,340,1,756,"0"
1984,70,1,755,"1"
42872,1957,13,752,"0"
12577.8,378,6,757,"0"
6310,87,1,748,"0"
26488,1329,29,744,"0"
20494.4,700,49,736,"0"
14372.6,163,1,736,"0"
536,24,10,766,"0"
10867.2,341,8,766,"0"
14336,728,8,766,"0"
4274.4,227,22,762,"0"
13726.6,386,8,762,"0"
34251.2,7098,1,762,"0"
6725,95,1,762,"0"
876,45,36,762,"0"
4691,80,27,762,"0"
14555.39,363,3,759,"0"
3133.6,169,14,758,"0"
3060,34,6,758,"0"
6040,250,42,758,"0"
715,32,7,757,"0"
7175,235,21,757,"0"
4907.6,101,44,757,"0"
114550.4,1694,0,762,"0"
5520,291,0,756,"0"
2401,140,9,755,"0"
3837.6,128,58,763,"0"
41512,3676,1,762,"0"
47658.4,4472,1,759,"0"
84243.8,2742,8,758,"0"
6938.8,301,16,758,"0"
9089.6,491,43,758,"0"
45225,1473,0,751,"0"
19875,256,9,750,"0"
4950,57,6,748,"0"
1811,80,37,748,"0"
9957,575,7,742,"0"
4870,140,3,765,"0"
48715.83,880,8,764,"0"
2498,70,29,757,"0"
7657,240,6,762,"0"
11292.4,466,31,762,"0"
4280,102,8,762,"0"
59315,805,3,759,"0"
49855,735,9,759,"0"
36395,410,1,756,"0"
5015,63,28,762,"0"
2970,39,6,761,"0"
2840.4,151,43,759,"0"
726,35,29,756,"0"
1346,17,0,751,"0"
49374.8,1684,6,750,"0"
40394,1326,2,765,"0"
95612,2855,0,764,"0"
8560.8,234,29,763,"0"
25432,607,0,759,"0"
4741,224,28,759,"0"
23697.6,953,6,758,"0"
12007,212,35,757,"0"
8540.8,388,0,756,"0"
2736.6,156,6,756,"0"
28713.4,1432,6,756,"0"
26075,322,7,752,"0"
4316,248,30,752,"0"
4471.4,116,16,762,"0"
7601,266,2,757,"0"
13756.6,391,22,764,"0"
48633,1321,0,764,"0"
22996.4,722,0,763,"0"
24500.25,690,9,763,"0"
6583.2,297,42,758,"0"
76179.2,2341,7,757,"0"
4640.2,63,10,756,"0"
22208,233,6,755,"0"
19193,258,24,755,"0"
6767,389,22,755,"0"
3610,44,49,752,"0"
17058.6,804,3,751,"0"
3149.2,170,2,751,"0"
876.4,43,22,751,"0"
2615,31,0,759,"0"
20930,276,15,743,"0"
22955,256,7,741,"0"
3048,175,9,739,"0"
14494.6,497,6,750,"0"
3356,91,56,743,"0"
2795,78,22,742,"0"
11441.2,472,29,728,"0"
34903.16,1905,1,727,"0"
58941.26,3867,1,727,"0"
15017.8,883,15,724,"0"
2420.8,97,38,724,"0"
5890,76,27,723,"0"
32204.8,1109,6,723,"0"
3270,54,9,752,"0"
4437,102,20,752,"0"
2868,82,8,752,"0"
10375.36,216,13,749,"0"
7467.6,206,6,749,"0"
986.66,22,48,748,"1"
4265,60,22,748,"0"
370.8,14,10,748,"0"
19289.4,1441,1,748,"0"
25458.2,1644,1,748,"0"
3395,53,36,759,"0"
6551,249,21,757,"0"
5571.6,251,21,752,"0"
15328,970,0,749,"0"
3000,100,22,749,"0"
12727,542,0,742,"0"
1820,63,42,744,"0"
3268,168,31,741,"0"
8778.8,254,16,755,"0"
3112,150,30,751,"0"
10652,308,0,748,"0"
3510,58,1,749,"0"
4610,53,15,744,"1"
785.2,83,38,744,"0"
6866,198,1,744,"1"
15535,191,8,742,"0"
9623.2,354,20,741,"0"
3492,106,45,741,"0"
6842,238,42,741,"0"
15516,348,9,743,"0"
2344.6,122,5,742,"0"
16033,681,31,741,"0"
72156,4183,6,738,"0"
16494.8,337,0,742,"0"
2922.8,38,57,752,"1"
9246.4,113,15,752,"0"
7078,237,27,752,"0"
2114,71,15,751,"0"
4793.8,111,3,751,"0"
2175.6,94,14,751,"0"
27380.8,1067,3,750,"0"
8338.6,254,8,756,"0"
5390,72,29,755,"0"
5058,286,50,752,"0"
4318,248,6,750,"0"
11370,418,9,752,"0"
11046.8,416,8,752,"0"
475,5,7,752,"1"
5928,285,16,751,"0"
3932.8,204,2,749,"0"
490,9,50,749,"0"
4256,163,7,748,"0"
15200,279,22,751,"0"
6190,85,7,749,"0"
6232,83,21,748,"0"
41442.8,539,8,744,"0"
10669.86,692,10,744,"0"
11032.8,439,3,744,"0"
12680,178,28,755,"0"
10607,399,2,752,"0"
17094,800,16,752,"0"
12656.2,577,13,751,"0"
12120,405,21,750,"0"
12960,169,22,752,"0"
3551.2,55,22,749,"0"
10650.04,154,6,744,"0"
40147.76,1499,2,744,"0"
33767.6,1526,34,743,"0"
3872,223,3,742,"0"
7461.4,242,0,742,"0"
6907.72,564,0,741,"0"
22312.4,615,0,757,"0"
1433.6,40,6,756,"0"
4535,69,43,756,"0"
10153.2,407,21,722,"0"
1072.4,17,9,721,"0"
8076,114,3,720,"0"
19920.6,2064,1,720,"0"
4216.6,121,0,720,"0"
8130,120,41,716,"0"
7078.6,528,16,716,"0"
7529.6,432,28,714,"0"
18958.2,877,1,714,"0"
90,1,35,736,"1"
11100.4,330,22,735,"0"
10955,316,2,731,"0"
2718,88,0,730,"0"
2193,75,23,739,"0"
4644,377,1,738,"0"
3519.2,99,31,738,"0"
5060.8,271,2,737,"0"
2230,55,23,736,"0"
4474,52,27,743,"0"
22235,294,14,743,"0"
10006.2,127,29,741,"0"
5301,220,14,741,"0"
31390,368,0,738,"0"
15006,182,16,737,"0"
15003,663,3,741,"0"
19312,259,16,739,"0"
1442,79,22,738,"0"
3060,45,14,731,"0"
7221.6,305,14,742,"0"
20994.8,951,8,741,"0"
995.8,40,35,739,"1"
3350.8,125,50,738,"0"
5117,225,9,735,"0"
5374,154,2,735,"0"
77154.8,2246,3,749,"0"
4960,496,2,734,"0"
2449.6,72,57,731,"1"
3748.4,191,1,738,"0"
1979.6,204,27,737,"0"
2506.8,70,8,737,"0"
6040,83,41,737,"0"
4599.8,118,6,736,"0"
5035,57,23,736,"0"
6720,91,0,734,"0"
6210,75,8,734,"0"
799.2,74,5,731,"0"
2233,99,2,731,"0"
7008,200,0,741,"0"
3910,144,43,749,"0"
1624.4,91,7,749,"0"
23965,333,16,749,"0"
2120,98,29,748,"0"
50755.8,1531,0,745,"0"
4282,121,8,744,"0"
3925,66,22,743,"0"
1790,100,15,742,"0"
9334,117,2,744,"0"
28369.6,344,21,742,"0"
19915,833,7,742,"0"
33230.6,1243,1,730,"0"
2317.4,262,52,729,"0"
12998,297,0,727,"0"
22113.57,615,6,750,"0"
132158.2,4350,1,748,"0"
5485,67,6,748,"0"
7830.2,367,16,744,"0"
3965.6,130,16,744,"0"
13922.4,368,22,744,"0"
23185.17,452,2,738,"0"
24903.6,1044,8,744,"0"
35936,3558,6,744,"0"
3128,191,51,743,"0"
11595,181,9,743,"0"
9460,137,1,742,"0"
2920,156,7,741,"1"
2147,110,15,741,"0"
5812.73,5050,8,745,"0"
2106.8,74,44,737,"0"
7706,277,1,736,"0"
6785,96,34,734,"0"
12500,612,0,733,"0"
68273.2,3392,0,731,"0"
22957,479,2,731,"0"
1000,16,27,731,"0"
4861.6,169,43,749,"0"
1332,51,35,735,"0"
2000,84,7,735,"0"
5856,334,0,735,"0"
1334,41,20,734,"0"
1139,16,21,734,"0"
10230,148,21,733,"0"
16025,207,8,731,"0"
16597,464,6,728,"0"
5086,151,1,729,"0"
5308,341,3,728,"0"
26054.6,782,7,713,"0"
7911.2,480,28,707,"0"
6346,278,6,706,"0"
4210,50,23,706,"0"
15842.05,1139,6,736,"0"
1542.2,71,28,735,"0"
23415.2,1864,0,734,"0"
10103,664,8,727,"0"
8829,106,6,727,"0"
3076.8,96,52,724,"0"
5483,183,9,724,"0"
11447.6,325,0,730,"0"
19603,747,16,732,"0"
2728.4,106,21,731,"0"
10442.4,583,1,734,"0"
13907,275,0,731,"0"
1873,26,59,729,"0"
7035,277,52,727,"0"
33204.4,1298,0,724,"0"
2781,39,21,727,"0"
8110.6,348,6,727,"0"
4801,351,0,724,"0"
36702.4,1534,1,723,"0"
121050.34,2828,3,723,"0"
4589,132,30,723,"0"
20582,546,14,722,"0"
4096.4,189,27,721,"0"
3534,214,0,720,"0"
53816,758,14,720,"0"
24723.8,952,15,718,"0"
45008,898,0,723,"0"
2424,138,31,728,"0"
8894.4,357,1,728,"0"
18272.8,689,2,727,"0"
10048,292,8,724,"0"
2443.2,70,21,728,"0"
119346,1594,2,727,"0"
362967.6,10498,28,723,"1"
18828.4,669,1,728,"0"
18728,549,13,727,"0"
10190,135,29,727,"0"
19710,657,6,724,"0"
5397,192,3,724,"0"
66037,2769,3,724,"0"
3450,115,37,723,"0"
16750.4,711,6,722,"0"
4273,87,1,721,"0"
9521,149,21,736,"0"
2033,45,0,736,"0"
11450.2,550,13,735,"0"
26345,297,0,734,"0"
12408,534,15,734,"0"
9744.6,466,2,730,"0"
2702,133,35,724,"0"
7060.6,391,2,723,"0"
6402.2,364,6,723,"0"
11098.6,613,14,723,"0"
393113.8,16715,1,723,"0"
900,30,23,738,"0"
5020,221,23,737,"0"
7716.4,327,1,736,"0"
8243,397,1,735,"0"
9475,122,9,731,"0"
2997.6,59,10,730,"0"
21017,269,20,730,"0"
8186.8,840,1,729,"0"
3123.2,118,56,728,"0"
15408.2,276,23,724,"0"
8096.8,448,9,724,"0"
9617,263,13,738,"0"
15966.8,881,24,738,"0"
73547.08,4613,7,737,"0"
38809.4,1466,21,737,"0"
5769.6,181,49,737,"0"
540.4,11,0,736,"0"
23906,628,21,737,"0"
26043,591,7,736,"0"
7080,99,21,734,"0"
10700.8,444,9,733,"0"
35272.4,487,6,731,"0"
2796,62,49,731,"0"
151341.2,3166,0,727,"0"
774.4,23,42,722,"1"
1059.4,28,13,741,"0"
3650,50,0,738,"0"
1930,26,59,737,"1"
925,16,20,729,"0"
8372,562,28,728,"0"
6979,399,6,701,"0"
3131,136,31,701,"1"
17779.6,484,7,725,"0"
43278.6,2088,3,724,"0"
4760,476,10,722,"0"
6160,616,15,720,"0"
11153,170,15,723,"0"
2379.4,254,6,722,"0"
8065,101,57,721,"0"
14480,176,20,717,"0"
1592.2,156,3,716,"0"
9304.4,304,2,716,"0"
23173.6,1785,8,717,"0"
4414,55,7,723,"0"
11210,144,1,717,"0"
10768,439,13,717,"0"
27205,316,3,717,"0"
1574,23,38,716,"0"
12957.8,259,10,720,"0"
9605,263,2,718,"0"
2812.8,132,30,717,"0"
18221.8,321,2,717,"0"
3410.8,108,35,716,"0"
65448,1341,1,715,"0"
1142,56,21,722,"0"
8389.4,246,27,724,"0"
6866,131,2,720,"0"
1383,69,3,723,"0"
4484,76,7,735,"0"
36363,525,0,731,"0"
7842.54,193,22,728,"0"
2817,215,1,727,"0"
48178.6,1666,3,734,"0"
12550.45,297,2,731,"0"
2700,156,8,730,"0"
3693.22,84,5,730,"0"
56095,685,3,724,"0"
15091,495,6,724,"0"
5258,276,27,723,"0"
20872,597,16,723,"0"
2518,144,10,730,"0"
3198,82,0,729,"0"
6246,212,3,729,"0"
30142,368,7,729,"0"
2696,126,31,728,"0"
5243,182,2,727,"0"
75,5,15,735,"1"
7737.8,388,7,734,"0"
22272,380,0,731,"0"
33228.4,514,1,722,"0"
27027,701,7,721,"0"
4923.9,80,10,721,"0"
44563.2,2167,1,716,"0"
7233.8,307,1,714,"0"
6909,104,2,713,"0"
4466.8,122,37,713,"0"
12857.6,539,2,724,"0"
1265,93,43,723,"0"
6802,79,29,723,"0"
29520,650,7,720,"0"
3193.4,147,42,724,"0"
1270.4,75,31,699,"0"
3169.2,326,28,699,"0"
9282,223,6,694,"0"
772.2,43,9,718,"1"
254.4,10,22,718,"1"
23585.4,695,0,715,"0"
2380,239,6,715,"0"
2896,95,12,714,"0"
14651.4,432,16,713,"0"
9555,162,10,720,"0"
2002.4,90,6,713,"0"
6360.8,205,31,713,"0"
8602,208,8,713,"0"
18838,290,3,710,"0"
3556,119,52,709,"0"
12728,246,59,717,"0"
195360.79,6861,2,716,"0"
6036.4,334,20,713,"0"
11796.4,169,2,710,"0"
7025.8,719,34,709,"0"
13886,178,36,730,"0"
11577,10009,1,729,"0"
7109,192,9,729,"0"
665,9,36,729,"1"
1195,24,9,727,"0"
6175,258,2,727,"0"
2107.2,106,22,723,"0"
20139.06,462,9,728,"0"
3677,212,8,728,"0"
17782.4,303,9,728,"0"
4432.4,184,8,724,"0"
12957.2,354,2,724,"0"
2714.6,145,3,723,"0"
4825.02,116,2,722,"1"
13835,459,1,722,"0"
12906.8,366,6,722,"0"
904,44,20,724,"0"
13965,184,16,724,"0"
4030,115,16,722,"0"
8022.6,189,0,715,"0"
2110,118,22,714,"0"
16510,319,3,722,"0"
23979.85,479,6,721,"0"
4970.8,216,15,722,"0"
9193,303,1,720,"0"
6165,89,21,721,"0"
29964.96,3273,1,721,"0"
3528,168,38,721,"0"
10422.4,527,2,710,"0"
4979,64,14,708,"0"
19186.11,423,7,730,"0"
3340,41,38,724,"0"
9595,356,6,715,"0"
22407.6,705,6,713,"0"
7156,352,2,710,"0"
61059.35,1779,0,707,"0"
5155,70,49,715,"0"
8726.4,291,0,714,"0"
29012,885,6,721,"0"
5895,154,44,721,"0"
5933,179,10,720,"0"
14819.6,459,10,723,"0"
2996,55,15,722,"0"
36029,1422,13,722,"0"
13537,634,30,721,"0"
2304.8,83,10,720,"0"
40459.8,2122,3,717,"0"
16013,229,7,717,"0"
19912,2065,2,692,"0"
13330,179,1,687,"0"
13134,556,15,686,"0"
5949.2,402,6,713,"0"
23726.8,1777,2,706,"0"
7160,134,13,711,"0"
1949.6,91,14,707,"0"
38872.6,761,9,711,"0"
5042,347,44,713,"0"
242911.3,10644,7,710,"0"
80244,3887,6,706,"0"
7896,259,3,703,"0"
6289,81,7,702,"0"
4468.6,157,7,707,"0"
13632,284,38,706,"0"
6781.2,222,8,707,"0"
2322.8,238,15,706,"0"
4328,132,6,706,"0"
5747.6,297,0,703,"0"
4457.96,286,2,702,"0"
9351,137,34,701,"0"
52684.2,1503,1,706,"0"
42757.4,1054,6,702,"0"
4438.2,91,24,700,"0"
21057,936,3,699,"0"
23882.8,1015,36,713,"0"
15112,429,0,710,"0"
12694.5,400,23,710,"0"
15898,196,34,702,"0"
12465,167,0,701,"0"
8701.8,132,21,722,"0"
2525,38,13,716,"0"
11050,140,7,716,"0"
15000,180,1,716,"0"
2339.6,201,23,716,"0"
1350,14,56,714,"0"
29519,14741,0,720,"0"
9430,328,8,717,"0"
70600.6,3331,1,716,"0"
28230,435,38,715,"1"
3938.4,203,23,714,"0"
32273.6,1190,56,718,"0"
4625,61,21,716,"0"
7209,212,1,715,"0"
10121.8,625,6,714,"0"
13546,204,13,714,"0"
4561,58,20,714,"0"
102768.2,2359,2,703,"0"
36686.4,1744,16,702,"0"
19541.8,1034,7,702,"0"
2475,43,58,721,"0"
6316,90,23,714,"0"
9657,130,7,713,"0"
1914,43,27,713,"0"
1320,90,48,716,"1"
12685.6,368,0,714,"0"
6092.2,154,1,714,"0"
7252,259,1,713,"0"
1880,97,24,711,"0"
5799.2,320,29,710,"0"
19982,269,20,715,"0"
6430.4,81,9,714,"0"
3140,90,22,7722,"0"
2216.6,118,50,7722,"0"
2582,138,52,7770,"0"
6360,72,2,3846,"0"
39129,1349,8,3842,"0"
11842.15,240,8,3844,"0"
18585.25,682,21,3844,"0"
44676.6,2187,0,3843,"0"
7670,341,7,7722,"0"
15068.4,547,9,3846,"0"
8436,452,6,3846,"0"
1916,74,13,3846,"0"
96795,1252,0,3844,"0"
36385,473,2,3845,"0"
23426,297,3,3844,"0"
13858,608,10,3843,"0"
444982,14259,1,3842,"0"
34164.2,1288,10,7722,"0"
3398.2,189,8,7770,"0"
664,38,15,7770,"0"
3665,46,2,3845,"0"
842,46,58,3843,"0"
6204.2,273,0,7722,"0"
66374.2,3782,3,7722,"0"
45958.7,1218,0,3851,"0"
4402,251,8,7770,"0"
14140.2,958,10,3853,"0"
10464,593,8,3849,"0"
5983,210,31,7722,"0"
13339,661,3,3853,"0"
4258,144,20,7722,"0"
11705,199,20,3849,"0"
10260.2,400,1,3853,"0"
326670.16,21436,2,3853,"0"
27545.76,1164,0,7722,"0"
17124,242,1,3842,"0"
46695.4,1455,0,3842,"0"
8074,385,15,3852,"0"
4182,237,10,3844,"0"
12345,147,29,3842,"0"
7917,120,1,3852,"0"
120666.8,3999,27,3853,"0"
53781.2,3882,6,7770,"0"
5672,294,20,3852,"0"
453760.5,21370,0,3852,"0"
681091.7,30245,1,3852,"0"
9050,94,36,3849,"0"
3070,39,1,3828,"0"
8775,129,15,3730,"0"
20145,249,7,3730,"0"
17868,770,14,7722,"0"
11746.2,351,13,3852,"0"
5547,325,35,7770,"0"
6302,186,16,7722,"0"
10461.6,317,29,7722,"0"
16709,644,41,7722,"0"
5955.06,268,14,7722,"0"
4644,268,43,7722,"0"
4797,195,21,7722,"0"
44852,3161,0,7722,"0"
1161,60,58,7722,"0"
6916,392,6,7722,"0"
61106,1691,6,3860,"0"
58606,1645,0,3859,"0"
31835.6,887,2,3859,"0"
9690,275,42,3859,"0"
4295.6,137,20,7722,"0"
6933.21,132,7,3860,"0"
5850,98,2,3859,"0"
35995.45,735,0,3858,"0"
5045,213,21,3859,"0"
11394.4,376,0,3858,"0"
3971,146,23,7722,"0"
42126.8,614,9,3857,"0"
28735,1501,8,3860,"0"
222823.55,4974,2,3646,"0"
7304,370,2,3859,"0"
4160,153,35,3858,"0"
5142,151,51,7751,"0"
14573.2,232,34,3859,"0"
10050.2,464,0,3857,"0"
11701,674,2,7751,"0"
10695,116,7,3857,"0"
60303.78,3601,0,3860,"0"
3168,176,2,3741,"0"
22940.2,1638,6,3738,"0"
23115.6,347,35,3859,"0"
10760,282,1,3837,"0"
1843.6,170,38,3860,"0"
2503.12,279,58,3860,"0"
4668,266,34,3859,"0"
15570,174,36,3859,"0"
127250,4306,3,3860,"0"
299693,10575,23,3832,"0"
14352.2,750,14,3856,"0"
1594,90,7,7751,"0"
1338,38,36,7751,"0"
6605.6,293,49,7751,"0"
8694.4,342,10,3866,"0"
11667,567,10,7751,"0"
17098,663,1,7751,"0"
23821.6,864,2,7751,"0"
47479.9,1643,1,3865,"0"
3370,67,13,3863,"0"
6872.4,433,7,3866,"0"
14817.6,668,13,3864,"0"
45531.2,2183,3,3842,"0"
1880,48,14,7722,"0"
2561.8,141,57,7722,"0"
27332.8,757,0,3864,"0"
19404,556,3,3863,"0"
7535.4,386,28,7722,"0"
15453.4,687,7,7722,"0"
4143,87,27,7722,"0"
7184,244,28,7722,"0"
19694.6,699,0,7722,"0"
18529.04,446,1,3866,"0"
24093.35,471,1,7722,"0"
28726.4,382,9,3864,"0"
12689,745,8,7770,"0"
4326,119,16,7770,"0"
40120,440,2,3865,"0"
18059.8,364,2,3865,"0"
3900.6,246,49,3867,"0"
8340,103,16,3865,"0"
79612.6,4324,1,3863,"0"
14243,829,13,7770,"0"
22528.6,566,0,3857,"0"
13375,590,20,7770,"0"
3394,96,14,7770,"0"
880,50,16,7770,"0"
29580.8,1290,13,3873,"0"
33072.65,674,7,3865,"0"
16965.2,759,6,3738,"0"
666,38,45,3873,"0"
1368,67,37,3872,"0"
16896.63,742,1,3808,"0"
44520,504,3,3874,"0"
1545,42,0,3873,"0"
13001.2,1041,7,3872,"0"
6952.4,744,43,3870,"0"
5225.44,271,35,3716,"0"
54619.3,2497,1,3669,"0"
7237.8,655,41,3872,"0"
23011,1046,0,3873,"0"
15335.2,1437,50,3737,"0"
7800,780,38,3737,"0"
12550,168,9,3874,"0"
5750,165,57,3874,"0"
16917,249,15,3856,"0"
4332,198,7,3872,"0"
2736,157,12,7770,"0"
37590,442,8,3874,"0"
6357,324,34,7770,"0"
6252,179,10,3872,"0"
5745,77,42,3874,"0"
165048,9429,1,3871,"0"
76957,4418,2,3871,"0"
100763,5826,0,3871,"0"
1968,63,31,3871,"0"
18619,651,2,7770,"0"
4842,185,1,7770,"0"
19915,258,1,3877,"0"
2031.6,116,0,3880,"0"
2992,97,1,3879,"0"
8040,804,8,3879,"0"
5192,150,6,7770,"0"
72036,1025,2,3878,"0"
2040,116,29,3865,"0"
6103,342,28,3877,"0"
3848,191,13,3878,"0"
2944,85,20,7770,"0"
8038,406,16,3877,"0"
36370.8,988,0,3881,"0"
55950.4,1550,22,3881,"1"
43571.6,1212,3,3878,"0"
3624,99,21,7770,"0"
7695,179,20,3660,"0"
10902.8,465,1,3880,"0"
14326.8,1153,22,3870,"0"
2723.4,107,20,3668,"0"
3140,41,43,3877,"0"
40482.4,1418,8,3877,"0"
8724,287,22,3881,"0"
20968.6,2268,10,3879,"0"
872,86,37,3878,"0"
102310.9,2929,1,3881,"0"
9838,581,16,7722,"0"
15675,200,1,3831,"0"
77846.4,2460,3,7722,"0"
3906.8,125,27,7770,"0"
7486,418,13,7751,"0"
8781,765,21,7770,"1"
10296,588,2,3895,"0"
54946,1989,1,3888,"0"
3877,50,34,3888,"0"
6601.4,759,0,3893,"0"
22422.6,1137,3,3891,"0"
4323.8,247,8,3893,"0"
3156,154,42,3892,"0"
34340,390,15,3887,"0"
5165,70,41,3888,"0"
19237.63,545,7,3888,"0"
22098.8,896,3,3650,"0"
634557.6,29996,1,3886,"0"
1836,84,2,3886,"0"
2019,119,30,3885,"0"
47063.1,842,9,3888,"0"
76250.8,1878,2,3881,"0"
9075,92,21,3886,"0"
1692,94,57,3885,"1"
23205,348,3,3884,"0"
29745,350,8,3885,"0"
2523,144,57,7722,"0"
21450,258,3,3892,"0"
1416.8,60,50,3898,"0"
18065,588,16,3901,"0"
38614.2,1549,2,3900,"0"
12675,182,2,3893,"0"
4282.4,206,35,3894,"0"
29214.22,654,2,3891,"0"
4473,175,20,3891,"0"
49938,4331,6,3893,"0"
50983.4,4177,1,3892,"0"
32121.4,2047,1,3895,"0"
9360,141,50,3892,"0"
2375,36,7,3895,"0"
86301.05,1437,1,3893,"0"
12524,148,16,3884,"0"
1368,38,49,3892,"0"
24521.2,666,2,3884,"0"
41969.2,1154,0,3884,"0"
34732.8,1412,1,3895,"0"
21741.11,982,1,3892,"0"
9540,118,2,3891,"0"
1005,18,21,3902,"0"
15460.4,600,21,1325,"0"
8761.8,338,1,1323,"0"
5350.6,346,38,1323,"0"
39154.2,737,2,1323,"0"
47093.4,2077,1,1312,"0"
64446,3558,9,1311,"0"
6626.8,520,13,1310,"0"
4565.6,244,8,1308,"0"
7378.2,99,13,1306,"0"
2340.4,46,44,1304,"0"
10341.4,160,7,1310,"0"
45262.8,1959,1,1310,"0"
3782.06,124,0,1326,"0"
7178,205,21,1326,"0"
6317.88,123,29,1323,"0"
12258,778,2,1323,"1"
53941,1637,3,1323,"0"
3925,222,9,1322,"0"
41649.6,1793,6,1319,"0"
2276.4,62,7,1323,"0"
19251,670,20,1311,"0"
5492.6,227,21,1303,"0"
13260.6,454,7,1311,"0"
41143.21,892,6,1310,"0"
18795.8,445,16,1310,"0"
30666,970,8,1309,"0"
18353,559,28,1284,"0"
54387,1418,0,1283,"0"
1872,31,55,1281,"0"
13506,149,6,1281,"0"
6865,119,24,1281,"0"
2541,169,13,1275,"0"
1240,21,27,1275,"0"
32326,2425,2,1274,"0"
9607,112,43,1331,"0"
14446,171,6,1329,"0"
11476,171,1,1329,"0"
5046.6,226,30,1323,"0"
4793,177,0,1310,"0"
10715.6,203,6,1309,"0"
10616,1049,1,1331,"0"
10016.4,362,1,1326,"0"
12662.12,430,3,1326,"0"
8686.92,257,9,1326,"0"
6068.74,195,0,1326,"0"
8056.4,263,13,1326,"0"
10039.83,333,14,1326,"0"
12377.48,407,7,1326,"0"
11339.14,347,1,1326,"0"
8797.3,277,7,1326,"0"
8548.6,288,9,1326,"0"
13958.03,301,3,1326,"0"
9182.4,305,7,1326,"0"
10524.67,346,8,1326,"0"
8286.6,278,9,1326,"0"
9886.4,344,13,1326,"0"
11304.76,357,0,1326,"0"
10279.98,343,2,1326,"0"
11560.2,402,9,1326,"0"
7719.96,246,22,1326,"0"
6286.76,184,28,1326,"0"
4391.66,104,45,1309,"0"
17028.4,767,2,1304,"0"
26360,1112,38,1302,"0"
4798.4,156,8,1276,"0"
32980.97,918,0,1269,"0"
6705.6,385,2,1329,"0"
280,7,29,1325,"0"
6995,85,0,1330,"1"
13765,192,3,1330,"0"
12968,605,7,1330,"0"
6634.8,322,9,1329,"0"
13982.8,397,22,1322,"0"
59408.29,1709,1,1303,"0"
2783,142,0,1301,"0"
6810.8,316,22,1301,"0"
49809.03,1751,1,1336,"0"
1000,100,28,1333,"0"
9596,551,0,1332,"0"
4847,99,58,1316,"0"
15248,790,2,1316,"0"
60551.8,1811,2,1314,"0"
81345.88,3562,0,1312,"0"
8443,296,3,1312,"0"
2715,57,1,1312,"0"
10123,354,6,1311,"0"
1420,67,42,1311,"0"
3574.6,172,8,1310,"0"
18633.6,892,9,1310,"0"
10651.6,523,37,1309,"0"
10810.4,1241,3,1302,"0"
20228,255,3,1298,"0"
75860.83,3330,6,1326,"0"
23831,875,21,1324,"0"
11720,513,9,1323,"0"
14720,150,23,1323,"0"
1400,83,15,1319,"0"
18512.6,457,6,1319,"0"
1150,25,51,1319,"0"
12169,386,0,1318,"0"
20400.8,1249,7,1297,"0"
1431.6,23,57,1297,"0"
3841.6,187,24,1297,"0"
2432,139,44,1319,"0"
4938,282,8,1319,"0"
4954,237,52,1316,"0"
42204.6,860,7,1312,"0"
1480,78,44,1310,"0"
28223.4,931,1,1309,"0"
6616.8,302,16,1308,"0"
250605.55,6182,0,1302,"0"
27598.6,731,8,1297,"0"
45848.4,2790,58,1277,"1"
2834.2,140,35,1276,"0"
17064,1281,8,1275,"0"
7497,136,0,1289,"0"
3266,103,10,1289,"0"
12053.2,609,10,1284,"0"
10679,182,27,1273,"0"
5696,251,24,1305,"0"
70893.4,1130,1,1302,"0"
14380.2,406,9,1301,"0"
850,21,37,1301,"0"
99103,1880,6,1269,"0"
20856,325,9,1268,"0"
1183.4,25,38,1268,"0"
1851,40,20,1267,"0"
8970.8,275,13,1262,"0"
4680,352,14,1319,"0"
8369,261,36,1325,"0"
492,17,56,1325,"0"
19324.2,871,0,1324,"0"
8970,108,36,1324,"0"
15262,399,1,1324,"0"
8401.4,366,14,1323,"0"
12123.2,560,31,1302,"0"
8314,469,58,1295,"0"
13724,1116,2,1315,"0"
3721,90,35,1314,"0"
4680,64,13,1310,"0"
12080.4,358,29,1323,"0"
3815,149,23,1323,"0"
14627.6,583,1,1322,"0"
11673.4,209,2,1289,"0"
3810,43,30,1289,"0"
2681,153,41,1319,"0"
1928,47,50,1317,"0"
2271.2,113,34,1317,"0"
3120,57,22,1332,"0"
7925,408,36,1330,"0"
5416.6,200,20,1330,"0"
5832,540,7,1318,"0"
13099.2,672,16,1316,"0"
4497,88,6,1313,"0"
17431,506,8,1329,"1"
12392.2,589,13,1326,"0"
3592,92,27,1324,"0"
1084,62,28,1288,"0"
55935,764,2,1288,"0"
4970,64,35,1285,"0"
6715,655,55,1285,"0"
4490.4,221,3,1284,"0"
16744.8,714,14,1283,"0"
19732.4,1013,0,1290,"0"
58888.96,2109,0,1289,"0"
18291.3,1335,1,1284,"0"
2450.4,231,0,1284,"0"
37455.6,471,0,1316,"0"
30028.8,933,13,1312,"0"
1700,23,30,1312,"1"
10004,527,14,1312,"0"
14249.2,535,9,1312,"0"
18464.15,473,8,1310,"0"
6050,64,30,1310,"0"
1598.4,53,38,1309,"0"
8043,267,10,1309,"0"
10219.8,352,27,1309,"0"
13511,779,0,1314,"0"
1782,94,57,1312,"0"
29228,367,3,1312,"0"
21829.8,285,3,1312,"0"
20940,270,0,1310,"0"
6076,294,21,1310,"0"
3770,187,50,1308,"0"
11594.37,246,3,1288,"0"
32217,389,2,1287,"0"
7715,169,9,1281,"0"
5455,312,7,1311,"0"
2524,140,1,1311,"0"
14492.2,477,21,1310,"0"
4423,149,24,1310,"0"
1146.4,144,15,1309,"0"
2124.8,83,42,1309,"0"
3142.8,377,20,1309,"0"
7145.4,764,13,1308,"0"
8786.2,332,16,1308,"0"
67256.8,2089,16,1269,"0"
11465.4,224,9,1269,"0"
14180,557,36,1310,"0"
8719.4,419,30,1309,"0"
2600,260,24,1305,"0"
10760,131,15,1318,"0"
7035,101,29,1313,"0"
26879.2,1027,1,1312,"0"
6305,71,49,1311,"0"
2935,46,58,1290,"0"
9415.8,423,38,1252,"0"
1416,81,0,1250,"0"
7445,87,1,1303,"0"
22552.8,644,1,1283,"0"
15610.8,240,6,1281,"0"
11439,406,1,1276,"0"
2498,135,44,1310,"0"
37363.15,1413,2,1310,"0"
6327,81,3,1297,"0"
833.4,13,7,1302,"0"
18348,243,2,1319,"0"
3916,122,10,1318,"0"
6896,160,34,1317,"0"
5938.78,125,9,1316,"0"
30800.6,1414,10,1308,"0"
13313,571,21,1302,"1"
38294.7,1908,3,1283,"0"
12453.6,564,3,1278,"0"
94975.2,8177,2,1277,"0"
10035.6,272,16,1278,"0"
4768,202,21,1281,"0"
72576.4,2735,2,1259,"0"
9261.52,207,6,1254,"0"
7031.47,145,3,1305,"0"
35109,661,0,1303,"0"
4824,274,21,1302,"0"
5140,200,31,1302,"0"
12960,152,21,1301,"0"
21803.6,254,24,1298,"0"
10185,120,8,1304,"0"
4002,123,35,1304,"0"
3050,96,49,1303,"0"
7448,212,44,1303,"0"
6172.8,394,31,1302,"0"
4060,180,9,1304,"0"
18602,545,30,1303,"0"
8452,483,8,1303,"0"
5966,82,2,1301,"0"
43799.2,1773,1,1271,"0"
5386,321,21,1301,"0"
4726,228,28,1291,"0"
3796.2,296,27,1288,"0"
5095,57,22,1284,"0"
700,25,29,1291,"1"
53980,1798,0,1291,"0"
31413.6,1390,6,1290,"0"
17533,241,21,1312,"0"
277079.8,7534,6,1312,"0"
625989.45,17433,6,1312,"0"
53429.81,1524,0,1305,"0"
45317.4,515,3,1304,"0"
13053,379,36,1304,"0"
12762.8,358,2,1303,"0"
14929,212,3,1310,"0"
20299,404,7,1309,"0"
21185,227,10,1308,"0"
31725,405,15,1306,"0"
5820.4,282,13,1305,"0"
19252.6,1271,2,1236,"0"
3015.6,76,37,1249,"0"
17338,200,36,1249,"0"
7594,378,2,1248,"0"
1502,69,1,1247,"0"
1267,20,28,1305,"0"
3505,51,9,1304,"0"
19927.6,661,2,1283,"0"
18983,293,21,1302,"0"
15312.8,1090,15,1298,"0"
8350,258,3,1312,"0"
2726.8,100,22,1312,"0"
36188.4,1225,3,1311,"0"
2980,170,10,1308,"0"
12890,368,0,1301,"0"
8265.2,122,0,1297,"0"
10742,910,13,1296,"0"
12135.2,312,9,1296,"0"
12893.2,482,2,1276,"0"
34119,2166,3,1276,"0"
23886.4,1095,1,1274,"0"
39140,450,10,1274,"0"
9176.6,309,10,1273,"0"
24329.6,1263,7,1271,"0"
3343.2,259,28,1270,"0"
18119.8,1164,1,1275,"0"
46804.86,2529,10,1274,"0"
21980.9,1784,35,1273,"0"
29788,848,5,1289,"0"
24182,1397,3,1289,"0"
6811,106,15,1297,"0"
4816,112,13,1291,"1"
7735,87,24,1297,"0"
20076.85,633,2,1290,"0"
25340,316,1,1289,"0"
11114,135,28,1302,"0"
9456.8,163,0,1301,"0"
6263,215,9,1301,"0"
10418,539,14,1240,"0"
31999.8,877,6,1234,"0"
30236,717,3,1234,"0"
38381.13,8168,7,1276,"0"
18493.8,413,8,1281,"0"
698,11,20,1249,"0"
14679,510,2,1294,"0"
12701.8,203,6,1298,"0"
4064.4,107,20,1298,"0"
2928.4,165,16,1298,"0"
5010,246,58,1297,"0"
35227.8,1868,1,1297,"0"
18305,427,0,1295,"0"
37476,2885,15,1240,"0"
8024,425,29,1239,"0"
7010,95,15,1236,"0"
17145,214,1,1190,"0"
46467,952,7,1189,"0"
10407.4,172,3,1186,"0"
16467.4,983,6,1260,"0"
67158.65,2612,6,1253,"0"
15688.8,1093,7,1253,"0"
10175.2,535,2,1252,"0"
10239,396,44,1301,"0"
23849.6,1212,13,1291,"0"
4000,59,2,1288,"0"
6683.2,348,8,1057,"0"
8965,114,2,1057,"0"
17421.8,227,20,1269,"0"
17987.8,394,22,1268,"0"
10618,503,3,1260,"0"
36980.6,1871,6,1260,"0"
3366.4,133,28,1255,"0"
6802.4,321,20,1270,"0"
17861.2,1436,7,1260,"0"
47866.8,893,2,1283,"0"
9350,114,9,1282,"0"
15131,239,2,1281,"0"
3576,195,22,1278,"0"
3335.8,96,36,1288,"0"
3358.2,290,13,1284,"0"
3009,78,24,1283,"0"
12215,158,0,1283,"0"
1695,21,34,1281,"0"
3276,284,22,1281,"0"
50486.6,2627,2,1280,"0"
18433.4,878,0,1248,"0"
13951,422,7,1241,"0"
4862,277,13,1289,"0"
12976.2,619,43,1282,"0"
15374,617,3,1281,"0"
6645.4,87,23,1184,"0"
791.2,53,50,1275,"1"
1836,67,41,1295,"0"
326258.5,12728,2,1282,"0"
29663.8,6787,2,1280,"0"
6158.19,128,10,1220,"0"
20147,620,0,1218,"0"
28157,696,1,1235,"0"
45004.45,2009,6,1234,"0"
4830,72,13,1234,"0"
3995,49,28,1232,"0"
4760,70,22,1290,"0"
37453,1981,3,1284,"0"
37227,2049,24,1269,"0"
5294.4,277,37,1268,"0"
3718.4,97,56,1289,"0"
15993,639,0,1288,"0"
2476,126,28,1283,"0"
3210,155,15,1249,"0"
5362,70,43,1247,"0"
6440,85,28,1246,"0"
31407,442,6,1297,"0"
870,50,41,1296,"0"
8628,149,13,1291,"0"
10393.2,333,23,1290,"0"
93544.75,3283,1,1305,"0"
6749,217,31,1303,"1"
4610,132,21,1294,"0"
3424,174,41,1283,"0"
5034,259,0,1280,"0"
30553.8,1034,15,1234,"0"
20732.8,842,0,1045,"0"
8233.6,212,29,1254,"0"
18746.8,1000,28,1254,"1"
1435,42,1,1253,"0"
3022,173,6,1277,"0"
38332,1188,0,1275,"0"
3281.4,92,41,1268,"0"
8671.8,260,24,1254,"0"
4446.4,92,29,1275,"0"
8004,99,16,1275,"0"
7344,139,8,1274,"0"
10475,292,14,1178,"0"
2382,126,28,1280,"0"
1312,76,42,1274,"0"
27746,778,13,1260,"0"
2114,60,52,1260,"0"
2315,31,37,1278,"0"
27855,324,13,1277,"0"
4445.4,74,20,1277,"0"
2065.4,196,43,1276,"1"
22210,249,9,1273,"0"
3041.6,162,45,1278,"0"
3480,125,41,1276,"0"
37587.8,1887,3,1274,"0"
28371.3,1123,3,1273,"0"
33569,1454,0,1270,"0"
16320,245,13,1289,"0"
27112,420,0,1288,"0"
21525,301,10,1284,"0"
10234,267,36,1283,"0"
21262,1307,15,1288,"0"
9010.2,349,3,1287,"0"
48860,709,2,1285,"0"
3421,158,16,1285,"1"
4830,143,0,1284,"0"
2127,71,2,1284,"0"
2252,128,3,1283,"0"
109414.2,5608,1,1277,"0"
23642,1059,6,1277,"0"
2741,60,20,1274,"0"
5300,68,1,1274,"0"
12451.6,440,20,1288,"0"
118377,7027,0,1240,"0"
41361,1368,1,1239,"0"
15531.6,1001,20,1235,"0"
17647,277,16,1282,"0"
5331.8,240,56,1280,"0"
1120,54,29,1277,"0"
2002,112,0,1276,"0"
115307.8,6229,6,1253,"0"
10606.96,381,8,1253,"0"
14659,257,6,1029,"0"
70191.2,1070,2,1029,"0"
2052,220,28,1248,"0"
6115.95,122,16,1247,"0"
30321.2,2385,0,1246,"0"
12479.4,962,7,1246,"0"
15870,543,0,1245,"0"
7714,357,7,1247,"0"
26149,903,27,1260,"0"
18324,199,0,1268,"0"
44602,556,2,1268,"0"
23015.6,1049,16,1268,"0"
5566,89,41,1233,"0"
948.6,30,44,1267,"1"
5538,156,2,1247,"0"
21835,257,0,1269,"0"
25647.6,749,3,1268,"0"
17820.4,272,9,1268,"0"
34969.4,2730,2,1266,"0"
2187.2,232,37,1263,"0"
21971.4,350,1,1232,"0"
8323,332,23,1231,"0"
12942,186,6,1269,"0"
14810,202,9,1269,"0"
7758,115,37,1262,"0"
15210,739,27,1273,"0"
54395,1750,7,1271,"0"
5995,61,49,1282,"0"
20244,594,7,1282,"1"
17358,237,16,1249,"0"
11721.8,656,8,1247,"0"
6324,314,24,1246,"0"
6828.8,254,15,1273,"0"
29223.2,918,21,1268,"0"
6176,177,31,1277,"0"
5618,171,24,1277,"0"
2135,30,7,1276,"1"
42905.2,881,3,1274,"0"
23724,503,3,1249,"0"
1368,31,1,1247,"0"
2771.6,118,55,1246,"0"
1434,69,14,1240,"0"
4903,55,24,1240,"0"
3936,222,16,1249,"0"
13491.28,400,13,1248,"0"
4250,68,22,1025,"0"
12724,242,13,1024,"0"
18473.8,220,1,1022,"0"
3632.8,114,21,1250,"0"
10025.8,189,41,1249,"0"
4467,392,10,1249,"0"
1026,52,0,1248,"0"
8641,274,28,1248,"0"
14158.2,198,2,1241,"0"
16481.4,1781,6,1241,"0"
42066.2,3329,3,1241,"0"
19125.4,795,7,1239,"0"
31980.8,1477,1,1239,"0"
2310,53,16,1254,"0"
9150,112,29,1253,"0"
10440,123,0,1253,"0"
7323,288,14,1247,"0"
14928,288,8,1247,"0"
24155.6,603,1,1241,"0"
3254,185,1,1241,"0"
14320,734,13,1262,"0"
15687,404,7,1254,"0"
26035.6,367,6,1253,"0"
26183,365,20,1224,"0"
125298.95,3584,1,1221,"0"
12185,266,2,1256,"0"
13529,494,35,1254,"0"
7651.8,417,37,1254,"0"
20136.45,222,2,1250,"0"
3300,160,15,1249,"0"
71054,2780,14,1210,"0"
2268.8,76,41,1252,"0"
8901.2,462,3,1250,"0"
1386,79,13,1270,"0"
3268,133,29,1270,"1"
40865,518,7,1267,"0"
64183,2601,1,1267,"0"
6086,93,13,1267,"0"
1680,30,38,1261,"0"
14100,164,30,1261,"0"
27633,695,10,1239,"0"
4935,61,16,1238,"0"
5990.6,174,6,1235,"0"
9989,138,21,1276,"0"
19066.4,567,14,1274,"0"
10920,469,8,1270,"0"
27573,394,1,1241,"0"
2266,163,23,1266,"0"
318,8,10,1261,"0"
1562,90,48,1255,"0"
5046.2,321,27,1239,"0"
2319.6,122,9,1235,"0"
787.2,50,30,1235,"1"
7995.6,510,0,1235,"0"
44076.4,2103,8,1235,"0"
9926.6,774,1,1234,"0"
5719,322,37,1234,"0"
3720,46,55,1233,"0"
12647.8,770,3,1233,"0"
17041.8,868,13,1233,"0"
4630,47,6,1232,"0"
15580,223,3,1242,"0"
43388.8,1233,0,1241,"0"
14398,389,14,1236,"0"
13703,454,14,1253,"0"
25700,1269,0,1252,"0"
91595.2,6436,3,1249,"0"
57150,630,8,1248,"0"
12807,224,23,1246,"0"
3406,158,35,1246,"0"
11934,354,6,1246,"0"
23835.2,1111,27,1245,"0"
2240,29,14,1206,"0"
11630,149,3,1205,"0"
1936,107,3,1203,"0"
6110,256,1,1203,"0"
5028,147,57,1164,"0"
7103.33,166,41,1249,"0"
4999.6,178,31,1249,"0"
8270,101,14,1249,"0"
44590,1038,2,1248,"0"
21543,950,0,1248,"0"
18674.78,605,0,1247,"0"
10488,279,0,1249,"0"
2814.2,151,42,1248,"0"
6520.8,238,23,1259,"0"
12455,154,10,1254,"0"
14652,468,37,1254,"0"
29724,353,2,1253,"0"
29473,460,9,1253,"0"
2525.6,73,15,1252,"0"
9149.2,983,13,1247,"0"
6513.55,148,13,1248,"0"
6140,78,28,1254,"0"
7600,104,20,1246,"0"
8294,313,15,1235,"0"
3703.4,58,37,1234,"0"
2025,92,24,1234,"0"
724.4,13,0,1228,"0"
3810.8,104,29,1228,"0"
39350,534,15,1252,"0"
43165,506,0,1249,"0"
14587,210,13,1004,"0"
2827.4,146,0,1004,"0"
6964.8,322,6,1232,"0"
18597,268,7,1219,"0"
24950,382,0,1219,"0"
3038.4,42,50,1219,"0"
13215.8,173,1,1164,"0"
12337,232,36,1164,"0"
14980,299,13,1164,"0"
7860.04,255,1,1247,"0"
28675,343,6,1245,"0"
11071,634,9,1241,"0"
17971,230,8,1240,"0"
4239,73,34,1219,"1"
43987.2,1101,10,1218,"0"
13021.4,698,8,1218,"0"
4340.4,228,20,1240,"0"
6418.4,259,7,1240,"0"
11148.4,463,10,1239,"0"
17227.8,629,14,1238,"1"
57963.98,2228,0,1227,"0"
12457,592,43,1225,"0"
48440,516,1,1222,"0"
3236,48,43,1219,"0"
37692,1703,3,1219,"0"
9350.08,535,6,1218,"0"
2428,65,49,1217,"0"
1952,64,22,1214,"0"
2295.2,94,21,1213,"0"
43792,2072,6,1242,"0"
602,34,37,1238,"0"
10021,516,44,1247,"0"
8938.8,488,1,1240,"0"
4809.6,173,28,1268,"0"
1815,28,52,1263,"0"
2729,140,14,1262,"0"
11710.29,339,6,1262,"0"
23795.4,736,22,1254,"0"
23917.6,877,9,1254,"0"
8302.6,297,7,1240,"0"
2725,60,55,1240,"0"
1929.2,68,50,1240,"0"
18366.6,631,10,1261,"0"
47340,1578,1,1255,"0"
4166.6,129,29,1248,"0"
5215.8,166,9,1247,"0"
38260,667,2,1246,"0"
3609,93,56,1246,"0"
24933,728,7,1246,"0"
2140,26,0,1226,"0"
28376.47,1748,0,1225,"0"
11974,828,6,1221,"0"
9564.8,404,3,1220,"0"
5441.4,272,20,1233,"0"
91690,1264,6,1240,"0"
21141,408,7,1240,"0"
8040,101,44,1218,"0"
70754.6,2191,3,1213,"0"
2936,162,28,1236,"0"
9469.6,659,2,1236,"0"
4247,70,23,1235,"0"
4644,95,13,1234,"0"
33629,980,3,1234,"0"
10005,148,28,1233,"0"
9122,155,3,1192,"0"
28019.2,1180,9,1245,"0"
33425,693,1,1241,"0"
9657.48,209,1,1249,"0"
2286.8,86,16,1234,"0"
9447.4,445,23,1231,"0"
8115,505,58,1239,"0"
6028.8,208,3,1234,"0"
76406.4,2069,6,1227,"0"
7794,216,49,1231,"1"
23350.1,516,20,1231,"0"
10352.4,231,13,1226,"0"
29566.4,1554,1,1219,"0"
25594.8,2336,3,1211,"0"
12972.4,1116,2,1211,"0"
1337.2,69,28,1211,"0"
26863,278,15,1232,"0"
11400,153,15,1232,"0"
38571.6,1265,10,1232,"0"
1134,63,23,1239,"0"
3750,54,1,1239,"0"
1310,57,16,1234,"0"
8921.6,255,13,1228,"1"
20275,362,13,1186,"0"
20005.88,550,1,1245,"0"
35792.6,2127,1,1227,"0"
35649.9,2019,8,1227,"0"
2386,51,24,1225,"0"
6788,329,52,1207,"0"
10151.4,626,13,1207,"0"
35544.2,1073,0,1240,"0"
13503.6,201,16,1210,"0"
23281.1,1719,5,1210,"0"
695,15,0,1206,"1"
3262,171,44,1227,"0"
8925.8,588,0,1226,"0"
4305,62,9,1183,"1"
2817.2,93,13,1182,"0"
11290.8,473,6,1221,"0"
53775.2,1717,14,1231,"0"
5320,97,22,1228,"0"
14553,724,0,1228,"0"
1651,41,57,1239,"0"
15810,187,8,1239,"0"
2788,132,14,1238,"0"
9386,113,10,1234,"0"
12515,518,13,1228,"0"
7337.6,203,42,1226,"0"
9492.67,239,22,1239,"0"
636,30,13,1236,"1"
3004.8,83,7,1236,"0"
3804.8,223,29,1219,"0"
19892,372,7,1219,"0"
17206.2,282,9,1218,"0"
5492.4,168,3,1218,"0"
29672.8,748,7,1214,"0"
19778.6,253,9,1203,"0"
5465,290,2,1200,"0"
1086,62,43,1204,"0"
9605,107,8,1204,"0"
21182,312,1,1227,"0"
4985,72,15,1226,"0"
1830,46,14,1214,"0"
6187.5,125,1,1212,"0"
322355.65,9796,0,1211,"0"
196466,6333,0,1220,"0"
11990,136,34,1178,"0"
8340,473,30,1175,"0"
7038.8,352,21,1205,"0"
5787,338,1,1200,"0"
3150,47,23,1213,"0"
50635.32,4679,2,1213,"0"
13860,190,8,1211,"0"
1232,51,16,1211,"0"
14303.2,707,10,1211,"0"
15990,323,31,1217,"0"
18425.2,1978,0,1213,"0"
11085.6,500,0,1212,"0"
6898,393,14,1212,"0"
56520,1681,2,1212,"0"
28986,655,2,1234,"0"
6510,82,14,1233,"0"
1750,100,36,1233,"0"
19103.8,714,9,1233,"0"
24913,307,13,1232,"0"
10720,615,22,1232,"0"
13933.4,301,49,1235,"0"
7036,216,3,1198,"0"
13048.73,316,16,1197,"0"
13650,145,37,1196,"0"
5340.4,243,21,1218,"0"
25055,315,29,1203,"0"
4121.6,184,14,1207,"0"
13411.4,717,0,1199,"0"
2109,38,23,1221,"0"
12513,712,0,1221,"0"
2648.8,342,31,1218,"0"
10605.8,500,10,1217,"0"
4621.2,214,29,1215,"0"
3698.8,225,22,1214,"0"
3120,46,21,1213,"0"
8007.6,636,20,1212,"0"
9722,646,1,1212,"0"
4860.6,380,52,1212,"1"
7556.8,604,1,1212,"0"
15699,230,6,1204,"0"
7131.8,125,30,1204,"0"
10183,233,43,1198,"0"
28308.2,479,6,1197,"0"
7525,94,42,1197,"0"
44928,1907,7,1225,"0"
6416.6,187,7,1218,"0"
2346,144,6,1218,"0"
6874,323,44,1214,"0"
3637.6,109,13,1213,"0"
8724.2,322,13,1205,"0"
6233,364,21,1203,"0"
7940,443,16,1227,"0"
39778.8,692,1,1225,"0"
21040,325,0,1218,"0"
16690,214,14,1224,"0"
805,46,1,1208,"1"
3286.8,71,6,1196,"0"
9376,420,1,1193,"0"
1786,89,6,1192,"0"
2960,166,1,1191,"0"
7455,123,28,1190,"1"
35271,1873,0,1190,"0"
1854.4,120,14,1183,"0"
8523.2,405,13,1177,"0"
8428.8,583,10,1177,"0"
2870,113,15,1175,"0"
17520.96,2819,13,1171,"0"
12934,198,6,1170,"0"
22963,321,0,1169,"0"
5089.4,319,8,1169,"0"
10270,199,9,1169,"0"
11433.2,546,7,1168,"0"
5258,249,41,1165,"0"
4224,59,56,1164,"1"
204519,9947,2,1163,"0"
8474,108,36,1162,"0"
1289,118,13,1162,"0"
9576.4,347,8,1161,"0"
5880,76,14,1161,"0"
26648.4,1646,3,1208,"0"
4288,188,50,1207,"0"
18502,294,13,1207,"0"
59277,3033,0,1206,"0"
9219.8,206,1,1205,"0"
15473,232,0,1205,"0"
3810,54,31,1204,"0"
4934.8,467,0,1200,"0"
6437.8,333,9,1197,"0"
12431,242,1,1196,"0"
4808,65,8,1193,"0"
24,3,0,1207,"1"
42907,542,0,1206,"0"
13655.95,650,0,1228,"0"
9275.83,400,9,1227,"0"
17758,601,23,1227,"0"
1317.6,77,43,1227,"0"
4360.8,150,27,1226,"0"
1410,60,24,1225,"0"
27405.1,1289,0,1225,"0"
53359.6,2222,15,1231,"0"
2127,121,31,1228,"0"
9418,130,34,1228,"0"
3061,35,37,1224,"0"
66503.6,3168,2,1224,"0"
13060,140,27,1220,"0"
8428,481,7,1220,"0"
8118.4,328,6,1220,"0"
14322.4,203,13,1219,"0"
8132,436,1,1217,"0"
1886,99,21,1217,"0"
3848,217,44,1226,"0"
7150,190,13,1224,"0"
1177,54,48,1220,"0"
7008,152,1,1220,"0"
870,50,50,1214,"0"
2839.6,132,9,1213,"0"
3062,202,23,1210,"0"
3720.2,197,43,1208,"0"
2318,122,29,1206,"0"
40203.6,1699,2,1206,"0"
7140.4,406,10,1203,"0"
6890,332,15,1199,"0"
702,13,55,1197,"1"
450,22,44,1189,"0"
65053.25,2617,2,1231,"0"
40244.2,1689,6,1225,"0"
4617.4,184,31,1222,"0"
36888,1776,9,1222,"0"
4667.6,229,14,1221,"0"
12199.2,385,3,1221,"0"
4945,56,14,1220,"0"
30928,2132,1,1219,"0"
27387.4,807,1,1218,"0"
8300,475,2,1217,"0"
141194,6239,3,1214,"0"
17158.8,830,14,1212,"0"
2344,114,38,1212,"0"
19972,332,6,1212,"0"
14904,363,2,1210,"0"
19010.6,243,20,1207,"0"
8510,117,31,1207,"0"
2244,33,27,1207,"0"
1131,17,20,1231,"0"
21209,284,27,1231,"0"
12372.2,353,6,1221,"0"
2272,162,9,1220,"0"
3877,40,0,1220,"0"
24735,281,2,1219,"0"
7020,94,6,1219,"0"
11338,252,23,1219,"0"
27774.8,1098,6,1218,"0"
58927.37,1048,0,1217,"0"
11557.2,403,22,1215,"0"
32877.75,1347,10,1214,"0"
4899.2,132,7,1214,"0"
16096.4,741,10,1231,"0"
12594,479,6,1220,"0"
4348.2,568,8,1220,"0"
27187,1195,15,1217,"0"
11662.8,1338,15,1214,"0"
938.8,61,0,1205,"1"
9240.6,367,9,1205,"0"
4492.4,226,16,1197,"0"
470,8,16,1193,"0"
12626.2,205,2,1192,"1"
5450.4,146,8,1191,"0"
18815.72,322,3,1191,"0"
11748.8,631,9,1191,"0"
23799,2156,6,1190,"0"
2838.4,79,0,1190,"0"
6845.6,312,10,1196,"0"
794.4,78,3,1211,"0"
9451.6,173,0,1210,"0"
26776.6,1020,0,1208,"0"
15118.8,741,9,1207,"0"
5108.2,221,7,1214,"0"
12322,658,7,1214,"0"
6115,85,24,1213,"0"
105646.87,1927,0,1213,"0"
5210,82,1,1211,"0"
7004,317,0,1211,"0"
67259,1624,8,1198,"0"
11203,624,1,1196,"0"
6961.6,299,3,1205,"0"
24889.2,1108,8,1203,"0"
9006.9,171,9,1211,"0"
4138.4,117,55,1208,"0"
4266,113,7,1207,"0"
11240.4,217,15,1204,"0"
2856,61,50,1199,"0"
5260,61,57,1212,"0"
2366,75,13,1208,"0"
4689,334,29,1206,"1"
60918.2,1980,1,1206,"0"
20407,849,2,1158,"0"
7878,375,29,1158,"0"
22046,348,10,1170,"0"
4376,250,38,1165,"0"
2440,28,16,1164,"0"
20369,261,2,1164,"0"
8107,288,2,1220,"0"
11776,204,20,1219,"0"
10404.8,414,0,1217,"0"
198329.4,9983,0,1217,"0"
2004,55,42,1215,"1"
7155,218,21,1214,"0"
2483.4,126,42,1134,"0"
5174,71,21,1131,"0"
10060,159,10,1128,"0"
12659.6,212,28,1123,"0"
13209.8,872,14,1186,"0"
9985,103,13,1206,"0"
34972,1356,1,1206,"0"
8962.6,115,20,1206,"0"
15621.4,238,2,1205,"0"
11962.8,166,13,1198,"0"
5241.6,245,3,1191,"0"
47719,899,9,1189,"0"
3425.96,123,13,1198,"0"
4162,234,8,1196,"0"
19302,500,3,1194,"0"
3200,183,30,1192,"1"
2748,39,1,1207,"1"
2466,134,51,1206,"0"
14654.8,264,1,1205,"0"
13621.4,639,1,1204,"0"
3800.37,72,28,1120,"0"
8406,111,21,1119,"0"
2049,41,23,1116,"0"
5419.6,256,23,1191,"0"
3107,46,0,1162,"0"
2586.8,69,51,1197,"0"
8950,260,2,1196,"0"
6630,737,3,1205,"0"
3875,331,7,1204,"0"
14524,409,9,1204,"0"
8327,396,22,1187,"0"
5115.75,131,9,1185,"0"
2195,161,50,1196,"0"
1728.8,84,55,1192,"0"
5876,288,28,1191,"0"
1591,22,44,1205,"0"
9279.6,202,8,1203,"0"
6740,89,13,1197,"0"
13292,630,0,1197,"0"
1925,35,15,1196,"0"
104709,3471,6,1194,"0"
3896,251,36,1185,"0"
9939,132,0,1183,"0"
11044,328,13,1179,"0"
13161,322,15,1176,"0"
5759,291,14,1173,"0"
9787,749,8,1172,"0"
6969.6,343,9,1171,"0"
2360.48,121,58,1219,"0"
1082,31,45,1214,"1"
2815,51,15,1157,"0"
10470,135,49,1157,"0"
1466,80,1,1157,"0"
2223,136,9,1157,"0"
260,15,43,1154,"1"
19343.6,779,8,1154,"0"
7026.4,79,22,1151,"0"
12024.6,502,6,1151,"0"
7269.6,295,8,1185,"0"
66364.8,909,2,1212,"0"
1515,21,1,1211,"0"
35957.2,1463,2,1211,"0"
34165.8,1438,16,1211,"0"
1271.4,44,48,1210,"0"
13234,176,8,1210,"0"
9048.2,285,2,1210,"0"
3217.6,154,27,1197,"0"
15640,227,7,1190,"0"
24706,499,1,1211,"0"
2962,124,30,1211,"0"
2070,39,7,996,"0"
27421.2,640,10,994,"0"
8058.6,236,30,1190,"0"
7200,254,34,1183,"0"
40429.6,3005,3,1180,"0"
18365,561,21,1190,"1"
15125.5,452,13,1190,"0"
19906.4,576,9,1186,"0"
557,32,42,1184,"0"
4120.8,146,36,1199,"0"
98000,1158,6,1198,"0"
4121.2,415,30,1198,"0"
6119.45,121,35,1197,"0"
28100,408,15,1193,"0"
2745,158,30,1198,"0"
3192,133,2,1198,"0"
16902,490,9,1197,"0"
18212.2,870,0,1185,"0"
46147,929,2,1185,"0"
68680,758,9,1185,"0"
1050,40,23,1183,"0"
13294.8,156,0,1205,"0"
7570,107,36,1205,"0"
3050,300,50,1205,"0"
9220,277,14,1205,"0"
1814,105,43,1204,"0"
11528,296,21,1203,"0"
2805.6,156,43,1206,"0"
5992.4,287,3,1206,"0"
1700,93,23,1204,"0"
6277.6,285,31,1205,"0"
5018,161,13,1205,"0"
23209.8,1054,3,1204,"0"
6730,184,51,1203,"0"
2958,105,55,1201,"0"
11056,632,13,1190,"0"
36990,608,1,1196,"0"
3772,215,21,1194,"0"
26388,369,1,1171,"0"
4876.8,243,21,1170,"0"
6876,183,20,1214,"0"
4330,119,43,1212,"0"
2870,161,28,1210,"0"
916,25,241,1206,"1"
4417.6,149,29,1150,"0"
1272.4,55,38,1149,"0"
48491.8,854,3,1148,"0"
40028.4,2203,3,1179,"0"
13818.8,406,6,1177,"0"
5471,103,30,1176,"0"
8327.8,711,3,1172,"0"
24582.8,1203,1,1182,"0"
40188.2,2282,8,1178,"0"
22710.4,1020,1,1199,"0"
870,50,2,1199,"0"
53490.2,1261,9,1198,"0"
1538.4,57,49,1197,"0"
1276.6,92,20,1197,"0"
11252,322,7,1197,"0"
22032.6,2297,22,1196,"0"
6502.4,200,30,1194,"0"
4255.4,86,6,1193,"0"
1080.4,91,15,1193,"0"
7202.4,369,20,1193,"0"
6828.2,628,8,1192,"0"
16215,183,0,1191,"0"
11349.8,540,6,1191,"0"
3156,122,36,1107,"0"
9770,111,20,987,"0"
32791,870,3,1186,"0"
990,57,24,1149,"0"
6005,343,23,1148,"0"
10858.4,809,1,1199,"0"
4893.6,203,49,1198,"0"
8525.6,744,3,1197,"0"
2386.8,133,35,1194,"0"
9431,515,52,1194,"0"
16884.8,639,6,1194,"0"
15744.2,632,8,1193,"0"
23301.6,980,7,1165,"0"
22318.8,336,7,1165,"0"
5240,73,24,1163,"0"
7858.6,373,13,1143,"0"
41255.8,1175,2,1192,"0"
37692.5,852,10,1192,"0"
1054,17,6,1189,"0"
5860,119,0,1189,"0"
9923.6,366,16,1185,"0"
11122,565,3,1179,"0"
14819.98,611,0,1178,"0"
64984,2429,6,1176,"0"
38278,495,13,1175,"0"
4916,75,21,1172,"0"
4313,246,35,1170,"0"
19515,1286,55,1170,"0"
35712.4,1466,1,1199,"0"
73296.6,1410,0,1198,"0"
10235.4,151,34,1198,"0"
6312.4,303,30,1198,"0"
10287,307,24,1197,"0"
44157.8,1513,3,1197,"0"
18081,190,9,1193,"0"
2392,125,1,1193,"0"
3554,202,3,1189,"0"
720,31,13,1191,"1"
1750,78,49,1189,"0"
10849,138,13,1189,"0"
1639,96,42,1189,"0"
8361,342,58,1176,"0"
8481.2,174,20,1205,"0"
78391.8,2020,8,1204,"0"
1725,106,23,1204,"0"
49669.34,1662,3,1204,"0"
51981.55,1539,3,1204,"0"
18495.6,633,6,1179,"0"
11356.6,416,3,1175,"0"
26627,1108,0,1172,"0"
12416.6,419,0,1171,"0"
11449.6,305,6,1170,"0"
17140.2,385,15,1169,"0"
9268.4,500,1,1169,"0"
1716,47,1,1183,"0"
3153,68,15,1179,"0"
3999,190,55,1177,"0"
2811,159,3,1190,"0"
25588,2322,0,1184,"0"
7692,105,34,1192,"0"
7127.6,126,9,1191,"0"
2466,69,50,1190,"0"
43781.8,862,6,1189,"0"
98787,3405,3,1154,"0"
1473.2,83,1,1151,"0"
4758.8,142,29,1143,"0"
6824,199,3,1138,"0"
43849,2468,6,1203,"0"
4143,53,14,1201,"0"
1905,88,27,1200,"0"
7939.2,275,36,1200,"0"
7836.45,193,30,1200,"0"
7446.6,415,20,1199,"0"
22505.8,364,6,1196,"0"
44003.55,981,1,1193,"0"
1135,32,20,1193,"1"
4615,62,34,1192,"0"
3486,215,34,1192,"0"
2564,120,0,1187,"0"
24244,727,7,1173,"0"
31781.79,885,1,1170,"0"
6723,117,20,1184,"0"
53027,718,6,1171,"0"
3276,187,22,1171,"0"
527580,30439,0,1185,"0"
12313,243,15,1185,"0"
27699,1517,20,1184,"0"
4432,69,27,1183,"0"
8026,258,6,1196,"0"
12766.4,431,22,1193,"1"
3640,37,35,1193,"0"
1450,17,2,1190,"0"
2273,108,50,1190,"0"
4889.6,151,8,1177,"0"
7200,240,43,1176,"0"
6127.6,186,1,1172,"0"
7005.2,477,1,1185,"0"
17351.6,589,1,1185,"0"
1525,18,22,1185,"0"
4312,246,8,1198,"0"
4715.23,90,9,1197,"0"
3596,103,29,1196,"0"
14621.8,449,7,1196,"0"
7038,161,44,1192,"0"
5151.2,238,14,1143,"0"
14546,530,15,1175,"0"
35462.55,881,10,1175,"0"
336623.8,5814,2,1172,"0"
7861.9,451,8,1170,"0"
8535,105,6,1190,"0"
25693.6,1238,2,1184,"0"
8757,254,1,1184,"0"
4610,65,23,1184,"0"
6919.2,307,37,1183,"0"
12153.8,297,1,1171,"0"
1249.6,59,2,1170,"0"
7756,299,20,1169,"0"
4320,221,2,1168,"0"
12731.8,624,8,1168,"0"
4273.6,142,34,1185,"0"
16479.2,1169,0,1185,"0"
10615,127,23,1184,"0"
22546,1113,2,1168,"0"
1335,17,42,1140,"0"
1204,53,50,1136,"0"
8058,795,22,1135,"0"
10673,570,3,1135,"0"
11836,196,0,1179,"0"
57960,5836,9,1179,"0"
6343,106,7,1178,"0"
8886,513,29,1186,"0"
2878,83,8,1182,"0"
24396,358,6,1164,"0"
3534.8,182,22,1165,"0"
7928,336,3,1165,"0"
4482.4,424,29,1165,"0"
47546,2035,0,1163,"0"
7855.4,477,45,1163,"0"
21894.54,505,13,1184,"0"
2294.8,73,23,1182,"0"
3877.2,190,2,1088,"0"
22647,735,14,1141,"0"
10320,114,15,1140,"0"
12024.4,502,13,1140,"0"
16947,200,1,1179,"0"
15448,233,7,1178,"0"
1981,192,52,1177,"0"
5255.2,150,22,1177,"0"
3369.6,170,31,1177,"0"
8575,90,23,1175,"1"
12466.4,351,13,1165,"0"
6824,195,1,1163,"0"
15860,423,10,1163,"0"
3224,88,8,1162,"0"
13065,154,45,1176,"0"
4397.6,221,44,1176,"0"
1760,100,34,1171,"0"
4890,272,21,1169,"0"
8385,98,22,1168,"0"
15178.2,547,1,1169,"0"
294830.25,13607,1,1182,"0"
25084,664,9,1179,"0"
3101.6,123,1,1179,"1"
11732,558,3,1179,"0"
17134,639,29,1177,"0"
9716,181,1,1177,"0"
17937.5,645,22,1176,"0"
3793.2,103,29,1133,"0"
1048,27,1,1133,"0"
3463,149,3,1131,"0"
2002,98,2,1131,"0"
4004.2,194,24,1131,"0"
2650.8,115,31,1130,"0"
13921,290,8,1129,"0"
1965,20,15,1154,"0"
6688,881,7,1154,"1"
8623.4,204,8,1150,"0"
5122.8,254,2,1149,"0"
532.8,23,21,1179,"0"
30001.4,1078,1,1177,"0"
8836,309,6,1177,"0"
25824,441,0,1176,"0"
15913,547,7,1175,"0"
9064,452,23,1175,"0"
13123,1010,9,1172,"0"
3464,107,14,1185,"0"
11672.4,378,45,1184,"0"
20039.2,404,8,1180,"0"
57388,4017,2,1177,"0"
1753.8,38,44,1177,"0"
115584.2,5037,1,1186,"0"
18161,867,0,1186,"0"
6895,85,6,1186,"0"
2670,40,38,1186,"0"
21656,663,0,1185,"0"
11694.6,529,10,1183,"0"
45530,526,2,1182,"0"
11162,385,7,1164,"0"
2782,93,16,1176,"0"
10794,309,13,1175,"0"
10127.6,384,9,1190,"0"
4299,250,13,1184,"0"
23333.8,786,14,1183,"0"
1580,47,59,1183,"0"
2368,124,35,1182,"0"
2854,82,3,1151,"0"
3636.8,98,57,1151,"0"
13070,515,0,1150,"0"
1851.2,73,7,1154,"0"
1555.4,171,30,1154,"0"
3475,114,51,1186,"0"
7580,127,9,1184,"0"
14751.64,513,10,1183,"0"
1231,41,48,1172,"0"
9972,886,65,1171,"0"
22165,1006,14,1165,"0"
118135,1509,1,1164,"0"
21150.6,924,2,1155,"0"
14934.2,190,8,1155,"0"
27488.8,1054,16,1150,"0"
30181,395,13,1149,"0"
14275,157,9,1143,"0"
6703,245,43,1141,"1"
43311.2,1994,3,1140,"0"
4382.8,213,9,1140,"0"
15393,200,7,1155,"0"
17752.8,541,24,1152,"0"
3969,353,38,1172,"0"
22315,274,31,1170,"0"
8951.8,602,34,1170,"0"
3941.4,424,15,1170,"0"
11345.6,259,1,1169,"0"
5145.6,287,1,1169,"0"
9670.6,720,7,1168,"0"
14664,195,21,1178,"0"
14977.33,271,2,1178,"0"
8064.2,404,1,1168,"0"
38133,1067,3,1173,"0"
22159.2,358,0,1171,"0"
11030.8,458,1,1170,"0"
3928,68,29,1169,"0"
17769.2,865,9,1169,"0"
5184.4,242,21,1144,"0"
5288,344,7,1154,"0"
21286.8,468,14,1154,"0"
6175,85,30,1151,"0"
15605.6,469,6,1150,"0"
1266,17,50,1150,"1"
36500,522,6,1149,"0"
951,16,35,1175,"0"
1550,20,23,1172,"0"
7860,262,16,1178,"0"
135486,3936,7,1178,"0"
1282,22,29,1177,"0"
3335,41,23,1172,"0"
1870,30,14,1128,"0"
420,18,22,1128,"0"
5020,80,1,1127,"0"
42570.31,859,9,1177,"0"
1386.4,76,0,1168,"0"
41181.4,1709,9,1161,"0"
5470.4,173,8,1155,"0"
42094.6,1118,14,1155,"0"
4898.4,140,24,1154,"0"
3563.6,102,36,1151,"0"
18680,570,14,1151,"0"
2700,114,22,1172,"0"
3813.2,70,38,1170,"0"
74721.3,950,9,1169,"0"
10002,128,51,1165,"0"
16730.8,398,6,1161,"0"
14453.2,411,6,1176,"0"
3932,96,41,1175,"0"
47385,4343,1,1173,"0"
19105.61,549,7,1142,"0"
10627.6,228,9,1142,"0"
12305,522,44,1166,"0"
1248,71,45,1165,"0"
5820,135,41,1165,"0"
6108.2,253,55,1159,"0"
7414.8,291,41,1158,"0"
3701.4,146,6,1156,"0"
3741.4,109,9,1154,"0"
2674,77,1,1162,"0"
12674.4,504,30,1147,"0"
3943.8,270,22,1158,"0"
13697.4,158,9,1165,"0"
6398.4,165,7,1163,"0"
2828,293,27,1158,"0"
174933.9,7669,1,1164,"0"
82969.65,2788,6,1164,"0"
62432.4,2332,13,1164,"0"
473,13,42,1164,"0"
9340,827,3,1158,"0"
1699.2,90,2,1157,"0"
14324,496,2,1157,"0"
20458,229,3,1142,"0"
3086,177,9,1141,"0"
1428,34,59,1159,"0"
5994,189,38,1168,"0"
16133,629,15,1148,"0"
10088,469,0,1147,"0"
3322,141,55,1147,"0"
5308,305,36,1147,"0"
16287.6,552,6,1172,"0"
13641,281,8,1170,"0"
73329,798,8,1168,"0"
13143,208,7,1164,"0"
2934,168,14,1164,"0"
11486,215,49,1164,"1"
3309.4,152,58,1164,"0"
29039,468,9,1163,"0"
7170.4,184,21,1162,"0"
5455,63,14,1170,"0"
18070.2,669,10,1169,"0"
9373.8,126,14,1168,"0"
10725.4,219,22,1165,"0"
6719.6,289,14,1165,"0"
2945,55,52,1164,"0"
6227.8,165,21,1164,"0"
6999.2,179,14,1150,"0"
6547,379,49,1148,"0"
9683.16,494,1,1141,"0"
90364.4,3181,3,1164,"0"
35282,406,9,1163,"0"
29053,1431,10,1163,"0"
15677,183,31,1162,"0"
2412,130,7,1161,"0"
5385,67,27,1161,"0"
7426.8,399,27,1155,"0"
14568,417,9,1155,"0"
3780.8,168,56,1154,"0"
2730,38,16,1148,"0"
2041.85,45,28,1176,"0"
10076.4,341,0,1172,"0"
2582,150,16,1157,"0"
7702,417,14,1155,"0"
25601.53,1832,7,1149,"0"
58225,1077,8,1163,"0"
59346,738,7,1162,"0"
25556.2,1109,3,1162,"0"
4170,197,57,1122,"0"
10206,536,27,1129,"0"
1178,54,50,1143,"0"
3476,49,6,1151,"0"
2885,37,48,1150,"0"
63373.2,2761,2,1149,"0"
1723.6,74,36,1149,"0"
19161.5,376,13,1158,"0"
14462,832,3,1098,"0"
2418.6,260,21,1144,"0"
572083.6,39613,0,1144,"0"
17338.8,303,15,1143,"0"
11825,150,1,1143,"0"
11825,550,6,1143,"0"
8977.8,429,41,1154,"0"
15103.8,797,0,1150,"0"
3550,80,8,1155,"0"
10057.6,385,16,1113,"0"
5278.6,257,0,1108,"0"
16325.55,1116,0,1108,"0"
24596.33,565,1,1156,"0"
8531.6,222,34,1155,"0"
13043.6,581,0,1154,"0"
2228.4,237,14,1151,"0"
8685.2,916,0,1151,"0"
18661,1492,8,1151,"0"
27190,336,1,1151,"0"
1854.2,178,1,1138,"0"
5209,192,7,1137,"0"
3860,54,5,1169,"0"
4372.45,135,30,1169,"0"
14624.8,431,7,1169,"0"
3755,119,35,1165,"0"
13479,778,28,1164,"0"
66453.65,1604,0,1163,"0"
2935.6,101,48,1163,"0"
36387.05,966,0,1163,"0"
3645,49,27,1156,"0"
14855,195,0,1154,"0"
20825,302,13,1154,"0"
12566.6,637,3,1149,"0"
35402,1167,2,1164,"0"
3163,43,49,1163,"0"
24766,369,2,1163,"0"
240213.6,8385,1,1163,"0"
9013.4,331,23,1162,"0"
14883.61,371,0,1162,"0"
8314,99,20,1162,"0"
14465.52,453,0,1161,"0"
13640,171,10,1161,"0"
25101.6,311,21,1158,"0"
1594,77,8,1147,"0"
2644,75,30,1135,"0"
4464,54,22,1155,"0"
8283.6,328,2,1143,"0"
16887.2,1231,1,1143,"0"
5124.4,512,16,1141,"0"
11544,1110,21,1141,"0"
13918.2,966,27,1130,"0"
26755,399,16,1141,"0"
22681,1476,0,1140,"0"
60142,1956,0,1140,"0"
12393.4,296,1,1137,"0"
6047,214,23,1147,"0"
3163,318,10,1147,"0"
8137.2,443,13,1145,"0"
205557,12750,6,1128,"0"
52690,761,9,1126,"0"
16303,321,6,1141,"0"
11978.8,579,23,1137,"0"
2705,53,44,1145,"0"
7088.4,610,6,1143,"0"
5590,625,41,1142,"0"
37174.25,1344,6,1147,"0"
12865,231,0,1142,"0"
14484.43,358,2,1144,"0"
6436.2,214,10,1142,"0"
12970,383,20,1142,"0"
1072.87,33,55,1091,"0"
14647.6,283,0,1155,"0"
12902.8,455,2,1154,"0"
12698.8,394,27,1151,"0"
2684.4,85,50,1150,"0"
8667.8,338,31,1135,"0"
9790,108,8,1134,"0"
906,46,28,1105,"0"
4230,68,24,1105,"0"
16502,547,0,1141,"0"
7320,191,56,1141,"0"
99409.4,3818,0,1141,"0"
5023.6,226,56,1141,"0"
5154,71,45,1148,"0"
2710,42,36,1144,"0"
34637.05,6829,1,1144,"0"
3823.6,388,9,1142,"0"
8198.8,320,0,1141,"0"
18303.2,478,9,1135,"0"
25543,931,13,1134,"0"
6418.4,231,37,1140,"0"
117311.14,3081,2,1158,"0"
22365,230,13,1152,"0"
16037,651,13,1151,"0"
8835,121,8,1151,"0"
3197,182,36,1138,"0"
13288,500,0,1138,"0"
3532.4,143,31,1137,"0"
12931,294,6,1133,"0"
3080,38,55,1129,"0"
5374.6,240,1,1129,"0"
7107.6,251,3,1128,"0"
31551,1131,34,1127,"0"
7469.6,342,24,1126,"0"
52318.2,2515,0,1144,"0"
1778.4,134,16,1143,"0"
906.2,47,28,1142,"1"
614,43,44,1133,"0"
1159,67,51,1134,"0"
16419.2,768,8,1147,"0"
33254,681,0,1144,"0"
26919,332,6,1143,"0"
16771.2,872,3,1143,"0"
8770.8,413,6,1142,"0"
986,56,31,1134,"0"
15674.4,741,0,1130,"0"
4160.2,141,2,1131,"0"
8848,237,28,1130,"0"
7700.8,102,13,1141,"0"
16673,764,2,1148,"0"
4312,187,1,1147,"0"
18317.8,711,1,1147,"0"
26073,324,6,1143,"0"
7755,112,21,1140,"0"
15898,273,1,1137,"0"
435,14,48,1081,"0"
1991.8,206,3,1130,"0"
1026.8,41,28,1130,"1"
3153.2,150,27,1129,"0"
11055,156,8,1126,"0"
64254.6,1129,8,1135,"0"
4475,253,3,1134,"0"
19320,244,2,1100,"0"
4239.2,173,56,1144,"0"
3428,202,14,1142,"0"
10520,127,15,1128,"0"
37846,980,6,1157,"0"
16330,326,1,1157,"0"
543,13,50,1157,"1"
10107,284,7,1157,"0"
14807.4,347,14,1157,"1"
6794,376,6,1157,"0"
4419,131,44,1155,"0"
6818.4,135,16,1152,"0"
19571.3,718,20,1150,"0"
205818.63,6972,1,1148,"0"
25585.4,843,6,1143,"0"
8597.4,197,6,1122,"0"
23438.6,2022,2,1126,"0"
20554,1215,2,1122,"0"
5003,266,20,969,"0"
7244,368,6,968,"0"
16330,165,10,1135,"0"
1692,30,21,1134,"0"
6792,256,2,1141,"0"
12739,173,0,1138,"0"
8085,175,10,1129,"0"
7529,90,8,1128,"0"
2770,42,41,1128,"0"
3517,201,24,1127,"0"
36810.4,1718,24,1123,"0"
5577,78,43,1121,"0"
2554,254,8,1080,"1"
17949,263,2,1137,"0"
7652,354,12,1136,"0"
28691,879,1,1136,"0"
5999.4,420,15,1135,"0"
15762,1254,10,1135,"0"
45600,575,0,1142,"0"
2477.8,52,51,1140,"0"
8755,120,29,1140,"0"
3121,180,21,1137,"0"
10640,596,37,1098,"0"
52703.2,2462,3,1095,"0"
4248.2,309,20,1095,"0"
30965.6,904,1,1128,"0"
10363,302,52,1128,"0"
835.2,40,14,1127,"0"
6708,178,30,1133,"0"
52612.38,5857,8,1130,"0"
4779.2,213,3,1134,"0"
4670,55,29,1147,"0"
7582,666,8,1144,"0"
2360,34,29,1144,"0"
3052,164,36,1119,"0"
14235,737,6,1119,"0"
16510,279,14,1116,"0"
14067.6,1536,9,1116,"0"
21213.5,2136,13,1115,"0"
5554.4,293,2,1115,"0"
7708,238,20,1114,"0"
3630,205,23,1121,"0"
5883,252,6,1121,"0"
3662.6,178,10,1119,"0"
13989.4,1108,3,1119,"0"
984,15,27,1116,"0"
745.2,34,21,1136,"0"
24561,1900,8,1122,"0"
6418.6,204,8,1130,"0"
28974.35,744,3,1128,"0"
4723,386,38,1078,"0"
16033.6,854,8,1108,"0"
771,12,28,1122,"0"
32035,386,8,1120,"0"
9980.4,529,13,1087,"0"
8129.4,163,21,1085,"0"
8678.61,196,20,1084,"0"
3960.8,380,27,1081,"0"
1397.8,47,14,1081,"1"
57969,809,9,1136,"0"
8101.6,371,7,1134,"0"
20901,339,29,1133,"0"
21738.4,573,1,1140,"0"
40738.8,2008,0,1137,"0"
12843.4,315,15,1135,"0"
7489,115,23,1134,"0"
2472,141,22,1126,"0"
6234,177,15,1124,"0"
9478.8,739,2,1123,"0"
9306.8,382,15,1121,"0"
14005.4,609,3,1136,"0"
36825,2520,1,1134,"0"
15130,172,16,1134,"0"
30629.45,871,1,1130,"0"
6828,397,27,1129,"0"
43965.6,1641,1,1129,"0"
7194,414,2,1129,"0"
4162,249,43,1122,"0"
810.4,40,27,1138,"0"
2151.09,56,56,1138,"0"
2215,21,22,1137,"0"
128874,4972,10,1141,"0"
15867.55,453,1,1141,"0"
2226.46,75,28,1140,"0"
11650.4,170,20,1123,"0"
7180,442,2,1120,"0"
4983.2,105,6,1120,"0"
5497,106,3,1120,"0"
2148,114,23,1127,"0"
39832,1710,2,1126,"0"
11749.2,539,14,1126,"0"
207263,4704,6,932,"0"
3981.6,110,35,1119,"0"
7179,385,3,1126,"0"
6273,237,20,1120,"0"
43881,1038,2,1116,"0"
7388.4,764,1,1112,"0"
11674,535,6,1116,"0"
4904,190,29,1116,"0"
7993,248,20,1114,"0"
12214,161,13,1112,"0"
69220.6,3685,6,1112,"0"
6030,85,6,1112,"0"
2659.6,299,15,1112,"0"
5222.2,488,9,1107,"0"
1103,64,27,1105,"0"
6253.2,301,8,1116,"0"
13900,418,15,1115,"0"
13775,148,9,1115,"0"
23957,438,22,1112,"0"
10200,130,8,1114,"0"
2662.4,238,1,1112,"0"
4824,454,51,1112,"0"
40535.39,2071,10,1112,"0"
5169,148,44,1128,"0"
15147.33,306,1,1128,"0"
4982.6,227,2,1127,"0"
2655,31,27,1127,"0"
3996,172,22,1127,"0"
3875,45,50,1126,"1"
6807,295,20,1126,"0"
4403.4,218,0,1124,"0"
2385,62,8,1123,"0"
5398,155,16,1122,"0"
23113.4,693,6,1134,"0"
187768.7,5709,1,1134,"0"
5704.8,208,7,1133,"0"
4892.2,168,7,1133,"0"
6643,242,34,1130,"0"
7447.8,138,30,1129,"0"
2885,35,55,1080,"0"
10120,103,31,1079,"0"
1535,19,9,1079,"0"
134441,1681,0,1078,"0"
4695,66,36,1074,"0"
1809,74,21,1072,"0"
9733,232,37,1072,"0"
62378.15,3278,6,1071,"0"
16765,202,13,1116,"0"
5075,76,24,1116,"0"
7130,99,20,1115,"0"
5550,242,10,1115,"0"
2134,31,29,1115,"0"
778,30,51,1115,"0"
15523.8,372,7,1113,"0"
21820.85,689,1,1113,"0"
2082.6,86,31,1113,"0"
18302.8,839,1,1113,"0"
13018,815,20,1112,"0"
6232,147,20,1126,"0"
8275,223,21,1124,"0"
5243,220,6,1123,"0"
4448,180,27,1123,"0"
7944.2,370,9,1123,"0"
16544.4,532,8,1122,"0"
36754.6,1596,0,1122,"0"
23115.6,983,6,1122,"0"
3049,131,8,1116,"0"
5655,72,49,1116,"0"
29911.1,524,15,1134,"1"
2802.4,82,22,1134,"0"
2162.4,140,51,1135,"0"
4936,258,0,1135,"0"
9510.8,524,34,1134,"0"
4400,220,36,1134,"0"
2082.4,208,3,1133,"0"
3960,58,7,1133,"0"
12624.4,363,20,1133,"0"
2295,32,24,1133,"0"
15052.6,794,30,1130,"0"
5380,66,14,1130,"0"
23265,296,3,1127,"0"
3042.8,153,36,1126,"0"
10299.6,319,28,1126,"0"
7980.08,213,8,1129,"0"
1800,50,20,1133,"0"
23795,1657,8,1133,"0"
5264.6,175,9,1130,"0"
3843.36,238,7,1102,"0"
24988.4,1701,7,1100,"0"
6980,96,15,1099,"0"
52007.4,1465,3,1099,"0"
25939.6,1313,0,1112,"0"
4903.4,243,1,1105,"0"
4259.4,209,23,1102,"0"
6309,98,24,1116,"0"
28896,3663,1,1109,"0"
8037.2,9227,3,1108,"0"
3655,52,24,1108,"0"
20085.4,641,10,1127,"0"
1323.8,55,23,1126,"0"
7966.39,221,13,1121,"0"
10002,199,6,1117,"0"
4624,276,3,1113,"0"
12590,288,1,1128,"0"
7558,345,41,1128,"0"
5449.8,277,30,1128,"0"
42815,616,0,1127,"0"
9855,148,2,1113,"0"
21402,236,8,1113,"0"
5117,74,2,1102,"0"
98885,1929,0,1098,"0"
9324,157,1,1094,"0"
2305,31,57,1088,"0"
10667.6,422,2,1108,"0"
1595,36,9,1123,"0"
4128.6,78,29,1126,"0"
27865.2,452,3,1123,"0"
11441,136,7,1123,"0"
15652,865,13,1120,"0"
21262,412,15,1119,"0"
3611280,114032,1,1119,"0"
3128.4,170,6,1119,"0"
7767.2,361,55,1108,"0"
2737,138,8,1102,"0"
12570.6,347,1,1059,"0"
5439.8,74,1,1058,"0"
12362,450,9,1121,"0"
8164,407,14,1120,"0"
9198,527,7,1119,"0"
36856,553,8,1119,"0"
2915,35,28,1119,"0"
14736.4,637,8,1116,"0"
2625,32,42,1124,"0"
9472,942,35,1123,"0"
18150.8,556,24,1122,"0"
246,6,21,1122,"0"
14257.6,762,0,1115,"0"
4968.65,122,16,1114,"0"
6157.6,170,38,1121,"0"
13133,444,10,1121,"0"
6111.8,638,21,1120,"0"
4254,165,43,1119,"0"
8343,280,30,1127,"0"
18503.5,379,0,1127,"0"
266,16,1,1126,"0"
9132.8,506,2,1122,"0"
10811.2,632,10,1120,"0"
30799,390,6,1126,"0"
4770,146,22,1126,"1"
10768,126,8,1126,"0"
8226.8,349,14,1122,"0"
570,30,43,1119,"0"
14155,166,27,1119,"0"
951,19,15,1119,"0"
2449,92,14,1115,"0"
10416.4,505,9,1115,"0"
40072.2,1373,1,1114,"0"
1280279,69744,1,1114,"0"
3668,203,30,1113,"0"
12750,339,24,1108,"0"
14825.4,719,7,1121,"0"
11428.8,544,6,1119,"0"
44631,951,0,918,"0"
26261.2,516,2,1094,"0"
15811.2,1690,3,1092,"0"
17180.4,1062,1,1091,"0"
9795.4,805,10,1091,"0"
3559.6,158,56,1088,"0"
1280.4,55,8,1099,"0"
1895.2,78,8,1098,"0"
3365.11,80,10,1077,"0"
6038,106,10,1107,"0"
18340,220,20,1101,"0"
19489,274,7,1100,"0"
11320,167,22,1085,"0"
4450,53,55,1081,"0"
7599,293,1,1080,"0"
6581,329,15,1079,"0"
9302.6,318,0,1113,"0"
15010,595,15,1110,"0"
4005,56,28,1107,"0"
749,11,50,1100,"0"
9031.2,457,9,1114,"0"
158253.5,5292,1,1101,"0"
9941.6,264,16,1100,"0"
40066,916,5,1098,"0"
610.4,20,20,1123,"1"
50194.4,1453,1,1123,"0"
5120,358,3,1116,"0"
12810,165,2,1115,"0"
7462.2,124,7,1114,"0"
4943.6,165,30,1112,"0"
9878.4,298,21,1108,"0"
20886.6,498,0,1057,"0"
7543,357,6,1057,"0"
3586,187,7,1049,"0"
23855,284,3,1046,"0"
28450.4,1209,1,1046,"0"
21833.6,1025,6,1119,"0"
2838.4,98,8,1116,"0"
8178,142,29,1114,"0"
1486.4,59,13,1108,"0"
9561,271,13,1114,"0"
5336,247,3,1112,"0"
1681,33,14,1102,"0"
22247.6,348,0,1100,"0"
58061.45,3165,8,1098,"0"
3964,160,55,1095,"0"
6823,334,6,1119,"0"
3893,219,3,1116,"0"
8670,104,0,1112,"0"
6140,176,49,1119,"0"
1395.6,67,24,1116,"0"
12938.55,612,2,1115,"0"
16302.8,674,7,1115,"0"
6943,367,7,1114,"0"
4440,79,71,1114,"1"
2514.8,109,27,1108,"0"
20117,494,16,1117,"0"
3908.8,210,21,1115,"0"
1318,35,57,1112,"0"
1806.4,190,45,1084,"0"
44782.75,1714,1,1088,"0"
5713,125,23,1086,"0"
19647.97,799,8,1085,"0"
19206.6,641,8,1099,"0"
4404.2,189,21,1099,"0"
2400,70,9,1098,"0"
21672.07,727,7,1089,"0"
4905,67,41,1098,"1"
1656,20,6,1094,"0"
15957.2,872,6,1091,"0"
9466,306,37,1105,"0"
3521.6,167,43,1105,"0"
854.2,31,29,1101,"0"
19668.35,527,2,1100,"0"
10170,167,9,1071,"0"
7320,141,57,1066,"0"
2496,45,14,1099,"0"
66733,3352,3,1092,"0"
4004.8,169,1,1091,"0"
3052,145,34,1090,"0"
4595.6,146,42,1093,"0"
17052,277,0,1107,"0"
15685,206,20,1107,"0"
18768.6,389,6,1107,"0"
13498,184,56,1115,"0"
12782.8,403,0,1114,"0"
60803.8,5874,6,1113,"0"
7712,359,21,1105,"0"
9170,122,23,1101,"0"
6648.6,309,1,1100,"0"
41911,1935,0,1100,"0"
2880,126,37,1099,"0"
1304,48,16,1099,"1"
849.2,15,34,1093,"0"
39970.2,475,3,1093,"0"
53725,2948,2,1091,"0"
19714,368,24,1088,"0"
6309,309,7,1045,"0"
17569,253,1,1045,"0"
73249.8,2496,15,1045,"0"
9246.65,229,2,1044,"0"
33782.8,1876,2,1043,"0"
3128,93,28,1059,"0"
8170.4,229,15,1114,"0"
2581,149,28,1113,"0"
3171,143,43,1112,"0"
4526.4,118,59,1112,"0"
23917.37,837,6,1109,"0"
2475,50,29,1108,"0"
4077,199,31,1094,"0"
30006,1337,28,1092,"0"
2605,41,8,1086,"0"
2025,36,21,1112,"0"
5265,218,21,1107,"0"
2370.8,150,43,1107,"0"
2324,114,28,1107,"0"
5480,72,10,1099,"0"
17422.6,811,0,1113,"0"
20066,243,6,1112,"0"
28700,476,6,1109,"0"
19312.22,1099,6,1108,"0"
587,28,55,1108,"0"
30678.6,2834,0,1113,"0"
2680.6,139,45,1112,"0"
4716.8,415,0,1080,"0"
26773.2,1246,1,1080,"0"
60016,3680,0,1079,"0"
25885.2,1165,8,1079,"0"
74154,4365,0,1078,"0"
12692,565,8,1078,"0"
2585,147,35,1107,"0"
5760,166,1,1106,"0"
13034.2,426,6,1101,"0"
4202.4,182,3,1078,"0"
2490.6,171,20,1077,"0"
16637,743,9,1070,"0"
6265,334,8,1094,"1"
34600,3463,0,1091,"0"
1921,57,0,1087,"0"
40835,451,13,1087,"0"
29142,388,0,1085,"0"
6158.6,316,14,1085,"0"
11866.8,386,56,1085,"0"
11476,268,3,1084,"0"
24423.6,1073,31,1081,"0"
14813,417,1,1098,"0"
4413,249,16,1084,"0"
55813.4,1897,1,1086,"0"
16652.4,480,1,1081,"0"
16850,213,10,1080,"0"
124227.6,3541,0,1079,"0"
4562,183,2,1063,"0"
4851,82,20,1060,"0"
1698.4,78,51,1105,"0"
8078.8,116,23,1105,"0"
1209,60,31,1102,"0"
4945,49,37,1102,"0"
8538.88,224,8,1101,"0"
2222.4,72,58,1101,"0"
20014.4,2123,24,1108,"0"
8150,103,8,1106,"0"
5115.6,566,7,1105,"0"
3346,113,51,1105,"0"
24907.64,1804,3,1102,"0"
6879,272,1,1101,"0"
2470,76,51,1101,"1"
16965,1805,44,1101,"0"
8697,629,6,1101,"0"
5989.2,277,35,1099,"0"
584,16,48,1098,"1"
2296,132,8,1085,"0"
11062,154,28,1084,"0"
5275.2,328,8,1107,"0"
15022,427,13,1101,"0"
1144,43,23,1099,"0"
4659.17,90,6,1098,"0"
44267.88,1366,9,1098,"0"
3048.4,151,41,1096,"0"
14829.2,661,13,1091,"0"
68201.2,1844,0,1087,"0"
53142.3,2409,0,1086,"0"
15050,640,0,1095,"0"
3215,183,9,1092,"0"
1400,22,49,1052,"0"
46022,1646,6,1051,"0"
6839.8,319,10,1040,"0"
13355,766,7,1039,"0"
4540.4,203,0,1095,"0"
19115,268,7,1095,"0"
2739,109,0,1095,"0"
1067,29,1,1094,"1"
54989,642,0,1085,"0"
12330.8,501,1,1101,"0"
4764.4,184,20,1086,"0"
3349,163,28,1085,"0"
10606.17,9038,16,1080,"0"
7578,315,9,1078,"0"
109393.3,6924,6,1077,"0"
11600,163,22,1073,"0"
6103.4,102,14,1073,"0"
6287,361,45,1084,"0"
11071,365,13,1103,"0"
86435.2,1907,3,903,"0"
16888.2,487,0,1099,"0"
22616.76,629,2,1098,"0"
19963.2,1023,2,1073,"0"
12852.86,1003,2,1073,"0"
46261,1275,1,1072,"0"
14870,179,1,1072,"0"
26957.6,1174,13,1040,"0"
11939.2,806,8,1039,"0"
1375,32,20,1093,"1"
21748.85,1081,21,1067,"0"
1856,104,44,1066,"0"
2491,143,56,1065,"0"
4382.2,149,22,1089,"0"
1747,34,38,1086,"0"
10185.6,401,9,1078,"0"
4975.2,233,27,1077,"0"
7043.4,115,29,1072,"0"
12398.4,302,8,1070,"0"
60470,691,1,1067,"0"
18950,224,8,1057,"0"
3174.2,176,23,1036,"0"
33464,1179,1,1035,"0"
2979.2,132,24,1086,"0"
8405,106,57,1086,"0"
1223,75,31,1084,"0"
14136.8,600,8,1081,"0"
15140,168,6,1097,"0"
1059,25,40,1096,"0"
6370,324,2,1091,"0"
5760.4,197,20,1079,"0"
332.41,8,20,1100,"0"
39681,1211,22,1100,"0"
6807.7,1088,44,1081,"0"
64464.8,3576,6,1098,"0"
26806,1908,6,1098,"0"
43757.8,1912,6,1094,"0"
3880,46,22,1094,"0"
7782,224,1,1098,"0"
9528.2,235,41,1098,"0"
10396,101,14,1095,"0"
3572.4,192,29,1071,"0"
18089.4,947,16,1065,"0"
14580,800,2,1065,"0"
9956.8,530,23,1060,"0"
14596.2,1609,9,1059,"0"
5961,83,37,1057,"1"
5325,72,3,1046,"0"
72476.6,1930,8,1078,"0"
1285.4,67,13,1078,"0"
2970.6,94,7,1078,"0"
4916,149,14,1077,"0"
18474.6,423,3,1077,"0"
3062,137,49,1088,"0"
2774.4,258,13,1088,"0"
9090.6,481,7,1087,"0"
5890,65,38,1087,"0"
17935,244,7,1086,"0"
2775,155,7,1085,"0"
14415,295,3,1084,"0"
8261.24,145,20,1084,"0"
36228.2,1226,0,1081,"0"
5210,257,31,1080,"0"
2542.4,123,30,1078,"0"
5922.5,243,49,1032,"0"
1024,59,37,1030,"0"
21208.4,471,0,1030,"0"
6125,80,9,1028,"0"
29242.2,1428,35,1074,"0"
6417,307,9,1073,"0"
2645,31,42,1072,"0"
3390.6,183,9,1067,"0"
14454,834,24,1066,"0"
1661,91,8,1065,"0"
13863.2,660,38,1065,"0"
11612,659,7,1064,"0"
5729,276,49,1064,"0"
6644,97,14,1070,"0"
28041.6,1231,51,1066,"0"
15070,490,31,1080,"0"
3809,44,43,1079,"1"
988,43,23,1078,"0"
15778,719,10,1077,"0"
5000.2,126,48,1077,"0"
3645,50,44,1085,"0"
4980.6,226,31,1072,"0"
15174,691,3,1072,"0"
26989,1071,9,1072,"0"
7185,335,15,1072,"0"
33408.8,632,6,1079,"0"
1651.4,68,29,1079,"0"
16452.8,866,8,1078,"0"
12531.8,662,8,1078,"0"
3124,78,49,1071,"0"
20312.8,895,10,1091,"0"
24917.7,1108,6,1088,"0"
29805,353,9,1074,"0"
2045,29,59,1073,"0"
5233.8,249,35,1073,"0"
13422,497,14,1093,"0"
7775.2,214,36,1091,"0"
3580,67,1,1094,"0"
19200.4,538,3,1092,"0"
12037.6,350,3,1091,"0"
6869.6,266,22,1090,"0"
22576,945,1,1088,"0"
3846,108,7,1087,"0"
3885,185,42,1087,"0"
5877.6,200,15,1094,"0"
53155.6,1602,1,1093,"0"
3850,127,35,1094,"0"
9226,119,23,1091,"0"
21636,1794,7,1089,"0"
6316.95,133,1,1088,"0"
5760,441,2,1091,"0"
4291,53,8,1090,"0"
13537.2,505,7,1086,"0"
3165.8,165,41,1085,"0"
1450,17,55,1084,"0"
1105,48,57,1081,"0"
15355,160,14,1080,"0"
7740,94,1,886,"0"
4416,125,13,1084,"0"
10183.6,269,37,1082,"0"
5192.8,171,37,1082,"0"
1528,49,36,1082,"1"
24263.4,972,1,1060,"0"
4997.6,145,3,1058,"0"
1653.8,144,35,1056,"0"
156972.6,7875,2,1044,"0"
2136,61,10,1044,"0"
11149,173,1,1043,"0"
87568.41,2689,6,1084,"0"
7183,204,10,1073,"0"
25701,323,8,1038,"0"
17114,240,9,1037,"0"
8710,118,13,1037,"0"
25485.2,983,2,1029,"0"
28805.6,1165,6,1073,"0"
1250.8,53,58,1071,"0"
8355,471,23,1060,"0"
13048,739,8,1059,"0"
24352,1099,28,1058,"0"
26047,345,1,1057,"0"
19395,260,0,1052,"0"
11238,322,8,1052,"0"
138449.2,4052,3,1086,"0"
11398,653,10,1085,"0"
5186,151,34,1085,"0"
5514,158,43,1085,"0"
4952,148,0,1085,"0"
7479.8,214,7,1086,"0"
7320,85,23,1080,"0"
7250,84,35,1079,"0"
28093,1333,0,1079,"0"
20648.72,702,1,1078,"0"
38200,3489,6,1073,"0"
31108,2766,6,1073,"0"
25947.55,379,13,1073,"0"
3877.2,140,28,1073,"0"
9906.8,548,6,1072,"0"
2877.8,279,8,1071,"0"
3460.2,84,31,1066,"0"
63429.8,3327,6,1073,"0"
7308,409,14,1072,"0"
10057,337,14,1066,"1"
16348,235,27,1071,"0"
13045,387,23,1070,"0"
7204.6,487,15,1066,"0"
8565,88,55,1059,"0"
4570,55,14,1059,"0"
78323.4,3793,31,1057,"0"
1764,42,23,1057,"0"
3497,200,22,1057,"0"
1295,19,23,1088,"1"
4616,132,9,1085,"0"
40457.7,957,1,1085,"0"
2605.4,151,2,1084,"0"
9810,522,7,1082,"0"
21970.2,666,6,1079,"0"
3094,204,6,1079,"0"
16870,224,2,1078,"0"
8129.6,306,22,1078,"0"
7246.8,299,35,1073,"0"
4021.2,125,42,1073,"0"
8665,381,1,1073,"0"
12948.09,248,3,1072,"0"
18190.8,972,8,1078,"0"
219638.8,5693,29,1077,"0"
23661.6,1166,7,1073,"0"
28991.6,849,1,1072,"0"
16411.2,784,2,1072,"0"
38591.2,2005,0,1053,"0"
40229.4,2988,2,1051,"0"
3120,90,58,1051,"0"
1168,33,44,1051,"0"
11334,580,7,1051,"0"
7778.6,596,0,1051,"0"
3993.6,384,13,1037,"0"
6807.8,570,27,1036,"0"
16334.4,532,24,1035,"0"
6933.2,260,28,1034,"0"
26355,369,0,882,"0"
51706.4,2421,14,1046,"0"
5315,58,9,1045,"0"
12114.8,358,0,1079,"0"
4392,166,28,1064,"0"
3525,79,13,1064,"0"
15214,527,8,1063,"0"
76974,4194,13,1060,"0"
7315,83,1,1059,"0"
3894,89,56,1059,"0"
9270,116,20,1053,"0"
7163.4,239,7,1065,"0"
12495,167,6,996,"0"
72726,1460,1,982,"0"
11561.8,402,14,981,"0"
7874.6,455,1,980,"0"
13532.11,286,8,979,"0"
12205,191,0,979,"0"
19608,817,1,1065,"0"
5013,64,34,1065,"0"
23715,337,7,1064,"0"
3489,200,24,1067,"0"
2788,132,0,1067,"0"
41242.15,3410,3,1065,"0"
239568,13801,23,1065,"0"
6966,688,16,1064,"1"
9156.6,157,2,1060,"0"
1301,74,48,1059,"0"
14835.4,438,16,1057,"0"
10509.8,682,2,1065,"0"
5724,236,13,1063,"0"
242911.6,9562,0,1060,"0"
55998.4,2337,1,1059,"0"
57449.6,2156,1,1059,"0"
52603.7,1354,2,1059,"0"
87396.4,2861,0,1074,"0"
165194,5320,43,1072,"0"
4626.35,108,23,1071,"0"
8540,244,8,1067,"0"
1204,48,49,1067,"1"
4548,123,7,1068,"0"
396,22,10,1028,"1"
8306.9,433,21,1024,"0"
3230,52,1,1022,"0"
5092.8,132,0,1021,"0"
3149.2,180,56,1017,"0"
3399.8,201,16,1073,"0"
15656.2,750,2,1070,"0"
6265.2,258,48,1070,"0"
2010,25,45,1053,"0"
13573,239,6,1053,"0"
4801,74,10,1051,"0"
9621,488,10,1051,"0"
3032,146,36,1050,"0"
2962,161,20,1049,"0"
30035,412,0,1072,"0"
2795,35,0,1070,"0"
23468.34,828,3,1067,"0"
15875.8,683,1,1067,"0"
12934,614,0,1057,"0"
26941.8,1169,8,1056,"0"
18638,1070,9,1061,"0"
5861,80,23,1078,"1"
11020.31,216,0,1073,"0"
3108.8,154,14,1030,"0"
18887,608,1,1030,"0"
5752.8,318,15,1050,"0"
31598.8,1374,2,1050,"0"
72368.8,5384,2,1050,"0"
56490.1,2941,6,1050,"0"
34488.4,2024,2,1050,"0"
1654.4,88,37,1046,"0"
11092.4,358,8,869,"0"
12408,361,2,1058,"0"
6608,243,20,1060,"0"
13448,295,16,1059,"0"
16372.8,784,6,1059,"0"
26697.88,762,0,1056,"0"
29930.46,621,1,1056,"0"
7634,350,59,1056,"0"
42317.6,3696,3,1052,"0"
8180.4,125,0,1050,"0"
10120,134,2,1045,"0"
8431,268,15,1045,"0"
1130,15,27,1045,"0"
320,8,24,1060,"0"
4481,173,35,1053,"1"
28617.4,1342,9,1016,"0"
7061,95,6,1015,"0"
4591,155,8,1014,"0"
4908,242,2,1012,"0"
5950,65,35,1010,"0"
1230,70,16,1010,"0"
28920,354,2,1057,"0"
1514,50,30,1056,"0"
19246,338,6,1056,"0"
11585,157,34,1053,"0"
15872,301,2,1053,"0"
3877.8,104,37,1049,"0"
26084,612,7,1045,"0"
1740,50,14,1044,"0"
14150,168,15,1045,"0"
15041.6,555,37,1044,"0"
41066.4,1367,30,1044,"0"
29420,379,10,1039,"0"
6958.4,411,2,1037,"0"
24569.8,1385,21,1056,"0"
9227.6,443,8,1052,"0"
73283.45,3523,6,1052,"0"
24292.2,1054,9,1051,"0"
10715,142,7,1051,"0"
18411.2,971,9,1060,"0"
8050.78,194,1,1026,"0"
6512.09,131,7,1026,"0"
28340,310,3,1050,"0"
19669,788,15,1049,"0"
3632,200,10,1049,"0"
3259,49,13,1049,"0"
28268,1610,44,1049,"0"
40085,518,1,1049,"0"
1199.2,50,15,1066,"0"
13978,300,15,1060,"0"
8025.9,186,7,1060,"0"
7543,295,43,1060,"0"
17695,213,10,1059,"0"
13333,174,9,1057,"0"
13870.4,429,36,1053,"0"
19299,1508,0,1050,"0"
19110.8,927,9,1065,"0"
11370,160,13,1060,"0"
2448,86,1,1059,"0"
3866.2,194,8,1057,"0"
33935,469,1,1053,"0"
790,32,10,1052,"0"
8796,484,1,1051,"0"
9110,301,24,1067,"0"
5155,272,20,1067,"0"
754,43,37,1068,"0"
13310,180,6,1066,"0"
3879.09,83,7,1065,"0"
84225.9,2430,1,1064,"0"
5124,488,6,1061,"0"
28014,1468,6,1039,"0"
22701.5,1002,2,1039,"0"
34308.8,1712,6,1038,"0"
26811.4,1361,10,1038,"0"
11513,371,7,849,"0"
10147,299,3,1051,"0"
9710,112,21,1025,"0"
50253,2219,35,1025,"0"
4308,61,29,1022,"0"
13174,286,2,1021,"0"
9168,137,0,1052,"0"
27260,362,2,1043,"0"
4278.8,181,13,1043,"0"
8217.6,363,28,1039,"0"
173932.8,7480,0,1039,"0"
13942.6,251,7,1038,"0"
17420.8,500,1,1052,"0"
11572,435,23,1052,"0"
4016,151,28,1051,"0"
52733.6,2467,23,1051,"0"
15506,715,14,1056,"0"
10656,307,48,1049,"0"
52663.4,827,5,1049,"0"
0,1,7,1049,"1"
3798,137,49,1036,"0"
1751.6,100,56,1035,"0"
2882,171,8,1035,"0"
17240,231,2,1008,"0"
18458.4,993,0,1045,"0"
20244.8,2024,10,1044,"0"
2279.8,139,44,1043,"0"
11847.2,338,0,1043,"0"
926.4,97,0,1042,"0"
9317.4,598,2,1042,"0"
9125,137,19,1042,"0"
16626.4,387,6,1060,"0"
27156.2,763,1,1058,"0"
39546.4,1003,9,1057,"0"
4236.11,102,36,1056,"0"
4577,264,35,1056,"0"
15314.4,468,0,1056,"0"
91023.4,4012,0,1049,"0"
3214,120,35,1049,"0"
8340,495,1,1045,"0"
44420,598,3,1043,"0"
42360,1428,3,1051,"0"
360,10,24,1056,"1"
11955,685,8,1053,"0"
1430.4,72,43,1052,"0"
11558.08,266,7,1051,"0"
22080,943,3,1051,"0"
44697.8,1472,1,1049,"0"
29815.6,492,6,1042,"0"
6255.2,180,35,1051,"0"
10221.5,213,0,1050,"0"
6570,163,20,1049,"0"
14502.4,431,2,1046,"0"
1848,105,48,1064,"0"
16184.6,507,7,1061,"0"
11100.4,373,7,1060,"0"
6764.6,118,34,1059,"0"
13565.4,453,38,1058,"0"
157262,6358,1,1060,"0"
1124.4,45,7,1059,"0"
3200.2,108,2,1057,"0"
11295.2,385,14,1056,"0"
2980,86,13,1056,"0"
3608,164,29,1054,"0"
7820,108,3,1053,"0"
9268,193,2,1052,"0"
5687,105,20,1052,"0"
9440.8,381,23,1051,"0"
22932.8,769,3,1051,"0"
13005.4,472,21,1050,"0"
61923.2,3749,8,1049,"0"
7792,147,14,1049,"0"
34730,376,8,1047,"0"
21263.2,1099,7,1037,"0"
14921.2,673,22,1037,"0"
1498,170,2,1036,"0"
770,10,21,1036,"1"
49276.4,2766,2,1036,"0"
21247.6,1005,0,1034,"0"
9759,328,2,1059,"0"
9395,127,23,1059,"0"
4646.2,177,16,1057,"0"
3210,184,28,952,"0"
17442.8,465,1,1045,"0"
5853,74,2,1043,"0"
7052,103,1,1037,"0"
12138,192,2,1037,"0"
10080,190,14,1035,"0"
13975,799,9,1020,"0"
7234.85,351,7,1018,"0"
7907,134,30,1018,"0"
2853.6,156,48,1042,"1"
4724,135,1,1039,"0"
17477.9,686,1,1039,"0"
8558.2,588,41,1039,"0"
3921.2,198,36,1037,"0"
6040.4,292,22,1037,"0"
6847.6,264,6,1037,"0"
1991.6,93,3,1037,"0"
16660.8,737,0,1007,"0"
4650,179,24,1004,"0"
3351,193,55,1046,"1"
2698,119,57,1034,"0"
14209.2,955,16,1034,"0"
16190,891,13,1034,"0"
1048,59,43,1034,"0"
1988,94,27,1032,"0"
1792,103,30,1032,"0"
16196,210,15,1043,"0"
22871.6,667,2,1043,"0"
32293,1230,1,1042,"0"
11826.4,456,29,1042,"0"
8982,338,1,1039,"0"
30646.6,828,1,1039,"0"
35296.8,2001,0,1039,"0"
7701,244,0,1038,"0"
6765.14,166,10,1038,"0"
20378,286,1,1039,"0"
31656.45,23597,9,1039,"0"
27147,657,52,1039,"0"
3984,159,14,1037,"0"
15335,159,22,1050,"0"
4090,65,57,1049,"0"
67026,1046,3,1046,"0"
30680.2,1107,9,1025,"0"
2200,31,28,1024,"0"
14078.6,313,22,1045,"0"
4860,492,21,1043,"0"
9304.8,201,1,1042,"0"
8065,113,22,1035,"0"
10170,167,7,1052,"0"
1316,18,13,1052,"1"
4412.64,73,10,1050,"0"
3870,107,28,1050,"0"
24161.6,708,3,1049,"0"
15058,469,57,1049,"0"
3528,94,31,1045,"0"
6998,202,38,1045,"0"
9625,122,20,1049,"0"
26940,449,8,1045,"0"
6415,78,22,1046,"0"
5942.6,206,34,1036,"0"
7582,417,10,1036,"0"
220,7,8,1052,"1"
6224,88,21,1052,"0"
6539,76,42,1051,"0"
1411,65,3,1051,"1"
6495.8,477,23,1050,"0"
2040,75,30,1037,"0"
1996,81,55,1036,"0"
3819,50,6,1036,"0"
2924,167,0,1035,"0"
29111.2,2037,2,1035,"0"
6514,329,9,1018,"0"
48744.4,2081,1,1018,"0"
1496.8,62,3,1018,"0"
2553.2,118,21,1031,"0"
11475.6,1088,0,1029,"0"
3260,43,48,1029,"0"
29568.4,1398,1,1028,"0"
5514.2,183,8,1028,"0"
87487,4867,0,1025,"0"
6390,100,3,836,"0"
10832.4,487,21,833,"0"
9262.72,215,6,1051,"0"
3493.6,106,41,1045,"0"
7885,77,9,1045,"0"
9803,140,50,1044,"0"
15773,568,3,1034,"0"
37495.4,1300,6,1032,"0"
29736.2,1385,0,1036,"0"
8425.6,694,7,1036,"0"
1872,120,28,1035,"0"
3180,40,28,1032,"0"
4282,228,35,1032,"0"
4614.4,58,23,1032,"0"
14099.4,1001,20,1032,"1"
4722,370,27,1031,"0"
12995,148,0,1030,"0"
15524.43,375,13,1035,"0"
23457,343,6,1032,"0"
6570,79,36,1025,"0"
43329.6,1037,3,1025,"0"
5885,77,15,997,"0"
19501.8,596,2,997,"0"
6437,205,16,996,"0"
11685,686,3,995,"0"
18005,218,7,1032,"0"
9531,187,29,1017,"0"
1434,20,1,1017,"0"
4409.6,229,48,1015,"0"
2566,138,37,1014,"0"
7249,117,49,1014,"0"
8485,135,1,1031,"0"
4995,70,8,1031,"0"
2513,121,1,1031,"0"
30955,361,22,1030,"0"
9578.4,514,14,1030,"0"
13515,185,3,1045,"0"
2100,60,15,1043,"0"
2486.4,64,3,1043,"0"
8966,428,9,1036,"0"
8150,378,6,1035,"0"
3055,42,0,1035,"0"
10694.4,307,42,1035,"0"
4482,258,29,1037,"0"
10492.4,327,36,1039,"0"
39530,697,0,1037,"0"
17895.2,742,3,1037,"0"
18005.8,662,5,1035,"0"
370,4,30,1028,"0"
21472.79,451,8,1050,"0"
19955,326,24,1047,"0"
2496,71,14,1045,"0"
6724.6,307,0,1046,"0"
18458.4,343,56,1046,"0"
6552,212,55,1045,"1"
25757.6,1079,6,1040,"0"
730,10,3,1039,"0"
6972,317,6,1025,"0"
10940,129,22,1021,"0"
1573.4,156,0,1015,"0"
1570.4,150,44,1015,"1"
2948.4,209,27,1015,"0"
3495.8,170,48,1015,"0"
46121.6,1944,8,1042,"0"
19377,300,13,1042,"0"
10986.4,185,6,1040,"0"
6126.2,250,8,1039,"0"
4965,63,7,1037,"0"
37985.8,1206,7,1036,"0"
25847,2286,0,1035,"0"
7585.2,181,48,1029,"0"
22428.55,838,14,1032,"1"
16260,1626,0,1029,"0"
38182.4,1762,23,1011,"0"
7785,91,13,1011,"0"
4701,89,30,1011,"0"
3905.4,226,13,1011,"0"
8916.6,132,3,1009,"0"
7878,451,2,1007,"0"
3554,142,31,1002,"0"
28021,308,10,1042,"0"
10678.6,361,6,1039,"0"
4767,183,23,1010,"0"
4140,50,2,1007,"0"
52057.4,2652,0,1033,"0"
1281,103,27,1032,"0"
16952.4,351,2,1032,"0"
45513,2508,3,1032,"0"
9459.6,145,0,1022,"0"
7091.4,432,7,1017,"0"
20728.4,341,8,1017,"0"
3537.6,171,2,1028,"0"
8893,105,21,1028,"0"
2137,30,44,1025,"0"
19017,240,22,1025,"0"
3693.6,107,10,1038,"0"
2479.4,147,7,1035,"0"
3158.8,81,28,1035,"0"
1846.4,49,35,1035,"0"
24697,382,3,1037,"0"
3868.4,414,9,1029,"0"
5956,546,3,1028,"0"
3730,51,38,1030,"0"
3473.2,197,31,993,"0"
15329.2,651,21,990,"0"
4930,58,27,989,"0"
8547,102,59,1025,"0"
815,12,41,1025,"0"
3400,340,22,1025,"0"
9902.2,529,9,1035,"0"
49973.8,1321,1,1033,"0"
32584.5,1186,28,1032,"0"
7878.2,255,6,1032,"0"
3351,41,57,1031,"0"
3034,130,38,1030,"0"
11718,653,1,1035,"0"
8222,96,14,1032,"0"
21908,694,13,1034,"0"
8924.8,543,15,1034,"0"
4848,296,22,1034,"0"
3102,135,21,1032,"1"
66680,800,8,1032,"0"
13510.4,805,13,1033,"0"
11034.6,648,23,1042,"0"
1888,101,2,1040,"0"
4951,219,2,1040,"0"
6831,159,6,822,"0"
3423,83,8,1039,"0"
7555,97,9,920,"0"
21989.4,590,9,1025,"0"
13523.86,369,43,1024,"0"
5572.8,243,43,1012,"0"
7733.4,300,9,1038,"0"
4058,51,9,1037,"0"
4795,66,0,1035,"0"
5435,95,1,1035,"0"
16161.92,405,6,1032,"0"
4976,138,34,1032,"0"
28894,599,13,1032,"0"
17400,240,8,1032,"0"
4163,52,41,1031,"0"
26309.2,953,0,1034,"0"
6588,331,10,1035,"0"
5204,323,21,1032,"0"
4017.2,206,47,1024,"0"
4300,49,6,1023,"0"
5495,78,9,1023,"0"
12642.8,290,6,1023,"0"
3684.4,105,16,1022,"0"
6908.8,342,20,1022,"0"
3498,181,8,1022,"0"
14557,450,5,1022,"0"
5622.4,222,41,989,"0"
12247.2,1120,1,988,"0"
25576,2219,1,988,"0"
21144,1945,7,988,"0"
3900,426,1,988,"0"
18717,1644,6,983,"0"
7458.4,664,27,982,"0"
92305,1205,1,979,"0"
17350.6,222,9,979,"0"
1358,61,48,1029,"0"
2635,37,48,1028,"0"
6429.6,367,3,1025,"0"
29064,402,1,1025,"0"
7078.8,261,42,1025,"0"
7113.4,198,1,1024,"0"
4086,190,38,1024,"0"
2604,147,59,1023,"0"
40328.4,1129,20,1034,"0"
10533,400,16,1030,"0"
5122,85,8,1009,"0"
24080,338,13,1008,"0"
3681.3,67,27,1008,"0"
20667.58,378,6,1008,"0"
2750,48,36,1022,"0"
2806,106,37,1017,"0"
14213.55,1179,0,1030,"0"
12420,175,3,1030,"0"
29330.6,1445,2,1029,"0"
13944,646,9,1023,"0"
5015.2,185,27,1022,"0"
19231.4,839,9,1029,"0"
4888,136,3,1039,"0"
1590,14,20,1039,"0"
315,3,24,1039,"1"
6362,614,3,1039,"0"
4657,67,49,1039,"0"
2704.4,115,29,1039,"0"
12048,331,13,1039,"0"
12155,158,57,1035,"0"
1854,51,21,1030,"0"
2514,49,1,1022,"0"
21533,1067,0,1011,"0"
6034,176,8,1032,"0"
2772.6,54,21,1029,"0"
46630,592,6,1015,"0"
3950.4,219,24,1012,"0"
1955,31,56,1011,"1"
41863.8,1635,9,1010,"0"
62037.56,1670,6,1029,"0"
8320,94,36,1029,"0"
10498.8,435,5,895,"0"
1573.8,45,1,1022,"1"
5581.8,598,13,1021,"0"
12628,190,12,1020,"0"
13434.4,838,0,1018,"0"
2399.2,173,2,1018,"0"
6304,118,24,1023,"0"
8946.4,384,6,1023,"0"
4995,96,10,1023,"0"
2955,41,31,1023,"0"
32899.4,464,22,1022,"0"
5855,73,37,1029,"0"
31687.65,1076,8,1028,"0"
3846,112,41,1025,"0"
21295.55,697,13,1025,"0"
5728,92,14,1024,"0"
8182,428,2,1023,"0"
8355.8,390,0,1022,"0"
23444,1361,27,1018,"0"
109936.2,4746,3,1017,"0"
8347.4,192,37,1017,"0"
5495,115,29,1010,"0"
2395,110,23,997,"0"
32949.8,441,1,1004,"0"
49112,2561,2,1001,"0"
2530,43,57,1007,"0"
9505,111,3,1001,"0"
20873,1203,14,1000,"0"
1720,98,49,1000,"0"
1548,43,16,998,"0"
20187,265,27,969,"0"
1527,72,31,968,"0"
1420,142,57,967,"0"
7686,213,8,1024,"0"
33748.2,1123,2,1021,"0"
4104,233,8,1020,"0"
82987.6,2794,9,1025,"0"
27434.2,649,2,1023,"0"
14349,171,14,1022,"0"
25626.8,490,3,1022,"0"
2806,121,44,1022,"0"
6220,89,41,1021,"0"
17922.6,955,2,1020,"0"
2120,30,57,1020,"0"
6442,275,7,1033,"0"
12525.2,365,6,1031,"0"
3710,212,38,1031,"0"
5762,304,6,1028,"0"
6763.8,228,24,1028,"0"
26960,330,8,1028,"0"
10778.4,400,6,1028,"0"
129313.4,10504,2,1016,"0"
1455,21,31,1015,"0"
7648,362,13,1010,"0"
3058,83,3,1001,"0"
14984,974,3,1011,"0"
14823,200,10,1025,"0"
10997.2,181,0,1025,"0"
11811,151,22,1025,"0"
4805.2,182,29,1024,"0"
3420,45,42,1024,"0"
3186,65,29,1021,"0"
2505,29,51,1021,"0"
42480,1082,7,1020,"0"
6790,91,1,1029,"0"
7265,92,27,1028,"0"
6284,99,35,1025,"0"
3795,43,9,1025,"0"
4863,230,29,1025,"0"
3069.6,94,28,1024,"0"
356.4,11,42,1024,"0"
74652.4,1013,1,1022,"0"
10985,139,23,1022,"0"
12991.4,653,1,1022,"0"
17403,251,2,1017,"0"
14329,167,8,1017,"0"
20045,300,8,1017,"0"
8871.92,168,16,1016,"0"
40366.9,616,9,1029,"0"
9076,263,7,1028,"0"
62997,1855,34,1024,"0"
9845,147,28,1018,"0"
9430,168,23,1017,"0"
4756,168,7,1029,"0"
480,6,24,1028,"1"
14410,450,1,1025,"0"
14019,198,35,1025,"0"
34244.35,867,6,1024,"0"
23043.05,623,8,1024,"0"
3864,113,28,1024,"0"
13929.4,556,3,1025,"0"
4387.16,100,28,1025,"0"
1312.2,55,22,1025,"0"
3303.2,157,34,1025,"0"
53785,655,10,1025,"0"
3596,105,23,1024,"0"
1998.4,64,27,1023,"0"
17996.4,266,0,966,"0"
15786,1396,7,962,"0"
59962.85,3043,0,962,"0"
2255.8,110,31,962,"0"
16021.8,696,7,961,"0"
5944.88,128,1,959,"0"
9759,351,21,959,"0"
38238.5,466,43,958,"0"
12389,558,8,954,"0"
1015,13,41,953,"0"
7440,424,20,953,"0"
11398.4,462,10,953,"0"
18336,254,13,951,"0"
6221.2,263,3,948,"0"
43023.6,2025,1,1022,"0"
11248,299,13,1017,"0"
1460,124,24,1022,"1"
37959.2,1050,1,1021,"0"
1836,27,8,1021,"0"
9162.95,224,24,1023,"0"
7364,216,27,1023,"0"
16304.46,360,0,1022,"0"
27326.6,1487,7,1020,"0"
35235,373,35,1022,"1"
6298,71,3,1020,"0"
25110,1105,30,1015,"0"
37369.2,2012,6,1015,"0"
7550.4,420,48,1009,"0"
15058,690,14,1008,"0"
9134.6,462,8,1003,"0"
62414,761,6,1001,"0"
1385,19,9,994,"0"
17957,795,0,1017,"0"
28444,8275,0,1021,"0"
8746,233,10,1021,"0"
18608,507,1,1019,"0"
5125.8,125,6,1018,"0"
2792.03,77,44,1018,"1"
12557.6,414,23,1012,"0"
2182,62,34,1012,"0"
8418.4,252,13,1011,"0"
2588,50,7,1007,"0"
5844,171,19,1007,"0"
4770,87,3,1002,"0"
15479,572,20,1020,"0"
12302,390,7,1020,"0"
7207.6,363,1,1018,"0"
44651.14,2749,6,1018,"0"
33483.2,2018,0,1017,"0"
2537.2,29,20,1016,"0"
3304,76,44,1016,"0"
66107.4,1292,3,1016,"0"
4790.4,192,21,1014,"0"
1974.4,76,3,1011,"0"
2655,88,22,1004,"0"
32101,1490,8,1003,"0"
3759.2,189,31,1003,"0"
5914,435,9,1001,"0"
1616.2,24,37,1000,"0"
14726.8,642,27,996,"0"
1566.6,39,0,1014,"0"
3752.6,364,57,1011,"1"
7980.4,458,57,1011,"0"
8738.4,860,3,1010,"0"
9634.6,790,13,1008,"0"
14284.8,1529,2,1008,"0"
3744.8,198,21,1008,"0"
5457.2,559,13,1004,"0"
7363.2,556,0,1001,"0"
5402.8,165,27,1004,"0"
10596,234,1,1003,"0"
2045,20,36,1002,"0"
12642.2,308,1,818,"0"
25673,303,13,818,"0"
5520,160,45,1017,"0"
1000,100,2,1017,"0"
6855.6,199,0,1015,"0"
7319.52,191,31,1015,"0"
5667.4,189,0,1004,"0"
4399,124,20,1003,"0"
5185.8,99,7,1002,"0"
9760,664,1,1001,"0"
3421.2,100,21,1001,"0"
7952,288,13,995,"0"
20910,330,1,1014,"0"
3197.6,101,9,1011,"0"
26936,342,2,1004,"0"
60653.6,2984,6,1004,"0"
7161,293,1,1003,"0"
21533,257,0,1003,"0"
31898,1829,22,996,"0"
9490.6,356,23,989,"0"
14563,234,0,993,"0"
1814,100,21,988,"0"
4345,49,50,986,"0"
1490,74,41,980,"0"
475,5,2,979,"1"
4677,53,3,1004,"0"
2920,52,41,995,"0"
23166,1028,7,989,"1"
1958,92,8,989,"0"
3191,143,48,988,"0"
2724,161,7,1017,"0"
3579,216,0,982,"0"
10400,121,3,981,"0"
4155,242,42,946,"1"
3584.4,160,30,945,"0"
28382.6,1343,2,944,"0"
5351,226,42,1010,"0"
2415,132,20,1009,"0"
3717,49,3,997,"0"
5684,323,10,994,"0"
17430.6,1442,14,1009,"0"
4085,56,34,1008,"0"
5960,348,28,1007,"0"
6648,113,34,1004,"0"
2376,35,0,1003,"0"
23162.6,1064,13,1000,"0"
30329,639,3,997,"0"
4552,150,7,996,"0"
18133,1510,0,993,"0"
680,19,49,1015,"0"
6990,76,29,1011,"0"
2628,43,0,1010,"0"
6641.4,151,15,1003,"0"
4858,350,41,1003,"0"
880,36,13,1000,"0"
72247.6,3263,8,997,"0"
475,5,13,997,"0"
1549,79,56,996,"0"
15985.2,626,6,1016,"0"
13459.6,1396,1,1015,"0"
99786.2,5008,2,1010,"0"
26734.2,1337,9,1008,"0"
9501,121,13,1007,"0"
83945.4,5612,3,1004,"0"
6815,82,38,1004,"0"
47751.6,2102,3,1004,"0"
5120,231,24,1003,"0"
6808,237,21,1002,"0"
4075.04,202,3,1001,"0"
12519.6,465,20,1001,"0"
6970,89,2,997,"0"
5181.6,251,27,997,"0"
3645,73,0,997,"0"
48648.6,2879,1,993,"0"
84657.4,5636,6,989,"0"
38458.6,568,15,987,"0"
20959.2,2094,20,976,"1"
22258.2,395,7,974,"0"
3562,109,9,1017,"0"
7285,87,13,1017,"0"
19048,1320,8,1017,"0"
3258,151,21,1014,"0"
40580.45,1290,0,1014,"0"
31638,1241,48,1009,"0"
2671.04,55,36,1009,"0"
2480,34,9,1004,"0"
7393,338,0,1003,"0"
4587,151,37,1011,"0"
34865.2,969,22,1011,"0"
5622,173,36,1011,"0"
4618,126,8,1015,"0"
12830.4,491,10,1011,"0"
16238.2,473,6,1009,"0"
16240,453,9,1009,"0"
8577.6,231,6,1008,"0"
10843,212,2,1007,"0"
30273,1248,1,814,"0"
4097,78,6,1002,"0"
22655.4,559,9,1001,"0"
14884.1,371,6,1001,"0"
6668,257,2,1000,"0"
2325,30,58,994,"0"
16917.6,431,6,993,"0"
17489.07,443,15,990,"0"
31504.6,727,8,989,"0"
1730,100,3,988,"0"
27339,1175,21,973,"0"
17118.6,1391,0,972,"0"
94508.4,3736,2,970,"0"
32034.8,1511,5,968,"0"
16528.8,1329,7,989,"0"
7893.2,244,3,997,"0"
11100,144,2,996,"0"
2226.2,35,59,995,"0"
2343.2,121,42,995,"0"
9066.2,678,29,994,"0"
2973,276,50,994,"0"
14935.2,538,50,994,"0"
12260.45,308,0,993,"0"
16266.2,905,24,990,"0"
11168,641,2,1003,"0"
11171.2,550,29,1003,"0"
2835.4,120,13,1002,"0"
3312,136,36,1002,"0"
15680,191,27,1001,"0"
22410,1023,0,1000,"0"
59340,4691,2,996,"0"
58568.95,2419,0,993,"0"
26905,374,7,993,"0"
6318.4,187,34,990,"0"
4826,277,10,941,"0"
8671,470,6,939,"0"
96575,5518,0,1000,"0"
2774.4,70,7,996,"0"
3771,252,52,980,"1"
9240,195,3,979,"0"
15348,224,1,975,"0"
2127,122,58,975,"0"
3454,62,38,974,"0"
45781,666,6,972,"0"
8563,330,27,972,"0"
9749,507,14,968,"0"
2903,163,15,968,"1"
23032.3,433,6,1009,"0"
2248,90,55,1009,"0"
19967,724,3,1008,"0"
2194.6,74,55,997,"0"
4025,153,34,1001,"0"
5735,97,2,1000,"0"
23825,443,13,997,"0"
8575,238,44,1003,"0"
3648,142,28,1003,"1"
2785.11,128,48,1002,"0"
16333,453,2,1002,"0"
6382,366,27,980,"0"
14770.8,669,7,995,"0"
1016,48,37,976,"1"
790.8,35,51,976,"0"
5691.2,242,45,974,"0"
3060,66,23,972,"1"
36705,431,8,969,"0"
15200,206,35,981,"0"
981,55,27,989,"0"
9030,138,22,987,"0"
13920,210,2,982,"0"
12865.83,1052,1,1001,"0"
56094.2,3049,1,997,"0"
3340,40,8,995,"0"
1107.6,108,31,995,"0"
21790,221,2,1007,"0"
7860,109,23,1004,"0"
12950.4,659,37,1002,"0"
67850.2,3065,0,997,"0"
2361,35,28,989,"0"
4565,107,0,989,"0"
540,30,16,988,"0"
16013.2,942,0,987,"0"
13677.2,737,22,983,"0"
31105,324,1,982,"0"
23900,257,1,982,"0"
5919,455,30,981,"1"
2605,142,41,980,"0"
8106,133,3,980,"0"
3166,131,41,975,"0"
21440,226,9,974,"0"
4442.2,112,16,973,"0"
4158,221,15,962,"0"
33227.6,619,1,955,"0"
2353.4,68,22,1005,"0"
3540,55,0,1002,"0"
9590,260,30,1001,"0"
10232.8,608,7,967,"0"
6065,301,9,967,"0"
43099.6,3770,0,965,"0"
4954,70,50,964,"0"
34193.2,2068,5,962,"0"
12455.7,472,20,962,"0"
2581.6,120,37,975,"0"
7577.6,249,15,974,"0"
9262,266,7,994,"0"
27834.4,783,0,994,"0"
5625,80,16,980,"0"
6511.73,174,3,853,"0"
8820.6,302,45,987,"0"
43528.8,1146,6,983,"0"
6438,364,10,980,"0"
6680.8,107,1,980,"0"
89778,3024,8,976,"0"
5287,68,9,967,"1"
8710,94,23,966,"0"
42305,863,7,993,"0"
18520,533,22,991,"0"
10890,121,8,989,"0"
4822,138,37,993,"0"
9610.2,334,16,989,"0"
1725,98,1,989,"0"
3790,217,23,994,"0"
7635,99,27,987,"0"
2249,51,44,986,"0"
10164.2,947,1,986,"0"
6400,70,34,989,"0"
1717.6,47,2,989,"0"
12100,123,1,965,"0"
17455,251,7,959,"0"
2445,38,45,934,"0"
19645,205,14,933,"0"
8334,976,22,932,"0"
3398.8,166,27,932,"0"
27165.6,1537,2,930,"0"
848,31,36,925,"0"
1867.6,103,55,925,"0"
4249.6,69,21,916,"0"
1080,49,14,1001,"1"
7904.2,296,28,1001,"0"
6901,80,0,997,"0"
1618,59,20,997,"0"
17828.3,459,16,997,"0"
25667,1327,0,994,"0"
15319.2,1045,9,988,"0"
1995,20,38,983,"0"
5738,330,14,987,"0"
1152,45,35,987,"0"
25835.2,1171,23,987,"0"
6486.8,252,50,986,"0"
5340,57,30,983,"0"
1965.6,79,27,983,"0"
6671,114,31,981,"0"
20224.8,850,1,989,"0"
9527.78,327,22,976,"0"
8686.4,264,7,976,"0"
67119.1,1509,0,798,"0"
17557.6,273,7,980,"0"
12972,225,1,972,"0"
4300.8,120,58,989,"0"
8813,150,29,849,"0"
10638.2,167,23,846,"0"
1766,50,35,980,"0"
8075,151,0,953,"0"
1752,30,28,951,"0"
29117.7,1389,2,951,"0"
2975,102,14,948,"0"
2375,41,29,944,"0"
5654.4,158,0,987,"0"
17750,195,1,987,"0"
26966,1572,2,976,"0"
3920,54,0,975,"0"
7152,365,42,975,"0"
1113,20,57,974,"0"
178.8,10,52,974,"0"
6415,304,13,959,"0"
36912,623,29,959,"0"
5192.2,84,0,952,"0"
3730.4,209,43,951,"0"
6541.8,184,13,972,"0"
10818,258,1,972,"0"
4207.2,219,15,913,"0"
2738.4,73,23,986,"0"
3310.6,354,2,984,"0"
26066.8,1358,6,983,"0"
17663.6,988,0,981,"0"
1522,43,59,980,"0"
14593.4,857,0,993,"0"
7439.04,223,1,993,"0"
7280,152,27,989,"0"
4372,244,1,986,"0"
11947,467,22,983,"0"
187,11,0,983,"0"
4656.8,263,10,981,"0"
5935,62,1,981,"0"
48581,2189,6,981,"0"
42815,643,1,975,"0"
11318.6,546,10,973,"0"
3797,164,41,973,"0"
4832,226,29,997,"0"
18995.5,560,50,997,"0"
855,14,27,997,"0"
600,20,31,997,"0"
6595,134,52,997,"0"
41994,1237,1,996,"0"
5323.96,136,44,996,"0"
4260,64,0,990,"0"
5085,61,23,989,"0"
15474,205,0,967,"0"
28314.6,462,1,993,"0"
9816.79,192,14,993,"0"
4443.4,175,6,987,"0"
7489,149,1,987,"1"
4422,203,57,986,"0"
3508,49,7,983,"0"
14178.37,233,35,982,"0"
8700,498,15,989,"0"
29764.2,1044,9,987,"0"
14437,216,1,982,"0"
8068,391,21,973,"0"
5531,80,20,965,"0"
16150,183,1,962,"0"
6304,331,20,959,"0"
25300,307,2,959,"0"
5118,306,28,954,"0"
14740,197,14,954,"0"
10201,320,7,988,"0"
19630,262,22,988,"0"
2509.8,141,2,986,"0"
5916,266,8,983,"0"
18808.8,523,0,981,"0"
6913,206,29,981,"0"
8206.4,268,27,981,"0"
61980,3045,0,981,"0"
535,13,51,981,"0"
2569,75,14,981,"0"
18316.53,500,0,981,"0"
2922,58,7,980,"0"
24235.4,1179,1,980,"0"
23148,891,1,980,"0"
20468.4,584,0,980,"0"
540,20,7,980,"0"
4582.8,145,1,980,"0"
16523,278,24,979,"0"
6844,198,21,979,"0"
13335,145,35,986,"0"
37806,1595,52,982,"0"
24341,327,2,982,"0"
5494,314,9,982,"0"
95578.8,2274,1,982,"0"
9153,356,34,981,"0"
24810,371,0,980,"0"
30328,409,6,980,"0"
10276.2,143,15,980,"0"
13480,154,55,975,"0"
3884.4,116,8,974,"0"
12430,442,16,973,"0"
28740,406,1,968,"0"
25559,646,7,968,"0"
2647,42,7,983,"0"
16254,221,24,979,"0"
4265,42,52,975,"0"
2090,60,6,973,"0"
2520,67,30,973,"0"
57990,2400,1,983,"0"
10952,387,10,920,"0"
1898,84,1,916,"0"
133805,2177,0,794,"0"
4560,260,0,791,"0"
38612.8,1149,0,778,"0"
9114,190,6,707,"0"
3943,87,1,707,"0"
14410,173,13,702,"0"
47060,1039,7,696,"0"
3729.2,207,5,959,"0"
3250,48,59,954,"0"
4925,57,10,951,"0"
61832.44,4322,0,951,"0"
5367.2,77,28,951,"0"
3443,48,59,949,"0"
24462.8,1180,14,948,"0"
37968.4,2864,9,948,"0"
29461.5,2217,8,946,"0"
5545,390,0,946,"0"
18737,699,6,941,"0"
15760,808,23,940,"0"
3719,276,21,933,"0"
3137.2,308,10,972,"0"
39010.6,1782,0,969,"0"
10148.4,1022,20,968,"0"
2829.6,138,35,961,"0"
3660,42,9,953,"0"
100062.1,3884,6,951,"0"
13325.8,662,1,951,"0"
4797.89,308,9,951,"0"
32516.2,584,2,951,"0"
94856,10683,1,946,"0"
18693,341,9,966,"0"
9255.2,258,22,952,"0"
1106.42,25,41,967,"0"
1029,22,6,962,"1"
14675,311,16,962,"0"
3112.2,140,16,937,"0"
1209.8,63,56,932,"0"
7715,110,0,919,"0"
1330,16,22,980,"0"
28802.8,1211,1,979,"0"
44025,575,2,976,"0"
141222.5,6289,2,975,"0"
75249,4105,1,973,"0"
27036,1016,1,972,"0"
5286.4,257,13,969,"0"
5314.4,186,20,969,"0"
8222,336,3,968,"0"
9328,227,16,965,"0"
3515,44,28,965,"0"
26150.42,949,9,962,"0"
2705,35,36,961,"0"
25421.4,1201,0,961,"0"
2596,88,44,961,"0"
7680.4,347,1,960,"0"
23433.25,451,8,958,"0"
27795,322,2,973,"0"
30090,370,8,973,"0"
3284,161,21,955,"0"
15199,301,0,953,"0"
4005,160,16,953,"0"
7024,428,0,951,"0"
9582,566,21,951,"0"
23426.8,955,8,981,"0"
7736.2,387,2,981,"0"
5838,312,9,981,"0"
11141.2,562,9,981,"0"
5488.8,322,8,980,"0"
4858.4,296,1,980,"0"
9055,562,13,980,"0"
5506.8,257,1,980,"0"
7786.2,437,7,979,"0"
11030.6,525,10,979,"0"
8855,476,6,979,"0"
11537,588,7,979,"0"
19256,1036,14,974,"0"
442,11,13,968,"1"
1820,104,51,967,"0"
9122,480,8,967,"0"
6931,391,20,966,"0"
6862,196,36,965,"0"
7712,254,2,961,"0"
12463,481,1,958,"0"
9030,138,31,955,"0"
103299.6,2778,2,955,"0"
7252.4,105,42,982,"0"
9282,289,27,982,"0"
5721.4,91,56,981,"0"
65444,2211,0,981,"0"
7679.4,342,7,981,"0"
12339.4,171,30,980,"0"
6592,168,29,979,"0"
35719.6,1215,1,976,"0"
1404,18,10,976,"1"
53604,747,1,976,"0"
61355,842,1,976,"0"
10796.2,177,0,976,"0"
848,48,21,974,"0"
15632,488,10,974,"0"
4633.88,285,14,980,"0"
4743.2,294,45,979,"0"
10340,125,13,974,"0"
6529.2,610,2,972,"0"
3350,46,6,968,"0"
5048.8,246,30,962,"0"
5975.2,295,9,961,"0"
7265,84,13,959,"0"
4297,136,27,959,"0"
8897.2,135,28,954,"0"
3921.8,328,6,954,"0"
9847.2,283,8,954,"0"
2728.8,97,27,983,"0"
17870.22,502,2,982,"0"
10430,127,16,947,"0"
20530,1057,1,945,"0"
39839,1880,0,945,"0"
2944,139,44,944,"0"
6063.8,216,0,969,"0"
4625,77,28,968,"0"
4905.2,144,23,967,"0"
7707.2,340,2,966,"0"
19940,1762,0,966,"0"
2393,44,29,965,"0"
15512,685,51,962,"0"
6438,131,14,974,"0"
1120,52,28,970,"0"
3155.2,171,24,966,"0"
8643,132,7,966,"0"
24291.4,10912,6,965,"0"
1046,50,31,910,"0"
1417,85,8,902,"0"
2725,38,55,898,"0"
25620,374,1,891,"0"
4990,129,50,965,"0"
20968.99,898,1,962,"0"
8930.2,486,36,962,"0"
1906.4,91,50,961,"0"
29976,1564,2,959,"0"
2992,104,23,979,"0"
46490,856,3,979,"0"
36611.6,1113,3,977,"0"
7161,160,38,976,"0"
2341,74,21,976,"0"
5736,288,52,979,"0"
10018,431,56,976,"0"
2333,112,29,973,"0"
778,21,48,969,"0"
22328.8,1348,79,969,"0"
8651.6,347,1,969,"0"
5916,93,6,949,"0"
9267.2,316,3,946,"0"
7775.4,427,7,945,"0"
57896.2,1372,1,941,"0"
170515,2316,1,967,"0"
56303.56,1097,7,979,"0"
20766,504,20,675,"0"
4713,111,14,673,"0"
17200,220,1,671,"0"
2962.8,61,37,671,"1"
33458.4,425,2,666,"0"
3580,66,24,663,"0"
3860,73,36,650,"0"
4194,120,23,638,"0"
153190,1976,3,630,"0"
6789,84,23,842,"0"
10573,206,59,841,"0"
34896.2,411,0,840,"0"
2162.4,118,50,925,"0"
3360.6,144,0,954,"0"
2641.75,79,23,954,"0"
3621,152,41,952,"0"
5326,207,26,952,"0"
5250,236,8,952,"0"
21234,1085,0,952,"0"
9775.6,409,37,947,"0"
2110,120,44,946,"1"
865,11,28,917,"0"
10825,134,27,912,"0"
433,8,52,937,"1"
6830,350,22,933,"0"
7872,448,3,976,"0"
576.8,26,38,974,"1"
4581.32,84,24,974,"0"
16869,1327,14,974,"0"
5940.05,141,10,972,"0"
14143.2,341,16,972,"0"
18830,1082,0,969,"0"
7720,112,13,969,"0"
4620,130,48,968,"0"
10224.18,188,8,967,"0"
41180,1362,10,967,"0"
2795,40,55,967,"0"
29618,2616,35,965,"0"
7483,383,10,885,"0"
8619,288,57,885,"0"
9868.6,399,14,884,"0"
1795,45,48,883,"0"
1200,30,23,941,"0"
3544.8,61,9,926,"0"
18707,331,7,958,"0"
4135,54,23,955,"0"
14041.6,488,13,955,"0"
17961.4,866,2,955,"0"
4346,72,2,954,"0"
8566.8,846,2,952,"0"
4758.8,209,29,952,"0"
3248,94,31,952,"0"
26618,328,8,951,"0"
3355,43,23,951,"0"
1076.4,108,55,949,"0"
7130,96,16,949,"0"
6321.2,223,15,885,"0"
7090.4,377,29,972,"0"
4166,119,22,972,"0"
8533.4,250,9,968,"0"
1366,74,24,955,"0"
1310,40,0,961,"0"
15545.6,223,7,959,"0"
6096,532,23,960,"0"
21131.2,1528,1,958,"0"
19197,953,0,955,"0"
6791.51,135,8,954,"0"
10475,122,0,952,"0"
50695.39,1614,3,951,"0"
8599,99,20,966,"0"
12241.21,585,13,966,"0"
11203,283,34,966,"0"
51279,3721,1,965,"0"
5212,219,2,965,"0"
9755,455,50,973,"0"
648,36,3,973,"0"
6764,274,8,969,"0"
11860,140,28,968,"0"
20647,790,0,967,"0"
4059,71,37,967,"0"
2161.6,95,30,967,"0"
57457.2,1256,21,966,"0"
7881.2,140,1,966,"0"
29865,312,7,966,"0"
2235,27,21,965,"0"
8688.2,338,9,965,"0"
27895,331,6,966,"0"
7315.4,289,2,965,"0"
10600.4,542,0,951,"0"
10361.7,277,15,946,"0"
34065.6,1468,9,946,"0"
316639.4,4602,1,947,"0"
52715,898,6,923,"0"
3904.4,205,2,919,"0"
31064,377,1,629,"0"
3450,115,29,967,"0"
15323.4,653,2,961,"0"
10898.6,296,8,960,"0"
5612,124,8,919,"0"
4228,122,50,945,"0"
11102.8,841,13,945,"0"
2660,71,23,944,"0"
6814,237,45,944,"0"
10147,430,35,944,"0"
16116.8,812,1,905,"0"
2634,74,58,953,"0"
12891,187,6,941,"0"
6504,357,10,941,"0"
26426.4,547,0,930,"0"
11319.77,246,8,927,"0"
6973,1851,28,926,"0"
12169,674,14,924,"0"
10014,137,15,883,"0"
699,40,9,882,"1"
2844,150,8,881,"0"
7771,155,22,877,"0"
1068,61,21,876,"0"
2494.4,72,35,945,"0"
6352.8,329,20,941,"0"
12788,728,2,938,"0"
57970,584,1,959,"0"
283407,13163,3,958,"0"
36391.2,1135,2,958,"0"
16909,287,28,957,"0"
9492,125,2,954,"0"
2859.6,107,23,952,"0"
25821.8,432,3,953,"0"
78943,4399,0,952,"0"
2262.47,45,59,951,"0"
48950.8,2148,8,948,"0"
4474,67,36,948,"0"
24171.2,1224,7,966,"0"
11435,240,41,962,"0"
684,22,48,961,"1"
14735.65,335,49,960,"0"
18425,223,8,948,"0"
8604.8,498,2,945,"0"
19303.2,985,6,944,"0"
14146,741,16,942,"0"
6917,98,35,940,"0"
19017,198,6,926,"0"
4210,56,59,947,"0"
13351.6,164,34,932,"1"
15159.4,495,0,965,"0"
11298.4,575,0,962,"0"
18557.4,523,2,962,"0"
6489.8,246,22,959,"0"
13655,182,27,958,"0"
9713.4,594,7,952,"0"
450,5,28,899,"0"
69909.4,2243,3,891,"0"
20090.4,1071,0,891,"0"
7637,178,43,888,"0"
275766.1,11181,1,919,"0"
781,25,27,916,"0"
4070.4,96,42,951,"0"
1796.4,93,31,948,"0"
6610,72,2,948,"0"
10715,109,8,937,"0"
25961.8,894,1,933,"0"
6848,347,2,933,"0"
2252,35,22,948,"0"
9574,635,55,946,"0"
8819.75,363,0,946,"0"
7726.8,212,28,945,"0"
4236,129,30,939,"0"
4446.4,193,7,944,"0"
4630,74,1,941,"1"
3374.8,81,27,941,"0"
5121.4,534,7,939,"0"
21314.8,1109,1,957,"0"
3084.4,77,8,955,"0"
14154,161,21,954,"0"
4097,60,29,954,"0"
12942.4,374,1,955,"0"
5295.85,131,7,955,"0"
2443,122,7,955,"0"
38276,1709,6,954,"0"
34868.8,1571,1,881,"0"
92952.7,4282,2,951,"0"
14990,201,6,948,"0"
84787,1068,0,944,"0"
4386.8,195,23,937,"0"
22153.6,917,1,933,"0"
9855.53,221,1,927,"0"
15264.73,308,3,927,"0"
1529.4,106,14,927,"0"
3990,48,13,944,"0"
1640,22,8,938,"0"
7285,99,14,933,"0"
4167.4,137,34,917,"0"
14244.8,753,10,913,"0"
37675,1816,9,909,"0"
2953.2,312,1,874,"0"
9619,133,30,874,"0"
1230,70,2,874,"0"
10710,288,8,870,"0"
3510,74,48,870,"0"
3075,41,28,870,"0"
2505,38,3,947,"0"
55363,828,0,947,"0"
31409,1265,0,945,"0"
1483.4,66,42,942,"1"
15871.2,821,8,941,"0"
41518.1,1705,2,923,"0"
65515,780,0,919,"0"
15663.2,590,23,941,"0"
10498.8,419,22,940,"0"
8623.6,453,8,940,"0"
2460,27,36,918,"0"
4085,49,9,913,"0"
6375,132,55,913,"0"
696,35,55,961,"0"
9755,560,1,959,"0"
25192.22,1048,6,909,"0"
4396.8,157,23,923,"0"
108286.3,7378,0,918,"0"
4286,125,6,884,"0"
6352.8,207,14,882,"0"
3966,203,31,882,"0"
12755,656,1,881,"0"
350,20,30,881,"1"
36297,2512,1,881,"0"
383290.8,20075,0,909,"0"
2968,45,34,946,"0"
2362,125,24,944,"0"
2385.6,38,16,941,"0"
84371.2,1025,1,924,"0"
83629.6,1299,1,924,"0"
4193.8,165,42,937,"0"
7767,378,23,933,"0"
9195,229,0,930,"0"
8086,659,23,927,"0"
128112,3498,1,924,"0"
29535,383,6,833,"0"
73924,2877,6,941,"0"
3096,129,24,939,"0"
3470,146,0,937,"0"
10586,686,13,934,"0"
6104,90,8,934,"0"
16672.2,625,0,933,"0"
2228.4,106,10,933,"0"
1095,17,42,945,"0"
9124,397,2,937,"0"
3339.6,261,43,934,"0"
1304,50,8,934,"0"
4043.6,364,30,933,"0"
18871.2,1106,20,933,"0"
7901.6,500,8,933,"0"
4845,62,44,933,"0"
9347.2,198,22,933,"0"
4115,49,6,930,"0"
1983,33,20,948,"0"
5635,57,21,948,"0"
8700,142,2,947,"0"
4258,158,21,947,"0"
2416.19,83,44,946,"0"
7275.8,110,23,944,"0"
61758,1479,1,917,"0"
5780,578,49,916,"1"
7728,441,9,916,"0"
30412.47,6318,1,903,"0"
32421.4,473,20,903,"0"
28543,407,1,938,"0"
2412,118,85,937,"0"
4830,66,30,934,"0"
6274,352,8,933,"0"
5669.2,323,20,933,"0"
26629.11,581,3,870,"0"
14316,486,1,941,"0"
26377,389,13,952,"0"
2622,77,34,951,"0"
13556,397,10,948,"0"
2975,119,50,947,"0"
512669,28383,6,947,"0"
9674,487,0,945,"0"
5625.8,277,1,927,"0"
11144.6,463,13,923,"0"
21628.37,458,0,955,"0"
6322.4,239,23,954,"0"
3011,119,8,952,"0"
3330,190,22,952,"0"
22289,435,9,951,"0"
1801,121,30,951,"0"
4674,129,29,948,"0"
32319.6,923,1,948,"0"
12253.36,229,9,948,"0"
1025541,33352,1,947,"0"
2397.4,151,22,947,"0"
20873,1192,7,945,"0"
13061,397,13,944,"0"
2811.39,60,16,926,"0"
3348.8,92,29,941,"0"
95633.8,5463,1,938,"0"
996.6,21,20,938,"0"
8321.6,217,1,891,"0"
19047.6,1016,3,890,"0"
9754.2,171,8,890,"0"
7527,432,8,937,"0"
10728.8,345,1,934,"0"
1850,105,55,934,"0"
9868,142,8,832,"0"
6101.2,299,34,832,"0"
5332.4,129,22,830,"0"
3387.4,106,22,930,"0"
13828.64,193,7,924,"0"
6782.4,291,15,923,"0"
570,12,8,877,"0"
4656.4,234,57,876,"0"
9578,304,8,875,"0"
9784,452,3,870,"0"
22485,551,1,930,"0"
4896,109,10,924,"0"
57076,3274,0,923,"0"
8250,275,2,923,"0"
6344.2,352,27,939,"0"
13145,251,16,939,"1"
9226,252,59,919,"0"
2442,30,41,918,"0"
13770,473,3,913,"0"
4498,243,29,888,"0"
6346,95,7,885,"0"
1359,77,56,932,"0"
11736,161,15,932,"0"
1226.4,55,14,932,"0"
2743,143,0,927,"0"
4230,57,2,925,"0"
3675,215,10,923,"0"
2798,163,30,944,"0"
66230,1386,2,940,"0"
52944.7,1110,1,940,"0"
15914,299,20,940,"0"
35778,983,8,916,"0"
61929,1114,1,909,"0"
17782,1523,3,906,"0"
7730,86,44,904,"0"
6729.2,334,1,899,"0"
18604.2,508,3,897,"0"
3924.4,121,27,940,"0"
15855,224,21,940,"0"
9134,517,6,938,"0"
10890.4,490,1,938,"0"
12386.3,239,8,934,"0"
6412,185,8,933,"0"
58026,1231,3,609,"0"
22110.8,381,9,609,"0"
5978,264,1,606,"0"
10700,330,2,926,"0"
1909.8,56,8,926,"0"
6128,283,15,925,"0"
24073.6,1243,7,906,"0"
10091.46,13146,8,904,"0"
1370,121,27,903,"0"
3275,99,27,918,"0"
5580,161,23,918,"0"
12878.4,187,6,917,"0"
4425,236,45,916,"0"
765,18,22,916,"0"
36319.6,807,6,828,"0"
3288,67,2,890,"0"
2384,136,2,885,"0"
7696,139,21,884,"0"
5537,321,29,884,"0"
12307,662,1,884,"0"
11472.4,532,3,884,"0"
20588,281,10,896,"0"
7647.2,388,0,896,"0"
42961.8,2407,2,895,"0"
45866,1327,6,920,"0"
15760.4,809,2,920,"0"
12435,144,28,920,"0"
3460,94,0,917,"0"
6757.8,135,3,916,"0"
86606,1416,0,916,"0"
2305,102,41,912,"0"
9380.4,248,2,919,"0"
7370,211,14,937,"0"
11377.2,196,6,937,"0"
5450,257,45,934,"0"
6731.4,78,51,933,"0"
60751.08,2818,14,932,"0"
4832,132,52,932,"0"
5760,61,36,930,"0"
12329,181,10,928,"0"
10147.2,448,15,926,"0"
28451,713,6,926,"0"
26801.2,624,0,924,"0"
4132,232,3,862,"0"
5943,102,30,862,"0"
14176,172,9,919,"0"
7112.4,197,19,918,"0"
3259,326,27,917,"0"
23592,1410,6,917,"0"
23560.21,523,3,916,"0"
4359,232,13,913,"0"
15832.8,256,27,927,"0"
10440,150,14,934,"0"
5762.4,192,0,934,"0"
16474.4,539,0,934,"0"
12774.4,322,34,933,"0"
4325,55,45,932,"0"
13516.89,356,3,863,"0"
8922,328,8,855,"0"
4524,472,14,884,"0"
23648.6,1124,6,883,"0"
12828.4,1231,14,881,"0"
4720,270,10,865,"0"
7849,184,13,865,"0"
4385,50,35,865,"0"
16735.6,637,6,864,"0"
9446.4,416,7,910,"0"
16535.3,753,1,909,"0"
11667.2,544,7,907,"0"
4986,228,59,891,"0"
23402.6,857,10,889,"0"
12416,992,7,888,"0"
23166,296,6,885,"0"
7255,81,27,920,"0"
15397.2,689,2,919,"0"
9095,103,10,882,"0"
1640,25,56,882,"0"
4180,189,13,881,"0"
7199.4,369,0,876,"0"
10817,484,7,935,"0"
20461.2,563,1,934,"0"
30689.2,1007,1,934,"0"
4026,140,6,933,"0"
10672.2,334,0,926,"0"
5094.4,142,48,925,"0"
2548,118,21,933,"0"
79611.01,4428,6,933,"0"
6120.2,350,1,925,"0"
6848,377,24,925,"0"
12839.6,717,34,874,"0"
14646,895,0,871,"0"
5555,77,14,871,"0"
37950.1,2564,10,870,"0"
7113.2,96,1,869,"0"
13509.6,669,0,869,"0"
17698.35,648,2,889,"0"
3126,131,48,888,"0"
1240,63,24,597,"0"
19474,264,2,827,"0"
17174.6,889,13,906,"0"
2932.8,290,34,905,"0"
5912.8,169,36,904,"0"
94178,5317,3,883,"0"
16953.11,680,2,881,"0"
25402.2,966,24,855,"0"
2750,155,36,884,"0"
10616.6,440,9,919,"0"
23292,734,13,917,"0"
8891,114,27,917,"0"
42815.2,2059,10,916,"0"
17137.5,397,13,913,"0"
2102,97,22,913,"0"
2778,79,43,910,"0"
1265.8,15,28,916,"0"
3814.8,214,1,909,"0"
5152,225,2,909,"0"
2858,163,1,906,"0"
77758.8,3406,0,905,"0"
19339.12,732,9,904,"0"
8874,494,8,902,"0"
14053.2,615,20,902,"0"
7555.2,231,41,924,"0"
3396.4,119,28,923,"0"
7829.2,290,23,923,"0"
87528,1211,1,920,"0"
34064,1915,13,920,"0"
6140.8,343,21,857,"0"
6055.8,97,30,857,"0"
10909,300,3,857,"0"
6239,149,45,857,"0"
6821.8,310,30,918,"0"
3184,55,36,913,"0"
5077,111,31,882,"0"
29704.2,1570,2,877,"0"
11194,585,0,871,"0"
45081.88,1789,0,869,"0"
2060,104,38,912,"0"
8972,354,15,912,"0"
10350,155,27,911,"0"
16182,298,9,911,"0"
29798,882,3,910,"0"
12173.2,472,27,919,"0"
8936,483,24,916,"0"
4910,439,2,909,"0"
31227,986,34,903,"0"
7211.21,206,35,926,"0"
3670.3,101,22,925,"0"
7800.4,160,13,925,"0"
14265,309,3,923,"0"
129897,3316,3,920,"0"
9796.8,791,21,885,"0"
16729.6,898,20,883,"0"
15895,214,27,863,"0"
1846,53,56,912,"1"
53015,662,20,911,"0"
39450.4,2119,9,911,"0"
10455,550,16,909,"0"
17321,526,7,906,"0"
1865.6,102,10,904,"0"
1175,20,1,903,"0"
10738.05,237,7,903,"0"
9760.4,412,22,890,"0"
2085,120,0,855,"0"
3842,222,8,855,"0"
2031,168,3,853,"0"
1703.2,96,27,851,"1"
7250,354,28,851,"0"
10643.6,297,7,919,"0"
12260,365,13,918,"0"
1030,31,21,917,"0"
7505,113,27,902,"0"
14589.35,522,37,902,"0"
32970,2640,0,868,"0"
22975,927,0,868,"0"
3006,164,43,876,"0"
5641.6,112,1,875,"0"
5432,213,16,875,"0"
9765,264,13,875,"0"
63863,893,6,875,"0"
6450,306,21,871,"0"
6284.6,301,7,903,"0"
4644,230,6,909,"0"
10077.2,281,3,906,"0"
4635,71,59,905,"0"
5443,79,41,905,"0"
50101,652,3,904,"0"
9495,197,9,918,"0"
3276,115,20,917,"0"
31887.6,2614,1,917,"0"
6669,86,27,916,"0"
22748.4,818,7,913,"0"
1765,28,48,881,"0"
11510,323,1,876,"0"
25818.8,1476,3,876,"0"
3617.6,158,2,877,"0"
2543.4,94,56,877,"0"
7569,261,14,917,"0"
12078.41,376,0,916,"0"
37806,448,0,597,"0"
2975,47,45,589,"0"
2052.8,102,30,881,"0"
5512.8,226,1,875,"0"
3157,90,48,868,"0"
30191.6,1775,2,861,"0"
22288,293,8,861,"0"
11400,537,31,860,"0"
81135,1016,0,902,"0"
21247.8,635,2,898,"0"
18975.2,534,7,898,"0"
1120,33,41,853,"0"
2571.2,127,30,850,"1"
8934.2,254,13,904,"0"
138357.5,8147,3,903,"0"
786.2,66,1,902,"0"
2356.8,138,9,902,"0"
1360.8,108,35,896,"0"
3443,76,49,891,"0"
3882,110,57,889,"0"
16700,227,14,885,"0"
340,9,48,890,"0"
7469,426,22,850,"0"
870,50,37,903,"0"
2238,94,0,903,"0"
1543,28,9,911,"0"
9610,126,29,911,"0"
21994,244,8,909,"0"
2631,246,13,890,"0"
931,13,6,889,"0"
6123.6,183,31,885,"0"
3905.6,154,7,870,"0"
2674,126,20,869,"1"
12801,187,27,868,"0"
14994,330,6,868,"0"
20290,199,15,867,"0"
3128,100,1,888,"0"
2493.8,55,30,884,"0"
17198,499,3,890,"0"
11716.8,332,20,890,"0"
19121,476,0,889,"0"
3288.56,176,42,888,"0"
16130.2,713,0,886,"0"
3338,94,28,912,"0"
9749,337,1,911,"0"
4774.2,146,24,842,"0"
10774,321,14,911,"0"
7686.8,522,28,910,"0"
15311.69,897,10,909,"0"
12765,153,10,888,"0"
23210,631,0,888,"0"
5779,72,0,864,"0"
11805,833,13,909,"0"
8915,101,27,909,"0"
1855,43,38,909,"1"
4990.6,277,48,917,"0"
35159.2,779,20,870,"0"
1890,28,26,869,"0"
7600,339,1,895,"0"
2845,48,29,582,"0"
34373.4,981,15,890,"0"
3020.2,262,7,884,"0"
6514.4,104,6,883,"0"
1180.6,126,1,883,"0"
6274,385,31,881,"0"
8319.4,680,7,881,"0"
2589.4,143,24,847,"0"
14376.2,578,8,885,"0"
2920,106,3,884,"0"
11906.8,585,0,884,"0"
18707.6,315,2,882,"0"
3886,150,0,882,"0"
3246.4,145,34,881,"0"
5508,234,0,863,"0"
3211,319,0,906,"0"
52461,973,0,904,"0"
5124.2,199,29,902,"0"
8350,144,3,897,"0"
10228,286,1,890,"0"
2524.4,91,45,888,"0"
7358.2,248,7,882,"0"
1400,80,31,871,"0"
12414.8,588,9,869,"0"
34545,499,0,885,"0"
8618,370,6,849,"0"
5550,165,3,848,"0"
2672,74,1,847,"0"
5256.4,218,7,904,"0"
15749.4,523,14,903,"0"
4936.4,208,7,902,"0"
2263,129,22,862,"0"
4390,63,30,862,"0"
5870,200,8,862,"0"
7684,733,9,884,"0"
9815,744,3,883,"0"
2736.8,96,0,882,"0"
4743.6,107,21,876,"0"
57136,1481,2,906,"0"
7873,410,0,905,"0"
1725,21,59,905,"1"
5290,149,27,905,"0"
4140,57,8,904,"0"
21991,626,9,904,"0"
903,35,16,903,"0"
11420,161,15,856,"0"
2838.4,288,6,855,"0"
5812.4,261,0,854,"0"
3256.4,260,16,853,"0"
1911.4,28,48,853,"0"
20118.8,756,7,853,"0"
16417.24,932,2,853,"0"
21910,260,2,851,"0"
276126.9,13100,1,863,"0"
71386.4,3116,6,857,"0"
180491.7,4322,0,883,"0"
35006.45,934,15,882,"0"
7702,441,10,882,"0"
9203,271,23,882,"0"
3324,102,41,881,"0"
30334.29,912,6,875,"0"
5030,100,22,843,"0"
84187.63,1991,6,877,"0"
9980.8,398,13,875,"0"
9206,122,29,874,"0"
6431.2,301,23,842,"0"
37066.6,1620,15,842,"0"
27857.4,1198,2,841,"0"
11009.4,707,0,840,"0"
5596,313,8,840,"0"
8921.6,316,41,840,"1"
40639,505,9,877,"0"
5466,188,6,903,"0"
5687.6,162,0,903,"0"
875,12,13,903,"0"
6100,80,0,897,"0"
3102.6,167,13,896,"0"
3812.8,73,7,877,"0"
11933,272,14,877,"0"
2325,88,37,877,"0"
15832.6,536,28,876,"0"
17780.8,504,6,875,"0"
5152.44,397,1,875,"0"
16097,210,21,871,"0"
91844,1130,0,871,"0"
1309,73,23,870,"0"
847.8,33,36,856,"0"
4874.4,269,20,855,"0"
6317,302,3,867,"0"
2170,112,52,862,"0"
9579,516,3,854,"0"
14958,574,2,895,"0"
5828,85,30,890,"0"
12960,408,10,890,"0"
14860.6,547,30,889,"0"
2390,50,3,889,"0"
21615,284,9,849,"0"
945,40,22,897,"0"
1440,30,10,897,"0"
19194,640,1,891,"0"
4862.8,147,34,890,"0"
7156,172,2,897,"0"
483.2,21,41,896,"0"
309.2,16,41,896,"0"
19986,589,2,896,"0"
2561,87,104,896,"0"
2231,65,35,896,"0"
15689.4,1895,6,875,"0"
8683,238,8,875,"0"
6237,194,15,875,"0"
46542.8,2209,6,871,"0"
4836,290,0,877,"1"
20120.6,929,3,875,"0"
1430,41,23,874,"0"
42695.4,2924,3,860,"0"
41144.6,1461,0,862,"0"
22787.2,364,8,884,"0"
1826.8,96,59,883,"0"
34189.2,956,23,883,"0"
8538.6,225,59,883,"0"
25410,289,0,843,"0"
7185,385,2,870,"0"
710,37,28,870,"0"
20802.3,404,1,891,"0"
2716,96,1,890,"0"
24832.8,822,1,889,"0"
7122,461,28,888,"0"
12010,321,7,888,"0"
38425,816,2,888,"0"
15015,199,13,874,"0"
9686.4,764,27,874,"0"
6269,358,2,874,"0"
6124.4,611,6,871,"0"
12280,350,0,870,"0"
23886,560,2,854,"0"
9944.2,457,16,875,"0"
3076.8,175,30,875,"0"
62811.8,3466,1,874,"0"
48933.42,1455,6,884,"0"
2320,232,1,839,"0"
2788,130,38,836,"0"
9027,179,36,835,"0"
1540,88,50,833,"0"
7908.4,169,28,871,"0"
14216.4,689,1,871,"0"
7355.2,387,27,871,"0"
3760.8,181,27,871,"0"
32695,453,29,871,"0"
17911.8,1215,0,871,"0"
2781.4,125,23,870,"0"
6720,285,45,868,"0"
19226,783,0,868,"0"
4130,65,41,847,"0"
19725,228,0,847,"0"
3315.2,154,8,847,"0"
2304.8,114,30,846,"0"
3745,50,30,846,"0"
2735,44,13,567,"1"
26492,623,9,882,"0"
10804.2,434,1,882,"0"
1090.4,41,28,882,"0"
1590.4,55,1,878,"0"
1383,64,3,878,"0"
15475,354,15,877,"0"
4276,193,3,876,"0"
2025,24,57,876,"0"
12404,171,24,875,"0"
8639.2,355,9,875,"0"
10660,328,9,875,"0"
22050,881,2,874,"0"
16120,184,1,871,"0"
219550,9321,0,869,"0"
2160,79,13,868,"0"
2205,29,51,867,"0"
1354,38,37,870,"0"
21152,594,14,864,"0"
6993,239,34,863,"0"
2683.2,176,45,870,"0"
13156,241,34,869,"0"
7956.6,133,20,869,"0"
1399,150,9,868,"0"
6972.8,390,23,868,"0"
18412,240,0,868,"0"
4162.8,219,15,867,"0"
1597.6,79,21,854,"0"
7713,170,51,870,"0"
2750,84,34,868,"0"
8108.9,225,3,864,"0"
7843,230,6,850,"0"
9817,128,20,850,"0"
24630,2205,3,856,"0"
23736,1627,9,855,"0"
3873,187,34,851,"0"
860,56,36,850,"0"
7064.4,260,7,829,"0"
3065,45,14,828,"0"
962,56,22,828,"0"
3410,127,43,828,"0"
22038,1575,1,828,"0"
550,14,55,890,"0"
2770,35,38,889,"0"
15087,798,6,885,"0"
19931,1035,16,884,"0"
8601,102,3,848,"0"
19811.78,10962,6,847,"0"
8532,104,13,847,"0"
8568,471,13,869,"0"
1656.2,92,3,868,"1"
11773,679,15,840,"0"
6771.66,155,2,840,"0"
8987.8,197,1,840,"0"
2666.8,125,48,877,"0"
20106,1002,1,876,"0"
375,9,23,875,"0"
5636,269,0,875,"0"
3425,193,1,884,"0"
4831,277,57,883,"0"
1498,86,35,882,"1"
908.4,45,0,853,"0"
12076.6,689,1,870,"0"
197050.6,6705,2,869,"0"
36074,1296,2,864,"0"
3518.93,73,20,846,"0"
3223,129,13,861,"1"
19322,451,1,849,"0"
5269,302,38,843,"0"
6722.8,298,21,842,"0"
12070,579,6,864,"0"
13073,1090,2,864,"0"
11122,274,8,863,"0"
9267.8,126,14,863,"0"
3487.6,190,14,862,"1"
8581.6,412,9,862,"0"
5215,118,34,861,"0"
1111,52,36,857,"0"
3715,111,3,850,"0"
3595,41,7,841,"0"
6290,74,23,841,"0"
13369,617,3,840,"0"
38002.4,3062,6,883,"0"
9412,126,3,883,"0"
7835,106,28,883,"0"
2231.4,73,57,882,"0"
10933.8,177,22,882,"0"
5440,61,8,882,"0"
22336,374,1,878,"0"
16625,708,2,877,"0"
14801,1335,0,827,"0"
1756,99,8,826,"0"
2157.6,115,23,825,"0"
4962.4,230,8,867,"0"
4025,49,35,849,"0"
10718,327,2,877,"0"
38854.2,853,2,875,"0"
39041.8,1177,3,833,"0"
3805,56,7,875,"0"
5247,154,2,856,"0"
37567,521,2,856,"0"
4704,87,50,842,"1"
1867.2,92,22,867,"1"
31785.4,1697,6,864,"0"
5829.6,267,7,864,"0"
9520.8,528,8,862,"0"
5405,74,7,862,"0"
5880,72,20,861,"0"
10213,478,7,861,"0"
4158.4,59,35,861,"0"
47856.8,2552,0,861,"0"
7535,120,1,856,"0"
3335,59,20,550,"0"
9910,113,0,546,"0"
2105,36,29,545,"0"
10525,135,55,861,"0"
23204.6,742,0,858,"0"
5386.8,188,55,856,"0"
8431.4,187,29,853,"0"
1328,58,36,850,"0"
5329,156,28,849,"0"
23283.05,541,14,849,"0"
5086.6,449,30,841,"0"
11298.4,952,2,841,"0"
33154.2,862,0,841,"0"
20950,1008,9,839,"0"
3030.4,158,2,839,"0"
5888.8,285,42,848,"0"
2325.6,40,9,847,"0"
9618.04,2896,27,847,"0"
2970.8,202,30,846,"0"
8787.4,328,45,868,"0"
6370,88,48,864,"0"
7237.6,268,45,864,"0"
6819,86,34,863,"0"
2112,106,9,862,"0"
36504,554,3,862,"0"
9219.6,268,2,850,"0"
8095.2,248,1,840,"0"
19819,223,15,839,"0"
7095,265,21,836,"0"
2993,183,15,836,"0"
16105,203,0,835,"0"
7238,98,7,835,"0"
18822,756,10,871,"0"
39493.2,790,6,871,"0"
19895,265,1,868,"0"
13388.6,214,9,867,"0"
16974.6,356,2,864,"0"
6817.6,190,35,864,"0"
61247.8,1109,2,864,"0"
10200,128,42,863,"0"
5282,68,45,863,"0"
48791.8,3095,40,863,"0"
5630.2,209,1,855,"0"
16483.2,719,0,855,"0"
5225,205,8,854,"0"
36416.6,1541,1,850,"0"
18054,499,24,875,"0"
10778,111,34,874,"0"
11646.2,146,10,870,"0"
2993.6,99,24,870,"0"
5040,61,55,870,"0"
6020,175,35,868,"0"
92570.8,2363,1,868,"0"
1710.2,108,37,860,"0"
2964.8,297,26,857,"0"
7725,100,6,856,"0"
5764,442,41,856,"0"
6644,186,1,856,"0"
5477.4,152,27,846,"0"
6168.4,175,0,843,"0"
7072.4,433,21,842,"0"
367.2,20,10,842,"0"
1275,72,52,823,"0"
15219.4,662,27,822,"0"
6535,101,2,822,"0"
17721,1012,0,822,"0"
15729.6,1104,13,822,"0"
2014,168,57,821,"0"
1224,50,14,821,"0"
8807.4,430,8,820,"1"
5747,200,21,820,"0"
4764,143,8,870,"0"
280,7,31,870,"0"
13722.4,412,1,869,"0"
4470.4,223,31,857,"0"
14239,211,23,856,"0"
26097.98,925,1,855,"0"
8713.2,487,7,854,"0"
33402,2177,1,861,"0"
6655,96,34,857,"0"
12169.2,160,8,857,"0"
19133,890,7,855,"0"
39841.2,2156,1,855,"0"
16221,247,22,836,"0"
6473.2,306,28,832,"0"
61379.4,2155,2,829,"0"
10781.8,207,8,829,"0"
3191.2,175,0,829,"0"
1260.4,138,7,843,"0"
1560.8,84,28,841,"0"
8545,85,37,835,"0"
20551.6,630,34,834,"0"
402973.4,19609,1,526,"0"
10035.6,409,7,521,"0"
9907.4,347,41,854,"0"
6047.2,163,2,850,"0"
10084.4,248,3,850,"0"
8687.6,352,21,841,"0"
5536.8,176,27,848,"0"
17584.6,675,13,846,"0"
9343,153,8,843,"0"
5644,159,9,849,"0"
3760,105,52,849,"0"
40388,523,9,849,"0"
12776.8,358,0,847,"0"
27994.4,1919,0,846,"0"
63410.6,920,1,799,"0"
6076,236,22,797,"0"
16374.8,267,16,794,"0"
14509.2,186,48,861,"0"
7822,229,3,860,"0"
3007,42,3,860,"0"
5360,74,9,828,"0"
539682,58832,1,828,"0"
6147,4676,41,853,"0"
6549.6,321,13,853,"0"
2391.6,227,49,853,"0"
5313,87,0,849,"0"
4060,196,52,848,"0"
26389.21,608,2,864,"0"
6155,536,16,861,"0"
34949,841,7,861,"0"
2590,130,29,847,"0"
65282.6,2275,0,846,"0"
2701.4,118,0,833,"0"
14052.6,563,13,832,"0"
4424.4,175,20,829,"0"
4368,364,6,834,"0"
40985.9,2029,1,833,"0"
3905,155,29,836,"0"
13406,539,14,834,"0"
12297.8,252,0,794,"0"
15248,671,31,835,"0"
7732,410,3,833,"0"
73166.4,3271,6,833,"0"
14205.8,542,2,842,"0"
73556,1041,3,841,"0"
16256.6,689,3,832,"0"
3903,130,9,828,"0"
29316.8,1045,8,827,"0"
6816,208,24,854,"0"
7273,225,30,854,"0"
47290,600,0,850,"0"
1850,47,2,862,"0"
6399.6,245,9,861,"0"
31907,541,2,861,"0"
3164,90,22,860,"0"
17487.4,349,20,860,"0"
7780,102,31,860,"0"
4436,58,6,857,"0"
8186,105,27,857,"0"
3541.6,131,49,857,"1"
863.2,33,15,856,"0"
755,14,50,855,"0"
4379,222,24,853,"0"
30860.6,1362,13,850,"0"
36205,413,2,850,"0"
3990,106,2,846,"0"
5061.6,140,28,842,"0"
4654,305,15,819,"0"
12074,175,0,819,"0"
4474.5,129,7,818,"0"
8799,263,57,818,"0"
3910,46,1,815,"0"
8494.4,444,14,814,"0"
2680.4,136,27,813,"0"
11392.4,547,0,813,"0"
16355,283,27,813,"0"
15362,860,7,808,"0"
3255.8,299,22,806,"0"
1154,49,34,806,"0"
2065.8,101,36,805,"0"
4290.2,341,30,804,"0"
5656.2,261,8,801,"0"
1838,104,35,801,"0"
30735,414,1,800,"0"
6096.8,79,30,854,"0"
7131.6,566,22,854,"0"
1955,111,21,853,"0"
11650,152,10,853,"0"
2307.6,42,20,850,"0"
13980,188,29,849,"0"
4674,133,27,847,"0"
14573.4,571,6,846,"0"
39720,514,7,843,"0"
3085.29,69,0,843,"0"
12955,158,16,835,"0"
18823.8,925,8,833,"0"
715,18,50,832,"0"
22913,1597,8,830,"0"
24982,324,2,828,"0"
2664,153,6,828,"0"
2753,122,9,857,"0"
2046,116,8,857,"0"
2589.2,117,50,854,"0"
6817,110,38,853,"0"
18526,532,3,861,"0"
2259.6,72,31,860,"0"
4336.86,91,23,857,"0"
15393,633,2,856,"0"
3658,104,14,856,"0"
3211,183,10,855,"0"
20075.6,606,22,854,"0"
23970,655,51,854,"0"
1984.2,83,29,827,"1"
4773,263,1,826,"0"
1812,74,22,825,"0"
14708,724,16,849,"0"
9206,533,6,849,"0"
10296.4,504,1,848,"0"
5901,1828,13,844,"0"
3933.6,123,21,848,"0"
27849.4,661,9,847,"0"
4165,45,56,846,"0"
11662.8,471,2,846,"0"
11353.2,593,36,846,"0"
4815.8,152,3,846,"0"
180,10,21,843,"0"
25322.4,1362,13,842,"0"
3986.2,216,22,841,"0"
18957,587,3,849,"0"
11648.8,8857,3,848,"0"
7836,124,13,847,"0"
1365,18,29,847,"0"
26862.8,362,8,501,"0"
35205,485,0,499,"0"
5707,189,7,843,"0"
18726,593,6,842,"0"
16074,802,13,840,"0"
12635.4,411,5,839,"0"
2434.8,89,20,840,"1"
10182.6,170,23,701,"1"
9147.8,123,8,701,"0"
1025.2,47,0,827,"1"
42612.8,1494,2,827,"0"
22761,299,6,849,"0"
462439.4,16600,0,848,"0"
3264.4,92,57,847,"0"
11142,379,14,847,"0"
5231,84,22,847,"0"
9693,485,24,846,"0"
4324,129,41,843,"0"
16940.4,232,6,843,"0"
17830,254,30,843,"0"
1350,26,7,832,"0"
9334.6,170,22,829,"0"
32892.4,1413,6,829,"0"
13258.4,644,6,829,"0"
39963.6,1374,0,829,"0"
6629.6,628,15,829,"0"
7057.2,110,14,829,"0"
19378.71,466,3,832,"0"
6851.4,125,51,828,"0"
39528,1152,3,828,"0"
3138,49,1,827,"0"
6037.6,289,9,839,"0"
4985,274,14,839,"0"
472,23,58,850,"0"
8822,288,23,849,"0"
8100,103,10,849,"0"
11634,265,10,848,"0"
35152,1894,6,848,"0"
5392,252,0,849,"0"
29948,1648,1,849,"0"
8540,187,1,848,"0"
9086,348,20,827,"0"
70475,2030,0,825,"0"
22309.8,903,2,822,"0"
3961.2,223,8,821,"0"
4565,46,36,819,"0"
680,10,59,849,"1"
6530,64,14,799,"0"
6980,92,2,797,"0"
91887,2390,1,853,"0"
3588.2,111,8,853,"0"
23844,660,13,853,"0"
4264,134,41,850,"0"
4928.8,95,21,842,"0"
6084.4,644,13,842,"0"
7096.8,343,13,841,"0"
11807.4,447,6,841,"0"
1296.4,76,2,839,"1"
15802,1042,38,835,"0"
8188,472,9,834,"0"
1873.8,97,15,834,"0"
7045,99,58,820,"0"
1298.4,136,35,820,"0"
37136.56,1320,2,820,"0"
14021.4,638,1,819,"1"
8685,103,20,818,"0"
30820.4,696,1,818,"0"
5839.04,855,29,821,"0"
1763.8,2378,59,820,"0"
6740,72,56,818,"0"
2844,82,15,836,"0"
15094.4,404,20,835,"0"
1148,50,44,836,"0"
11896,413,6,829,"0"
3975,52,16,829,"0"
32365,1241,1,825,"0"
2535,35,3,846,"0"
84816,5483,10,843,"0"
22988.8,984,6,843,"0"
13951.9,684,3,842,"0"
25043,1216,3,841,"0"
22879.8,1279,1,836,"0"
12925,149,2,836,"0"
4076,121,7,835,"0"
4860,76,6,834,"0"
16945,193,1,833,"0"
4612,131,31,833,"0"
4691,190,57,847,"0"
11585,141,44,847,"0"
1835.4,87,1,847,"0"
1140,26,6,846,"0"
1360,73,2,846,"0"
8073,141,31,844,"1"
7237.4,233,7,844,"0"
7176.8,309,9,844,"0"
5145,65,23,843,"0"
2375,31,56,843,"0"
10798.7,204,27,843,"0"
2972.8,195,22,794,"0"
4366.4,260,1,794,"0"
3380,173,37,793,"0"
2916,165,14,836,"0"
3764,147,8,834,"0"
2772,42,56,820,"0"
17035,197,0,818,"0"
1834,77,21,819,"0"
3050,45,41,814,"0"
1040,30,27,813,"0"
5529,238,7,812,"0"
12531.2,554,30,841,"0"
6124,163,58,841,"0"
33513,1314,1,839,"0"
21501.8,469,0,836,"0"
18620,719,15,835,"0"
33166,1608,1,834,"0"
114524.6,4152,0,833,"0"
17063,499,7,832,"0"
9708,219,30,829,"0"
20770.4,1364,30,827,"0"
5220,61,23,826,"0"
47719.2,688,1,826,"0"
3445,53,15,849,"0"
64453.8,2049,0,848,"0"
19117.6,944,16,848,"0"
2632,74,29,848,"0"
13229.42,263,6,848,"0"
2752,80,59,846,"0"
7343.2,215,3,846,"0"
8840,427,37,842,"0"
15587,514,20,842,"0"
12680.2,479,8,842,"0"
7169.4,122,14,846,"0"
655,9,16,843,"1"
6041,157,14,843,"0"
22588,458,14,843,"0"
31982,411,1,842,"0"
5765,63,7,842,"0"
48765.2,1781,0,841,"0"
3282,44,56,822,"0"
15644,535,1,822,"0"
10514.8,714,16,818,"0"
11717.2,411,44,815,"0"
21802.8,635,10,815,"0"
8145.6,810,24,811,"0"
10080.2,565,7,814,"0"
3015.6,119,42,812,"0"
822,25,22,811,"1"
1879.2,93,56,807,"0"
23642,675,10,826,"0"
5247,304,52,826,"0"
5520,55,42,822,"0"
12055,158,16,832,"0"
5565,156,41,832,"0"
9585,117,29,832,"0"
3228.4,103,2,832,"0"
6390638,295042,1,829,"0"
2477,87,10,829,"0"
10590,155,13,826,"0"
19018,562,1,818,"0"
1050.4,50,15,806,"0"
1676,88,38,801,"0"
11005,138,27,801,"0"
7260,413,30,801,"1"
6312,263,0,800,"0"
1650,19,14,799,"0"
980,12,8,799,"0"
1641,27,1,799,"0"
12017,739,9,799,"0"
6518,82,36,815,"0"
13955,398,8,815,"0"
7728.4,123,1,815,"0"
3728,113,37,812,"0"
9318,566,7,812,"0"
6280,95,3,665,"0"
2398,86,50,835,"0"
29961.2,823,29,819,"0"
8472,107,1,819,"0"
2586,147,59,833,"0"
4300,65,21,840,"0"
2780,120,10,839,"0"
14786.4,207,8,839,"0"
15350,702,0,836,"0"
2152,30,0,835,"0"
6346,353,6,832,"0"
10184.2,376,2,832,"0"
26284.4,1072,13,829,"0"
11863,236,3,829,"0"
2805,45,16,828,"0"
9177.8,453,16,828,"0"
80555,3731,0,826,"0"
2905,32,58,821,"0"
8415.2,703,2,820,"0"
4056,196,21,819,"0"
2697.8,32,29,819,"0"
62040.2,2996,7,815,"0"
25327,330,10,812,"0"
1112.2,31,30,811,"0"
14554,322,0,811,"0"
18451,542,3,808,"0"
10910,104,9,836,"0"
24218,322,6,835,"0"
22970,1311,1,835,"0"
2961,41,27,829,"0"
6089.2,226,30,829,"0"
4035,47,48,791,"0"
17700,274,0,769,"0"
6255,235,43,769,"0"
26136.6,1198,9,706,"0"
10245,148,30,706,"0"
4687,77,7,813,"0"
5802,317,45,806,"0"
32105,413,6,804,"0"
7168,144,36,840,"0"
12232,383,8,842,"0"
4050,60,3,842,"0"
30459,581,9,842,"0"
6995,73,29,811,"0"
1623,89,8,806,"0"
3201.6,175,0,806,"0"
2540.6,140,16,805,"0"
18751,262,2,805,"0"
15463,660,1,827,"0"
25073.2,894,9,827,"0"
5616.8,258,8,826,"0"
49926.2,1067,7,823,"0"
12607,193,38,821,"0"
8004.3,197,3,820,"0"
2524.6,39,28,822,"0"
35063,485,7,821,"0"
27096.6,1310,9,819,"0"
1807.4,99,34,815,"0"
6908.2,91,1,815,"0"
7240.8,104,14,815,"0"
49230.4,2147,1,815,"0"
7390,342,15,815,"0"
14507.4,575,7,833,"0"
26314,458,6,832,"0"
61989,974,3,826,"0"
4200,219,7,826,"0"
3144,181,57,825,"0"
15070.4,546,0,818,"0"
3440,100,20,841,"0"
18762.4,1864,7,841,"0"
8326,287,16,841,"0"
9366,166,3,841,"0"
16673.8,569,13,841,"0"
5325,140,48,840,"0"
5945.2,199,16,840,"0"
40634,4038,6,839,"0"
22110,251,2,837,"0"
139978,4893,3,833,"0"
3284,80,13,833,"0"
3140,118,51,833,"0"
4740,500,1,832,"0"
17343,1559,0,832,"0"
4174.4,100,28,839,"0"
11450,144,20,839,"0"
5508.4,293,2,839,"0"
8436,135,0,839,"0"
10178.2,185,1,837,"0"
6801,101,29,836,"0"
1748,99,45,836,"0"
6600,81,45,836,"0"
13555.4,191,14,836,"0"
16152.4,180,13,836,"0"
24891.8,1120,7,835,"0"
32604,405,6,835,"0"
13924,771,16,835,"0"
1423.1,44,29,835,"0"
5555,83,16,835,"0"
1033.6,33,28,834,"0"
4083,73,22,834,"0"
4836.4,232,10,833,"0"
9628.28,359,3,832,"0"
20121.8,363,0,479,"0"
21356.8,309,3,479,"0"
9902,326,59,819,"0"
17925.6,653,9,822,"0"
5496,281,9,818,"0"
4218.8,196,3,815,"0"
17274,539,6,811,"0"
2214.4,117,38,811,"0"
12653.4,180,21,811,"0"
6212.8,205,3,808,"0"
23117.36,1406,0,807,"0"
3159,186,45,800,"0"
1583.6,43,55,806,"0"
5211,73,1,654,"0"
60704,1110,1,643,"0"
5811,275,36,639,"0"
12114.8,3381,21,638,"0"
15942,191,44,828,"0"
13137.4,900,1,828,"0"
8437,128,1,828,"0"
31785,626,2,808,"0"
13666.8,723,34,806,"1"
4432.4,144,22,804,"0"
30689,628,0,804,"0"
2929.4,161,13,801,"0"
17563.8,479,3,829,"0"
14078.2,327,7,828,"0"
2548,137,13,827,"0"
27255,863,8,832,"0"
1373.4,52,20,829,"1"
4485,47,15,827,"0"
25185,303,1,827,"0"
26720,800,14,827,"0"
32207.4,1342,2,826,"0"
2228.4,78,22,825,"0"
9342.8,129,22,825,"0"
20728.6,243,27,822,"0"
37209,766,2,821,"0"
17448.8,451,1,820,"0"
53137.35,907,6,820,"0"
4724,238,49,820,"0"
10591,138,2,820,"0"
50996,2070,0,819,"0"
600,35,24,812,"0"
9854,304,2,811,"0"
3798,196,31,811,"0"
11072,153,14,808,"0"
33610,2658,2,808,"0"
27344,2069,2,808,"0"
17407.4,338,10,797,"0"
545,7,56,792,"1"
12605,183,8,791,"0"
15075,197,20,790,"0"
21304.4,1016,13,822,"0"
7585.4,117,3,821,"0"
15490.4,1017,0,821,"0"
16908.2,1273,7,820,"0"
4831,222,13,822,"0"
3170,81,10,822,"0"
2780,33,20,822,"0"
6979.8,333,1,822,"0"
5727.8,380,10,822,"0"
13978,245,7,829,"0"
3374,93,27,829,"0"
7020,707,8,829,"0"
2996,149,0,829,"0"
1992,57,43,828,"0"
4994,190,6,827,"0"
6899,394,41,822,"0"
3608,196,31,820,"0"
32007,1453,34,819,"0"
36368,513,1,804,"0"
1035,20,57,800,"0"
29744.6,978,6,800,"0"
1554,87,29,800,"0"
2737.2,159,34,800,"0"
494,24,20,702,"1"
1369.4,69,15,699,"0"
22138.8,835,9,698,"0"
5297,70,14,696,"0"
13383.4,619,21,696,"0"
22061.8,685,15,696,"0"
5206,309,22,695,"0"
17820,607,13,695,"0"
9496.4,179,49,695,"0"
29710.13,1423,9,695,"0"
6740,187,21,695,"0"
10817.01,300,0,835,"0"
4665,197,14,834,"0"
2832.8,186,6,834,"0"
20125.53,616,1,833,"0"
2951,169,13,833,"0"
19561,718,6,833,"0"
2166,50,31,827,"0"
8464,232,13,827,"0"
5603.8,172,14,825,"0"
5653.1,121,7,825,"0"
2195.2,125,30,822,"0"
13577,187,15,814,"0"
24431.8,1224,1,814,"0"
50275.2,1993,1,814,"0"
1535.2,78,23,813,"0"
33215.4,668,6,813,"0"
3225,41,31,813,"0"
36496.2,878,2,813,"0"
4950,54,34,818,"0"
7180.4,185,8,816,"0"
5100,67,2,814,"0"
13304,278,21,814,"0"
2608,145,36,804,"0"
2342,130,37,801,"0"
11534.2,252,29,814,"0"
7112,199,0,813,"0"
4070,47,49,813,"0"
52088,1622,1,812,"0"
24355.29,1220,2,466,"0"
26047.6,495,15,827,"0"
17956.2,597,8,819,"0"
6691,412,24,818,"0"
7394,87,9,818,"0"
13487,744,6,813,"0"
9775,301,14,807,"0"
1254,72,42,805,"0"
4927.8,107,10,637,"0"
5008.8,226,41,637,"0"
10644,159,30,629,"0"
4835.4,133,21,623,"0"
2561,90,30,623,"0"
5997,317,8,615,"0"
5379,81,3,612,"1"
14497.6,570,14,799,"0"
7135.4,318,0,793,"0"
2550,30,43,791,"0"
12925.6,416,16,790,"0"
2952,169,42,806,"0"
17701.15,481,23,778,"0"
28825,346,27,777,"0"
18107.2,327,9,777,"0"
18190,272,13,777,"0"
8990.2,385,1,818,"0"
745,19,51,818,"0"
27821.2,1269,9,818,"0"
27660,332,2,814,"0"
11009,361,22,688,"0"
11683.2,560,20,822,"0"
25335,277,15,821,"0"
14178,391,10,819,"0"
11337.4,437,3,819,"0"
2840,78,23,818,"0"
23795,354,2,818,"0"
25140,1500,22,816,"0"
14890,273,8,828,"0"
16790,189,15,828,"0"
31835,350,10,827,"0"
16459.6,561,1,827,"0"
27587.4,784,8,826,"0"
17503.8,701,2,825,"0"
11466,139,14,822,"0"
2773,93,2,822,"0"
11458,576,2,822,"0"
4344,249,31,821,"0"
300,10,15,821,"0"
6572,190,15,818,"0"
3580,358,29,812,"0"
33961.9,743,0,459,"0"
12725,173,6,457,"0"
3070,49,36,457,"0"
8712.01,251,0,456,"0"
3613,85,23,808,"0"
6384,404,8,806,"0"
2630,37,50,805,"1"
39019,634,7,797,"0"
260,5,34,797,"0"
3577.6,344,13,794,"0"
7600.4,302,7,793,"0"
9800.2,676,6,806,"0"
4992.8,241,19,806,"0"
3991.4,186,21,806,"0"
8599.4,556,29,806,"0"
419612.4,30053,0,806,"0"
28667.6,1090,1,806,"0"
19000,1512,10,805,"0"
33441.32,2572,6,805,"0"
11932.2,959,27,805,"0"
23516.2,1798,20,804,"0"
150228.8,11853,2,804,"0"
5443.2,114,42,804,"0"
7340,94,7,804,"0"
1410,106,1,801,"0"
6050.6,314,24,801,"0"
3407.2,140,31,801,"0"
8580,118,0,801,"0"
14210,185,56,799,"1"
23666,1166,6,799,"0"
21573,398,7,776,"0"
8205.6,159,34,609,"0"
10320,129,20,597,"0"
24832.4,765,10,809,"0"
10621.8,701,1,808,"0"
680,14,7,808,"0"
7669,282,28,808,"0"
1299.2,34,56,807,"0"
36890.2,1081,3,807,"0"
6750.8,193,37,805,"0"
3454.8,132,50,801,"0"
4810,73,52,801,"0"
6944,223,38,800,"0"
8647,146,21,821,"0"
12528,352,14,820,"0"
11655,157,6,820,"0"
15884.2,1141,6,820,"0"
8430.6,310,22,819,"0"
3817.2,56,59,819,"0"
28934.8,1274,13,819,"0"
9217.2,341,42,819,"0"
4730.4,472,28,819,"0"
12796.8,305,15,818,"0"
8637.6,926,14,818,"0"
10545,119,2,813,"0"
3134,152,20,812,"0"
30997.4,1082,6,812,"0"
4907.4,269,0,811,"0"
1805,26,52,811,"0"
21595,231,8,811,"0"
10445.6,472,9,819,"0"
23759.2,360,0,819,"0"
16653,1326,1,819,"0"
4044.36,106,3,811,"0"
5150.4,212,27,808,"1"
8517,423,14,808,"0"
4620.4,224,13,807,"0"
15988.2,913,6,807,"0"
2346.2,128,0,807,"0"
35599.6,1775,6,806,"0"
4806,187,27,806,"0"
5718,152,8,785,"0"
7741,436,15,784,"0"
5510,66,21,784,"0"
7468,200,7,778,"0"
21345,271,15,778,"0"
14881.6,240,23,812,"0"
1086.4,26,14,807,"0"
4438,97,41,806,"0"
5024,100,28,804,"0"
13710,190,14,793,"0"
13298,556,15,779,"0"
32740,344,7,815,"0"
6364.8,258,16,815,"0"
10786.8,151,50,813,"0"
12598,1167,6,813,"0"
3582,204,36,694,"0"
7099.71,588,8,694,"0"
7445.6,483,10,693,"0"
16150.6,1353,27,692,"0"
10339.6,838,6,692,"0"
3784,216,27,692,"0"
25651,1131,2,692,"0"
11547.3,185,16,687,"0"
19476,561,5,686,"0"
8790,116,22,686,"0"
19827.8,597,0,685,"0"
19478.2,565,6,685,"0"
26574.6,803,3,685,"0"
17017.2,546,1,685,"0"
2790,63,6,818,"0"
2052.6,93,14,818,"0"
5483,130,51,815,"1"
28338,853,7,815,"0"
4477.4,247,43,814,"0"
2086,120,20,799,"1"
24889,327,1,799,"0"
3896,172,22,797,"0"
21182,275,7,797,"0"
26176,872,6,794,"0"
1327.2,61,8,793,"0"
6979.2,216,7,793,"0"
20236.6,296,7,792,"0"
742.8,30,56,791,"1"
1786,95,42,814,"0"
3390,195,8,813,"0"
7837,216,0,822,"0"
883.4,58,28,822,"0"
2355,33,6,821,"1"
9363,370,10,821,"0"
1177,57,31,821,"0"
10141.8,321,7,820,"0"
2589,113,6,819,"0"
4903,242,3,819,"0"
9714,194,29,818,"0"
1673.2,55,2,818,"0"
16328,508,6,818,"0"
20102,387,9,815,"0"
32795,389,6,815,"0"
11296.4,187,31,815,"0"
26364,1170,3,800,"0"
11002,336,10,791,"0"
5112,274,0,790,"0"
1021,22,29,783,"0"
3918,301,13,783,"0"
1496,64,2,811,"0"
1625,24,1,813,"0"
45538.44,3635,2,812,"0"
1782,51,42,812,"0"
3330.4,184,6,812,"0"
2486.8,152,36,812,"0"
7783.6,409,8,812,"0"
13673.6,254,0,812,"0"
5510,187,7,811,"0"
26188.2,1702,8,811,"0"
6282,603,28,811,"0"
8425,108,2,808,"0"
19640,265,6,808,"0"
30730,416,0,808,"0"
5385,99,35,807,"0"
2494,86,0,807,"0"
4671.6,369,37,807,"0"
3681,170,57,807,"0"
4680,195,34,806,"0"
2821.8,298,41,815,"0"
7412.22,258,3,815,"0"
2520.4,72,51,815,"0"
1655,150,21,815,"0"
2594.8,256,58,815,"0"
1377,22,57,814,"0"
2090,28,41,813,"0"
5217,83,27,812,"0"
9478.2,186,13,812,"0"
998,53,30,812,"1"
9839.81,457,6,811,"0"
2234,63,28,811,"0"
1748.4,89,27,811,"0"
9069.2,970,10,808,"0"
8573.2,888,8,807,"0"
11512.2,179,8,449,"0"
12420,238,9,441,"0"
19089.2,622,0,441,"0"
2525,40,8,437,"0"
3879,196,3,792,"0"
33034.2,1251,3,790,"0"
2635.4,125,20,804,"0"
22887,779,1,802,"0"
4621.2,147,9,801,"0"
24124,2425,1,801,"0"
4468.4,129,37,801,"0"
11000,137,3,793,"0"
24120.4,735,13,791,"0"
843.2,32,29,791,"0"
76773,2963,0,790,"0"
16100,363,7,790,"0"
8957.6,244,2,790,"0"
10236,489,2,699,"0"
34639,448,6,698,"0"
6943,100,6,596,"0"
8047,131,14,596,"0"
19558.2,776,16,702,"0"
6611,369,14,700,"0"
5882,205,15,698,"0"
6527.4,330,6,699,"0"
2018,58,20,698,"0"
35796.2,1356,6,792,"0"
13895,142,28,808,"0"
10681.8,192,21,808,"0"
2394,133,1,808,"0"
34531.2,2201,6,807,"0"
34696,1166,6,807,"0"
11660,157,8,807,"0"
12486.8,269,42,806,"0"
8150.07,180,1,806,"0"
8062,226,16,798,"0"
2034.6,111,21,794,"0"
7509,280,8,793,"0"
10212,284,48,791,"1"
32704.4,1108,0,791,"0"
14085,195,7,806,"0"
16970,225,7,815,"0"
7484,97,1,815,"0"
11274,340,13,814,"0"
23057,449,3,813,"0"
3459,47,28,813,"0"
5339.2,203,48,811,"1"
16131.2,452,29,811,"0"
9838,135,23,808,"0"
15864,828,24,807,"0"
4879,239,3,807,"0"
12073,1110,9,807,"0"
10814,371,3,806,"0"
48186.4,873,2,806,"0"
8975,140,13,805,"0"
5960.2,181,23,811,"0"
7510,702,1,808,"0"
4482,126,20,807,"0"
1060.6,38,22,807,"0"
7096,93,29,806,"0"
20538,417,8,805,"0"
588,24,26,681,"0"
9606,204,1,805,"0"
19052,418,8,805,"0"
4248.4,144,1,804,"0"
15094.8,897,3,804,"0"
458,26,38,804,"1"
7520,98,0,804,"0"
29405,396,10,801,"0"
9047,217,10,801,"0"
3745.6,151,22,800,"0"
8510,95,0,812,"0"
17950,220,0,811,"0"
7500.4,385,1,808,"0"
34495,1682,8,808,"0"
10357,587,6,805,"0"
11429,160,15,805,"0"
1272,41,1,813,"0"
2359,133,0,813,"0"
25011.4,662,21,813,"0"
1555,64,8,812,"0"
14650.19,420,22,812,"0"
3695,210,15,790,"0"
3845.8,167,31,790,"0"
1103.4,60,56,790,"0"
6582.8,274,0,790,"0"
20801.2,366,8,805,"0"
8495,611,14,805,"0"
7627,161,7,804,"0"
22185,270,20,804,"0"
4095,157,29,804,"1"
12741,744,31,804,"0"
23499,484,2,804,"0"
30415,405,3,714,"0"
40880,2726,2,714,"0"
39979,2672,1,714,"0"
16278,1574,9,713,"0"
17300,1458,0,713,"0"
25780,2158,1,713,"0"
33821,2893,6,710,"0"
41168,1290,0,709,"0"
7596.6,368,16,808,"0"
23395.96,886,22,807,"0"
6380,181,14,805,"0"
2100,61,55,805,"0"
3326,93,10,804,"0"
7960.8,227,54,804,"0"
3042,107,6,804,"0"
11070,896,2,806,"0"
7663,93,36,806,"0"
1525.8,102,1,805,"0"
10440,132,1,805,"0"
12631.6,347,7,800,"0"
566,60,55,798,"1"
8002,218,27,797,"0"
4184.6,406,21,792,"0"
2558.8,238,48,792,"0"
1110.8,106,7,792,"0"
1704,26,9,791,"0"
3397,72,15,790,"0"
2230,94,9,805,"0"
11435,139,2,804,"0"
20875,258,6,804,"0"
6030,246,21,801,"0"
15220.6,278,0,800,"0"
31086,1017,6,799,"0"
2474,141,58,797,"0"
9196,518,2,797,"0"
16799,901,38,797,"0"
12141,700,3,793,"0"
6148.4,288,1,793,"0"
8855,373,24,790,"0"
38650,567,7,806,"0"
105822.4,3846,2,805,"0"
212136,9368,2,804,"0"
62743.2,2390,7,801,"0"
7286,81,21,798,"0"
91250,1046,0,798,"0"
1841.8,106,2,797,"0"
2459,135,5,805,"0"
36868,1286,1,804,"0"
13277,247,24,801,"0"
3465,46,50,799,"0"
10046.4,205,8,798,"0"
13558.6,468,14,797,"0"
1301,70,16,793,"0"
2581,94,13,784,"0"
33562.95,1200,2,783,"0"
15330,200,0,804,"0"
5204.2,281,41,800,"0"
5393,149,21,799,"0"
11432.6,351,0,798,"0"
7086.4,92,8,797,"0"
6352,295,10,797,"0"
7883.4,553,8,804,"0"
3296.06,1540,28,801,"0"
14245.6,594,31,801,"0"
9151.24,2490,13,801,"0"
17928,486,6,801,"0"
12455,177,1,801,"0"
9105,134,2,801,"0"
9870.2,277,21,799,"0"
130267.8,3924,3,799,"0"
7390,88,9,798,"0"
4689.4,220,0,798,"0"
9225,95,3,798,"0"
13158,1099,9,798,"0"
12430,131,14,790,"0"
12419,177,1,790,"0"
9040,124,23,710,"0"
14669,336,31,800,"0"
31895.8,902,8,799,"0"
29683.2,2136,1,798,"0"
10445.4,340,9,795,"0"
25236.4,718,5,795,"0"
3561,89,27,791,"0"
1440.4,59,3,783,"0"
5293,276,49,703,"0"
7255,95,27,703,"0"
2202.8,119,44,702,"0"
3700.6,270,42,700,"0"
150618.8,6415,0,695,"0"
24777.76,552,1,692,"0"
10901.8,694,23,692,"0"
1918.6,74,45,779,"0"
9338,294,10,778,"0"
37484,563,8,778,"0"
9014.6,285,9,778,"0"
2790,48,36,778,"0"
29212.16,726,0,778,"0"
7734.17,122,20,777,"0"
2210,36,21,777,"0"
3533.4,105,9,777,"0"
2134,60,48,690,"0"
5240,150,43,687,"0"
2157.6,100,20,686,"0"
20705,937,16,685,"0"
6612.2,117,45,589,"0"
12836.2,303,7,587,"0"
12368,159,15,584,"0"
1717,98,49,798,"0"
34619,1773,13,797,"0"
16469,840,7,794,"0"
78354.2,1889,2,794,"0"
3116,130,58,794,"0"
14347.8,680,7,793,"0"
19326.6,464,6,793,"0"
24391.2,955,1,792,"0"
31086,577,13,791,"0"
17244,550,10,777,"0"
69012.4,1197,6,776,"0"
2229,37,7,708,"0"
2825,56,35,702,"0"
3839,219,13,696,"0"
5948,176,23,692,"0"
11998.2,154,3,797,"0"
4389,69,38,797,"0"
4826,240,10,794,"0"
12338.2,567,8,793,"0"
5120,73,38,793,"0"
540144.8,28640,8,793,"0"
7700,97,10,793,"0"
2453.2,61,36,691,"0"
10644.8,219,0,693,"0"
2147.6,71,49,691,"0"
8811.4,189,9,689,"0"
12181,267,35,685,"0"
590,13,56,681,"0"
96052.15,2430,6,675,"0"
3755,154,0,674,"0"
4674,90,8,671,"0"
5447,307,14,668,"0"
6190,288,23,667,"0"
9272,446,8,667,"0"
15308.8,310,6,666,"0"
11655,166,27,666,"0"
69027.46,2167,6,801,"0"
11680,1162,13,797,"0"
43572.05,888,2,793,"0"
23185,283,2,791,"1"
36046,1031,10,790,"0"
2683.2,132,1,693,"0"
3837,216,27,689,"1"
7499,112,6,686,"0"
761728.2,11359,2,706,"0"
32841,418,6,706,"0"
7970,88,6,702,"0"
5410,72,37,700,"0"
1544,74,36,700,"1"
3326,63,30,696,"0"
13896.6,441,22,665,"0"
26190.02,587,8,710,"0"
8073,105,21,702,"0"
14833.2,814,1,695,"0"
46000,492,0,695,"0"
1000,13,22,694,"0"
41326,3333,0,706,"0"
7497,2399,23,702,"0"
5272,80,28,700,"0"
5590.98,10465,22,699,"0"
4069.2,153,8,699,"0"
3908.6,142,2,698,"0"
11544.8,438,9,696,"0"
23068.6,1246,3,790,"0"
6372,104,13,710,"0"
20496,1114,0,709,"0"
67065,1010,2,709,"0"
13316,192,16,707,"0"
2352,129,43,702,"0"
10264,466,13,783,"0"
7814,417,30,783,"0"
3467.6,128,30,801,"0"
3246.4,98,14,801,"0"
1617,27,23,800,"0"
4848.67,104,1,800,"0"
7003.6,314,14,799,"0"
2665,45,52,799,"0"
2472.8,106,56,799,"0"
6782,250,14,798,"0"
16120,460,0,798,"0"
7598,152,8,791,"0"
8570,158,3,791,"0"
13989.2,623,56,791,"0"
5544.2,145,27,706,"0"
2925,38,13,703,"0"
9894,607,16,702,"0"
2381,165,56,702,"0"
3352.8,171,1,702,"0"
26258.6,1183,3,700,"0"
563.2,30,56,699,"1"
2332.4,162,51,696,"0"
97201.2,3981,3,422,"0"
13290,218,8,778,"0"
1103,39,29,769,"1"
5418,139,8,704,"0"
37303.2,1595,13,689,"0"
42468.35,1136,3,776,"0"
18824,302,0,680,"0"
1025,15,27,581,"0"
17644,290,3,574,"0"
25647.2,1193,8,567,"0"
10163.2,444,14,682,"0"
3310,35,52,681,"0"
3880,115,30,680,"1"
9775,162,9,792,"0"
8725,102,13,790,"0"
4810.4,144,14,790,"0"
8091.6,271,2,790,"0"
21388,281,28,790,"0"
1330,70,29,778,"0"
10168,125,8,777,"0"
11272.8,406,6,776,"0"
1607,100,29,776,"0"
26516,754,2,776,"0"
4032.4,196,6,699,"0"
37694,474,6,686,"0"
3603.2,169,21,685,"1"
12965.4,221,15,681,"0"
4827.8,149,21,687,"0"
2720,42,10,687,"0"
11345,174,15,693,"0"
1540,19,44,692,"0"
7584,192,16,687,"0"
3590,196,45,682,"0"
16802,714,8,680,"0"
450,12,44,679,"0"
12763,230,9,778,"0"
1031.4,34,23,778,"0"
64957,1953,13,777,"0"
1708,50,21,777,"0"
14502.2,752,6,664,"0"
4040,388,31,664,"0"
4020,132,8,663,"0"
2794.6,48,56,661,"0"
4762.8,230,37,661,"0"
6275,96,14,660,"0"
5800,84,34,779,"0"
12668.8,651,7,777,"0"
7776,428,10,695,"0"
35769.2,2263,6,7864,"0"
6084.4,238,20,7864,"0"
3464.4,341,49,7864,"0"
50324.3,1321,6,3900,"0"
9420,942,2,3899,"0"
61050.8,5959,1,7864,"0"
1015.2,96,22,7864,"0"
2132,100,23,3901,"0"
6520.4,712,28,7864,"0"
36213.23,4437,2,7864,"0"
2019.4,202,13,7864,"0"
5932,325,28,7864,"0"
1579.4,275,44,7864,"0"
4270,64,27,7864,"0"
4938.8,380,38,7864,"0"
78318,4496,20,3902,"0"
83395.52,13478,1,7864,"0"
1152.4,133,27,7864,"0"
7840,221,35,3899,"0"
10922.4,794,3,7864,"0"
13480,1348,0,3899,"0"
2412.2,222,34,7864,"0"
15037.7,530,14,3744,"0"
4150,378,0,7884,"0"
8104.8,766,14,7884,"0"
3317,133,0,3893,"0"
26666,1775,0,7884,"0"
5055.8,242,3,7884,"0"
42520.8,2304,2,3878,"0"
1845,106,37,3874,"0"
21516,358,30,3646,"0"
22889.6,409,0,2892,"0"
5420,59,57,2891,"0"
7949,104,13,2885,"0"
5419,263,22,2822,"0"
31035.54,924,44,2814,"0"
66469.8,7296,1,7884,"0"
3584.4,362,57,7884,"0"
4974,483,28,7884,"0"
5628.9,784,35,7884,"0"
5005.2,477,49,7884,"0"
2289,131,38,2812,"0"
26113.6,710,2,2668,"0"
13698,1145,7,7884,"0"
1830,20,49,2666,"0"
2408,227,6,7884,"0"
35430.37,2265,0,2661,"0"
11810,161,21,2660,"0"
42128.64,1229,7,2656,"0"
4800.5,245,323,2656,"1"
9463,542,23,2653,"0"
11979,682,14,2649,"0"
2498.2,300,15,7884,"0"
12178.4,602,55,7884,"0"
7025,102,1,7884,"0"
3581.6,289,3,7884,"0"
1551.4,335,9,7864,"0"
2342.2,54,38,7864,"0"
1561.4,298,10,7864,"0"
70701.6,5787,1,7864,"0"
1218,52,23,3907,"0"
39318.4,2091,1,3907,"0"
10874.4,521,16,3905,"0"
4951,277,22,3907,"0"
1302,71,51,3907,"0"
22911.12,643,0,3909,"0"
7619.6,818,49,7864,"0"
11637.4,157,13,3906,"0"
3692.4,284,23,7864,"0"
5314.2,596,0,7864,"0"
11622,180,7,3908,"0"
10418.4,740,1,7864,"0"
2197,242,30,7864,"0"
3291.2,222,30,7864,"0"
4628.4,229,43,7864,"0"
2991.2,384,2,7864,"0"
17425,216,2,3907,"0"
4337.4,228,58,3885,"0"
4127,248,13,7864,"0"
38701,1274,1,3906,"0"
5178.4,246,0,7864,"0"
12793,386,10,3906,"0"
2232.2,214,50,7864,"0"
7758.4,746,14,7864,"0"
3230.6,370,6,7864,"0"
2633.2,140,50,7864,"0"
3419.6,409,42,7864,"0"
5506,118,10,3907,"0"
56824.3,1721,1,3898,"0"
8766.8,440,9,7864,"0"
4690.6,473,59,7864,"0"
81891,1749,1,3905,"0"
2575,26,57,7884,"1"
1074,58,8,3907,"1"
4221,57,30,3906,"0"
2928,268,42,7884,"0"
4074.8,189,24,7884,"0"
1812.8,94,59,3909,"0"
3360,52,23,3908,"0"
921.8,98,20,3908,"0"
1867.6,102,48,7864,"0"
15376,430,8,3908,"0"
6683,172,2,3907,"0"
4487,268,38,3907,"0"
3432,98,0,3906,"0"
2928.6,368,22,7807,"0"
4218.4,206,8,7828,"0"
1945.2,109,22,7828,"0"
6675.6,261,13,7828,"0"
3150,30,56,7828,"0"
7042.4,678,38,7828,"0"
4344.4,214,20,7828,"0"
1590.4,392,37,7828,"0"
10936.2,631,14,7828,"0"
5826.8,323,7,3881,"0"
4500,458,14,7828,"0"
12437.6,961,3,3912,"0"
9030.18,2565,29,3758,"0"
2881.2,336,3,7828,"0"
12546,730,30,3888,"0"
90024.2,4505,3,3881,"0"
16614,381,8,3913,"0"
3181.6,153,59,3905,"1"
2488.4,182,49,3905,"0"
3936.8,112,14,3915,"0"
3545,48,14,3912,"0"
21577,925,0,7848,"0"
19994.4,1006,0,3914,"0"
1453,83,51,3913,"0"
2825.2,151,27,7848,"0"
14355.8,452,24,3915,"0"
5868,168,8,3915,"0"
13642,713,29,7848,"0"
3548,391,34,7848,"0"
9955,111,27,3914,"0"
6033,250,15,3744,"0"
4260.4,426,49,7848,"0"
1895,105,27,3915,"0"
2073,43,7,3914,"0"
1865.8,187,16,7848,"0"
6735,81,8,3916,"0"
5333.6,447,22,7848,"0"
2930.4,199,45,7848,"0"
37006.84,5757,43,7848,"0"
15049,845,3,3912,"0"
3522.6,345,44,7848,"0"
12109,667,1,3913,"0"
30432.8,1012,49,7848,"0"
243688,9173,2,3913,"0"
2921.2,331,42,7848,"0"
6900.4,696,22,7848,"0"
3084.4,297,43,7848,"0"
11792,661,1,7848,"0"
5339.8,432,9,7864,"0"
17057.6,17597,2,7864,"0"
13831.2,667,16,7864,"0"
3272,130,14,7828,"0"
1953.6,105,50,7828,"0"
4588,141,9,3923,"0"
12600,727,3,3922,"0"
8721,943,15,7864,"0"
7396.2,131,41,3922,"0"
5000,67,30,3801,"0"
2010,98,36,3800,"0"
16440.8,691,9,7884,"0"
63498.15,1475,0,3921,"0"
1735.2,85,30,7864,"1"
8753.2,382,30,7864,"0"
4347.4,218,44,3923,"0"
2591,93,28,3921,"0"
2381.4,220,27,7828,"0"
7815.6,420,55,7864,"0"
4063,297,15,3919,"0"
4609,194,44,7848,"0"
3555,46,51,3923,"0"
1300,31,27,3923,"0"
4591.2,166,28,3922,"0"
20720,909,7,3923,"0"
1951,116,10,3921,"0"
21391,878,1,7848,"0"
3160.6,168,8,7848,"0"
9279.8,788,20,7848,"0"
69659.6,3708,1,3923,"0"
29375.13,485,3,3923,"0"
2220.46,43,6,3922,"0"
110648,7458,0,7848,"0"
1120,20,29,3920,"0"
13593.4,1490,10,7828,"0"
2504,140,57,3922,"0"
14905,161,37,3921,"0"
26391.4,1071,30,7848,"0"
24741.2,2519,2,7848,"0"
1342,98,52,7848,"0"
2215.8,254,2,7848,"0"
3462.6,348,29,7848,"0"
38488,2744,3,7828,"0"
2091.2,112,56,7828,"0"
4744.8,483,22,7848,"0"
2372,110,28,7848,"0"
6432.4,355,36,7848,"0"
6170.8,281,7,7848,"0"
6228.8,584,14,7848,"0"
12964,553,9,7785,"0"
6298.2,331,3,7785,"0"
4338,197,8,3928,"0"
781.2,50,29,7785,"0"
8471.8,627,7,7785,"0"
7662.6,513,22,7785,"0"
7948.8,609,0,7785,"0"
11233.4,852,23,7785,"0"
6458.6,285,9,7785,"0"
12889.6,1225,7,7785,"0"
18691.8,719,8,3928,"0"
7266.12,2986,1,7785,"0"
3114.6,249,7,7784,"0"
6015,79,45,3929,"0"
1926.2,189,20,7784,"0"
10374.8,532,0,7784,"0"
2121.6,91,3,7784,"0"
154089.4,6684,58,3929,"1"
3105,158,13,7784,"0"
5712.2,412,6,7784,"0"
5189.82,110,3,3927,"0"
48505.6,545,20,3928,"0"
2390.4,253,16,7784,"0"
1816.4,91,21,7785,"0"
47543.4,1848,0,3928,"0"
520.4,24,24,3927,"1"
5672,325,23,3930,"0"
1968,60,0,3926,"1"
48580,2705,3,3930,"0"
2139.6,126,45,7785,"0"
1242,127,21,7785,"0"
132534.2,3896,3,3930,"0"
4890.6,299,2,7784,"0"
22557.4,1394,8,7785,"0"
5500,630,59,7785,"0"
5205.2,246,58,7784,"0"
14366.8,758,42,7785,"0"
3508.4,185,28,3929,"0"
24593.6,691,3,3929,"0"
4844,140,22,3927,"0"
8833.8,388,35,7828,"0"
8043.65,442,56,7828,"0"
6577,262,57,7828,"0"
15715,1670,0,7828,"0"
415653,20154,0,7828,"0"
10590,652,8,7828,"0"
4136,111,42,3934,"0"
2560.6,65,10,7784,"0"
9435,111,30,3935,"0"
7352.2,333,30,7828,"0"
4259,243,28,3934,"0"
9170.6,573,0,3933,"0"
27400,328,9,3933,"0"
6468,276,1,7828,"0"
319127.6,17403,2,7828,"0"
8684.8,445,7,7828,"0"
117754,3243,3,3934,"0"
9526,470,8,3934,"0"
16364,210,0,3935,"0"
6910,76,8,3934,"0"
1834.6,103,2,3936,"0"
4156.6,184,14,7828,"0"
3550,41,45,3933,"0"
6157.4,653,8,7828,"0"
624,61,41,7828,"0"
5996,179,8,3936,"0"
139231.2,9052,1,7828,"0"
7244.4,572,2,7828,"0"
20694.65,466,13,3927,"0"
1731.2,85,45,7828,"0"
43097.2,4250,2,7828,"0"
4921.8,353,6,7848,"0"
1543,23,41,7848,"0"
7262.4,836,16,7848,"0"
19909.1,1332,1,3935,"0"
9995.2,892,13,3935,"0"
24296.6,1807,1,7848,"0"
8842.2,649,45,7848,"0"
23634.2,1229,8,3926,"0"
2500,41,36,3934,"0"
21794,966,20,3649,"0"
10677.6,281,13,2967,"0"
9470,124,34,7848,"0"
2573.2,129,3,3926,"0"
1477.4,128,50,7828,"0"
2180.4,223,10,7828,"0"
26268.4,2030,7,7828,"0"
10339.2,354,8,7848,"0"
18100,226,45,3926,"0"
29424,1245,56,7828,"0"
1435.6,76,80,3936,"0"
7946.2,424,1,3935,"0"
17350.73,320,1,3935,"0"
4307.6,239,1,3927,"0"
4561.97,121,51,3660,"0"
2653,181,42,7784,"0"
853,45,3,7784,"1"
3447,395,58,7784,"1"
1515.2,103,7,7784,"0"
31537,492,23,3944,"0"
49381,664,9,3942,"0"
6188,638,30,7848,"0"
27334.57,494,7,3941,"0"
2075,118,29,3941,"0"
7225,101,23,3943,"0"
1563.2,176,14,7848,"0"
1299.6,64,23,7848,"0"
2842.6,338,49,7848,"0"
5374,226,10,3942,"0"
3438.6,343,20,7848,"0"
4962,373,28,7848,"1"
31718,769,9,3928,"0"
9591.2,865,3,7848,"0"
71433,2228,0,3942,"0"
13781.2,1196,8,7848,"0"
9860.2,261,10,7848,"0"
9061.6,464,0,7848,"0"
9899.8,1074,3,7848,"0"
42504,1652,2,3944,"0"
2458,109,29,7884,"0"
34521,1269,44,3944,"0"
2736.4,291,6,7864,"0"
4073.4,191,41,7864,"0"
4105.2,89,35,7784,"0"
4601.2,235,24,7784,"0"
3149.2,179,16,7828,"0"
8544.4,416,3,7828,"0"
7709,118,9,3944,"0"
53052,617,9,3943,"0"
4572,227,7,3941,"0"
7644,584,6,3943,"0"
8175,664,1,3943,"0"
13900.4,460,1,3669,"0"
25437.2,2143,14,7884,"0"
12254.8,498,7,3878,"0"
13038.2,264,1,3877,"0"
40134.8,1811,10,3942,"0"
10874.2,562,8,3927,"0"
20363.8,794,1,3919,"0"
25032.2,943,37,7828,"0"
11328.4,451,13,7828,"0"
1836.8,124,23,7828,"0"
3316.4,186,43,7828,"0"
25856.7,2507,10,7828,"0"
2862.4,202,44,7848,"0"
1166,120,44,7848,"0"
5658.6,396,3,7848,"0"
9812.8,454,1,7848,"0"
5539,453,31,7848,"0"
5648.4,517,30,7848,"0"
228.2,20,45,7848,"0"
14587,738,3,7848,"0"
3555.2,386,22,7848,"0"
12424,657,1,7848,"0"
3347.2,350,28,7848,"0"
7543.4,767,0,7848,"0"
4692.2,218,0,7848,"0"
9624.8,422,0,7848,"0"
787.8,84,21,7848,"0"
3601,184,2,7848,"0"
27217.51,1441,9,7848,"0"
6043.6,269,6,7848,"0"
3944,181,2,7848,"0"
6949,527,3,7848,"0"
1295.4,146,37,7848,"0"
2420.8,224,22,7848,"0"
1874.6,208,51,7828,"0"
15691.7,764,7,7828,"0"
4589.8,520,36,7828,"0"
7761.6,391,10,7828,"0"
7652.4,885,22,7828,"0"
4975.6,257,7,7828,"0"
22009.2,780,8,7828,"0"
2979.2,148,22,7828,"0"
5660.8,566,23,7828,"0"
7367.6,296,6,7848,"0"
1050.4,111,28,7828,"0"
859.2,86,57,7828,"0"
6056,267,21,7828,"0"
3918.4,262,36,7828,"0"
3111,330,30,7828,"0"
5348,258,13,7828,"0"
3754.4,195,21,7828,"0"
24629.28,2998,20,7828,"0"
3422,382,3,7828,"0"
8720,840,38,7828,"0"
8737.8,476,1,7828,"0"
19275.12,6414,9,7828,"0"
3899.2,457,50,7828,"0"
6788.4,345,42,7828,"0"
18645.8,1005,15,7828,"0"
25980.4,1668,3,7828,"0"
17286,1095,1,7884,"0"
932.6,89,56,7884,"0"
2447,230,57,7884,"0"
114478.2,6457,2,7884,"0"
3916.8,435,24,7884,"0"
6754.6,329,30,7828,"0"
3252.4,215,2,7828,"0"
3222.4,335,7,7884,"0"
1624.4,73,20,7784,"0"
4861.2,528,37,7828,"0"
6195.85,120,0,7828,"0"
13708.8,1236,22,7848,"0"
17486,915,16,7848,"0"
14297,1221,7,7848,"0"
19293.6,1588,9,7864,"0"
2592.6,331,41,7848,"0"
1736.8,148,57,7848,"0"
3727.4,207,24,7828,"0"
8875.2,328,38,7848,"0"
6423.2,635,50,7848,"1"
18203.8,852,7,7848,"0"
1320.2,148,15,7848,"0"
2077.4,84,3,721,"0"
23380.2,903,0,721,"0"
5964.8,294,0,718,"0"
6313.4,186,6,717,"0"
11722.4,291,7,716,"0"
2068.6,78,31,715,"0"
3320,382,31,714,"0"
26131.4,940,16,702,"0"
9905,143,28,699,"0"
9005,124,21,702,"0"
9045.8,250,13,701,"0"
5794,169,2,700,"0"
6636.6,249,1,714,"0"
1362,75,23,714,"0"
5894,66,2,711,"0"
3245,45,34,643,"0"
6022,70,14,673,"0"
6756.9,173,16,672,"0"
5995,86,0,693,"0"
3914.4,203,0,693,"1"
48215,725,7,687,"0"
7048,383,49,686,"0"
5736.8,1693,21,692,"0"
8269.4,371,0,688,"0"
3320,37,38,687,"0"
986,29,43,686,"0"
1108,39,28,696,"0"
2289.2,114,2,696,"0"
1765,25,21,696,"0"
44685,716,6,700,"0"
7492.6,331,15,700,"0"
2954,92,20,699,"0"
8641,157,29,698,"0"
10662,188,44,698,"0"
14061.84,15097,27,680,"0"
88065.2,6251,1,685,"0"
1112,131,10,682,"0"
15197.2,795,13,682,"0"
31376.8,2014,2,682,"0"
5627.8,274,0,680,"0"
5044,540,6,679,"0"
26830,381,22,650,"0"
6065,87,10,647,"0"
3077.6,111,49,698,"0"
5596,239,14,696,"0"
3272,53,30,696,"0"
4942.2,206,52,695,"0"
5451,173,31,694,"0"
1537.8,71,31,710,"0"
8763.6,319,0,709,"0"
19295,241,13,708,"0"
16825,187,7,707,"0"
24312.4,366,2,707,"0"
91355.8,2767,2,707,"0"
17234,823,30,675,"0"
57035,808,0,679,"0"
12429.8,219,8,680,"0"
2300,30,8,678,"0"
13218,361,29,709,"0"
12491.2,493,22,707,"0"
3169.2,126,57,685,"0"
3400,65,9,682,"0"
9011.2,390,3,699,"0"
15207,636,9,695,"0"
2678,87,27,694,"0"
3004,86,8,693,"0"
4641,140,20,693,"0"
3172,54,1,682,"0"
11781,311,1,682,"0"
13212,614,13,681,"0"
8011.09,274,16,678,"0"
5635,238,37,675,"0"
31508.8,765,29,673,"0"
7588,417,0,673,"0"
1634.45,39,48,672,"0"
18580,219,10,672,"0"
36372.8,2050,8,668,"0"
33375,905,2,668,"0"
8390,123,13,679,"0"
3422,46,2,673,"0"
6056,284,7,672,"0"
12738.4,681,31,679,"0"
3075,37,23,674,"0"
7743,92,9,672,"0"
10799.2,489,1,678,"0"
15433.2,626,24,675,"0"
15389,188,0,671,"0"
8220,121,15,668,"0"
5015,57,1,668,"0"
24913.8,1246,9,668,"0"
11252.6,390,22,673,"0"
13384.4,706,8,666,"0"
2382,47,31,678,"0"
520.8,13,49,695,"0"
7714.8,318,7,694,"0"
1066,32,37,694,"0"
14116,403,0,693,"0"
5030,151,0,693,"0"
3666.4,112,16,693,"0"
7598,217,7,690,"0"
11244.3,207,2,409,"0"
26883,757,14,408,"0"
4411,97,0,407,"0"
8218.8,386,2,692,"0"
8052.8,427,1,689,"0"
7062.4,319,2,689,"0"
31052.2,1186,1,688,"0"
23260.4,484,13,668,"0"
8158.8,338,8,674,"0"
13282.84,829,7,696,"0"
6705,86,27,696,"0"
12352.8,158,9,695,"0"
2979,95,10,695,"0"
2001.4,106,41,695,"0"
17258,874,6,695,"0"
10952.36,345,1,694,"0"
1630,74,49,694,"1"
7604.8,345,13,694,"0"
7367,646,1,694,"0"
10103.8,255,35,692,"0"
4088.2,182,3,693,"0"
16914,370,6,692,"0"
1672,56,1,692,"0"
4527.88,131,31,689,"0"
1245.8,79,1,688,"0"
29104.6,1306,7,688,"0"
7156,105,20,688,"0"
2369.2,45,35,688,"0"
2868,100,16,699,"0"
1852,65,16,699,"1"
12836,237,10,694,"0"
32246,1185,13,694,"0"
77080,1365,1,666,"0"
19960,416,10,666,"0"
37075,411,2,701,"0"
28054,1454,6,700,"0"
13259.2,395,9,700,"0"
11630,210,7,699,"0"
538.4,25,3,699,"0"
3262,105,13,699,"0"
9945,114,10,699,"0"
92560.6,1546,6,696,"0"
27581.8,765,22,696,"0"
1984,107,6,696,"0"
11575,160,24,696,"0"
2078,91,29,695,"0"
10743.6,587,2,665,"0"
5838.8,219,16,685,"0"
4032,224,36,685,"0"
3133.2,137,38,680,"0"
4467,228,2,680,"0"
5424,266,9,680,"0"
5515,66,8,680,"0"
20260,301,24,678,"1"
16923.8,890,2,699,"0"
3517.6,170,14,699,"0"
43590,1230,2,696,"0"
324,17,36,696,"1"
17610,254,20,692,"0"
6659.8,301,29,689,"0"
6005,59,50,688,"0"
2150.8,92,0,688,"0"
15722,845,1,687,"0"
2869.8,139,30,687,"0"
3688.4,144,79,689,"1"
12078.2,484,13,688,"0"
3285.2,93,0,710,"0"
5730,192,8,710,"0"
21017.71,556,14,708,"0"
7574,154,38,707,"0"
23255,275,8,707,"0"
34245,399,6,393,"0"
6915,92,24,686,"0"
17905.72,1081,10,671,"0"
1001.6,56,3,671,"0"
7536,327,7,668,"0"
82947.7,4626,6,668,"0"
11568,413,16,668,"0"
29646.78,1087,6,668,"0"
749.6,36,15,673,"0"
4271.2,220,34,672,"1"
7150,90,35,689,"0"
2829.6,80,14,683,"0"
10814,659,16,682,"0"
10620.8,429,13,682,"0"
79,6,42,660,"1"
4085,58,6,660,"0"
23383.31,454,22,549,"0"
6171,159,13,549,"0"
6730,369,22,664,"0"
23086,801,8,664,"0"
3035,63,20,661,"0"
2559.8,55,49,660,"0"
4632.8,280,38,659,"0"
10855.6,298,31,674,"0"
2508,115,23,671,"0"
3933.2,134,30,668,"0"
41063.6,1403,48,687,"0"
26902.2,395,0,686,"0"
22533,415,24,686,"0"
18258.8,700,12,703,"0"
79133,3370,8,702,"0"
72898.4,2722,0,701,"0"
13472,573,14,700,"0"
4992,166,35,699,"0"
7267,363,10,699,"0"
5513.2,269,6,699,"0"
808,38,34,699,"1"
3532,143,0,697,"0"
1212,49,29,687,"0"
7310,318,10,687,"0"
2972.4,129,43,686,"0"
31063.4,1375,0,686,"0"
6024,312,2,682,"0"
2735.4,145,8,682,"0"
5166.2,111,16,681,"0"
6393.2,211,7,658,"0"
4501,62,37,658,"0"
3594.2,162,27,653,"0"
13729,386,0,693,"0"
19255,261,8,693,"0"
3510,52,37,692,"0"
5166.2,298,1,689,"0"
9273.4,285,22,693,"0"
20818,561,3,689,"0"
14945,210,1,686,"0"
3968,168,6,685,"0"
22987,329,14,685,"0"
23899,1353,44,686,"0"
17048.6,838,8,685,"0"
7502.8,740,8,685,"0"
46449,592,1,682,"0"
12038,210,20,643,"0"
8641,336,36,641,"0"
12172.4,780,2,640,"0"
4411,85,45,638,"1"
6100,78,7,692,"0"
12525,144,10,689,"0"
3855,57,23,689,"0"
4525,54,41,689,"0"
9001.2,483,2,689,"0"
7956.6,756,28,689,"0"
1967.4,180,34,689,"0"
71695.4,3801,13,688,"0"
4163.2,506,9,687,"0"
9161.4,624,14,687,"0"
5500,175,1,686,"0"
1005,11,36,678,"1"
7097.8,120,27,678,"0"
5881,339,13,674,"0"
287551,18644,2,673,"0"
17618,286,14,661,"0"
1931.4,97,20,661,"0"
16544,230,2,660,"0"
2004,80,9,666,"0"
2080,27,56,665,"0"
6728.4,344,35,664,"0"
32980.4,2051,2,664,"0"
6912.2,528,13,664,"0"
1794.9,126,7,661,"0"
51789.8,632,13,661,"0"
16908.2,626,3,665,"0"
29778.49,1208,0,664,"0"
13755,417,9,696,"0"
12041.4,257,31,695,"0"
5385,77,48,693,"0"
25615.2,747,2,693,"0"
22601,488,20,690,"0"
11538.8,350,22,690,"0"
10689,144,28,689,"0"
23790,281,21,689,"0"
27766,865,10,688,"0"
25468,463,2,688,"0"
5461,225,14,688,"0"
9125,117,34,624,"0"
4980,55,16,680,"0"
1415,25,55,680,"0"
7040.2,104,8,675,"0"
48103.2,2266,1,671,"0"
1806.2,167,0,685,"0"
4066.2,252,16,685,"0"
52563,944,0,650,"0"
1402.8,80,44,650,"0"
17240.2,922,0,650,"0"
19059,511,1,650,"0"
30215,363,8,646,"0"
7092,513,27,681,"0"
5781.6,137,6,680,"0"
33826.8,1197,24,678,"0"
10824.8,145,7,678,"0"
1133,59,35,661,"0"
2016,88,44,661,"0"
32116.8,1079,9,689,"0"
2146,61,13,688,"0"
44301.5,1622,15,687,"0"
8424.32,228,8,685,"0"
6366.4,190,7,685,"0"
27652.2,1386,49,688,"0"
19316,270,20,687,"0"
25410,242,22,686,"0"
11332.12,452,9,686,"0"
5610,73,1,686,"0"
3662.4,200,2,654,"0"
12075,322,2,654,"0"
4268,160,1,654,"0"
6812,160,36,654,"0"
2675,68,22,654,"0"
3210,164,36,658,"0"
74652.8,4245,2,636,"0"
7028.6,338,7,633,"0"
9355,109,7,672,"0"
8878.6,412,42,671,"0"
5426,215,42,664,"0"
12675,184,9,671,"0"
9705,116,8,680,"0"
13118,593,3,679,"0"
3651.6,374,48,678,"0"
5475,75,27,676,"0"
204659.5,9910,2,661,"0"
5502.8,159,6,674,"0"
11702.8,347,16,674,"0"
3076.4,108,37,674,"0"
12175,489,9,660,"0"
3159.6,239,3,660,"0"
8358.4,376,27,659,"0"
22116,251,8,658,"0"
10469.4,354,30,654,"0"
44929,2416,3,654,"0"
9834,137,8,653,"0"
20176,518,10,535,"0"
17120,260,14,654,"0"
26067.4,998,0,653,"0"
3482.4,171,58,653,"0"
5263.6,246,2,674,"0"
1282,66,43,673,"0"
11882.6,308,14,664,"0"
48467.8,2596,1,653,"0"
7740,108,23,652,"0"
13149.8,334,23,650,"0"
5124,293,3,640,"0"
5490,183,0,687,"0"
12418,496,16,686,"0"
10591,362,14,686,"0"
50138,4377,6,685,"0"
17543.68,449,34,681,"0"
40932,1303,29,680,"0"
20762,282,13,680,"0"
10495.4,585,22,672,"0"
8787,141,9,671,"0"
26701.2,993,14,671,"0"
38219,1727,1,667,"0"
9448,537,7,667,"0"
4596,236,10,666,"0"
3019,36,13,666,"0"
5854,199,9,681,"0"
15271,496,0,680,"0"
46055,482,1,680,"0"
1915,52,36,679,"0"
5527.6,306,7,681,"0"
5230.8,275,28,681,"0"
3867.2,213,31,681,"0"
2258,110,16,651,"0"
4102,226,20,651,"0"
800,12,49,651,"1"
757,42,7,651,"1"
1395,32,24,681,"0"
37766.55,1008,1,681,"0"
8389,204,36,681,"0"
1048,60,34,680,"0"
5296,72,7,679,"0"
707.4,32,22,675,"1"
7129,81,0,674,"0"
13420,144,22,674,"0"
1074.8,59,28,674,"1"
3915,53,20,661,"0"
5955,73,21,630,"0"
27400.8,1273,8,626,"0"
2634,151,43,626,"1"
8889.2,222,9,675,"0"
51642.2,2807,2,674,"0"
13812,1149,3,674,"0"
19198.6,674,0,672,"0"
36979.1,1474,7,671,"0"
3910.8,209,45,671,"0"
3511.04,14851,1,671,"0"
24669.6,913,36,671,"0"
4799,121,20,664,"0"
2211,104,37,664,"0"
5273.6,215,43,660,"0"
1086.8,58,23,659,"0"
60806,2382,0,658,"0"
9606,130,8,657,"0"
15586,1339,8,653,"0"
33072,1778,23,652,"0"
20199.8,894,2,650,"0"
6901.2,270,9,650,"0"
7051,109,16,672,"0"
5270,93,22,380,"0"
1227,70,57,664,"0"
10060,133,10,661,"0"
4455,256,0,661,"0"
12850.4,169,8,652,"0"
11545,141,36,650,"0"
14772.96,298,7,664,"0"
5883,311,3,661,"0"
62984,1347,8,661,"0"
3767,225,21,660,"0"
4098,191,27,660,"0"
1580,58,8,659,"0"
7922.84,562,2,681,"0"
18594.4,1934,50,680,"1"
9335.2,320,2,679,"0"
10026,500,13,650,"0"
1244,66,16,645,"0"
18177.8,481,8,643,"0"
2092,112,45,643,"0"
3369,140,3,654,"0"
8402.6,129,16,654,"0"
26084.2,752,20,653,"0"
5055,73,0,653,"0"
14067,916,8,653,"0"
45405,3239,2,652,"0"
7678.8,115,28,663,"0"
11146,230,23,660,"0"
29845.8,2786,22,667,"0"
94513.6,2580,6,666,"0"
31624.8,992,41,664,"0"
30442.8,864,0,661,"0"
5697,73,23,622,"0"
6955,93,45,619,"0"
27116,334,20,619,"0"
11253,485,0,617,"0"
11192.8,240,8,616,"0"
41329,667,10,612,"0"
22031,337,0,608,"0"
780,9,10,608,"0"
8344,386,29,604,"0"
3690,40,20,603,"0"
12497.55,956,15,603,"0"
5190,65,57,602,"0"
14111.2,543,10,610,"0"
2834,153,3,636,"0"
16830,236,14,631,"0"
17292,868,6,631,"0"
12614,176,9,654,"0"
82822,4300,0,654,"0"
19990,282,23,650,"0"
2382,120,24,646,"0"
70429.4,1044,0,679,"0"
219480,7297,27,678,"0"
56438.6,1835,31,671,"0"
50902.6,1364,0,671,"0"
1920.8,101,3,669,"0"
3459,197,14,668,"0"
33034,677,6,668,"0"
9591.26,259,43,667,"0"
14875,169,7,680,"0"
39066,498,9,679,"0"
4512,62,16,679,"0"
3562.6,161,41,679,"0"
10039.2,517,13,678,"0"
4512.2,160,15,676,"0"
3548,111,16,675,"0"
2186,30,0,675,"0"
6613.6,352,27,673,"0"
3709.6,112,0,680,"0"
3315.2,162,29,679,"0"
2322.6,75,8,679,"0"
58946.6,1988,3,678,"0"
20665.92,567,1,675,"0"
2673.2,75,27,675,"0"
2536.4,89,15,675,"0"
40263.6,1892,23,675,"0"
56696.4,2382,23,675,"0"
6976,198,30,674,"0"
62342.11,1579,7,673,"0"
2268,79,21,672,"0"
1685,91,24,672,"0"
7225,296,48,672,"0"
9435,998,1,678,"0"
13497.9,1417,2,674,"0"
4235,57,16,672,"0"
13886,145,16,667,"0"
8669.2,488,48,666,"0"
10754.8,827,0,666,"0"
14374.8,307,13,664,"0"
6817.88,371,51,664,"0"
7042,77,8,661,"0"
3309.2,244,31,660,"0"
5525.4,93,7,671,"0"
28786,451,7,669,"0"
4000,44,8,668,"0"
5447,329,29,666,"0"
8523.2,257,16,665,"0"
26075,342,9,664,"0"
20163.45,496,8,664,"0"
2140,27,38,664,"0"
2509,143,34,663,"0"
20668,248,22,661,"0"
6479.2,478,23,659,"0"
3610,44,0,372,"0"
12322,423,13,668,"0"
7198.2,261,35,666,"0"
1028,59,2,664,"0"
826.4,37,9,664,"0"
14376,425,13,663,"0"
10207,215,15,660,"0"
2260.4,62,30,659,"0"
12216.2,385,3,658,"0"
19171.8,317,12,654,"0"
7487,107,22,525,"1"
7340,311,21,521,"0"
19583.6,877,2,646,"0"
2501,201,14,645,"0"
2906.6,157,58,644,"0"
19315.6,1108,13,643,"0"
20602.8,1838,0,643,"0"
11774,432,5,639,"0"
4003.84,116,3,637,"0"
4833.6,334,8,636,"0"
23384,1189,6,636,"0"
9542.4,636,6,658,"0"
38326.6,1534,2,658,"0"
6924,390,10,658,"0"
9326.15,345,3,653,"0"
15182,760,1,652,"0"
11349.6,505,0,652,"0"
23284.4,1336,42,640,"1"
56746,1948,6,626,"0"
7810,104,27,626,"0"
14270,180,28,626,"0"
3245.2,56,0,626,"0"
768,45,29,625,"0"
3351,57,35,625,"0"
2675,56,35,625,"0"
1757,100,22,625,"1"
19378.8,553,2,659,"0"
12810.6,507,9,659,"0"
34600.6,1060,31,657,"0"
5495,71,41,654,"0"
6038.28,170,3,650,"0"
7599.4,339,3,647,"0"
3220,107,50,666,"0"
10392,253,29,666,"0"
43030,481,2,665,"0"
3075.2,148,58,665,"0"
23142,275,8,665,"0"
33721.84,554,2,664,"0"
11610,210,1,661,"0"
31123,2749,1,631,"0"
17017.74,698,1,629,"0"
4841,71,56,626,"0"
3609.8,205,14,625,"0"
3248,172,9,645,"0"
20834,817,2,640,"0"
4656,225,23,640,"0"
1637,80,48,638,"0"
18263,288,6,638,"0"
7171,129,35,602,"0"
15280.8,452,44,598,"0"
14955,854,2,597,"0"
2224,76,36,597,"0"
2827,45,3,594,"0"
7883.2,259,13,594,"0"
6955,82,14,594,"0"
18091,248,0,650,"0"
2616.8,143,2,647,"0"
16061,1401,6,645,"0"
15736,1456,16,644,"0"
29578.6,986,1,659,"0"
9057,497,29,659,"0"
6872.4,256,7,654,"0"
16107,400,51,652,"0"
2217.6,109,14,660,"0"
14146.6,784,8,659,"0"
14372,784,64,658,"0"
5840,69,36,657,"0"
8225,122,13,654,"0"
13979.8,715,8,653,"0"
7751,304,8,672,"0"
1006,29,21,672,"0"
16264,393,6,672,"0"
50582,1462,9,671,"0"
2870.6,93,16,671,"0"
20441,379,20,668,"0"
13257,445,0,668,"0"
1025,18,28,666,"1"
2517,80,58,666,"0"
1698,72,31,666,"0"
6445,196,2,666,"0"
2374,129,27,651,"0"
2128,90,35,667,"0"
121227.2,4435,0,665,"0"
12314.8,979,7,660,"0"
5310.8,568,14,659,"0"
2422.05,130,27,659,"0"
12562.4,865,14,633,"0"
4554,298,30,632,"0"
45603.2,2511,1,631,"0"
805,15,183,654,"1"
1563.6,76,3,652,"0"
16651.8,11661,0,651,"0"
24998,291,0,650,"0"
23572.2,971,1,644,"0"
71557.6,3074,1,644,"0"
2730.59,84,9,650,"0"
82773.65,2399,71,650,"0"
44713.92,1532,6,647,"0"
18115,636,2,647,"0"
7010.16,216,14,646,"0"
360,20,31,646,"0"
8450,148,6,644,"0"
19890,641,34,640,"0"
8425,435,0,518,"0"
10050,107,24,517,"0"
4890,73,7,619,"0"
1640,94,30,637,"0"
11944,148,20,637,"0"
14414,303,36,658,"0"
5646.38,194,27,658,"0"
21507.6,1010,3,654,"0"
6657.6,318,22,653,"0"
21086,284,13,652,"0"
4523,72,49,652,"1"
445,7,36,652,"0"
10560.8,540,15,651,"0"
19736.4,1376,20,650,"0"
3314.8,183,0,650,"0"
6568,382,27,650,"0"
3704,160,27,646,"0"
9046,122,27,645,"0"
4349,72,20,645,"0"
11835,175,0,644,"0"
3429.24,253,55,657,"0"
4988.4,163,21,657,"0"
8507.6,865,1,654,"0"
24215.7,538,1,654,"0"
4331,240,31,653,"0"
16875.8,742,0,619,"0"
8948.25,380,10,619,"0"
18744,557,7,619,"0"
6599,372,16,617,"0"
3258,119,27,616,"1"
17298,265,7,616,"0"
3032,110,24,643,"0"
3095,47,23,651,"0"
15929.6,850,14,651,"0"
13616,829,13,658,"0"
10651,330,27,653,"0"
13151.6,477,9,665,"0"
22673,983,3,665,"0"
133779,3944,3,664,"0"
4105,75,50,664,"0"
6961,215,21,662,"0"
6266,91,6,662,"0"
16564.65,300,13,659,"0"
1566.05,38,41,659,"0"
5659,270,10,659,"0"
4144.8,110,50,664,"0"
5250.8,272,10,659,"0"
1684,47,38,658,"0"
4489.6,141,2,657,"0"
6938,127,6,597,"0"
9185,115,20,651,"0"
3667,41,48,650,"0"
4040,71,1,590,"0"
14010,177,1,590,"0"
5140,291,13,590,"0"
1439,77,15,590,"1"
6697,383,8,589,"0"
25935,325,6,589,"0"
7310,118,0,589,"0"
13331,764,1,588,"0"
27916.34,1056,3,640,"0"
41028,2385,3,639,"0"
5472,98,30,638,"0"
4210,57,9,629,"1"
6656,95,1,629,"0"
25287.2,695,3,626,"0"
4626.4,67,6,626,"0"
7665,80,0,625,"0"
6336,176,1,654,"0"
35476,1157,16,654,"0"
6132.6,118,7,626,"0"
4622,211,2,626,"0"
13212,152,49,624,"0"
4194.6,373,20,651,"0"
9970.2,178,10,650,"0"
2375,31,16,650,"0"
181030.8,5160,1,650,"0"
3674,125,30,650,"0"
30021,1208,8,647,"0"
2520,200,8,645,"0"
23096.8,2455,49,645,"1"
55538.2,2891,1,616,"0"
1936.8,53,57,632,"0"
3928,104,3,632,"0"
15040.4,8717,0,632,"0"
19849,1032,22,643,"0"
7862,317,28,640,"1"
1160,59,27,639,"0"
2141.8,120,37,652,"0"
10164.4,404,9,651,"0"
7787.2,367,42,651,"0"
8390,87,36,651,"0"
29101,1443,1,650,"1"
2417,232,27,647,"0"
21620,244,2,646,"0"
7787,134,27,645,"0"
4689,185,0,645,"0"
1525,21,29,645,"0"
67801.8,2165,3,514,"0"
19332.6,718,7,510,"0"
5328.4,71,29,616,"0"
6875,100,28,616,"0"
3973.2,211,22,612,"0"
3136,136,44,612,"0"
7024,101,10,610,"0"
12463.6,581,9,643,"0"
16246,705,6,643,"0"
12860,374,3,640,"0"
13760.4,411,3,638,"0"
3271.6,154,31,638,"0"
6510,73,29,584,"0"
6034,74,13,584,"0"
3261.8,6375,51,633,"0"
7092,328,0,632,"0"
7939.6,251,36,631,"0"
22730,402,21,654,"0"
3294,178,42,654,"0"
19617.8,632,3,654,"0"
4006,153,1,654,"0"
8350,102,10,653,"0"
5259.8,226,13,652,"0"
3435,113,15,652,"0"
15615,211,10,651,"0"
43319.6,1275,44,651,"0"
29283.4,741,0,645,"0"
7476,505,14,643,"0"
46000,2638,3,617,"0"
37270,2446,1,617,"0"
7625,119,24,617,"0"
5450,66,9,617,"0"
3080,37,14,646,"0"
21461.6,991,37,644,"0"
23751,838,3,639,"0"
31400,380,2,639,"0"
5035.4,163,3,638,"0"
3722,52,8,638,"0"
5110,57,0,609,"0"
20539.5,1659,13,639,"0"
684.8,32,6,639,"1"
38720,1918,2,632,"0"
3665.6,82,48,631,"0"
3361.8,156,44,626,"0"
7854,138,6,625,"0"
53432.88,2709,1,624,"0"
8750.4,352,23,622,"0"
6472,340,13,619,"0"
3870,264,2,618,"0"
9142.6,482,7,617,"0"
2029,80,43,654,"0"
20068,294,0,654,"0"
1302,43,9,650,"0"
16695.8,466,9,632,"0"
2874.4,91,31,631,"0"
4820.4,138,43,643,"0"
12145,154,21,640,"0"
6075,81,1,640,"0"
8520,120,29,640,"0"
12840.68,259,9,639,"0"
5895.2,206,14,638,"1"
700,20,16,637,"0"
4891,238,23,636,"0"
28086.2,1566,9,633,"0"
35336,404,13,632,"0"
9398,134,52,644,"1"
51779,602,1,643,"0"
25623,927,14,640,"1"
10023,196,3,638,"0"
52510,626,1,638,"0"
25271.6,1083,13,610,"0"
46272.2,558,1,609,"0"
6230,354,0,609,"0"
15512,618,59,639,"0"
12497.46,287,9,654,"0"
39265.2,1116,2,652,"0"
-745,4,14,603,"0"
6356.6,311,22,602,"0"
6955,278,9,615,"0"
5027,66,5,611,"0"
180,9,90,611,"1"
4499,90,28,611,"0"
8109,450,2,610,"0"
3865.6,191,36,610,"0"
4070,49,7,591,"0"
18007.41,393,20,591,"0"
8180.2,438,13,618,"0"
9123,127,52,618,"0"
5642,318,28,617,"0"
17167.6,297,14,577,"0"
9850,245,2,576,"0"
8569.8,198,8,575,"0"
970,12,36,629,"0"
5120,63,22,629,"0"
28005,1051,8,626,"0"
18389,459,6,626,"0"
7962,313,1,625,"0"
11600,159,14,624,"0"
11290,147,1,623,"0"
4963,284,3,643,"0"
2583.6,153,49,640,"0"
29750,490,0,638,"0"
2759,157,22,637,"0"
2699.6,45,8,637,"0"
2880,35,56,638,"0"
18947.8,626,0,636,"0"
4490,70,2,636,"0"
7061,98,23,651,"0"
18973.4,405,34,650,"0"
5951,80,6,650,"0"
6650,213,22,643,"0"
9710.4,529,13,643,"0"
18497.4,930,8,631,"0"
9670,130,16,650,"0"
10094.2,229,13,650,"0"
6000,600,14,648,"0"
6790,413,36,644,"0"
8926,263,16,644,"0"
422,12,38,644,"0"
9671.2,234,27,643,"0"
18275.8,942,2,640,"0"
5260.8,184,10,640,"0"
3203,50,9,639,"1"
25971.2,721,3,648,"0"
4101,122,22,648,"0"
2824,159,42,644,"0"
2902,84,55,643,"0"
2124.4,70,22,643,"0"
31257,991,2,638,"0"
8506.4,225,8,629,"0"
124390,1423,0,611,"0"
9746,270,8,610,"0"
4044,228,37,609,"0"
1792,55,28,609,"0"
12423,169,7,602,"0"
15162,359,28,601,"0"
21899,287,7,637,"0"
7011,150,30,636,"0"
10814.8,397,1,636,"0"
11583.4,356,20,631,"0"
5989.6,296,1,631,"0"
1342,16,58,630,"0"
14432.4,347,21,630,"0"
1493.2,47,28,630,"0"
13054,125,2,626,"0"
28992,532,0,626,"0"
18147,1008,10,626,"0"
7319,84,23,625,"0"
39040.2,1486,9,625,"0"
5225,56,38,364,"0"
4785,83,0,353,"0"
10553.4,247,20,619,"0"
4922.2,134,13,617,"0"
19576,235,3,617,"0"
9084,112,2,615,"0"
11651,658,1,612,"0"
16428.8,295,21,612,"0"
14594.21,317,2,632,"0"
10339,236,41,631,"0"
13476.2,629,20,625,"0"
889.8,29,45,629,"0"
4725.95,66,16,626,"0"
13147.6,558,31,623,"0"
9413.6,304,1,619,"0"
3764,73,10,492,"0"
16228.4,276,6,490,"0"
12638.4,410,48,486,"0"
3613.2,142,13,471,"0"
13046,169,7,639,"0"
445,4,55,639,"1"
15150,235,16,638,"0"
14285.2,555,3,638,"0"
406.8,23,14,638,"0"
44547,1991,7,637,"0"
20713.2,559,7,636,"0"
22348.8,326,8,636,"0"
8718,358,27,633,"0"
4985,256,13,633,"0"
5522,258,2,633,"0"
3103,322,2,615,"0"
3199.6,201,50,615,"0"
2791.4,232,2,615,"0"
6348.4,453,28,615,"0"
2160,27,55,612,"0"
58503.97,3804,1,610,"0"
5886.2,293,15,610,"0"
71832.62,5515,3,610,"0"
14054.8,738,7,609,"0"
4641.4,482,24,609,"0"
18402,920,10,609,"0"
12923.6,577,3,624,"0"
4308.8,350,49,624,"1"
4846.4,222,31,612,"0"
32142.3,1281,8,612,"0"
22932.2,1072,3,611,"0"
3389.4,342,23,611,"0"
8080,873,10,609,"0"
11678,377,21,608,"0"
20308.81,275,1,608,"0"
4050.6,210,80,605,"0"
31151,1790,8,637,"0"
5454.6,276,2,632,"0"
1161,18,7,629,"1"
6105,89,45,629,"0"
8127,117,50,605,"0"
20395,281,8,605,"0"
3401,123,21,605,"0"
2540.8,111,13,603,"1"
3575,44,23,603,"1"
15873,895,0,601,"0"
20556.21,523,28,637,"0"
2685,34,55,636,"0"
13153,610,27,645,"1"
26483.2,920,13,645,"0"
10422,290,1,639,"0"
8289.6,209,0,638,"0"
68214.6,2110,1,636,"0"
3512,190,1,602,"0"
5589,381,1,601,"0"
1074.4,47,30,601,"0"
15273.2,711,2,601,"0"
55567.6,772,6,569,"0"
16580,461,0,630,"0"
9718.4,1045,10,629,"0"
18047.2,274,8,629,"0"
5786.2,612,14,629,"0"
6133,84,0,626,"0"
27840,743,1,629,"0"
8629.98,113,9,625,"0"
2809,135,41,625,"0"
1529,20,7,622,"0"
24364.4,454,19,618,"0"
1910,58,2,629,"0"
62323.72,3527,0,629,"0"
11480,480,0,626,"0"
14728.4,591,0,630,"0"
2380,238,14,618,"0"
2151,42,13,617,"0"
2701,38,51,616,"0"
1505.4,99,52,609,"0"
31121,1348,2,606,"0"
739.2,31,16,605,"1"
6365,312,2,605,"1"
3398.4,49,20,605,"0"
4350.3,173,51,604,"0"
14556.4,1260,0,605,"0"
4372.4,176,20,603,"0"
2944,116,1,603,"0"
2291,153,41,625,"0"
2296.8,122,38,623,"0"
12604,270,31,633,"0"
10674.2,446,2,631,"0"
43309,965,3,631,"0"
97255,1239,1,631,"0"
5507.4,119,8,630,"0"
15849,633,13,629,"0"
1400,77,29,464,"0"
4532,56,56,463,"0"
9283.2,214,2,623,"0"
3473.6,105,21,625,"0"
12432.4,256,1,345,"0"
6465,74,3,618,"0"
3909,43,43,616,"0"
8210,385,0,604,"0"
25265,276,14,596,"0"
2345,27,10,595,"0"
2289,102,7,596,"0"
5619,161,16,618,"0"
29103,556,7,605,"0"
4343.8,108,0,605,"0"
4745.6,83,57,625,"0"
18319,518,2,625,"0"
11513,218,30,624,"0"
19700,245,9,623,"0"
2515.8,110,49,622,"0"
35978.4,1090,2,619,"0"
24221,452,7,638,"0"
5123.8,159,35,637,"0"
18719,416,6,634,"0"
8390,88,35,632,"0"
11107,173,13,632,"0"
24180,874,7,632,"0"
6954,87,27,631,"0"
12740.8,300,10,632,"0"
21933.8,964,0,632,"0"
11419,364,21,632,"0"
6466,209,13,632,"0"
25375,1102,8,631,"0"
14709,201,14,629,"0"
11129.2,459,49,629,"0"
4387.2,171,1,626,"0"
4532,65,58,597,"0"
5890,68,38,597,"0"
3107,76,22,596,"0"
6325,268,10,633,"0"
12604.56,296,6,631,"0"
5829.6,286,15,631,"1"
3719,200,23,629,"0"
7922,108,42,626,"0"
46992.6,1685,2,624,"0"
2941,139,5,624,"0"
22331,633,0,623,"0"
32383,481,1,618,"0"
55562,2449,3,618,"0"
56382.4,2256,6,618,"0"
14895.6,620,9,617,"0"
2644,63,30,617,"1"
1563,61,56,616,"0"
19344,225,2,616,"0"
3702.4,120,20,616,"0"
4520,44,21,596,"0"
34024.22,1096,3,594,"0"
30293.9,984,2,594,"0"
4680,56,29,594,"0"
2662.8,57,27,604,"0"
11767.2,335,3,603,"0"
12400,124,8,595,"0"
14569,708,0,616,"0"
26802.88,877,1,616,"0"
3312,136,21,616,"0"
6318,291,35,603,"0"
7764,353,29,603,"0"
13743.2,201,7,602,"0"
10240,124,23,596,"0"
2810.8,144,13,340,"0"
3810,132,34,619,"0"
23771,334,0,616,"0"
18215,512,9,612,"0"
45239,621,1,605,"0"
735,40,51,605,"0"
11934,175,13,602,"0"
10759.8,183,29,601,"0"
23252.6,357,7,598,"0"
74312.6,2109,3,598,"0"
9689.25,260,3,596,"0"
11705.2,327,2,625,"0"
22733.4,392,3,625,"0"
5164.4,232,0,619,"0"
21203,1453,20,619,"0"
39825,1439,2,619,"1"
35879.4,1289,6,619,"0"
11077,166,26,618,"0"
5184.4,232,1,618,"0"
14499,371,13,617,"0"
6715,387,21,616,"0"
5606,68,44,615,"0"
9363,241,3,612,"0"
3750,125,56,630,"0"
29448,1174,30,629,"0"
3905,61,30,627,"0"
12729.6,370,6,626,"0"
8547,282,1,625,"0"
7571,203,9,625,"0"
94455,4127,0,602,"0"
6018.3,108,6,601,"1"
18211.6,262,7,601,"0"
2878.3,216,35,615,"0"
29874,1717,0,615,"0"
1227,71,23,611,"0"
9122.6,461,13,594,"0"
7440,81,57,591,"0"
22580.4,567,2,590,"0"
3064,177,20,595,"0"
5190.2,279,52,595,"0"
10670,130,2,594,"0"
22751.25,770,2,567,"0"
16466,946,35,562,"0"
1475.4,26,34,562,"0"
18120,894,51,560,"0"
15955,179,14,553,"0"
28060,3000,9,552,"0"
3675,47,28,547,"0"
11412.8,798,2,622,"0"
3515,45,59,618,"0"
3783,118,48,618,"0"
6823.2,218,20,618,"0"
7768.8,156,1,617,"0"
8137,870,13,617,"0"
10493.4,337,14,615,"0"
6580,71,21,615,"0"
9308.4,380,35,611,"0"
1627,89,28,611,"0"
5803.2,155,8,611,"0"
15588,254,2,611,"0"
14473,525,29,610,"0"
3581,50,58,598,"0"
12313,596,29,598,"0"
28320.4,627,13,598,"0"
6577,90,16,598,"0"
244413.2,14757,1,597,"0"
2539.6,148,42,594,"0"
8202.8,810,3,594,"0"
3716,62,22,592,"0"
12136,490,3,590,"0"
1782,28,30,590,"1"
66580.17,4482,0,590,"0"
10334,139,2,595,"0"
32141,520,0,595,"0"
5688,184,30,594,"0"
3877,222,44,591,"1"
6749.2,259,43,602,"0"
7166.2,174,1,598,"0"
6536,188,21,597,"0"
8417,373,7,597,"0"
4505.2,90,28,597,"0"
1432,68,15,591,"0"
16300,477,13,590,"0"
57802,812,1,590,"0"
5550,67,24,588,"0"
2198.4,106,35,587,"0"
4824,251,27,587,"0"
2770.4,127,23,584,"0"
5873.8,280,22,595,"0"
121133,2336,9,595,"0"
60130,1691,1,589,"0"
42349.35,1465,8,616,"0"
12271,220,23,615,"0"
23652,295,10,615,"0"
6889.6,282,43,612,"0"
112456.4,4529,1,612,"0"
9345,128,29,612,"0"
6275,179,10,612,"0"
23321.2,273,3,611,"0"
30726,416,1,615,"0"
1996,105,43,612,"1"
17698.14,3724,9,608,"0"
18204.4,1256,7,608,"0"
9134,467,9,605,"0"
4982.8,116,9,603,"0"
6514,443,1,601,"0"
23885.1,4897,7,597,"0"
4453.8,93,0,597,"0"
20294,256,9,596,"0"
23126,564,3,596,"0"
3418,143,14,596,"0"
57079,15802,1,594,"0"
37013.75,7674,2,584,"0"
718,42,45,624,"0"
4305,59,10,623,"0"
8567,152,13,622,"0"
1760,41,34,619,"0"
4131,231,28,619,"0"
10649.6,462,7,618,"0"
19849,381,7,617,"0"
32100,401,0,617,"0"
18081.8,299,27,616,"0"
1824,82,22,615,"0"
235024,7296,1,615,"0"
7448,100,14,615,"0"
2771.6,115,42,612,"0"
72286.2,2139,6,612,"0"
83820,2734,9,611,"0"
19684.2,280,1,611,"0"
24405,1390,6,623,"0"
7063,134,8,622,"0"
3380,194,44,616,"0"
6408.2,290,36,615,"0"
5023,67,22,612,"0"
11807.2,906,0,611,"0"
7298,484,2,609,"0"
14205,202,1,608,"0"
7536,2361,55,605,"0"
12508,456,21,602,"0"
17236,237,13,602,"0"
424689,12850,3,622,"0"
3620,56,21,619,"0"
10225.4,197,13,619,"0"
44972.7,1311,35,618,"0"
5285.2,131,7,618,"0"
75620.8,2216,2,617,"0"
41226.2,991,1,617,"0"
25231.8,614,6,616,"0"
168918.8,4685,1,616,"0"
5915,62,0,622,"0"
26453.4,458,6,619,"0"
10241.6,574,1,618,"0"
39323.8,1496,1,617,"0"
40572.8,2416,1,617,"0"
20835.2,735,20,616,"0"
1654.4,91,3,612,"1"
5650,79,21,612,"0"
28129.2,1953,1,611,"0"
17455.2,203,1,611,"0"
9690,133,21,610,"0"
5206.4,81,36,610,"0"
22914.56,1204,10,609,"0"
2057.6,103,35,609,"0"
5375,69,7,609,"0"
27357.6,579,7,546,"0"
39416.8,1233,0,546,"0"
3138,335,9,546,"0"
24438.6,889,8,542,"0"
4313,162,21,542,"0"
1125,41,48,562,"1"
6574.8,231,36,618,"0"
3270.4,154,14,618,"0"
22170.6,447,21,612,"0"
9360.8,163,50,602,"0"
8820,86,30,587,"0"
3956,80,21,584,"0"
6946,365,28,582,"0"
8866.8,389,45,624,"0"
1418,31,20,623,"0"
10908,312,0,623,"0"
35623.8,2916,6,622,"0"
1066.4,40,36,622,"0"
8052,421,20,619,"0"
22451,306,13,619,"0"
34974.55,446,7,618,"0"
9156.6,281,13,618,"0"
756,38,58,588,"1"
11260.8,772,3,588,"0"
1641.4,116,48,587,"0"
3065,170,20,583,"0"
47948.4,2439,3,591,"0"
12107.2,588,13,591,"0"
12043.52,645,9,591,"0"
2196.8,182,27,590,"0"
10318,546,1,589,"0"
6520.7,233,0,588,"0"
7107.6,331,0,587,"0"
5237,377,22,587,"0"
30943,542,8,587,"0"
15833.6,671,10,587,"0"
8157,99,16,583,"1"
20817,570,8,329,"0"
17435.6,698,2,611,"0"
1790,23,14,611,"0"
3877,94,9,609,"0"
8778,155,13,609,"0"
19644.8,830,8,608,"0"
7887,117,51,608,"0"
15464,189,36,604,"0"
9594,495,28,604,"0"
14556,470,58,589,"0"
6741,86,45,583,"0"
4207,69,36,605,"0"
40948,1807,3,603,"0"
6222.4,102,48,603,"0"
11753,155,8,612,"0"
20839,324,13,612,"0"
5725,65,2,612,"0"
80156,3602,2,611,"0"
30730.2,611,1,610,"0"
1495,74,13,609,"0"
986,63,50,604,"0"
36869.6,950,2,604,"0"
8212.4,217,23,604,"0"
4985.6,229,1,438,"0"
5820,153,34,610,"0"
4764,146,3,609,"0"
2745.2,107,8,608,"0"
3791,46,52,608,"0"
1296,62,20,605,"0"
6560,187,1,605,"0"
6278.8,170,1,602,"0"
5413,146,14,602,"0"
4729.8,418,22,616,"0"
8111,300,10,616,"0"
15741,416,20,616,"0"
8196.4,485,9,616,"0"
11190,914,23,616,"1"
4909,92,15,615,"0"
5066.6,279,6,615,"0"
2852.2,156,27,615,"0"
11735,118,29,612,"0"
10757.4,127,13,612,"0"
15136,1590,8,610,"0"
12475,142,14,609,"0"
6255,74,27,609,"0"
7412.4,140,21,609,"0"
12103.9,242,7,609,"0"
11655.6,134,14,609,"0"
42415.4,1379,6,609,"0"
3752.48,236,2,608,"0"
17370,208,2,590,"0"
5544,256,20,588,"0"
2411.2,82,7,589,"0"
12983.8,615,16,591,"0"
5997.8,253,0,581,"0"
7258,237,21,577,"0"
18652,279,6,581,"0"
7890,170,15,538,"0"
1760,92,58,538,"0"
4532,252,1,535,"0"
1070,14,42,531,"1"
21870.2,419,8,526,"0"
11580,150,0,526,"0"
40490,612,3,597,"0"
19040,218,1,597,"0"
6947.2,523,22,595,"0"
15170,215,29,595,"0"
1179.6,32,48,594,"0"
6198,283,23,602,"0"
3710,48,22,604,"0"
3020.2,92,294,604,"1"
2820,77,24,603,"0"
19004.2,848,13,603,"0"
10002.4,573,0,611,"0"
8479,134,8,611,"0"
8666,232,27,610,"0"
15257,266,23,609,"0"
7443,106,44,608,"0"
3248,97,51,615,"0"
14660.48,296,1,615,"0"
4653,210,6,615,"0"
2327,129,37,612,"0"
12365.2,353,29,611,"0"
24020,363,7,610,"0"
33033.6,775,21,616,"0"
2731.2,72,34,616,"0"
25534,479,13,616,"0"
10598.6,265,10,615,"0"
2655,146,0,612,"0"
25900,2153,1,611,"0"
52453.55,1455,3,610,"0"
3013.2,81,22,609,"0"
29992,2892,1,609,"0"
9373,128,55,606,"0"
4987.8,69,31,605,"0"
14698,355,9,604,"0"
905,12,27,604,"1"
5015.2,148,9,609,"0"
30133.4,657,0,608,"0"
10638,134,21,605,"0"
7559,162,20,605,"1"
10834.6,148,50,605,"0"
1578,90,29,603,"1"
22832,966,2,602,"0"
2972.72,66,34,598,"1"
4115.6,124,45,597,"0"
9579,151,28,605,"0"
5002.8,258,50,605,"1"
5390,74,56,603,"0"
13210.4,391,1,603,"0"
10644,240,8,602,"0"
4241.6,84,0,602,"0"
4842,62,8,602,"0"
6913.6,240,10,601,"0"
11745,434,42,601,"0"
7603,278,16,601,"0"
14416.6,442,0,598,"0"
4551,216,10,597,"0"
7796,97,21,597,"0"
23707.08,1217,41,581,"1"
12390,177,24,578,"0"
18628,1033,10,578,"0"
25852,1200,2,577,"0"
9845.2,95,14,577,"1"
3344.4,222,14,574,"0"
6662.8,552,13,571,"0"
14174,179,14,570,"0"
3210,44,29,569,"0"
21627.6,1385,1,569,"0"
2730,40,37,563,"0"
5945,100,0,561,"0"
1620.8,73,57,582,"0"
21112.4,1561,6,580,"0"
4390.6,167,1,575,"0"
6800.8,229,28,566,"0"
30871.6,832,27,597,"0"
3221.6,110,37,595,"0"
18091.46,455,0,591,"0"
6426,93,57,591,"0"
5730,89,14,591,"0"
5346,270,8,588,"0"
10025.8,233,36,588,"0"
67050.4,1301,1,602,"0"
22898.48,743,2,602,"0"
2548,89,34,602,"0"
18652,286,0,601,"0"
9958,535,3,598,"0"
1564,80,43,597,"0"
4805,57,55,596,"0"
4755,237,29,595,"0"
9993.2,314,1,594,"0"
3007,152,30,591,"1"
29840,764,7,589,"0"
11154,458,6,588,"0"
13568.36,1120,1,605,"0"
17266.8,287,7,605,"0"
2590,34,27,605,"0"
8079.6,442,28,605,"0"
9544.2,458,35,604,"0"
4562.4,386,48,604,"0"
1533.4,159,56,604,"0"
13858.4,714,10,602,"0"
6963.4,433,13,602,"0"
5796.4,604,7,602,"0"
6313.4,124,13,601,"0"
7045.4,572,6,601,"0"
3651,390,31,601,"0"
4260,175,7,598,"0"
2236,38,57,596,"0"
6144.4,554,8,596,"0"
12731.6,408,8,596,"0"
2836,151,35,596,"0"
4212,181,21,596,"0"
2936,168,9,596,"0"
2031.8,57,37,595,"0"
6605,75,1,595,"0"
5082.6,379,1,595,"0"
2423.4,31,3,595,"0"
2263.2,32,16,594,"0"
6715.6,206,16,594,"0"
19405.4,258,1,589,"0"
17928.8,505,6,587,"0"
24571.8,355,14,584,"0"
38516,3458,7,603,"0"
8007.17,277,36,603,"0"
53737,2855,6,603,"0"
7019,478,23,598,"0"
5650,95,31,597,"0"
28657,637,3,594,"0"
3923,221,38,594,"0"
13651.8,424,0,591,"0"
9931,359,0,588,"0"
6507,266,38,587,"0"
12186.6,309,2,583,"0"
3392,142,23,582,"0"
12118,533,13,582,"0"
3995,53,16,577,"0"
3304.8,138,31,577,"0"
11261.4,352,3,588,"0"
9478.97,210,9,587,"0"
3408.6,192,1,581,"0"
4532.6,200,23,574,"0"
4893,80,1,569,"1"
821,44,52,568,"0"
9695,109,44,560,"0"
6386.8,357,8,574,"0"
22415.2,932,0,571,"0"
15180,176,1,569,"0"
3300,188,28,569,"0"
1195,19,44,568,"0"
22799,363,10,562,"0"
7350,77,8,587,"0"
2361,136,52,575,"0"
3479,214,31,573,"0"
12382,468,9,573,"0"
26482.8,1471,1,570,"0"
28968.8,1340,7,566,"0"
28642.31,692,6,594,"0"
35847.4,881,6,591,"0"
7072,144,27,590,"0"
6029.85,1590,0,573,"0"
8502,348,29,570,"0"
36045,449,2,569,"0"
5654,219,21,568,"0"
29153.4,1678,1,568,"0"
17270,220,8,568,"0"
6807,334,9,561,"0"
33190.8,1964,1,577,"0"
2962.6,101,20,568,"0"
2456.4,76,41,568,"0"
34592.6,1322,2,591,"0"
7721,157,27,590,"0"
8282,453,2,589,"0"
4460,56,36,588,"0"
5721,210,2,580,"0"
6545,85,2,597,"0"
45555,499,5,597,"0"
24526.8,1182,3,596,"0"
9175,695,1,594,"0"
18987.2,1021,10,591,"0"
43143.8,1754,1,591,"0"
15775.47,721,1,591,"0"
52902.8,2253,1,589,"0"
7500,100,42,587,"0"
2250,200,31,584,"0"
20040.08,787,6,582,"0"
4991,86,38,524,"0"
4285,55,49,522,"0"
2608,116,15,521,"0"
4317,67,31,521,"0"
8594,442,10,520,"0"
20054,1704,9,519,"0"
3844.8,175,43,518,"0"
40380,1026,2,514,"0"
13785.2,289,2,576,"0"
1020,12,58,575,"0"
7170,234,37,575,"0"
20673,1492,13,575,"0"
1915,24,28,571,"0"
6785.4,103,35,570,"0"
6774,368,16,566,"0"
8810,87,15,560,"0"
7021.8,400,29,589,"0"
9466,1630,1,589,"0"
6750.4,155,2,588,"0"
16759,218,0,588,"0"
5227.4,282,20,584,"0"
8798,186,3,584,"0"
18027,331,9,583,"0"
21263.6,705,2,581,"0"
1865,29,6,598,"0"
5049,229,38,597,"0"
5117.8,284,9,594,"0"
25065,306,21,591,"0"
10867,148,34,589,"0"
3085,178,8,588,"0"
6039,86,34,567,"0"
2493,81,35,595,"1"
8167,159,6,595,"0"
8765,134,50,596,"0"
9968,283,1,595,"0"
3463,170,1,595,"0"
5590.8,166,36,549,"1"
5701.2,181,29,549,"1"
9228.6,321,21,532,"0"
18184,257,8,603,"0"
6449.4,203,29,602,"0"
11129.4,385,15,599,"0"
1900,20,28,598,"0"
11022,316,30,598,"0"
15578.4,210,24,598,"0"
9942,276,16,597,"0"
1580,16,51,597,"1"
5723.6,254,7,597,"0"
14189.4,320,0,597,"0"
8706.8,248,1,597,"0"
16807.6,473,1,597,"0"
18915.6,531,1,597,"0"
17892.8,498,3,597,"0"
28930.8,564,0,596,"0"
1862,72,34,596,"0"
52578.65,1813,1,595,"0"
2388,137,41,315,"0"
46372.4,1574,0,582,"0"
18813.6,525,13,575,"0"
6495.2,380,14,561,"0"
7804.2,414,15,560,"0"
17346,296,15,559,"0"
2605,33,7,559,"0"
3958.8,148,35,556,"0"
3832.4,149,38,556,"0"
4023.2,196,21,554,"0"
16271.6,1361,2,553,"0"
14464,721,3,553,"0"
3664,102,14,588,"0"
16709.91,465,5,584,"0"
721.5,14,10,584,"0"
17709.4,348,0,582,"0"
1144.4,45,45,581,"0"
29281.8,914,6,428,"0"
362464.5,14895,2,577,"0"
7091,116,0,576,"0"
6236,300,3,575,"0"
29471,704,3,575,"0"
4908,75,51,574,"0"
7451.6,370,6,574,"0"
5188,171,16,573,"0"
19710,296,6,570,"0"
13965,199,6,570,"0"
16748.8,476,3,580,"0"
4062.4,284,28,580,"0"
5164,138,26,580,"0"
2503.4,82,15,574,"1"
13868,475,0,574,"0"
3490.8,365,57,574,"0"
7726.65,730,15,573,"0"
1826.2,151,24,570,"0"
4095,52,29,570,"0"
9971.4,333,7,575,"0"
1760,48,38,574,"0"
3476,100,59,569,"0"
13117,150,0,556,"0"
5347,82,38,553,"0"
17922.8,263,27,556,"0"
9506.2,647,1,549,"0"
48606.6,1476,1,547,"0"
79554,953,1,546,"0"
3755.4,180,23,512,"0"
4247.2,54,34,512,"0"
2249,55,10,506,"0"
1913.6,86,8,505,"0"
1673.6,68,20,505,"1"
3616.2,148,3,505,"0"
30906,389,3,505,"0"
76202.75,3150,8,504,"0"
23289.2,542,2,555,"0"
6020,94,34,582,"0"
11190.8,224,3,577,"0"
12067.8,947,13,577,"0"
1790,89,23,575,"0"
5104,395,2,574,"0"
5551.8,331,3,595,"0"
2711,46,35,594,"0"
1880,112,8,594,"0"
16992,348,55,592,"0"
14681.8,274,14,591,"0"
3239.09,62,21,591,"0"
4944,153,6,591,"0"
16909,306,21,591,"0"
9664.2,136,14,548,"0"
106950.4,3787,0,545,"0"
18847.2,476,8,581,"0"
14330.2,1076,6,581,"0"
36433,475,7,580,"0"
4127,76,34,578,"0"
5242,217,44,545,"0"
4864,285,3,594,"0"
30443,526,2,594,"0"
16678,610,6,594,"0"
15724,229,22,594,"0"
4284,55,22,595,"0"
3249,75,29,591,"0"
3222,54,59,591,"0"
10946,356,35,591,"0"
39715,496,3,591,"0"
6107,92,27,591,"0"
2451.6,97,51,590,"0"
27310,363,0,590,"0"
3100,172,27,589,"0"
17090,202,1,308,"0"
6304.8,116,16,308,"0"
16594.2,471,6,588,"0"
15515,298,7,582,"0"
6242.6,244,45,575,"0"
14665,168,1,575,"0"
5593.8,151,13,573,"0"
11447,161,38,552,"1"
3664,66,1,418,"0"
12341.8,409,0,413,"0"
4028,68,27,405,"0"
4693.1,215,22,541,"0"
12682.4,4277,8,525,"0"
3165.8,130,51,549,"0"
2388,69,20,561,"0"
8454.4,423,35,560,"0"
3080,199,30,560,"0"
6110,171,16,591,"0"
24369,559,13,590,"0"
10645,184,1,590,"0"
15439.2,698,15,589,"0"
47538,759,14,589,"0"
16642,608,7,588,"0"
3322,102,31,588,"0"
12131,183,2,588,"0"
7898,112,20,584,"0"
2538,91,24,584,"1"
13110,489,0,584,"0"
10348,159,22,583,"0"
87237.8,3403,0,552,"0"
75017.4,6254,0,549,"0"
3510,43,37,548,"0"
13575.2,1422,31,546,"0"
24964.8,961,9,567,"0"
8946,184,29,562,"0"
16417,206,8,562,"0"
12829,485,8,562,"0"
5017.6,236,28,562,"0"
3231,180,49,552,"0"
18865,231,30,552,"0"
3241,54,35,547,"0"
11819.2,550,16,548,"0"
71117.75,28635,3,547,"0"
33069.2,1121,41,545,"0"
8177.4,848,29,570,"0"
11303.45,407,8,570,"0"
2217.6,176,35,570,"0"
2868,146,8,563,"0"
3115,44,55,562,"0"
1118.4,84,34,562,"0"
1295,60,21,561,"0"
13632,524,9,540,"0"
2472,30,30,540,"0"
10785,112,2,539,"0"
4964,239,1,539,"0"
14942,182,15,539,"0"
10948.8,545,7,526,"0"
8331.4,98,43,583,"0"
5476,203,30,583,"0"
6170,82,27,500,"0"
4148,183,28,499,"0"
7099,339,13,497,"0"
16800,221,10,570,"0"
11023.4,358,10,574,"0"
13000.2,1092,22,570,"1"
10270,178,6,570,"0"
9213.6,492,6,573,"0"
16539,928,22,573,"0"
13069.6,381,23,570,"0"
1658,109,16,568,"0"
770,21,43,566,"0"
2924.4,140,3,549,"0"
630,6,51,548,"1"
22961,1001,3,545,"0"
5279.47,147,3,587,"0"
7058.47,160,21,585,"0"
6308,353,27,583,"0"
19632.8,681,6,581,"0"
14072,758,15,580,"0"
14352.8,409,22,580,"0"
2676,152,56,580,"1"
5047.6,79,7,542,"0"
10500,143,13,542,"0"
10122.2,152,21,538,"0"
13758,1188,3,538,"0"
6025,83,29,559,"0"
5562,293,9,556,"0"
3171,180,13,556,"0"
2427.4,41,16,556,"0"
10591,172,1,555,"0"
9818.4,188,10,555,"0"
17122,945,41,521,"0"
6543.6,210,41,561,"0"
5046,164,27,561,"0"
8702,98,14,556,"0"
136701.2,5346,0,556,"0"
26737.2,460,23,542,"0"
5967,76,43,540,"0"
199066.2,10862,6,539,"0"
2463.8,144,6,539,"0"
37383,1148,1,539,"0"
11026.6,350,9,552,"0"
3179,120,51,559,"0"
13586.6,192,13,559,"0"
7417,486,13,559,"0"
9648.8,206,43,559,"0"
4124,67,55,555,"0"
3928.62,236,2,555,"1"
3514.2,171,14,403,"1"
4481,55,22,401,"0"
3360,47,41,399,"0"
5200.4,90,16,396,"0"
27910,736,13,392,"0"
2381,113,7,388,"0"
903,13,58,560,"0"
36821,1087,1,554,"0"
1735,24,8,539,"0"
1883177,72082,0,539,"0"
13602,786,0,535,"0"
1605,76,2,532,"0"
9870,135,20,526,"0"
9944,478,0,521,"0"
4001,229,20,521,"0"
9756,265,9,542,"0"
3383,60,57,538,"1"
6334,105,27,529,"0"
6283.8,318,6,524,"0"
7781.6,205,0,583,"0"
4324,76,41,582,"0"
5904.4,134,3,582,"0"
9373,167,9,582,"0"
1583.8,41,29,580,"1"
2848,86,38,578,"0"
392690.2,11835,2,578,"0"
122290,3482,1,577,"0"
909232.4,27440,14,575,"0"
102958.4,3511,20,574,"1"
43957.7,1124,1,574,"0"
65244.17,1593,0,574,"0"
19161,1113,0,573,"0"
7451,574,21,575,"0"
5079,196,42,573,"0"
1500,45,56,573,"0"
3946,129,14,571,"0"
11976,163,0,570,"0"
3572,201,15,569,"0"
31995,415,6,568,"0"
4080,48,56,568,"0"
69064.2,1497,0,568,"0"
12798,203,6,563,"0"
882.4,23,44,552,"0"
19637,236,13,545,"0"
4874.6,270,9,545,"0"
4118,212,44,541,"0"
4575,54,21,541,"0"
2910,33,13,541,"0"
40238,1907,3,541,"0"
3110,46,14,533,"0"
3652,139,3,528,"0"
11365.98,12734,10,521,"0"
27682.8,1202,9,519,"0"
11698.64,2380,7,560,"0"
9535.85,3467,15,552,"0"
54195.2,2239,0,549,"0"
26770,1196,1,547,"0"
6178,151,28,545,"0"
14996.6,853,8,535,"0"
27618.6,924,20,531,"0"
10017.6,447,1,531,"1"
15220,1600,7,531,"1"
10947.2,520,27,526,"0"
3550.4,48,41,525,"0"
216,10,21,524,"1"
5065.6,263,8,569,"0"
12600.4,845,8,568,"0"
4266,84,28,561,"0"
5400,64,7,561,"0"
4290,58,14,559,"0"
2302,95,9,559,"0"
11469.6,428,1,555,"0"
4080,54,29,555,"0"
5054.2,222,21,547,"0"
21702,293,6,546,"0"
29279.8,879,8,542,"0"
27192.8,924,2,542,"0"
25445.2,599,8,542,"0"
6283,221,10,542,"0"
1055,15,2,303,"0"
21036.4,994,34,563,"0"
5510,122,6,563,"0"
12389.6,402,0,563,"0"
2760,32,42,562,"0"
1793.8,91,20,560,"0"
4638,74,55,557,"0"
12300,392,1,556,"0"
4232,121,7,555,"0"
2760.8,90,27,542,"0"
11713.4,362,9,542,"0"
6044,169,0,554,"0"
28707,1095,14,553,"0"
150137.8,3540,2,553,"0"
7956,304,8,552,"0"
3516,129,9,493,"0"
10125.2,167,16,489,"0"
8308,285,20,487,"0"
1273.8,70,56,486,"0"
37446.4,1359,8,486,"0"
19134.2,1201,2,486,"0"
2315.8,34,1,486,"0"
17410.2,253,15,485,"0"
8219.8,462,16,483,"0"
7500.6,168,8,481,"0"
2092.4,112,36,477,"0"
8983.11,127,14,476,"0"
25362,2160,8,476,"0"
2941.2,139,8,476,"0"
4656,234,7,475,"0"
42652,1293,10,563,"0"
32132,434,9,554,"0"
8295,109,14,549,"0"
10432,323,52,545,"1"
4222,67,57,575,"0"
20525.8,565,13,575,"0"
4578.8,171,8,575,"0"
15815,477,24,574,"0"
1376,50,14,573,"0"
3778,58,37,573,"0"
71205,3815,1,570,"0"
2560,151,30,566,"0"
2548.2,265,20,554,"0"
13033,248,23,524,"0"
3215,113,1,522,"0"
2332,31,13,521,"0"
58560,2818,16,519,"0"
7059.35,126,6,519,"0"
2115,28,6,525,"0"
6634.6,164,24,525,"0"
4440,60,8,517,"0"
48693.07,1741,2,514,"0"
27475,397,20,532,"0"
20201,451,10,526,"0"
95829,4402,3,514,"0"
2962,41,13,513,"0"
4270,212,16,511,"0"
13042.46,386,1,573,"0"
27753.9,538,2,569,"0"
12880,458,21,568,"0"
66744,2234,0,568,"0"
30473,870,2,567,"0"
68963.6,1743,1,563,"0"
13236,188,8,562,"0"
8001.2,453,9,561,"0"
5558,208,3,559,"0"
6017,84,28,559,"0"
7622,317,8,559,"0"
5663,152,12,539,"0"
16480.2,334,10,538,"0"
2554.4,73,45,535,"0"
6829,557,6,520,"0"
7447.6,543,24,520,"0"
4383.6,362,13,518,"0"
1200.4,148,2,517,"0"
5649.2,253,6,529,"0"
22875,1012,5,549,"0"
75524.6,4084,1,547,"0"
11730.4,385,24,542,"0"
6957.4,296,14,542,"0"
6114.4,110,51,540,"0"
23501.2,1309,3,539,"0"
3590,45,52,535,"0"
29214,3479,1,519,"0"
4291.2,122,0,540,"0"
5718,222,0,539,"0"
34974.6,1134,1,562,"0"
79568.6,3930,9,562,"0"
1460,29,41,559,"0"
4773,220,8,503,"0"
2554.8,70,37,525,"1"
14045,163,8,524,"0"
8224,203,3,471,"0"
6260,78,44,510,"0"
3991,79,22,506,"0"
1316,27,14,506,"0"
6750,111,55,505,"0"
3742,216,9,505,"0"
14619,226,15,504,"0"
6463,100,15,554,"0"
8559,152,0,553,"0"
25396,1950,1,518,"0"
5653.6,198,8,533,"0"
1390.4,57,43,290,"1"
3277,46,57,560,"0"
4905,68,24,560,"0"
45775.4,1120,0,556,"0"
1720,24,7,556,"0"
12279.8,206,9,553,"0"
58325.8,2934,7,553,"0"
785,42,16,553,"0"
8391,100,13,545,"0"
12137.6,397,14,542,"0"
5532,83,2,542,"0"
9751,474,20,542,"1"
760,16,43,525,"0"
5820,205,10,524,"0"
19282,617,0,549,"0"
34182.6,1175,13,548,"0"
2257.4,107,22,548,"0"
44424.18,1245,3,546,"0"
4025,65,6,546,"0"
4651,68,43,545,"0"
5332,213,8,542,"0"
26328,580,1,542,"0"
2629,150,1,540,"0"
7303,258,3,539,"0"
18805,348,0,517,"0"
24856.2,507,10,515,"0"
9199.4,239,0,381,"0"
36013.2,1216,6,518,"0"
21244.4,856,1,500,"0"
6406,104,2,499,"0"
7077.6,258,21,513,"0"
13553,1383,9,513,"0"
7650.6,423,2,513,"0"
11884,268,3,513,"0"
2840,38,29,512,"0"
1300,18,30,510,"0"
11856,206,16,506,"0"
865,13,49,506,"0"
7470,80,30,506,"0"
1793.4,72,8,504,"0"
11468.2,360,6,503,"0"
2044,112,48,525,"0"
2451,51,45,525,"0"
5775,177,13,524,"0"
27095,443,6,524,"0"
4463,67,37,541,"0"
35899.28,1751,0,540,"0"
5325,81,9,540,"0"
21050.4,264,6,524,"0"
18420.48,592,3,524,"0"
19670,1141,0,521,"0"
4069.2,181,0,521,"0"
33064.6,1570,2,553,"0"
5602.4,554,21,553,"0"
20414.4,1248,9,552,"0"
9219.8,988,1,552,"0"
10085.6,219,10,548,"0"
5926,140,19,547,"0"
8481.6,273,10,546,"0"
2103.2,151,48,545,"0"
13707,161,3,545,"0"
18676.2,326,5,542,"0"
37935.4,2065,9,504,"0"
9088.23,222,15,504,"0"
8584.8,271,9,555,"0"
32537,1213,6,554,"0"
9360,390,14,554,"0"
6096,85,23,549,"0"
6066,133,7,549,"0"
8435,101,51,548,"0"
18414.6,628,3,548,"0"
37481,417,0,548,"0"
13138.47,238,1,517,"0"
7007,117,9,517,"0"
4044,233,20,463,"0"
3751.2,178,2,463,"0"
13400.14,565,0,462,"0"
2688,114,1,528,"0"
17853.6,816,7,526,"0"
4448,235,21,525,"0"
123018,2100,6,514,"0"
8893.6,320,9,512,"0"
16993.4,1374,6,510,"0"
11565.4,374,37,505,"0"
5186.4,175,3,500,"0"
18171,252,22,500,"0"
6670,113,14,499,"0"
12659,174,8,493,"0"
3468,102,10,531,"0"
12006,291,1,524,"0"
7952.4,278,9,549,"0"
1956.4,54,7,549,"0"
11092,364,0,548,"0"
15573.2,386,8,548,"0"
2774.6,80,56,547,"0"
4082,68,48,542,"0"
6391.6,207,7,521,"0"
24253.49,663,1,520,"0"
3587.2,115,23,520,"0"
2580,37,36,505,"0"
5833,274,16,539,"0"
3685.4,197,2,536,"0"
38285.9,1241,0,535,"0"
8302,232,7,533,"0"
2510,128,22,533,"0"
5437,324,51,512,"0"
1466,32,28,512,"0"
3077,47,59,510,"0"
86097.4,4278,2,510,"0"
17580.8,203,9,380,"0"
2405,30,0,379,"0"
20950,1388,5,519,"0"
6928,324,13,501,"0"
5054,166,14,500,"0"
5927.8,288,16,500,"0"
5514,314,8,496,"0"
21476,361,8,462,"0"
13073,330,15,458,"0"
4479.2,217,56,458,"0"
80352.45,2665,2,535,"0"
12712.6,192,2,524,"0"
6756,528,7,520,"0"
11635,145,8,520,"0"
6938.8,227,14,542,"0"
6575,700,10,540,"0"
5692.4,91,13,540,"0"
4075.2,161,31,513,"0"
12908,208,1,512,"0"
8490,271,1,510,"0"
18745,273,0,520,"0"
9422.4,489,1,525,"0"
14263.4,620,0,510,"0"
4352.68,112,13,545,"0"
8580,245,13,545,"0"
4394,169,13,542,"1"
16326,198,8,542,"0"
70448,1745,2,513,"0"
14890,394,13,554,"0"
2414,39,21,505,"0"
92568.69,2978,3,540,"0"
1146.8,45,27,540,"0"
18772.84,356,3,539,"0"
4441,70,27,539,"0"
3176,284,36,538,"0"
14027,468,7,535,"0"
29175,345,3,535,"0"
700,33,35,521,"1"
6637.6,243,34,521,"0"
3770,183,44,517,"0"
2877.6,104,57,506,"0"
25427.6,818,0,505,"0"
4973.2,506,0,539,"0"
2267,194,0,538,"0"
7435,83,8,531,"0"
3980,110,29,531,"0"
3195.2,334,7,529,"0"
6519.4,199,0,525,"0"
8762,632,3,525,"0"
8812.2,720,14,524,"0"
12089,874,7,504,"0"
11394,588,15,504,"0"
6625.8,182,7,503,"0"
2795,37,2,490,"0"
23154,657,7,490,"0"
3097,177,2,489,"0"
5360,65,21,489,"0"
5216.4,231,24,525,"0"
14263.4,314,0,524,"0"
19245,268,6,521,"0"
14977,673,6,521,"0"
716.2,45,38,507,"0"
7781,343,2,504,"0"
8821.2,179,34,498,"0"
2066.4,99,45,497,"0"
8655,106,3,497,"0"
8393.4,395,8,497,"0"
2093.6,131,24,496,"0"
3709.6,66,38,496,"0"
1814,32,14,493,"0"
55254,1791,3,492,"0"
9429,162,21,541,"0"
3285,52,2,545,"0"
10466.4,310,22,545,"0"
3159,144,30,542,"0"
13322,394,20,542,"1"
11660,318,1,541,"0"
7726,220,35,539,"0"
1454,85,37,538,"0"
25600,707,10,513,"0"
13788,793,37,514,"0"
7850,125,10,514,"0"
11353,302,1,513,"0"
5530,78,55,506,"0"
10357.2,170,8,504,"0"
800,14,22,504,"0"
2646,155,30,519,"0"
3472,144,0,454,"0"
16982,498,9,451,"0"
1922.65,221,22,451,"0"
11858.28,329,0,518,"0"
6531.2,191,45,518,"1"
2031,39,31,517,"0"
43051.4,438,0,517,"0"
15123.38,303,1,517,"0"
7051,229,34,514,"0"
29512,369,7,513,"0"
32697,439,13,513,"0"
8011,288,45,513,"0"
40630.8,2047,1,511,"0"
21223,335,3,367,"0"
1879.8,68,9,366,"0"
5080,238,48,366,"1"
10566.94,190,13,498,"0"
3230,242,24,521,"0"
2128.8,143,43,520,"1"
3910.4,115,42,513,"1"
8232,304,16,529,"0"
39590.9,844,0,524,"0"
13585,154,6,277,"0"
24641.6,1009,6,485,"0"
2485.6,73,35,485,"0"
18197.2,953,0,535,"0"
14025.8,616,48,529,"0"
5282,149,22,529,"0"
4989,169,20,528,"0"
4274,207,55,443,"0"
13840,176,24,514,"0"
855,18,7,513,"0"
5310,100,29,512,"0"
14082,568,1,510,"0"
4237,166,45,517,"0"
11670,231,7,515,"0"
15098.4,689,8,514,"0"
18224.52,533,0,512,"0"
12869.4,179,13,511,"0"
12269,866,6,511,"0"
6612.8,284,0,511,"0"
2152,32,45,499,"0"
5064,112,34,497,"0"
4025,51,35,498,"0"
21504.2,1365,5,496,"0"
2809.8,42,54,493,"0"
11625,164,13,492,"0"
11409.4,376,13,492,"0"
44513.6,2092,0,491,"0"
4699.6,500,34,490,"0"
29253.4,1098,10,490,"0"
1780.8,105,15,490,"0"
12224.16,1218,8,486,"0"
15104.8,720,7,486,"0"
8941.2,878,9,504,"0"
1952.6,106,20,500,"0"
2237.6,69,28,497,"0"
29816.4,1541,6,496,"0"
1410,42,36,506,"0"
3978,190,21,506,"0"
4295.8,146,6,518,"0"
9118,653,50,518,"0"
2485,31,59,517,"1"
15445,198,9,517,"0"
1500,21,45,517,"1"
18846,1160,26,514,"1"
153867.4,8624,2,514,"0"
6847.2,282,0,512,"0"
11725,152,20,512,"0"
10905,140,15,512,"0"
17363.4,606,3,512,"0"
6785,67,28,511,"0"
15673,552,2,510,"0"
4016,116,34,499,"0"
18427.8,649,10,515,"0"
7458,248,1,514,"0"
2455,36,57,512,"0"
5995,177,30,521,"0"
7401,125,0,521,"0"
20106,1884,1,521,"0"
4428.2,171,28,521,"0"
29415,623,6,521,"0"
65137,3801,40,520,"0"
7200,240,16,519,"0"
16640,188,9,483,"0"
4218,101,22,511,"0"
937,49,16,510,"0"
100740,5022,2,510,"0"
5364,237,0,505,"0"
16477,276,7,503,"0"
2048,66,13,499,"0"
4365,161,15,497,"0"
18391.6,235,13,499,"0"
1721.6,80,35,496,"0"
4995,67,0,486,"0"
7219.4,145,8,479,"0"
42599.6,1266,1,478,"0"
6290,90,3,478,"1"
4008,59,58,490,"0"
11784,129,2,486,"0"
12088,545,6,486,"0"
2742,96,27,484,"0"
4947,209,2,483,"0"
9579,383,0,436,"0"
17737.2,396,3,436,"0"
4180,57,22,436,"0"
1245.2,68,0,435,"0"
5032,175,14,525,"0"
10737.6,153,24,520,"0"
16066.4,494,9,520,"0"
3292.6,172,13,514,"0"
3411.6,180,7,524,"0"
11766.79,231,14,524,"0"
10734,137,21,524,"0"
3634,207,20,503,"0"
4806,225,48,502,"0"
1095,18,10,500,"0"
8379.8,331,3,500,"0"
33935.4,1069,1,492,"0"
3611,208,58,491,"0"
11238,165,13,489,"0"
49887.8,1755,0,505,"0"
6351.8,138,7,506,"0"
4890,60,2,506,"0"
10866.6,150,6,506,"0"
4600.6,122,7,505,"0"
27284,630,3,505,"0"
7896.4,361,2,505,"0"
16342,488,13,504,"0"
18893.6,1036,0,504,"0"
3375,52,2,504,"0"
9041.2,536,20,503,"0"
2988,166,9,276,"0"
16650,595,8,504,"0"
4764,129,14,489,"0"
6773,105,14,487,"0"
9028,289,15,486,"0"
7610,93,2,484,"0"
4200,58,34,484,"0"
16369.6,764,9,483,"0"
34529.6,1802,1,482,"0"
13899.2,852,6,482,"0"
3032.4,154,1,493,"0"
4966,99,0,504,"0"
3648,44,10,518,"0"
2090,76,50,518,"0"
20280,619,2,503,"0"
2083.8,84,15,503,"0"
2402.2,214,50,510,"0"
5903.6,616,7,506,"0"
9919,151,13,500,"0"
13637,210,10,500,"0"
15159,202,7,469,"0"
4056,212,38,468,"0"
8132.2,256,0,511,"0"
7592.3,243,13,510,"0"
31479,730,0,510,"0"
41130,585,3,498,"0"
3672,168,42,434,"0"
1952,46,43,434,"0"
10435,451,8,430,"0"
28944.2,1594,10,479,"0"
10265,144,9,505,"0"
5749.8,98,27,505,"0"
5685,80,0,505,"0"
7406.8,574,7,504,"0"
6796.8,99,36,504,"0"
78048.4,1542,1,503,"0"
6347,88,0,499,"0"
4400,53,8,499,"0"
4214.4,201,2,485,"0"
4710.6,133,21,481,"0"
4639.9,449,1,481,"0"
17025.4,578,0,497,"0"
9036.4,299,6,497,"0"
10741.2,301,1,457,"0"
1438,51,24,497,"1"
20147.4,442,2,465,"0"
16057.2,620,29,506,"0"
3575,43,8,505,"0"
2590,32,24,505,"0"
5120,151,9,515,"0"
7073,210,23,514,"0"
2086,118,2,513,"0"
2265,33,0,512,"0"
6936.2,212,6,511,"0"
39712,1146,2,511,"0"
10978.4,488,7,520,"0"
8198.4,261,36,519,"0"
8087.6,223,6,518,"0"
19678.25,392,15,518,"0"
4905,164,48,517,"0"
3906.8,128,48,514,"0"
3458.4,121,37,512,"0"
43937.2,1226,2,512,"0"
10475.18,227,1,512,"0"
6240,327,21,477,"0"
7366.4,474,1,477,"0"
4868.4,540,27,476,"0"
2646.4,177,1,476,"0"
5055.15,105,38,496,"0"
1452,69,31,493,"1"
1247,76,37,493,"0"
6308.8,401,20,485,"0"
3825,54,41,483,"0"
4016.4,94,2,503,"0"
7200,101,6,501,"0"
9962.43,226,8,500,"0"
3819.2,62,8,500,"1"
5007,88,58,510,"0"
720,20,38,506,"0"
27190.4,708,44,506,"0"
3281.8,90,20,506,"0"
4132.4,65,7,478,"1"
3762.2,168,15,478,"0"
755,14,22,478,"0"
11484.4,146,15,477,"0"
31715.8,1095,6,475,"0"
5525.2,514,10,468,"0"
18517.2,276,6,468,"0"
8678,166,31,468,"0"
15679.4,523,1,468,"0"
9337.8,378,6,469,"0"
2095,23,59,469,"0"
1381.6,56,20,469,"0"
15800,1581,1,477,"0"
1375,18,49,472,"0"
14213.6,665,0,335,"0"
7694,187,34,331,"0"
7300.2,149,0,330,"0"
10852.8,461,10,498,"0"
7450,182,9,498,"0"
6975.6,262,6,497,"0"
33018,704,6,496,"0"
5206,301,55,496,"0"
26767.2,1056,10,493,"0"
2480,142,37,493,"0"
2064,118,30,492,"0"
7532,100,23,462,"0"
10035,137,7,461,"0"
1850,80,29,456,"0"
2641,36,34,497,"0"
9803.6,545,28,492,"0"
14360,170,9,490,"0"
5132.8,385,15,484,"0"
8047.6,137,7,480,"0"
2403.6,132,0,476,"0"
10001,494,10,7855,"0"
568,23,23,7855,"0"
7540.6,340,29,7855,"0"
36099,3169,6,7855,"0"
7080,82,36,7855,"0"
94545,3002,6,7855,"0"
7470,431,6,7855,"0"
5522,322,20,7855,"0"
3229,171,16,7855,"0"
4212.6,232,23,7855,"0"
4857,279,51,7855,"0"
4114,211,31,7855,"0"
7512,333,3,7855,"0"
2476,137,29,7855,"1"
4275.2,165,1,7855,"0"
10354,379,44,7855,"0"
5656.6,290,22,7855,"0"
3426,143,16,7855,"0"
2729,156,36,7855,"0"
44189.2,1610,37,7828,"0"
3921,191,13,7828,"0"
106291.8,3070,6,7828,"0"
2816,162,9,7828,"0"
42871.6,2526,2,7828,"0"
64270.2,1964,6,7828,"0"
2745,155,15,7828,"0"
3888.8,214,16,7828,"0"
47052.2,1856,0,7828,"0"
49061.4,2264,2,7828,"0"
7853.6,434,3,7828,"0"
2679,153,55,7828,"0"
47890.4,2023,0,7828,"0"
71624.4,3285,0,7828,"0"
2675,31,35,7828,"0"
22554.4,899,8,7828,"0"
18893,842,6,7828,"0"
6654,324,7,7828,"0"
17581,601,8,7828,"0"
8725.8,391,22,7828,"0"
4070,65,51,7828,"0"
23362.85,793,0,7828,"0"
4148,158,13,7828,"0"
4095,188,8,7828,"0"
15229,713,8,7828,"0"
3348,184,51,7828,"0"
31040,1948,3,7828,"0"
1700,75,27,7828,"0"
3824.8,202,8,7828,"0"
2848,163,51,7828,"0"
17244.1,847,21,7828,"0"
4642,160,8,7828,"0"
2216,126,1,7828,"0"
1488,85,23,7828,"0"
3783.4,208,41,7828,"0"
11334,502,8,7828,"0"
5814.8,256,8,7749,"0"
1203,69,22,7749,"0"
12270,741,10,7749,"0"
74970.6,4136,0,7749,"0"
1086375,62649,2,7785,"0"
29210.8,1288,0,7855,"0"
5757,202,23,7855,"0"
30053,741,6,7855,"0"
70784.6,3197,0,7855,"0"
5502,253,7,7855,"0"
2884,119,36,7855,"0"
38082,1597,6,7855,"0"
15767,905,1,7855,"0"
2140,104,57,7855,"0"
6494,254,23,7855,"0"
3658,169,23,7855,"0"
3078,112,23,7855,"0"
6429.4,345,35,7855,"0"
19265,733,1,7855,"0"
12832.8,572,8,7855,"0"
8684,360,0,7855,"0"
13316,364,2,7855,"0"
3216.8,141,8,7855,"0"
6567.2,283,21,7855,"0"
10420,1042,10,7855,"0"
6626,100,15,7772,"0"
23716,327,13,7812,"0"
2214,93,40,7812,"0"
13745,182,2,7772,"0"
27994.8,1164,1,7855,"0"
2178,124,31,7812,"0"
36586.4,5819,0,7812,"0"
18038,1032,8,7812,"0"
3858,220,58,7812,"0"
90533.4,4242,1,7812,"0"
24075.4,1187,10,7812,"0"
4121,157,23,7812,"0"
44874.4,1812,0,7812,"0"
21616,1013,42,7812,"0"
5592,334,45,7812,"0"
16795,968,16,7812,"0"
38252,1162,0,7812,"0"
14668,588,10,7812,"0"
51496,1472,23,7812,"0"
2811,161,2,7812,"0"
17637,934,0,7812,"0"
9870,504,14,7812,"0"
2979,130,38,7812,"0"
1852,106,0,7812,"0"
2430.2,126,49,7812,"0"
28791.4,1355,3,7812,"0"
20285,862,3,7812,"0"
72430.8,3085,1,7812,"0"
10352.2,487,10,7812,"0"
8197.6,359,30,7812,"0"
4760,234,12,7884,"0"
9542,399,6,7884,"0"
26230,732,6,7884,"0"
1694,97,3,7884,"0"
34985,1226,1,7884,"0"
5006,162,38,7884,"0"
7263,325,7,7884,"0"
22627.6,877,14,7884,"0"
11325.4,749,34,7884,"0"
3761,171,35,7884,"0"
33284.8,1606,13,7884,"0"
26846.4,1263,0,7884,"0"
15953.4,631,8,7884,"0"
10820.4,524,1,7884,"0"
6526,344,13,7884,"0"
7120,308,3,7884,"0"
20109,658,6,7749,"0"
5534,251,31,7749,"0"
13950,800,0,7749,"0"
4901.4,249,1,7749,"0"
2432.6,135,27,7749,"0"
4964.4,199,38,7812,"0"
4551,115,41,7812,"0"
23584,456,0,7812,"0"
5278,233,3,7812,"0"
2424,105,1,7812,"0"
25876,1239,1,7812,"0"
8444.6,424,8,7812,"0"
24495,764,1,7812,"0"
4360,176,35,7785,"0"
69484.2,3721,3,7785,"0"
5393.6,242,3,7785,"0"
2692,114,2,7785,"0"
35920,1049,14,7785,"0"
18462,902,14,7785,"0"
11479,462,1,7785,"0"
100119,5231,2,7785,"0"
11411,516,23,7785,"0"
3446,170,56,7785,"0"
1906,90,15,7785,"0"
7168,429,19,7785,"0"
1309,75,35,7785,"0"
6744.8,265,3,7785,"0"
87413,4585,0,7785,"0"
3272,134,2,7785,"0"
29476,1357,2,7785,"0"
2080,210,27,7785,"0"
17309.6,797,9,7785,"0"
3804,179,2,7785,"0"
31024,1610,9,7785,"0"
6932,240,16,7785,"0"
129221,9647,6,7785,"0"
7480,357,36,7785,"0"
66930.8,2361,2,7785,"0"
5606,235,3,7785,"0"
2777,242,24,7785,"0"
2899,156,0,7785,"0"
15955,790,8,7785,"0"
28474.4,1527,20,7785,"0"
12836,659,15,7785,"0"
3392.4,125,2,7785,"0"
2053,104,57,7785,"0"
26231,1312,3,7785,"0"
75131.4,3296,6,7785,"0"
5141,299,2,7785,"0"
19369.6,2157,2,7785,"0"
23840,1063,8,7785,"0"
35055.8,1057,6,7785,"0"
835,32,55,7785,"1"
25846.4,1251,29,7785,"0"
10338,599,37,7785,"0"
1969,114,56,7785,"0"
9391,521,20,7785,"0"
11172.8,597,54,7785,"0"
2247,130,56,7785,"0"
2287,133,43,7785,"0"
6170.4,354,13,7785,"0"
18392,579,3,7785,"0"
2973,172,45,7785,"0"
3997.8,227,1,7785,"0"
180,10,41,7785,"1"
11629.6,557,6,3949,"0"
1605,75,36,3949,"0"
3714,202,1,3948,"0"
34259.6,1103,2,7785,"0"
22039.6,696,9,3949,"0"
7593.6,168,0,3949,"0"
11679,672,13,7785,"0"
13687.8,426,3,3947,"0"
2160,125,20,7785,"0"
5909,324,31,7785,"0"
24928.8,1092,8,7785,"0"
5748,299,45,7785,"0"
6028,161,2,3949,"0"
13770,180,21,3951,"0"
12258.8,353,56,3951,"0"
2830.6,109,13,3950,"0"
47897.6,1568,1,2949,"0"
239979.5,8159,2,2831,"0"
4918,141,21,3949,"0"
3939.6,92,31,3951,"0"
5532.8,554,20,3950,"0"
1632,163,13,3947,"0"
97364.9,5712,0,3926,"0"
40857.4,2160,8,3948,"0"
22839,1175,2,3949,"0"
3521.4,158,29,3949,"0"
36286.4,1113,6,3950,"0"
19613,814,14,7785,"0"
3310,191,27,7785,"0"
2403,140,21,7785,"0"
16786.2,609,1,7785,"0"
17125.6,720,29,7785,"0"
128299.6,5518,0,7785,"0"
12480,144,27,3950,"0"
12486,769,13,7785,"0"
17240,266,10,3786,"0"
6170,86,21,3947,"0"
5201,294,16,7713,"0"
2475,89,28,7713,"0"
10186,269,0,7713,"0"
7760,342,3,7713,"0"
2345,112,15,7713,"0"
55061,887,0,7713,"0"
10912,304,1,7713,"0"
2400,96,24,7713,"0"
3232,184,1,7713,"0"
1022,59,27,7713,"1"
2108,78,15,7713,"0"
9138,353,8,7713,"0"
9026,325,10,7713,"0"
2176,119,29,7713,"0"
25231.2,645,0,7713,"0"
3733.8,170,30,7713,"0"
2320,134,36,7713,"0"
17470,680,31,3957,"0"
6229,279,1,7713,"0"
7030.4,276,24,7713,"0"
58473.81,1150,3,3958,"0"
9033,360,0,7785,"0"
9576,479,27,7785,"0"
13730,687,36,3958,"0"
1850,105,0,7785,"0"
10438.4,423,6,7785,"0"
26609,844,1,7785,"0"
55304.6,2966,1,3779,"0"
17060.8,830,0,7785,"0"
26547.95,1765,10,7785,"0"
3584,176,31,3965,"0"
5675,308,2,3963,"0"
4331.8,134,44,3964,"0"
6744.45,138,20,3965,"0"
36358.2,2164,48,3961,"0"
37191.3,990,0,3954,"0"
50502.2,2789,0,3947,"0"
11215,487,0,3947,"0"
1187,70,45,3957,"0"
904,55,16,3957,"0"
11230,183,35,3954,"0"
11390,288,3,3958,"0"
7420,419,36,3957,"0"
46439.4,3422,0,3957,"0"
1920,93,13,3955,"0"
6396,225,13,3958,"0"
11243.4,361,9,3933,"0"
3585,58,15,3958,"0"
4731.8,111,1,3955,"0"
5085,66,2,3954,"0"
14355,141,10,3954,"0"
47691.4,1962,22,3963,"0"
1194,68,24,7713,"0"
37185,449,9,3927,"0"
49135,4149,3,7713,"0"
3618,187,2,7713,"0"
33701.2,1441,3,7713,"0"
1814,101,28,3964,"1"
2443,89,57,3963,"0"
10915,453,3,7812,"0"
10376.8,397,8,7812,"0"
2634,101,58,7812,"0"
14694.6,366,30,7785,"0"
31106.2,1551,1,7785,"0"
14324.8,407,15,3964,"0"
4485.2,189,23,7785,"0"
270,15,9,7812,"0"
7291,397,9,7812,"0"
4300,183,1,7785,"0"
38240,1423,16,7785,"0"
49686,3374,1,7749,"0"
5626,236,34,7785,"0"
17134.2,782,2,7884,"0"
9265,328,58,7785,"0"
3068,121,10,7713,"0"
11785,133,10,3971,"0"
5464,355,3,3971,"0"
5388,315,8,3971,"0"
2454,135,1,3970,"1"
72880.15,2994,2,3867,"0"
8073,460,0,3972,"0"
57200,4453,3,7785,"0"
62912.2,2791,8,7884,"0"
6017,276,1,3970,"0"
10338.4,443,14,7847,"0"
31687,1591,15,7842,"0"
10918.4,203,36,3970,"0"
1122,64,7,3970,"0"
1600,29,41,3970,"1"
9135,405,21,3971,"0"
11777.4,658,0,3969,"0"
16499,1175,13,3969,"0"
15187.8,545,8,3979,"0"
18264.4,575,23,3977,"0"
6316,179,21,3976,"0"
7228,303,24,3975,"0"
1977,113,58,3977,"0"
22480.4,875,41,3975,"0"
4639.47,98,9,3978,"0"
11467.2,223,6,3978,"0"
31741.32,2028,3,3976,"0"
5217.6,253,16,3975,"0"
6336,359,3,3977,"0"
12055.6,400,55,3978,"0"
8495,146,14,3978,"0"
29162,806,2,3978,"0"
43230.8,1190,0,3978,"0"
20242.4,557,10,3976,"0"
26341,549,10,3978,"0"
1680,40,42,3978,"0"
18493.2,505,6,7841,"0"
13072.2,301,21,3976,"0"
3992,131,2,3969,"0"
133301.8,1647,2,3977,"0"
9696.4,384,22,3976,"0"
41639,2173,3,7772,"0"
19271.4,721,10,3975,"0"
18601.08,501,0,7772,"0"
3140,146,8,3978,"0"
9848,148,22,475,"0"
23854.82,352,8,493,"0"
2417,54,52,490,"0"
7310.6,261,27,489,"0"
2808.4,73,8,489,"0"
8840,123,3,489,"0"
2310,78,15,486,"0"
51004.4,1603,27,485,"0"
8201.2,111,2,500,"0"
36575,507,7,500,"0"
12376.6,448,13,500,"0"
2911,164,14,498,"0"
10579,254,8,498,"0"
25003.2,939,13,497,"0"
2141,41,48,507,"0"
1504,41,29,506,"0"
13614.8,542,30,489,"0"
2920,60,20,489,"0"
4704,199,14,486,"0"
3885,59,7,486,"0"
3588,93,16,485,"0"
37730.56,1304,2,485,"0"
7624,297,36,484,"0"
4872.6,72,24,484,"0"
6839.2,168,42,478,"0"
8304,242,6,476,"0"
33957.6,887,0,472,"0"
1440,22,7,471,"0"
7814.6,376,8,465,"0"
2005,30,20,465,"0"
5537,300,2,463,"0"
1126,46,35,500,"0"
2446.6,138,20,500,"0"
10190,131,9,500,"0"
36410.6,1941,6,500,"0"
56285,1685,3,499,"0"
25040,284,3,498,"0"
5703.58,101,2,498,"0"
4635.4,170,1,497,"0"
4694.35,196,50,496,"1"
7234,222,55,494,"1"
11960,135,0,493,"0"
2004.6,69,24,329,"0"
1185,20,27,324,"1"
2808,76,7,483,"0"
34581,912,6,481,"0"
3292,84,10,479,"0"
5332,109,1,449,"0"
13840.6,467,13,492,"0"
14455.55,646,15,491,"0"
27612,610,2,486,"0"
26500,333,0,486,"0"
13435,178,1,486,"0"
35249,476,7,485,"0"
2290,33,14,485,"0"
14898,202,0,485,"0"
3650,55,22,481,"0"
2478,73,30,480,"0"
8113,96,23,468,"0"
8958.5,513,41,463,"0"
26602.4,843,6,463,"0"
5807.2,76,1,462,"0"
12808,466,0,463,"0"
15523.4,575,3,486,"0"
2852.6,1622,24,486,"0"
3824,51,35,485,"0"
3075,28,35,485,"1"
169255.6,8825,0,484,"0"
3421,48,13,471,"0"
3073,53,30,469,"0"
1985,26,50,469,"0"
9900,128,0,466,"0"
3650,43,45,463,"0"
11258,141,2,463,"0"
6762,83,20,463,"0"
2175,31,351,462,"1"
11160,159,24,457,"0"
13930,775,8,463,"0"
684,38,1,456,"0"
2554,36,35,503,"0"
5103.2,429,51,500,"1"
1376,137,35,493,"0"
9163,193,8,492,"0"
10545,140,0,492,"0"
21916,918,29,492,"0"
4625,74,7,490,"0"
15899,294,7,489,"0"
6293.8,181,16,484,"0"
62707,4335,0,483,"0"
32339,1272,20,482,"0"
5040,400,1,493,"0"
2200,101,1,493,"0"
4062.8,113,48,492,"0"
19379,1022,38,492,"1"
6937.4,343,22,492,"1"
4460.4,214,38,492,"0"
15253.4,964,27,490,"0"
1862.8,191,23,490,"0"
13338.8,731,21,486,"0"
8419.4,7099,8,504,"0"
1432,42,41,498,"0"
5015,72,23,494,"0"
7532,444,9,492,"0"
5708,182,59,491,"0"
4570.8,195,1,491,"0"
7050,81,2,490,"0"
8896,170,42,490,"0"
4857.8,238,28,489,"0"
4432,145,24,487,"0"
2922,42,50,485,"0"
20277.6,1087,3,485,"0"
28180.56,1039,0,485,"0"
9537.68,335,2,483,"0"
4778.2,253,6,479,"0"
2735,32,59,477,"0"
10202,263,3,476,"0"
15857,202,8,476,"0"
23718.1,924,10,475,"0"
11191,224,6,470,"0"
32137.4,858,0,469,"0"
2216,130,45,468,"0"
1865,23,8,464,"0"
8839.14,9672,7,463,"0"
1772,51,31,483,"0"
158884.8,4571,0,482,"0"
6659,162,0,478,"0"
5619.4,175,23,478,"0"
3712.8,138,36,471,"0"
12951.61,366,1,455,"0"
7615,94,13,455,"0"
2210,116,21,454,"0"
2105,34,41,454,"0"
9778,331,8,497,"0"
10820,161,24,494,"0"
10762.6,171,7,493,"0"
13701,336,13,492,"0"
43328.8,1383,0,492,"0"
10116,129,22,491,"0"
2306,99,55,491,"0"
107682,2679,0,491,"0"
14766.8,672,6,490,"0"
5756,321,3,486,"0"
873.6,48,35,486,"0"
14345.2,690,3,479,"0"
10124,576,29,478,"0"
1290,15,0,477,"1"
34841.8,1548,2,430,"0"
4185,226,22,429,"0"
12522,184,0,429,"0"
7671,111,20,428,"0"
2279,131,15,425,"0"
1635.6,85,7,424,"0"
2670,188,8,423,"0"
9211.8,430,1,422,"0"
5333,95,10,420,"0"
5675,84,22,418,"0"
2663.4,129,38,417,"0"
1992,73,23,416,"0"
1436,42,22,503,"1"
5475.8,151,8,500,"0"
7649.2,192,9,500,"0"
9740,139,3,499,"0"
1615,19,1,499,"0"
4167.2,200,16,499,"0"
2044,34,0,496,"0"
6532,262,30,491,"0"
26084,722,1,490,"0"
1097,50,38,490,"0"
47252.3,2309,6,458,"0"
19163,1897,0,458,"0"
4065,53,1,457,"0"
5909.6,298,6,479,"0"
4812.4,273,7,479,"0"
8900,111,8,477,"0"
6124,91,22,475,"0"
1554,35,3,475,"0"
4134.8,398,14,457,"0"
4374.8,254,55,456,"1"
17253.6,873,1,456,"0"
4584,160,8,456,"0"
1636,92,15,437,"0"
4076.4,127,6,477,"0"
4648.8,129,24,471,"0"
1865,22,41,493,"0"
4378.8,123,1,492,"0"
6435,177,44,492,"0"
5270,156,0,491,"0"
2540,36,14,491,"0"
7246,234,10,490,"0"
2363.4,44,50,486,"0"
9880,136,48,486,"0"
1392,42,37,486,"1"
1759.2,50,29,485,"0"
22620,312,6,481,"0"
2086.8,94,13,479,"0"
3182,89,15,485,"0"
6060.4,177,41,485,"0"
10712,495,27,485,"0"
3535,50,13,485,"0"
5117.2,198,22,484,"0"
31780.95,692,2,484,"0"
7920,652,22,483,"0"
3676,208,7,482,"0"
13845,203,2,451,"0"
5249,116,3,465,"0"
6306.4,211,51,464,"0"
16665,304,21,464,"0"
5347.6,193,21,462,"0"
17100,367,6,461,"0"
6112.4,254,21,457,"0"
3549.6,170,21,457,"0"
16458.8,873,16,456,"0"
2120,73,36,469,"0"
16037.8,277,0,469,"0"
2288.4,43,8,469,"0"
7634.8,331,0,468,"0"
1512,70,15,463,"0"
8706.8,254,2,477,"0"
145,2,8,475,"0"
12617.35,686,0,475,"0"
9202,185,8,471,"0"
2166,78,8,490,"0"
9635.8,275,8,489,"0"
13417.4,420,13,486,"0"
23885.2,1604,3,456,"0"
5880.8,628,8,455,"0"
6232.4,323,3,455,"0"
11538.8,742,6,454,"0"
4876,191,19,454,"0"
23165.2,1248,0,451,"0"
927.6,39,41,455,"1"
4081,253,35,455,"0"
17458.8,1263,13,454,"0"
2177.2,106,59,454,"0"
3373,154,8,454,"0"
3668,320,34,452,"0"
3285.6,316,9,451,"0"
4494.4,139,35,451,"0"
3160.2,104,1,475,"0"
1752,94,41,475,"0"
604.8,29,28,471,"0"
8100,338,2,470,"0"
28060,395,0,470,"0"
11446,515,10,469,"0"
2246,40,41,464,"1"
3239.8,136,9,462,"0"
18075,223,21,476,"0"
6160.8,214,30,471,"0"
14577,661,29,470,"0"
8326.8,226,8,470,"0"
5535,68,24,461,"0"
7878.52,339,1,455,"0"
1650,25,15,449,"0"
2096.4,107,57,481,"0"
4797.6,242,7,477,"0"
18109,695,1,481,"0"
6640,89,9,478,"0"
1382,50,23,476,"0"
30678.04,846,0,479,"0"
2364.6,56,38,477,"0"
7245,97,7,472,"0"
3959.8,314,8,471,"0"
9380,120,30,465,"0"
16655,232,9,456,"0"
18586,240,13,456,"0"
2803,46,8,456,"0"
3175,39,31,452,"0"
751,34,42,449,"1"
8655.68,218,14,448,"0"
11445,146,1,448,"0"
5262,149,1,448,"0"
6145,87,30,463,"0"
783,45,3,457,"0"
6214,352,8,457,"0"
10500,153,8,457,"0"
5017,74,27,455,"0"
1754,52,58,451,"0"
13559.6,770,6,468,"0"
20196.4,550,15,468,"0"
9331.2,332,27,466,"0"
1214,70,1,466,"0"
3480,40,58,463,"0"
18055.2,526,8,441,"0"
13310.4,223,1,412,"0"
7469,115,6,412,"0"
1830,20,0,412,"0"
10353,413,1,411,"0"
5877,269,42,409,"0"
2484.8,81,13,409,"0"
3257.8,132,41,407,"0"
21459.2,526,14,404,"0"
4662.2,230,27,403,"0"
13166.88,347,1,485,"0"
3682,106,35,484,"0"
3588,105,55,484,"0"
7811,123,41,482,"0"
2106.2,70,0,482,"0"
29314.4,1951,1,476,"0"
9759.8,462,9,468,"0"
4725,63,0,464,"0"
8054,339,6,463,"0"
3439.2,92,9,458,"0"
3670,63,20,442,"0"
4913,85,21,441,"0"
24803,368,8,441,"0"
3137,67,30,436,"0"
11110,136,7,434,"0"
14696.8,257,7,432,"0"
16370.8,574,1,469,"0"
3160,50,13,468,"0"
8535,433,1,455,"0"
11952.8,327,8,454,"0"
3292,164,55,454,"0"
3244,190,16,448,"0"
9913.4,148,9,448,"0"
4884,85,2,444,"0"
33019.6,910,1,443,"0"
10685,134,16,443,"0"
2694,127,16,442,"0"
4006,95,16,484,"0"
34510,402,8,484,"0"
2271.8,124,23,484,"0"
19925,240,2,483,"0"
6764,131,51,483,"0"
1946.4,30,2,482,"0"
3523,173,15,481,"0"
2016,34,29,481,"0"
47388.8,1787,1,489,"0"
2002,26,13,486,"0"
30528.83,975,10,485,"0"
7723.6,213,13,484,"0"
8802,329,0,483,"0"
13575.55,339,2,482,"0"
4113.61,116,26,481,"0"
10750,242,8,469,"0"
52444.8,2232,0,469,"0"
95445,1189,2,468,"0"
5230,55,16,468,"0"
9537.4,202,7,463,"0"
4275,76,24,463,"0"
11370,115,21,448,"0"
23808.8,659,1,436,"0"
2369,64,27,468,"0"
2567.8,117,2,465,"0"
1578,45,57,465,"0"
3475,76,14,461,"0"
2705,51,44,461,"0"
1732,27,8,459,"0"
8326,231,8,458,"0"
7387,108,6,457,"0"
1345,22,29,457,"0"
9617.6,598,8,449,"0"
20151.9,455,20,448,"0"
52992.8,2153,3,447,"0"
11864.2,682,28,447,"0"
6117,67,55,447,"0"
3809.2,286,56,444,"1"
1887.6,77,24,475,"0"
7865,97,9,472,"0"
6075,74,43,472,"0"
9593.8,131,8,471,"0"
5134.2,124,5,470,"0"
2172,120,28,469,"0"
4507.8,142,22,469,"0"
7624.8,211,56,462,"1"
5825,183,7,461,"0"
21296,780,1,461,"0"
3152,87,23,457,"0"
1192,36,49,457,"0"
4408.4,233,0,450,"0"
2137.4,29,52,447,"0"
55416,660,0,463,"0"
14874,473,8,463,"0"
5436.8,93,15,463,"0"
14313,1404,10,463,"0"
6980,91,34,462,"0"
688,34,8,461,"1"
864,48,6,471,"0"
15064.6,217,1,470,"0"
13338,510,1,470,"0"
3553,55,24,469,"0"
4925,62,35,469,"0"
440745.6,11989,22,476,"0"
2586,76,58,475,"0"
4880,140,13,447,"0"
12333,149,13,443,"0"
4292,67,42,443,"0"
4410,121,58,442,"0"
3625,49,7,441,"0"
20330,1081,8,437,"0"
3858,53,13,437,"0"
3810.8,147,36,437,"0"
1262.4,71,51,402,"1"
3645,55,20,401,"0"
3160.2,277,10,401,"0"
3270,53,24,400,"0"
7381.2,238,8,400,"0"
1247,55,0,400,"0"
5801.39,278,20,399,"0"
4020,54,28,432,"0"
10416,205,7,431,"0"
4607,136,14,431,"0"
8204,85,15,430,"0"
1332,79,7,430,"0"
12403,184,6,427,"0"
16552,173,9,436,"0"
9485,101,0,441,"0"
7587.9,134,21,435,"0"
6917.6,407,8,434,"0"
3658.8,191,8,434,"0"
3351,188,8,450,"0"
21296,509,1,462,"0"
19990.55,723,13,461,"0"
12040,128,13,459,"0"
4862.6,187,20,455,"0"
4711,63,3,454,"0"
3851.2,106,42,450,"0"
11944,254,9,450,"0"
20220,1121,1,449,"0"
2339,133,8,448,"0"
1886.8,62,35,448,"0"
14287.2,187,3,263,"0"
3095.8,103,0,455,"0"
1390,16,43,454,"1"
7216,369,14,447,"0"
2624.8,139,36,447,"0"
3069.8,112,2,447,"0"
1267.6,110,43,444,"0"
4048.8,269,21,441,"0"
19754.2,873,6,441,"0"
6708.4,485,0,443,"0"
2358.2,84,48,430,"0"
1395,15,8,436,"0"
1893,101,20,435,"0"
5108,139,15,435,"0"
1400,80,2,434,"0"
15035,221,20,433,"0"
1993.8,98,8,433,"1"
30170,1204,1,432,"0"
7579.4,415,20,461,"0"
10370,674,1,461,"0"
11813.8,392,15,457,"0"
4170,226,3,457,"0"
5977.4,331,7,457,"0"
2406,92,7,457,"0"
14502,227,8,440,"0"
2445,131,42,440,"0"
67156,7991,6,437,"0"
14791,687,0,435,"0"
4295.6,176,30,435,"0"
2859,42,14,433,"0"
13391,177,6,430,"0"
19752.85,576,3,472,"0"
10626,167,30,471,"0"
11463.25,388,38,471,"0"
7349,247,14,470,"0"
7990.2,167,10,469,"0"
6443.4,177,14,468,"0"
1225,70,42,465,"0"
3422.2,49,7,468,"0"
3299.4,47,7,468,"0"
3166.4,164,0,466,"0"
9489.4,192,0,465,"0"
9129.6,125,8,465,"0"
11866.6,438,0,463,"0"
5282.69,194,36,463,"0"
2914,73,34,462,"0"
7427,127,10,462,"0"
3048.8,166,22,461,"0"
4268,122,10,457,"0"
1005,15,35,462,"1"
20330,292,1,462,"0"
2024,31,13,461,"0"
4625,59,0,457,"0"
9397,360,0,457,"0"
9650,140,0,457,"0"
4589,56,24,457,"0"
2229.6,105,21,440,"0"
3561.4,130,13,440,"0"
2080,33,1,437,"0"
15006,184,1,434,"0"
11260,135,0,429,"0"
32724.8,1158,1,430,"0"
2258,116,0,429,"0"
3340.6,185,14,442,"0"
4212,55,42,398,"0"
7946,105,43,396,"0"
2198,120,22,395,"0"
6696,280,8,393,"0"
9676,261,2,472,"0"
21175.2,1130,3,472,"0"
10386,594,37,470,"0"
32835.4,1106,44,469,"0"
3134,55,1,477,"1"
3288.2,158,16,477,"0"
15428,331,13,476,"0"
5560,108,29,476,"0"
12760,144,15,476,"0"
12546,481,20,475,"0"
5480,58,21,471,"0"
15540,223,13,470,"1"
13880,501,2,469,"0"
11518,129,14,468,"0"
4019.6,144,7,468,"0"
10453.4,165,1,465,"0"
4269,181,21,465,"0"
8304.4,425,1,463,"0"
6151.4,293,9,462,"0"
7035,97,9,259,"0"
15540.4,303,13,455,"0"
3480,116,7,454,"0"
5441,107,1,449,"0"
11925.94,301,8,448,"0"
10795,124,14,447,"0"
66638,2182,6,454,"0"
27102.4,1119,6,452,"0"
13340.2,230,3,451,"0"
1435,26,41,450,"1"
27845.2,1048,1,450,"0"
2880,43,24,450,"0"
8413.2,130,23,450,"0"
4659.2,378,10,435,"0"
1749.2,170,22,435,"1"
2008.8,30,20,435,"0"
24062.53,1113,1,434,"0"
751,79,30,433,"0"
3180,91,29,458,"0"
6300,81,6,458,"0"
8170.4,627,30,456,"0"
6688,95,0,455,"0"
1098,48,14,429,"0"
4511.2,179,50,426,"0"
5930,239,41,422,"0"
10660,143,1,422,"0"
4748.8,135,50,450,"0"
1625,16,51,450,"0"
3772.6,69,2,448,"0"
3080,117,15,441,"0"
856.8,22,9,437,"1"
3596,206,20,451,"0"
5613.6,244,20,450,"0"
3539,144,27,450,"0"
19019.4,516,2,449,"0"
13156,938,1,444,"0"
2286.6,129,1,422,"0"
13474,183,13,421,"0"
14570,148,13,421,"0"
1965,33,48,455,"0"
3576.8,169,44,455,"0"
11149,256,2,454,"0"
42273.6,1409,0,451,"0"
3730,56,35,433,"0"
9837.2,269,14,430,"0"
11304.8,419,22,429,"0"
2063.2,37,31,419,"0"
2968.4,85,13,465,"0"
3129,56,0,464,"0"
4450,148,2,464,"0"
2269.6,64,13,464,"0"
18127,1407,10,463,"0"
11765,490,2,463,"0"
12426,1245,3,463,"0"
1574,51,44,461,"0"
7358.6,481,21,461,"0"
38796,2532,10,461,"0"
9357.49,227,13,458,"0"
1045,24,51,407,"0"
2861.4,157,14,406,"0"
13716,383,2,405,"0"
10142.13,361,3,428,"0"
28785,1427,27,425,"0"
12707.8,645,36,425,"0"
6588,287,1,421,"0"
16446,180,1,461,"0"
17658,454,6,461,"0"
6710.8,185,29,461,"0"
7407,211,2,457,"0"
2934.4,76,27,457,"0"
3870,140,35,456,"0"
7511,114,36,455,"0"
2782,155,13,455,"0"
30193,459,2,454,"0"
25495,339,0,454,"0"
12256.6,235,6,452,"0"
717.6,28,15,452,"1"
1991.6,117,6,425,"0"
2572.4,137,14,420,"0"
1775,51,3,420,"0"
4062,77,7,454,"0"
6059,355,7,436,"0"
19198.2,783,0,434,"0"
870,18,20,433,"0"
5205.6,144,6,468,"0"
29394,819,1,466,"0"
98812.6,4414,3,463,"0"
4848,202,22,462,"0"
10963.88,217,1,458,"0"
3026,141,56,458,"0"
34488,985,1,457,"0"
440,8,38,457,"0"
19558,508,31,457,"0"
5086,60,41,457,"0"
4915,118,31,455,"0"
7905.6,221,1,451,"0"
13740.6,769,44,434,"0"
2913.2,101,55,431,"0"
18852,1080,14,444,"0"
2635,28,23,444,"0"
21509,748,1,443,"0"
3972.4,147,30,443,"0"
14740.5,310,22,441,"0"
1444,31,71,441,"0"
1014,30,30,441,"0"
5970.8,281,24,441,"0"
7696.8,567,1,431,"0"
4484.6,359,13,430,"0"
3475,40,8,430,"0"
4310,57,24,429,"0"
13339.62,429,2,429,"0"
5730,68,8,442,"0"
1880,50,44,441,"0"
3761,154,6,441,"0"
21838,875,2,437,"0"
1595,20,14,437,"0"
198,10,38,437,"0"
8189,169,23,436,"0"
93086.55,1292,0,421,"0"
3549.6,147,8,441,"0"
1084.6,50,9,437,"0"
3393.4,113,16,436,"0"
2253.6,84,22,276,"0"
2658,76,22,429,"0"
847.8,29,24,450,"1"
6812,140,6,450,"0"
4540,57,8,449,"0"
700,40,59,449,"1"
19844.8,549,2,449,"0"
2195,28,45,454,"0"
1780.92,54,29,451,"0"
2629,280,29,450,"0"
14100.4,1409,1,450,"0"
5919.92,512,0,450,"0"
6002,219,16,449,"0"
2590.6,302,1,449,"0"
6352.4,664,1,449,"0"
2046,102,45,424,"0"
10025,136,10,423,"0"
13511,490,0,421,"0"
15622.8,692,6,449,"0"
2537.2,102,48,448,"1"
3046,123,28,447,"0"
1850,26,54,444,"0"
755.2,32,16,420,"1"
15316,691,2,416,"0"
1863,25,35,443,"0"
4996,210,14,442,"0"
9835,512,6,437,"0"
3170,41,35,420,"0"
4415,64,1,418,"0"
2429,224,44,415,"0"
3391,61,24,413,"0"
20202.8,983,13,409,"0"
31090,1719,2,408,"0"
6913,114,10,408,"0"
9713.2,193,7,415,"0"
1972,25,55,414,"0"
76523.65,3527,0,421,"0"
3001,38,7,420,"0"
705,12,14,420,"0"
4180,53,13,418,"0"
667,10,22,415,"0"
2119.6,102,31,414,"0"
6508,135,6,414,"0"
10029.6,449,9,434,"0"
17015,238,1,451,"0"
7520,113,14,451,"0"
11702.8,353,2,450,"0"
79462.6,2988,0,450,"0"
5812,577,9,449,"0"
360,7,6,448,"0"
7886.6,147,14,448,"0"
1840,73,8,393,"0"
2895.6,127,14,393,"0"
3440,176,3,392,"0"
5820.4,224,0,392,"0"
9643,431,9,388,"0"
2605,145,15,388,"0"
3180.2,125,50,388,"0"
1964,71,6,386,"0"
3205,117,29,386,"0"
2170,33,251,385,"1"
3768,107,16,450,"0"
12564.6,1054,21,428,"0"
33798,1697,1,428,"0"
23489,569,22,427,"0"
41121,1916,1,427,"0"
17362.6,1772,2,425,"0"
15339.6,308,0,425,"0"
3188,85,57,443,"0"
3315,40,34,442,"0"
2646,53,9,240,"0"
6785,123,9,240,"0"
2420,44,0,239,"0"
4888,88,58,427,"0"
68085.91,1892,2,426,"0"
22422.8,544,0,436,"0"
15063.2,605,2,435,"0"
5597,92,14,436,"0"
15219,301,9,435,"0"
22786.4,1360,1,275,"0"
2258,34,29,265,"0"
3786,67,1,419,"0"
27360,369,2,408,"0"
10526.23,294,1,408,"1"
7404,364,8,406,"0"
5440,160,13,442,"0"
3124,100,7,441,"0"
17733,211,6,441,"0"
652,40,36,413,"1"
5189,288,6,434,"0"
2998,125,30,433,"0"
1082.4,57,9,430,"0"
7735,111,13,429,"0"
1069,19,8,443,"0"
5490,60,2,442,"0"
18032,1008,8,442,"0"
6543,181,7,441,"0"
16334.2,483,1,437,"0"
3575,68,15,437,"0"
8252.29,180,0,436,"0"
9202.3,391,3,392,"0"
13016,364,10,391,"0"
2044,108,6,414,"0"
800,45,16,414,"0"
5375,68,0,413,"0"
2106,109,24,409,"0"
5797.85,124,27,408,"0"
9625.2,677,24,408,"0"
3404,192,23,407,"0"
10035.4,295,3,455,"0"
4061.2,112,24,454,"0"
2620,96,27,451,"0"
6628,182,30,451,"0"
8388,236,0,450,"0"
4789,67,42,430,"0"
8440.8,439,6,408,"0"
1656,38,31,408,"0"
15440,168,9,407,"0"
3527.6,68,44,407,"0"
11247.8,580,9,414,"0"
2260,30,16,409,"0"
43329,1458,6,447,"0"
7949.3,275,1,445,"0"
4819,114,36,444,"0"
6990,85,8,443,"0"
9656.7,360,7,443,"0"
15336.4,522,0,449,"0"
2749,91,34,444,"0"
2000,77,23,449,"1"
3733,109,9,449,"0"
894,28,36,443,"1"
885,27,56,443,"0"
46272,1791,21,442,"0"
1620.8,54,45,442,"0"
4823.4,91,8,437,"0"
99107.4,3350,0,436,"0"
28692.97,922,6,436,"0"
3089,47,10,436,"0"
10118.4,260,41,436,"0"
27598.1,568,1,435,"0"
2992,41,21,435,"0"
1471.6,53,9,434,"0"
4089.2,182,13,423,"0"
12326.4,521,23,423,"0"
11639,162,3,422,"0"
8582.8,494,9,421,"0"
11391.8,555,9,417,"0"
7895,91,1,416,"0"
29886.16,1391,52,416,"1"
11035,138,16,414,"0"
9022.6,141,20,413,"0"
6044.1,261,6,413,"0"
3348.4,146,27,409,"0"
8140.6,519,38,409,"0"
13621.1,353,6,409,"0"
800,11,38,409,"0"
13141,335,6,408,"0"
2840,41,20,406,"0"
6726.4,284,14,405,"0"
5970,165,47,405,"0"
3193.8,139,13,405,"0"
34056.7,2019,8,405,"0"
13382.4,628,34,402,"1"
6282.8,264,8,402,"0"
4954.8,70,33,402,"0"
2088,99,43,421,"0"
3865,48,59,420,"0"
11918.2,617,7,418,"0"
13555.4,900,0,418,"0"
255,3,56,416,"1"
2110,32,10,414,"0"
1502.8,74,29,407,"0"
1084,49,29,406,"0"
2994.6,186,21,406,"0"
11669.6,583,2,403,"0"
3787.8,97,23,432,"0"
4634,218,10,430,"0"
23255.8,883,0,430,"0"
19609.8,479,10,430,"0"
42872,1735,0,429,"0"
2774,118,22,428,"0"
2100,60,41,428,"0"
8848,276,20,427,"0"
4758.2,193,21,426,"0"
6557,379,2,426,"0"
42521,1870,3,423,"0"
2428,96,58,423,"1"
10340,168,1,423,"0"
21430.68,421,0,422,"0"
13805.8,745,1,422,"0"
3275,48,13,420,"0"
7875,75,15,441,"0"
6681.8,677,8,440,"0"
7723.2,405,16,437,"0"
3904.4,192,2,437,"0"
5050,68,21,437,"0"
10170.2,803,1,436,"0"
2975.8,89,48,433,"0"
1840.4,94,9,431,"0"
1967,32,44,430,"0"
5164,294,8,430,"0"
7200,94,21,430,"0"
9335,112,1,429,"0"
6109.6,259,29,428,"0"
4763.6,502,31,427,"0"
2876,43,35,427,"0"
8163.4,327,1,426,"0"
8538.2,113,9,426,"0"
8081,94,14,426,"0"
4162.4,77,6,426,"0"
5341.4,82,13,425,"0"
4960,62,35,423,"0"
4485.2,171,8,423,"0"
3282.4,117,8,420,"0"
6267.4,228,2,420,"0"
5103,283,20,420,"0"
9262.8,305,15,418,"0"
834.86,25,3,416,"0"
1660,39,7,415,"0"
4741.2,126,0,414,"0"
6793.2,196,7,412,"0"
3799,82,16,235,"0"
2167.2,77,20,232,"0"
15888,436,1,227,"0"
5530,90,1,226,"0"
12705.8,223,3,218,"0"
33816.8,975,6,429,"0"
1409,79,21,421,"0"
6448,183,8,421,"0"
18523,636,23,434,"0"
65477,2080,0,261,"0"
2618,63,57,260,"0"
10702.4,341,8,258,"0"
13707,592,1,255,"0"
1336.8,32,20,254,"1"
9210,818,2,401,"0"
19319.2,772,28,401,"0"
1968.34,192,43,401,"0"
19116,227,0,401,"0"
2100,28,23,401,"0"
2110,24,2,399,"1"
9020,107,7,422,"0"
6545,121,10,420,"0"
8345,619,1,420,"0"
39241.8,1979,3,420,"0"
16977,223,6,413,"0"
1723.6,79,16,412,"0"
4383.4,68,2,409,"0"
10601.2,840,0,406,"0"
7299,138,22,405,"0"
13269,440,0,410,"0"
70570,2731,0,405,"0"
3260,42,13,435,"0"
5993.4,70,36,433,"0"
2919,40,23,429,"0"
14822,600,7,429,"0"
13950,159,34,427,"0"
4265.2,198,16,427,"0"
7880.4,184,13,426,"0"
11127,256,1,426,"0"
18110,595,2,426,"0"
21918.6,830,2,425,"0"
2544.8,96,35,422,"0"
6942,274,44,420,"0"
3737.6,58,6,419,"1"
17901,927,1,419,"0"
8442,272,1,414,"0"
2812,135,28,405,"1"
2952.8,56,38,402,"1"
10547,151,15,402,"0"
3609,109,13,401,"0"
6391.4,172,14,400,"0"
3886,189,6,395,"0"
11925,143,0,395,"0"
3449,191,14,394,"0"
3317,152,3,392,"0"
1645,79,50,392,"0"
6453.4,213,2,392,"0"
12410,173,14,391,"0"
408075.2,17200,8,380,"0"
34055.61,919,6,437,"0"
4920,122,3,434,"0"
1043,59,34,434,"1"
6198.4,204,2,431,"0"
4835,148,0,423,"0"
3963.4,117,34,422,"0"
39154.43,1298,3,422,"0"
406.8,17,44,422,"0"
4982.8,63,9,419,"0"
5893.4,326,0,418,"0"
18347.4,462,6,416,"0"
6230.6,377,6,415,"0"
6813,141,30,429,"0"
1276,46,36,428,"0"
7563,107,7,427,"0"
24396,1204,1,427,"0"
12275,217,6,414,"0"
9048,481,13,443,"0"
4440,71,3,442,"0"
33580,506,6,441,"0"
2263,46,21,441,"0"
1840,105,2,440,"0"
20423.4,595,0,434,"0"
8774.8,102,6,428,"0"
7398.4,259,31,422,"0"
4253,142,7,421,"0"
14545,257,0,421,"0"
2625,35,49,419,"0"
4077,229,2,416,"0"
1710.2,89,8,416,"0"
3010,187,2,414,"0"
822,39,38,406,"1"
5909.2,286,22,406,"0"
5715,92,10,406,"0"
15744,546,1,402,"0"
5577.2,256,23,400,"0"
13087.8,655,1,399,"0"
4840,88,22,398,"0"
11250,902,7,405,"0"
2200,50,38,403,"0"
2896,81,20,401,"0"
19511,471,8,406,"0"
11686,466,13,406,"0"
2390,32,29,406,"0"
3526,52,23,405,"0"
4887,78,1,405,"0"
5930,79,6,402,"0"
4208,66,26,401,"0"
26119,715,1,401,"0"
1802.4,37,22,400,"0"
2713,38,34,399,"0"
6073,339,16,394,"0"
571,30,41,392,"0"
6513,233,24,443,"0"
7787.2,237,14,440,"0"
21683.2,486,6,435,"0"
7174.8,197,3,433,"0"
2590,39,9,430,"0"
4175,170,15,428,"0"
8176,126,6,442,"0"
2112,51,41,442,"0"
93688.2,2024,7,441,"0"
13743.4,314,2,441,"0"
3295,41,37,441,"0"
4167,74,20,440,"0"
11820,153,2,440,"0"
4679.2,123,16,437,"0"
6209.8,366,1,436,"0"
38715,421,3,436,"0"
30231,510,6,435,"0"
12305,164,23,435,"0"
55212,1560,3,434,"0"
8432.6,152,23,434,"0"
5962,97,28,434,"0"
22887,286,6,433,"0"
2278.8,108,10,213,"0"
10202.25,236,13,417,"0"
9182,289,8,414,"0"
28315.6,574,6,432,"0"
3316.2,179,28,402,"0"
5578,161,29,402,"0"
3572,68,22,419,"0"
15616.8,617,6,417,"0"
6120,239,1,416,"0"
3772,161,8,415,"0"
1382.4,78,15,400,"0"
4101.6,206,10,400,"0"
1052,51,13,400,"0"
10737.6,139,3,399,"0"
6367.4,120,1,399,"0"
6154.8,307,14,398,"0"
1082.8,32,8,425,"0"
11075,135,9,423,"0"
6068,84,16,422,"0"
29760.6,2376,1,400,"0"
2055.2,38,3,400,"0"
55070.3,1398,0,373,"0"
6459,104,30,401,"0"
12594.2,345,10,400,"0"
574,31,58,422,"1"
21470,273,23,422,"0"
9753.6,239,7,422,"0"
5868,163,14,420,"0"
3298,95,55,414,"0"
2453,85,8,413,"0"
6160.4,252,14,400,"0"
16126.2,504,6,399,"0"
1776,59,37,398,"0"
1725.6,100,44,395,"0"
3380,190,14,395,"0"
2360,110,37,387,"0"
4764.2,225,3,387,"0"
1712,80,56,387,"0"
4298.6,143,14,387,"0"
57335.2,2121,2,413,"0"
6333.6,77,8,409,"0"
4326,67,58,399,"0"
7196,410,2,398,"0"
7152,291,10,397,"0"
1387.6,57,45,395,"0"
2526,33,52,398,"0"
5176,298,8,394,"0"
4942,69,30,394,"0"
19202,480,8,391,"0"
16094.8,449,0,391,"0"
3690,61,24,388,"0"
2791,41,8,387,"0"
3226,95,36,388,"0"
1642,80,15,387,"0"
6419.8,409,20,386,"0"
3285,48,8,386,"0"
10397.2,359,20,385,"0"
10171.4,199,2,385,"0"
1265,15,3,385,"0"
3721,210,2,409,"0"
2037.8,100,37,407,"0"
16042.4,301,8,384,"0"
1639,89,27,423,"0"
6729.4,100,29,423,"1"
15571.2,535,0,421,"0"
15524.8,523,16,429,"0"
20376,689,1,429,"0"
1642,47,36,429,"0"
8734,105,13,428,"0"
15919,1283,0,428,"0"
2195,30,1,428,"0"
2639,39,49,428,"0"
6112,201,20,427,"0"
1805,21,59,427,"0"
12549,282,9,427,"0"
20193,217,10,426,"0"
2489,47,19,425,"0"
19960,871,8,423,"0"
11053,167,1,422,"0"
4671.6,137,24,421,"0"
16915,225,6,420,"0"
3099.2,101,0,420,"0"
9091.4,315,2,420,"0"
7723,291,9,417,"0"
5468,70,28,415,"0"
3968.6,99,24,415,"0"
7323.4,239,10,412,"0"
10792,188,3,408,"0"
9590,241,1,408,"0"
10720,399,7,407,"0"
2094,104,1,406,"0"
2464.8,72,21,406,"0"
16605.2,537,0,405,"0"
1075,13,28,405,"0"
3556,120,6,405,"0"
1577.6,80,51,405,"0"
17311,482,3,405,"0"
203633.2,9953,6,400,"0"
35040.8,2412,3,400,"0"
5861,76,8,399,"0"
3039.6,139,0,399,"0"
2828,82,22,399,"0"
4136.4,240,7,398,"0"
11375.6,584,8,398,"0"
220,4,14,398,"0"
8527.4,206,1,395,"0"
1567.6,73,36,394,"0"
9970.4,304,2,416,"0"
5591,393,38,415,"1"
5967.8,175,57,414,"0"
6908.4,403,7,413,"0"
2605.4,274,43,412,"0"
2369,45,29,408,"0"
6388,95,0,429,"0"
24152,252,9,427,"0"
5220.8,194,7,426,"0"
9439.4,248,0,422,"0"
34013.1,1165,6,420,"0"
2460,140,1,414,"0"
11336.2,380,37,409,"0"
5610.57,246,7,239,"0"
3793,155,44,399,"0"
8202,221,6,398,"0"
11715,144,2,395,"0"
751.8,37,2,394,"0"
880,49,38,386,"0"
1125,22,20,386,"0"
6232.8,223,6,385,"0"
29687.65,1347,3,385,"0"
460,5,24,385,"0"
3780,194,21,422,"0"
2395,27,20,422,"0"
2426,122,21,421,"0"
1438.6,60,49,420,"0"
9833,147,28,419,"0"
6590,110,8,393,"0"
3910,52,55,408,"0"
12120.13,379,8,407,"0"
1530.8,67,2,407,"0"
17585.2,458,7,406,"0"
6364.2,99,36,406,"0"
15685,221,1,393,"0"
15614,604,10,392,"0"
10012,147,9,391,"0"
6900,230,6,391,"0"
330,5,27,381,"0"
24990,334,8,378,"0"
16760,232,1,406,"0"
3119.2,131,29,406,"0"
3450,50,0,402,"0"
20283,701,9,402,"0"
12179.8,841,31,401,"0"
1056.4,42,41,401,"0"
19784,338,0,401,"0"
5750,78,7,400,"0"
21160.8,542,57,399,"0"
1258.4,59,56,393,"1"
3804,166,21,393,"1"
6179.2,242,23,393,"0"
31181.4,1395,27,392,"0"
21663.6,1006,16,392,"0"
36362.8,1666,21,392,"0"
26302,1185,21,392,"0"
11174.2,515,29,392,"0"
32845.2,1503,28,392,"0"
1898,108,2,392,"0"
3662,202,57,392,"0"
10060,520,14,392,"0"
4530,61,58,392,"0"
8049,168,2,387,"0"
4800,135,30,406,"0"
2111,26,9,413,"0"
13145,378,3,421,"0"
4134,233,48,420,"0"
10764,456,6,420,"0"
5612.36,325,8,419,"0"
2335,36,21,204,"0"
1025,19,3,203,"0"
3006,39,3,191,"0"
2138,63,0,406,"0"
1528,125,19,392,"0"
17021.8,617,3,392,"0"
10417.4,354,3,392,"0"
19396.4,644,3,392,"0"
8373,894,21,395,"0"
3703,51,20,395,"0"
2216.4,108,49,392,"0"
2172,117,36,391,"0"
9173.8,145,3,402,"0"
9005,107,31,402,"0"
2663,58,23,402,"0"
1206,30,22,401,"1"
20582,388,6,400,"0"
1320,19,21,399,"1"
12276,538,2,399,"0"
12297,617,6,399,"0"
11002.8,172,0,408,"0"
11808,160,2,408,"0"
11256,636,6,408,"0"
26003,1407,0,407,"0"
1889.2,80,9,406,"0"
975,15,15,406,"1"
2802,91,8,403,"0"
27720,315,6,402,"0"
3142,45,38,401,"0"
70460.2,2275,1,401,"0"
10547,190,9,401,"0"
5942.2,328,15,399,"0"
7900,94,34,398,"0"
11740,124,22,398,"0"
3390.2,174,21,394,"0"
2081.2,57,20,392,"0"
6824.8,187,16,389,"0"
5745.4,93,19,409,"0"
3478.8,423,3,407,"0"
10850,206,22,406,"0"
9020,120,31,403,"0"
4145,57,7,391,"0"
3322,69,30,388,"1"
5447.18,108,20,387,"0"
20755.4,330,0,385,"0"
1490.8,48,48,418,"1"
13279.4,208,16,416,"0"
4864.4,151,14,416,"0"
8791,261,34,415,"1"
36049,1145,0,415,"0"
12432,358,27,415,"0"
3125,40,22,414,"0"
42336,450,1,358,"0"
8893.2,146,15,389,"0"
1949,31,55,387,"0"
6861,221,23,386,"0"
11191.2,305,0,385,"0"
4528,323,13,405,"0"
9043,461,1,405,"0"
6332.2,180,27,403,"0"
19685.4,611,0,402,"0"
4084,154,22,401,"0"
7724,373,8,401,"0"
13485.2,190,20,391,"0"
910.8,53,44,391,"1"
10939,450,0,400,"0"
1170,17,8,398,"1"
11108,495,6,394,"0"
2962,149,16,372,"0"
4206,237,35,370,"0"
6668,160,3,370,"0"
3865,153,15,368,"0"
5208.8,148,9,405,"0"
2022.2,67,30,400,"1"
18494,447,13,400,"0"
127446.4,4118,1,409,"0"
24450,616,0,408,"0"
4456.4,127,7,414,"0"
8510.8,237,2,413,"0"
13557,791,8,408,"0"
1940,110,35,408,"0"
2439.2,54,15,408,"1"
170.4,5,7,408,"1"
6629,104,27,408,"0"
6602.19,111,35,408,"0"
6328,179,1,407,"0"
1610,23,8,183,"0"
8321.84,243,2,177,"0"
1938,58,2,174,"0"
10080,337,2,395,"0"
2720,34,49,394,"0"
360,13,59,392,"0"
4842,71,0,388,"0"
9142.2,562,6,388,"0"
2867,40,22,212,"0"
2203.8,110,20,210,"0"
5981.6,202,14,413,"0"
1138,33,43,411,"0"
5624,107,9,410,"0"
4377,91,8,409,"0"
13333.6,510,8,387,"0"
10914.6,689,7,385,"0"
8804.5,467,8,385,"0"
4627,173,0,395,"0"
6945,92,16,395,"0"
3690,207,13,394,"0"
5000,61,9,394,"0"
5075,76,22,392,"1"
4702,78,24,402,"0"
5808,154,2,401,"0"
12110,151,38,400,"0"
4041.4,279,8,400,"0"
1952,161,45,399,"1"
4172.2,168,31,398,"0"
13470,148,1,398,"0"
1624,83,0,393,"0"
7302.2,370,2,387,"0"
3118.8,197,6,387,"0"
10790,125,8,387,"0"
2535.8,101,50,385,"0"
106.2,16,20,385,"0"
2160,30,0,364,"0"
2580.8,63,21,364,"0"
2675,34,22,359,"0"
29058,1615,1,359,"0"
6891.2,124,20,357,"0"
1940.6,108,9,357,"0"
3913.78,121,30,384,"0"
3252.4,117,13,381,"0"
18330,806,0,377,"0"
1416,72,23,377,"0"
14195,164,0,372,"0"
6738,90,10,384,"0"
26457,383,0,380,"0"
1977,109,16,380,"1"
13622.2,291,13,399,"0"
2936,158,22,398,"0"
4818.2,72,31,398,"0"
2965,59,28,398,"0"
4567,194,1,388,"0"
5727.6,238,23,386,"0"
2385,56,3,385,"0"
2622.4,185,23,399,"1"
20230.4,1163,3,396,"0"
2885,35,13,396,"0"
3124,158,7,394,"0"
9580,453,0,394,"0"
22490,251,6,406,"0"
9149,159,7,406,"0"
6712.4,130,30,406,"0"
3031,47,31,402,"0"
3060,38,28,402,"0"
23765.98,649,0,407,"0"
6362.8,144,41,406,"0"
466,20,42,406,"1"
2953,96,23,406,"0"
3532,72,23,405,"0"
11589.8,297,0,405,"0"
2629.8,109,27,405,"0"
4098.2,155,8,403,"0"
718,36,29,402,"1"
5995.6,159,9,401,"0"
4001.4,50,21,395,"0"
5292,183,24,392,"0"
3804,147,15,391,"0"
2061.8,87,7,391,"0"
4639,162,9,388,"0"
3624,71,21,388,"0"
7481.8,260,13,387,"0"
13857,269,7,385,"0"
1540,19,42,394,"0"
2760,34,21,393,"0"
4420,56,34,393,"0"
4545.4,260,42,393,"0"
1971.4,63,28,393,"1"
5160.2,264,27,392,"0"
967,27,23,349,"0"
3700,52,24,392,"0"
4804,69,36,389,"0"
73664.8,2446,2,384,"0"
9663,269,31,380,"0"
3204,85,59,380,"0"
607,30,35,403,"1"
1005,15,0,402,"0"
2333,111,15,401,"0"
1049,59,45,401,"0"
2211.2,56,28,399,"0"
1826,47,42,399,"0"
20939,609,6,391,"0"
3252,122,2,388,"0"
12197.8,219,16,388,"0"
20838,514,0,387,"0"
4165,123,1,387,"0"
6683,162,15,387,"0"
3049,85,30,394,"0"
31718.6,1076,8,393,"0"
4102,185,0,389,"0"
2035,32,29,384,"0"
44923.2,1960,0,354,"0"
10912.4,402,9,354,"0"
5627.4,138,1,353,"0"
25632.2,1711,9,353,"0"
16917.2,718,20,350,"0"
1067,60,28,350,"0"
1744,93,6,349,"0"
8480,119,13,345,"0"
6234.6,303,22,386,"0"
17398,726,6,386,"0"
6138.8,294,3,386,"0"
1530.4,25,48,386,"0"
2838.2,111,10,393,"0"
2710,33,45,393,"0"
1701.6,40,45,392,"0"
4907.2,105,2,390,"0"
8482,119,0,388,"0"
2232.4,97,1,385,"0"
3709.4,68,36,380,"0"
8108,427,2,374,"0"
42114.6,1148,1,385,"0"
30837.8,614,14,384,"1"
25302.6,1129,7,384,"0"
19525.4,452,3,380,"0"
5291,301,29,379,"0"
3395,131,3,378,"0"
985,24,42,378,"1"
7000,396,14,377,"0"
5415,61,13,377,"0"
15267,219,7,366,"0"
12390,184,0,366,"0"
7569,295,15,363,"0"
2864,89,36,363,"1"
456.8,23,42,354,"0"
12075.2,224,13,387,"0"
10343,332,1,387,"0"
7093,307,13,386,"0"
2106.8,60,15,385,"0"
7298,161,2,385,"0"
3535.6,71,27,385,"0"
6550.8,126,9,385,"0"
2016,99,37,399,"0"
43458.8,1412,7,398,"0"
1732,51,21,398,"1"
3560,47,29,398,"0"
6015.8,224,9,395,"0"
15950,404,10,394,"0"
4706,225,10,394,"0"
8950,122,37,394,"0"
880,25,22,392,"0"
11000,126,10,391,"0"
15912,1611,1,336,"0"
7564.6,204,13,399,"0"
3721,62,28,398,"0"
945,14,34,395,"1"
2618.8,44,8,395,"0"
5034.4,146,7,395,"0"
1834.67,38,48,395,"0"
4406.2,105,27,394,"0"
4036.4,67,22,375,"0"
3938.6,208,28,374,"0"
1964,111,22,373,"0"
1626,73,31,391,"0"
10970,153,3,391,"0"
1635,167,15,388,"0"
5400,74,43,388,"0"
3444.8,53,9,388,"0"
4806.4,212,29,388,"0"
3491.4,146,31,388,"0"
3943,112,8,387,"0"
3825.6,65,31,386,"0"
526.8,35,34,386,"1"
4365,320,7,386,"0"
1132,120,15,386,"0"
4539.8,469,20,386,"0"
4345,69,12,385,"0"
3941,70,14,384,"0"
15919.32,249,7,401,"0"
3025.8,136,35,399,"0"
4315,87,30,398,"0"
9134,261,10,394,"0"
3743,41,38,394,"0"
22730,622,6,393,"0"
29126.8,871,3,392,"0"
15397,286,52,391,"0"
1260,26,41,391,"1"
5112,142,41,391,"0"
5072.6,258,7,388,"0"
4594,183,21,388,"0"
7564,230,13,386,"0"
1410,16,27,385,"1"
3987,224,7,344,"0"
1594.6,79,8,344,"0"
10227.6,420,10,343,"0"
8512.6,312,7,364,"0"
4057,230,9,360,"0"
561,32,37,352,"0"
1305,19,31,351,"0"
5351,77,20,351,"0"
3380,185,24,374,"0"
6826.6,403,30,373,"1"
14520,194,7,365,"0"
255694.8,10993,1,365,"0"
2444,99,1,358,"0"
7495,89,8,377,"0"
2270,78,42,374,"0"
4816,132,13,367,"0"
3032,88,38,367,"0"
10438.4,316,6,363,"0"
7030.8,214,8,385,"0"
5270,64,57,371,"0"
1459,59,1,393,"0"
1034,29,27,392,"0"
4594.4,270,10,390,"0"
3385,40,29,389,"0"
9972,142,7,388,"0"
5593,86,22,388,"0"
8339,200,1,388,"0"
9673,118,2,387,"0"
3536,112,21,386,"0"
7556.18,131,16,386,"0"
2244,63,29,386,"0"
207442.6,5965,14,331,"0"
7900.8,261,0,326,"0"
13927.6,334,1,324,"0"
7522.45,130,2,318,"0"
2610,35,58,387,"0"
20520.2,864,3,387,"0"
1764.8,62,36,386,"0"
18815,271,6,386,"0"
3204.4,85,1,386,"0"
879.4,45,15,331,"0"
6118.8,255,1,329,"0"
10048.2,1142,13,329,"0"
5953.2,298,28,325,"0"
16207.6,939,1,384,"0"
2288,217,42,381,"0"
1854.8,60,0,379,"0"
8475.4,119,0,378,"0"
11555,514,9,388,"0"
29922.08,638,7,388,"0"
14646.4,769,1,386,"0"
5905,86,3,386,"0"
13172,845,21,385,"0"
3158,152,14,385,"0"
5391.4,199,6,385,"0"
9716.6,528,7,384,"0"
1301,55,10,384,"1"
7727.2,572,3,384,"0"
2501.8,57,3,142,"0"
2070,25,56,350,"0"
670,8,14,349,"0"
4895,126,16,344,"0"
6665.6,305,14,349,"0"
17540,275,21,347,"0"
1810.8,71,35,346,"0"
20202,935,6,345,"0"
4434,206,13,344,"0"
7359,142,20,344,"0"
62273.8,1932,1,371,"0"
6726,209,2,358,"0"
35450,1058,1,350,"0"
3625,73,37,345,"0"
2601,47,6,338,"0"
11342,413,7,338,"0"
2382,106,52,338,"1"
6048,96,37,337,"0"
3971,62,3,336,"0"
5912,80,35,364,"0"
4085,52,0,364,"0"
13114.95,196,1,360,"0"
4960,67,31,360,"1"
6036.4,59,2,345,"0"
12119,149,2,385,"0"
6484.4,276,12,385,"0"
12015.8,352,9,381,"0"
534,20,9,185,"0"
954,48,28,385,"0"
10849,155,20,352,"0"
1616.2,90,24,351,"0"
2932,92,9,322,"0"
964.4,98,21,321,"0"
9696,175,13,317,"0"
3132.8,176,7,317,"0"
3246.6,125,51,315,"0"
14101.2,179,1,315,"0"
5920,592,15,381,"0"
988.4,38,36,372,"1"
3603,39,38,385,"0"
8609,127,1,385,"0"
4980,68,8,384,"0"
2670,50,23,381,"0"
10947.6,867,8,380,"0"
5345,68,16,379,"0"
1494,50,41,378,"0"
10988,187,2,378,"0"
3483,124,1,374,"0"
14133.8,1298,9,374,"0"
5101.4,66,7,373,"0"
1157.6,53,28,385,"1"
1020,39,16,380,"0"
4186,107,49,379,"1"
3594.4,143,21,377,"0"
1660.4,65,7,372,"0"
1571.2,86,37,367,"0"
11966.3,351,2,367,"0"
579.51,11,21,364,"0"
11770,596,51,380,"0"
15086,340,28,380,"0"
1743.63,28,13,380,"0"
5813,93,6,380,"0"
897,24,37,378,"0"
14390,484,13,378,"0"
489.6,25,36,378,"0"
2457.2,46,15,377,"0"
1446,115,6,377,"0"
7800,3932,20,377,"0"
9460,117,14,373,"0"
6310,267,1,371,"0"
10514,137,7,370,"0"
2739.85,153,29,365,"0"
4318,162,7,364,"0"
17824,1023,0,363,"0"
19288.4,250,6,360,"0"
3922,40,15,358,"0"
3650,59,21,356,"0"
487572.2,22972,0,356,"0"
5370,68,23,353,"0"
4061.53,196,7,352,"0"
4390,60,23,350,"0"
7804,497,28,347,"0"
9603,562,2,347,"0"
40,1,21,344,"0"
12403.4,671,7,339,"0"
5171.9,166,1,381,"0"
2978.4,131,10,380,"0"
4072,87,29,379,"0"
8752,497,6,379,"0"
13095,6177,0,378,"0"
6518,97,1,378,"0"
8545.8,413,16,378,"0"
1611.96,86,27,384,"0"
16736.4,397,0,381,"0"
1931.2,38,22,379,"0"
3809.4,126,1,379,"0"
5354.8,198,7,373,"0"
26026.7,636,34,370,"0"
840,40,42,368,"0"
4445.4,246,34,366,"0"
794,38,15,364,"0"
4916.91,132,9,384,"0"
9510,105,2,384,"0"
7784.4,185,6,380,"0"
10288.64,271,14,380,"0"
12351.79,395,3,380,"0"
2490,37,56,380,"0"
1538.4,46,42,380,"0"
18402.6,427,9,379,"0"
4648,377,1,378,"0"
2945.55,66,26,378,"0"
25648.8,774,9,377,"0"
2546,69,44,374,"0"
8011,383,6,371,"0"
3170.8,85,35,371,"0"
7710,105,16,384,"0"
3145,41,43,380,"0"
6265,118,10,380,"0"
5267.2,214,7,379,"0"
4139.6,110,9,379,"0"
3252.8,153,28,379,"0"
4021,71,9,378,"0"
8757.2,328,7,378,"0"
11352,344,10,373,"0"
2158,95,13,372,"0"
1320,32,36,371,"0"
7042,109,20,370,"0"
4138,179,0,367,"0"
4917.4,172,14,365,"0"
16181.8,481,13,365,"0"
15094.2,250,1,365,"0"
10846,158,38,360,"0"
4024,98,35,358,"0"
3364,318,1,384,"0"
12140,282,1,379,"0"
2904,126,13,378,"0"
3228.8,113,14,377,"0"
25984.79,1084,0,372,"0"
43837.2,2100,1,372,"0"
91255.76,2122,1,372,"0"
1739.06,35,0,372,"1"
8085,176,7,372,"0"
42739.2,1794,1,371,"0"
2098,72,43,371,"1"
16160.8,678,3,367,"0"
5954,440,38,365,"0"
10459.4,579,2,364,"0"
3132,257,15,364,"0"
13866.4,247,9,364,"0"
20606,594,7,364,"0"
8884.8,199,8,358,"0"
6717.2,538,8,379,"0"
3366.8,68,58,375,"0"
379.2,18,0,373,"1"
11874,1349,13,372,"0"
8575.4,374,9,372,"0"
1442,110,31,372,"0"
7303.4,187,34,370,"0"
8415.2,407,8,366,"0"
12786,948,22,366,"0"
23762.8,1686,2,365,"0"
7062.4,517,0,363,"0"
1704,71,28,357,"0"
959.2,40,2,356,"1"
5717.29,150,6,356,"0"
8533.4,693,2,356,"0"
950,33,1,351,"0"
2488.8,148,50,380,"0"
1029.4,107,20,379,"0"
7637.8,532,1,378,"0"
906,12,8,378,"0"
5960.2,219,28,385,"0"
30425,365,1,384,"0"
7767,105,6,380,"0"
49645,607,2,380,"0"
15497,235,2,380,"0"
8118,179,37,379,"0"
272138.5,10712,1,374,"0"
30668,1022,6,374,"0"
60091,2794,27,372,"0"
6274,192,6,372,"0"
24060,300,2,372,"0"
8250,220,20,371,"0"
10911.6,279,20,368,"0"
8200,118,2,367,"0"
4565,60,13,366,"0"
3275,45,34,366,"0"
1826,143,1,365,"0"
19569.4,303,15,364,"0"
29146,664,9,357,"0"
3028.6,99,21,351,"0"
18305,254,3,129,"0"
3347,92,3,127,"1"
3770,42,6,126,"0"
4355,53,0,126,"0"
1190,16,0,121,"0"
2415.6,70,41,377,"0"
3338,116,16,377,"0"
2255.6,75,36,373,"0"
3874.34,93,43,372,"0"
6069.6,339,21,360,"0"
3722.4,200,3,358,"0"
2665,50,50,358,"0"
4130.2,115,0,354,"0"
1706.2,35,35,353,"0"
28576.6,700,1,353,"0"
8776.8,351,45,350,"0"
4142.8,97,13,350,"0"
2310,65,20,350,"0"
16530,782,6,342,"0"
5272.4,181,1,332,"0"
61902.6,2104,35,332,"0"
866722,36469,1,329,"0"
1285,72,51,325,"0"
2400,35,23,324,"0"
78468,1238,3,324,"0"
2611.4,71,0,324,"0"
4341,58,43,323,"0"
861.4,33,56,357,"0"
2825,38,23,356,"0"
755.2,40,24,353,"0"
16891.6,499,3,353,"0"
1702.4,71,30,353,"0"
15476,431,8,352,"0"
2644.4,114,43,351,"1"
1900,33,3,335,"0"
5827,275,1,335,"0"
6574,343,2,331,"0"
6530,87,7,329,"0"
3698,210,27,328,"0"
16999.6,488,1,378,"0"
3233,189,22,378,"0"
24354,462,2,378,"0"
6124,657,8,377,"0"
3691.6,124,7,371,"1"
6540,89,10,370,"0"
127034.4,8479,0,367,"0"
2186,127,13,366,"0"
1791.6,93,14,365,"1"
2358.4,85,24,364,"0"
12355.98,584,1,364,"0"
1355.4,143,16,364,"0"
2716.6,74,56,360,"0"
3093.2,194,34,358,"0"
27975.2,1454,2,358,"0"
71104.2,3360,6,357,"0"
1879.2,172,14,351,"0"
4579.2,203,29,349,"0"
2320.8,128,23,343,"0"
20583.6,492,10,339,"0"
11504.8,507,9,337,"0"
2048.4,83,1,335,"0"
2218.8,179,0,331,"0"
1960,25,36,331,"0"
43382,2131,27,332,"0"
3731,207,7,325,"1"
3238,87,9,315,"0"
17216,511,36,366,"0"
2857,160,21,357,"0"
2093.6,108,14,356,"0"
719,76,51,343,"0"
1517.8,42,10,343,"0"
10070,129,10,331,"0"
9340,107,23,356,"0"
5470,69,28,353,"0"
1772,28,28,351,"0"
902.4,30,36,310,"0"
3158,176,15,308,"0"
1680,50,2,302,"0"
1796.4,48,30,295,"0"
7161.6,378,6,293,"0"
15058,719,10,363,"0"
22365,222,8,361,"0"
4060,57,7,361,"0"
3544.4,128,10,372,"0"
4341.8,164,6,371,"0"
444,20,35,368,"1"
58456.8,1875,3,367,"0"
18775.4,562,6,367,"0"
1080,32,37,181,"0"
2475.6,130,1,176,"0"
4751.4,200,7,175,"0"
7018,96,3,158,"0"
2900,34,36,154,"0"
3741.6,165,24,150,"0"
8902,130,13,346,"0"
1314,73,0,344,"0"
905.6,52,3,335,"0"
5620.8,88,38,332,"0"
9215.4,141,3,329,"0"
1780,100,22,328,"0"
1918,61,27,322,"0"
3361.4,358,28,372,"0"
1955.8,181,10,371,"1"
5260,67,2,371,"0"
1290,18,30,371,"0"
8112,243,2,371,"0"
9263,163,20,370,"0"
5754.8,483,16,368,"0"
5967.6,602,34,366,"0"
2144,116,44,365,"0"
9625.2,842,20,364,"0"
3103.2,153,14,364,"0"
745,9,27,363,"1"
5320,68,16,363,"0"
3553.2,282,41,360,"1"
9744.4,165,43,359,"0"
2457.2,162,14,356,"0"
1088,34,37,356,"0"
2100,34,28,352,"0"
61567.2,3276,1,352,"0"
2500,97,22,350,"0"
1260,70,13,347,"0"
4760,173,8,346,"0"
2937.6,42,28,346,"0"
4921,176,1,345,"0"
665,17,9,342,"0"
18980,1059,0,339,"0"
7915,125,0,338,"0"
1765.8,95,22,338,"0"
1518,85,15,338,"0"
1779,42,2,336,"0"
7149,125,15,335,"0"
3719,70,34,332,"0"
1800,50,52,332,"0"
2494,102,50,331,"0"
2414.8,110,52,331,"0"
4806.6,170,31,330,"0"
2077,54,2,329,"0"
8861.2,441,3,368,"0"
3095,53,57,368,"1"
5530.2,196,16,367,"0"
4001.6,158,1,367,"0"
1608.8,32,38,363,"1"
6480,95,29,351,"0"
3927,55,13,351,"0"
3770,70,49,372,"0"
1366,77,7,367,"0"
15188.2,437,0,363,"0"
3965.2,67,16,359,"0"
2482,125,15,358,"0"
11958,470,3,358,"0"
1365.2,81,22,356,"0"
395.6,19,58,360,"0"
3585,47,16,360,"0"
48342,3337,3,311,"0"
4385,57,29,309,"0"
19094.2,234,13,309,"0"
2405,134,3,308,"0"
7287.8,189,7,308,"0"
1812.4,111,49,307,"0"
135,7,27,305,"1"
1498.4,66,8,303,"1"
676,37,49,302,"0"
2940,28,15,302,"0"
3524.4,140,2,302,"0"
3849.4,56,0,297,"0"
3510,165,1,295,"0"
1222,106,23,293,"0"
13255,167,0,293,"0"
4772,261,3,293,"0"
16249.2,734,1,291,"0"
1267,55,21,287,"0"
1380,138,0,286,"0"
1160,14,45,282,"0"
9900,130,10,282,"0"
7335,97,0,281,"0"
972,27,50,280,"0"
4428,227,7,280,"0"
9239,149,3,280,"0"
2868,94,22,277,"0"
829.2,34,8,276,"0"
3779,177,8,374,"0"
28645,430,0,374,"0"
6397.2,307,3,374,"0"
10282,361,9,373,"0"
1159.2,58,2,373,"0"
2004,73,30,370,"0"
21729.8,733,2,367,"0"
2521,57,21,365,"0"
1080,46,9,364,"0"
51853.2,1782,0,363,"0"
1180,12,55,358,"0"
6079.2,633,1,356,"0"
2295,222,7,352,"0"
4392.2,71,23,352,"0"
12248.2,168,8,349,"0"
22950.8,866,0,345,"0"
1650,28,45,345,"0"
24715,361,0,338,"0"
3999,42,13,338,"0"
28702.4,1516,2,336,"0"
3059,86,6,336,"0"
17988,2544,34,332,"0"
2916.4,179,24,366,"0"
12721,661,3,366,"0"
4231.15,128,41,364,"0"
2178,101,8,120,"0"
2914,71,2,115,"0"
2790,159,59,346,"0"
65270.4,1358,20,346,"0"
2602.2,66,16,347,"0"
8114.8,383,0,346,"0"
13533.6,606,0,328,"0"
5483.6,105,14,324,"0"
409.2,43,9,323,"0"
6714.2,309,7,323,"0"
1736.8,136,2,335,"0"
1412.4,69,34,350,"0"
2949.2,133,23,350,"0"
2170,30,42,350,"0"
4224.4,188,7,349,"0"
1315,71,45,349,"1"
12699,610,0,345,"0"
10341.35,208,0,344,"0"
36543.55,1500,2,344,"0"
6359.2,349,16,359,"0"
5392.8,428,2,358,"0"
3528,280,30,357,"1"
11980,153,1,357,"0"
3645.6,200,34,356,"0"
1581.2,163,8,354,"0"
8693,234,14,353,"0"
21298,517,6,321,"0"
3162,68,3,324,"0"
29623.2,867,50,322,"0"
7987.32,182,8,345,"0"
5562,151,2,344,"0"
3606,189,41,343,"0"
2420.6,89,57,351,"0"
1791.3,37,3,350,"0"
5400,69,14,344,"0"
18853,1053,2,343,"0"
6340,83,16,314,"0"
3764.8,148,28,314,"0"
7654,120,1,310,"0"
17162,754,49,321,"0"
23874.2,1035,1,315,"0"
3917.2,244,28,311,"0"
14579.91,210,15,366,"0"
15088,484,1,366,"0"
2236,68,50,366,"0"
3770,57,59,365,"0"
3240,98,55,360,"0"
31685.2,1273,23,330,"0"
36305.2,1346,0,325,"0"
4087,231,6,324,"0"
2850,37,28,326,"0"
8096.4,443,14,324,"0"
2470,29,48,343,"0"
5815.2,114,15,360,"0"
2610,41,30,357,"0"
724,40,8,356,"0"
1758.4,62,6,356,"0"
5843,82,16,356,"0"
5313,76,0,346,"0"
2864.2,53,49,322,"0"
5370,221,6,148,"0"
3585.6,174,8,147,"0"
1791.6,79,0,275,"0"
5472,246,27,275,"0"
12635,184,1,275,"0"
6511.4,268,10,273,"0"
792,44,37,270,"0"
8705,122,24,268,"0"
4670.2,192,10,351,"0"
4296,91,9,363,"0"
7400,207,6,363,"0"
6701.6,230,10,360,"0"
1548,86,27,337,"0"
3207.2,41,45,338,"0"
1048.4,32,2,337,"1"
2401.2,70,10,335,"0"
6868,257,21,335,"0"
8180,124,3,309,"0"
6925,96,35,318,"0"
3370,37,35,321,"0"
785,11,24,318,"0"
1122.8,65,45,323,"0"
5342,553,8,322,"0"
2918.1,148,5,321,"1"
3050.8,152,15,318,"0"
4695,201,10,332,"0"
727.8,28,2,331,"0"
4552,190,6,339,"0"
295,5,0,338,"0"
2628,97,16,338,"0"
7501,197,8,337,"0"
5409,353,2,337,"0"
2263,113,29,337,"0"
9144.6,206,21,351,"0"
1844.4,108,22,351,"1"
4290,46,1,349,"0"
3214.5,247,30,349,"0"
2771.2,52,0,347,"0"
6695,79,13,344,"0"
23541.8,662,0,356,"0"
64817.2,2319,1,353,"0"
284.4,20,48,353,"0"
3589.4,111,38,353,"0"
12529,180,3,357,"0"
2864.8,70,59,357,"0"
1098,61,34,357,"0"
3606,207,6,280,"0"
13956,378,42,277,"0"
1420,20,30,275,"0"
9373,175,3,343,"0"
9140.2,208,16,339,"0"
917,19,20,339,"0"
6143,131,8,337,"0"
13643.2,351,14,353,"0"
2376.2,117,14,353,"0"
3747,163,38,353,"0"
7877.6,407,0,352,"0"
2258,76,23,352,"0"
16864.4,402,22,349,"0"
3141,41,1,311,"0"
7770,95,1,310,"0"
3885,41,37,324,"0"
6450,90,24,323,"0"
2238,65,7,322,"0"
6371,80,7,322,"0"
25886.8,953,31,319,"0"
2518.59,56,27,318,"0"
3821,114,29,323,"0"
10948.8,522,10,323,"0"
2390.6,47,27,321,"0"
3598,151,6,321,"0"
3490,62,3,319,"0"
12950,265,8,318,"0"
13915.6,558,22,317,"0"
12906,674,9,346,"0"
13691,284,8,346,"0"
666,37,41,345,"0"
7300,91,14,344,"0"
23354,2166,0,344,"0"
4470,51,8,337,"0"
8607,122,13,268,"0"
212.04,66,10,262,"0"
5038,72,6,261,"0"
4080.4,186,16,356,"0"
1345,24,6,111,"0"
1271.4,48,9,100,"0"
1843.2,91,8,94,"0"
10159.6,202,3,323,"0"
2155.2,70,28,328,"0"
14314,778,8,317,"0"
43604,1526,9,317,"0"
30182.2,735,6,315,"0"
1230,17,27,314,"0"
1897.4,29,44,312,"0"
6143.2,337,2,323,"0"
798.6,17,8,322,"0"
33585,407,0,314,"0"
1870,25,43,311,"1"
6275.4,223,2,311,"0"
17213.4,850,23,311,"0"
7571.6,272,8,336,"0"
1630,22,55,330,"0"
3661,45,19,343,"0"
2317.4,180,28,339,"0"
2460,29,20,339,"0"
3613.6,101,114,337,"0"
1736.4,178,6,337,"0"
1025.2,55,57,337,"0"
2643.6,196,20,337,"0"
5045,66,22,336,"0"
5557,318,14,336,"0"
1633,63,7,335,"0"
2920,110,20,330,"0"
13306.6,709,2,325,"0"
2001.2,103,7,343,"0"
4136,158,27,339,"0"
5629.6,74,0,337,"0"
1440,41,7,337,"0"
4157.4,65,7,336,"0"
3310,56,29,335,"0"
2556,131,52,332,"0"
7523.2,113,13,330,"0"
2484,73,14,302,"0"
7685.21,253,10,300,"0"
58667.6,2873,8,300,"0"
4312,77,8,300,"0"
5652,191,1,298,"0"
39937,1191,31,302,"0"
6639.6,127,14,351,"0"
11420.8,418,7,351,"0"
6646,178,22,347,"0"
3610,61,24,347,"0"
22014.8,1253,1,349,"0"
10207.6,376,6,346,"0"
2962.8,127,42,346,"0"
1894.6,30,55,345,"0"
5250,63,30,342,"0"
4898,138,0,339,"0"
12570.6,523,8,338,"0"
5840,262,22,337,"0"
2480,140,35,336,"0"
180,10,0,335,"1"
4549.8,68,8,328,"0"
516,32,34,317,"1"
8610,128,1,317,"0"
4025,49,28,315,"0"
3407.2,49,14,315,"0"
5248,106,21,312,"0"
13984,216,0,308,"0"
24953.31,723,6,307,"0"
2146,29,45,304,"0"
25102.37,700,3,304,"0"
9489.2,356,2,351,"0"
780,33,0,350,"0"
8992,139,0,349,"0"
3015,42,1,349,"0"
1414,79,13,349,"0"
7560.6,259,8,347,"0"
4330,63,9,347,"0"
5616,260,27,346,"0"
1629,37,51,261,"0"
1620,90,22,260,"0"
1145,16,27,259,"0"
1420.8,59,36,255,"0"
4729.6,139,13,350,"0"
4701,80,8,91,"0"
610,11,50,90,"0"
4174.8,133,3,323,"0"
5587.2,152,0,323,"0"
1385,23,1,296,"0"
360,20,0,296,"0"
5279.2,143,36,329,"1"
22892,328,1,328,"0"
5350,56,2,328,"0"
10906.65,173,8,307,"0"
17934,654,29,296,"0"
17257,627,1,296,"0"
1913.4,104,31,296,"0"
3146.4,138,15,295,"0"
8250,107,43,311,"0"
3350.2,167,0,311,"0"
3847.2,365,22,310,"0"
7791.2,123,21,310,"0"
15314,473,3,310,"0"
889.2,23,29,322,"0"
6775.2,187,9,321,"0"
8567,166,2,310,"0"
3610,48,23,307,"0"
24178.4,839,9,321,"0"
7023.6,488,13,317,"0"
1996.2,109,45,329,"0"
1224,35,28,328,"0"
1836,73,3,325,"0"
1880,93,20,325,"0"
143388,4052,2,325,"0"
4632,48,1,344,"0"
3278,52,2,343,"0"
4974.4,181,22,340,"0"
28697.6,1247,1,339,"0"
9820,150,3,339,"0"
7617.4,402,0,338,"0"
5107,80,1,337,"0"
5354.6,80,44,337,"1"
3786.8,101,13,332,"0"
6512.8,391,8,328,"0"
3551.8,177,9,326,"0"
11268.4,312,2,325,"0"
4057.6,208,10,325,"0"
1434,39,16,325,"0"
3766,210,44,324,"0"
3666,67,41,321,"0"
665,9,35,321,"0"
3851.4,76,27,345,"0"
522.6,16,29,268,"1"
9933,556,14,336,"0"
1835,23,27,335,"0"
16925,202,1,332,"0"
3080,33,56,331,"0"
40320,772,34,330,"0"
10957,618,2,329,"0"
2568,154,38,332,"0"
2253.65,40,29,330,"1"
690,9,50,329,"0"
4873.6,74,35,328,"0"
8571,105,35,310,"0"
4121,62,20,310,"0"
1617,23,55,309,"0"
2610,33,10,308,"0"
1000,14,7,305,"0"
2363,31,8,127,"0"
772.8,26,43,127,"0"
595,8,38,121,"0"
4460,64,34,314,"0"
5899,104,8,310,"0"
3154,45,16,310,"0"
2935,54,22,309,"0"
2614,102,31,321,"0"
5017,81,35,317,"0"
6183.2,167,9,346,"0"
4511.4,162,0,346,"0"
16977,421,14,345,"0"
7435.6,206,2,343,"0"
2231.2,74,37,338,"0"
582,30,30,255,"0"
702,33,36,328,"0"
7151.6,106,21,326,"0"
3488,52,0,325,"1"
91854.95,4043,0,324,"0"
5763,79,13,323,"0"
17444.2,476,6,322,"0"
3268.8,99,21,322,"0"
1488,65,8,294,"0"
8694,483,9,289,"0"
2352,78,44,266,"0"
4723.2,140,10,262,"0"
1590,17,38,262,"0"
21234,595,6,318,"0"
2060,29,8,317,"0"
33720,1324,1,317,"0"
996.2,58,41,316,"0"
2465,34,13,316,"0"
1657.4,31,0,316,"0"
7216.8,334,29,288,"0"
4990.4,177,9,315,"0"
1582.8,45,22,315,"0"
4278.4,114,22,311,"0"
7070,189,8,310,"0"
2423,60,34,303,"0"
1442,45,59,338,"0"
1699.4,51,48,338,"0"
6678,235,8,337,"0"
2548,80,23,336,"0"
1712.4,48,16,336,"0"
3715.2,181,9,333,"0"
3080,34,28,330,"0"
4609.8,107,56,307,"0"
8013.6,192,8,305,"0"
8418.96,152,7,304,"0"
16074.18,435,14,303,"0"
2715,33,35,302,"0"
4122.6,65,22,298,"0"
5290.8,296,7,308,"0"
6798.4,209,6,308,"0"
3322.8,248,1,302,"0"
10879.2,975,0,302,"0"
11971.2,608,6,301,"0"
12630,167,0,301,"0"
9469.4,182,3,316,"0"
2799.2,72,6,314,"0"
2968.3,295,1,308,"0"
1636.8,68,59,307,"1"
36087.56,1906,3,304,"0"
5611.6,104,9,303,"0"
696,28,0,323,"0"
1209.2,57,2,322,"0"
2344.8,129,21,322,"0"
22405.8,1170,10,322,"0"
24194,1134,6,319,"0"
2372,162,36,318,"0"
8960,539,8,317,"0"
1191,83,23,323,"0"
5934,407,2,323,"0"
2310,26,56,323,"0"
5166.8,80,3,322,"0"
3880.4,89,51,316,"0"
3282,106,23,336,"0"
2161,82,43,336,"0"
961.6,18,57,336,"0"
13570.4,156,13,333,"0"
17146.8,676,6,332,"0"
2073,51,11,332,"0"
7844.6,226,6,332,"0"
7040,86,7,331,"0"
1680,40,36,330,"0"
2925,39,30,329,"0"
16300,190,0,303,"0"
1640,80,3,301,"0"
3639.6,190,7,300,"0"
7709.2,133,14,298,"0"
21345.6,866,30,309,"0"
2091,121,36,308,"0"
6288.15,237,6,303,"0"
9328,284,50,300,"0"
16448.45,10539,2,300,"0"
7137,105,7,296,"0"
1410,22,38,328,"0"
2247,92,1,328,"0"
3796,154,14,326,"0"
5272.6,237,6,324,"0"
8930,135,6,324,"0"
4275,61,28,322,"0"
2196,103,28,322,"0"
11637.6,504,6,322,"0"
4274.8,222,6,321,"0"
3335.8,73,0,326,"0"
11128.2,321,1,325,"0"
1676.8,49,20,322,"0"
9005.8,253,8,316,"0"
2690,38,34,315,"0"
1943,32,13,310,"0"
2598,39,29,309,"0"
1720,20,20,115,"0"
3775,51,27,246,"0"
5799.8,79,28,312,"0"
3038.6,148,0,335,"0"
1355,25,49,332,"0"
5504,150,13,332,"0"
2085,23,20,332,"0"
6291,218,6,331,"0"
3364.8,95,29,331,"0"
4024.4,122,9,330,"0"
1620,35,31,330,"0"
4613.6,147,6,330,"0"
2231,28,7,297,"0"
780,21,48,291,"0"
2416,31,20,295,"0"
1954,82,37,315,"0"
3705,46,14,315,"0"
3979.6,221,35,314,"0"
1514.8,162,55,314,"0"
5289.8,556,0,314,"0"
2172,57,51,311,"0"
2563.6,171,30,310,"0"
8243.8,414,14,310,"0"
15095.4,616,7,310,"0"
11319,188,13,309,"0"
2990,40,9,309,"0"
3379.4,106,10,309,"0"
2292.6,41,8,78,"0"
8686,188,22,310,"0"
6910.8,350,10,301,"0"
4843.2,384,7,298,"0"
2350.8,237,8,297,"0"
1924,88,2,319,"0"
1099,35,50,317,"1"
2286,89,2,287,"0"
9441.6,440,15,287,"0"
3338,96,34,328,"0"
19142.4,1908,13,325,"0"
2642,73,29,324,"0"
1651.2,63,27,323,"0"
2619,47,20,301,"0"
2849.5,38,0,329,"0"
5014.2,255,22,328,"0"
63230.02,2376,6,324,"0"
9852.6,128,8,324,"0"
3223.8,136,28,323,"0"
13846.2,361,0,323,"0"
7819.2,419,30,297,"0"
288,6,43,295,"0"
3985,67,8,294,"0"
14901.6,318,3,290,"0"
2455.2,91,50,288,"0"
13886.8,238,1,290,"0"
2271.6,108,2,289,"0"
1861.2,77,1,318,"0"
7359.2,200,21,321,"0"
5670,80,0,321,"0"
1105.6,91,56,317,"0"
4620,70,52,301,"0"
3145,33,31,301,"0"
17281.2,898,16,300,"0"
9433,441,1,297,"0"
22596.2,587,0,325,"0"
1926,94,1,323,"0"
1312,46,35,311,"1"
2004,84,55,295,"0"
2816.8,193,34,293,"0"
3886.2,144,13,290,"0"
3751.2,247,30,296,"0"
8845.2,481,3,293,"0"
8479.6,706,15,290,"0"
324,14,34,287,"0"
2368.8,105,0,280,"0"
5374,246,45,307,"0"
8605.2,378,29,307,"0"
5071,94,9,304,"0"
3615,51,21,315,"0"
25641.2,862,6,314,"0"
860,13,218,312,"1"
9415.2,259,23,311,"0"
3672.4,190,16,310,"0"
2699.2,114,30,310,"0"
2909,69,8,295,"0"
12309.4,349,1,293,"0"
2730,101,1,76,"0"
1981.4,51,24,71,"0"
2350,36,2,69,"0"
732,32,3,59,"0"
6257,197,16,305,"0"
10861,367,9,307,"0"
4235,72,8,307,"0"
8183,112,3,293,"0"
5716.8,93,8,293,"0"
5829,316,7,288,"0"
13305.6,506,13,303,"0"
16454,392,12,303,"0"
8367.6,389,6,303,"0"
30425.28,1180,6,322,"0"
2565.4,56,58,321,"0"
15719,665,0,321,"0"
8136,118,6,321,"0"
7540,140,6,321,"0"
8460.6,129,28,319,"0"
6240,89,28,318,"0"
12122,499,6,318,"0"
4010,55,6,318,"0"
2225,55,10,318,"1"
6630.8,129,36,322,"0"
9847.4,183,24,282,"0"
2720,40,2,280,"0"
5460,76,36,296,"0"
2360.4,96,57,296,"0"
13550,187,1,308,"0"
9296,438,0,304,"0"
1458,21,8,241,"0"
2452,43,7,240,"0"
7493.4,316,10,240,"0"
3027.2,46,48,239,"0"
3508.2,64,9,239,"0"
3668.4,158,0,238,"0"
14771.6,620,22,314,"0"
3630,44,9,311,"0"
5713.2,71,9,304,"0"
4810.8,145,7,304,"0"
2694.8,111,47,317,"0"
2010,31,22,315,"0"
3307.2,107,20,310,"1"
8280.2,6651,3,309,"0"
9911,489,2,309,"0"
4240.8,125,2,308,"0"
10977.6,365,1,308,"0"
8295,115,14,304,"0"
2658,236,34,304,"0"
4164,318,14,302,"0"
2503.8,254,9,310,"0"
799.2,28,16,307,"0"
2600,29,35,304,"0"
1319.4,1571,29,287,"0"
5700,75,3,282,"0"
2675,43,21,281,"0"
4928,72,23,290,"0"
4906.8,192,31,291,"0"
1955,21,2,289,"0"
32179.2,1328,15,276,"0"
104556.6,4696,3,275,"0"
3600,200,35,273,"0"
2772,146,23,269,"0"
5159,96,10,268,"0"
1560,21,14,268,"0"
3831.8,75,1,290,"0"
6628.8,285,3,290,"0"
3474,155,7,288,"0"
7827.6,728,6,288,"0"
2526.2,67,21,287,"0"
2803.2,292,22,287,"0"
604.8,35,50,286,"0"
25195.2,714,14,301,"0"
1640,27,27,300,"0"
25340.3,652,36,300,"0"
2254,105,51,300,"0"
1838,25,57,300,"0"
18497,355,1,297,"0"
7801,132,16,296,"0"
2479,45,21,288,"0"
3990,48,59,287,"0"
3584,54,20,286,"0"
8723,114,6,286,"0"
24591.4,320,6,283,"0"
5344.8,69,0,282,"0"
2880,107,43,282,"0"
39330,1422,3,282,"0"
3467,52,14,282,"0"
3649.4,141,8,282,"0"
1919,33,1,281,"0"
6060,296,6,279,"0"
1662,82,45,276,"0"
1692,73,7,273,"0"
1227,68,8,269,"0"
4130,59,15,266,"0"
8895,100,0,266,"0"
900,51,22,266,"0"
17625.6,918,1,279,"0"
1422,79,3,310,"0"
3592,39,30,309,"0"
1234.8,58,1,308,"1"
3094,255,29,304,"0"
6280.8,220,3,304,"0"
34019.4,1178,1,304,"0"
12945,322,6,302,"0"
3582,199,2,302,"0"
3216,89,2,305,"0"
841,27,34,304,"0"
1455,20,41,296,"0"
6237.6,175,13,293,"0"
381,14,43,53,"0"
940,11,1,52,"0"
1078,20,6,51,"0"
360,20,14,49,"0"
2150.4,60,27,303,"0"
1356,76,10,301,"0"
4892.4,161,3,301,"0"
4855.2,130,23,300,"0"
1934.4,50,35,300,"0"
3724.78,177,7,296,"0"
3360,182,7,296,"0"
6772.6,183,2,295,"0"
25907,503,1,255,"0"
3172.82,63,20,252,"0"
2945,53,27,287,"0"
2673.6,145,28,282,"0"
7560,420,22,281,"0"
1560,20,13,281,"0"
1697,34,55,274,"0"
5106.2,189,6,316,"0"
5030,62,8,316,"0"
6321.4,110,2,315,"0"
6056.4,89,20,311,"0"
1275.2,117,14,303,"0"
4827.8,464,10,300,"0"
2553.6,266,21,298,"0"
2995.2,312,35,298,"0"
1920,200,35,297,"0"
129.6,6,23,297,"1"
5725,81,0,280,"0"
10640,141,3,279,"0"
1576.8,67,55,273,"0"
1648,129,41,300,"0"
4024,104,2,295,"0"
1790,21,0,295,"0"
1685,24,48,304,"0"
3287.2,89,9,300,"0"
35290.8,1652,2,297,"0"
2942.4,115,1,296,"0"
54312.4,681,3,290,"0"
630,14,14,290,"0"
3200.2,156,9,237,"0"
7005,248,7,234,"0"
1447.2,49,44,233,"0"
17670,658,1,230,"0"
4824,347,20,230,"0"
1098,47,35,227,"0"
6925,95,7,227,"0"
27838,1197,0,227,"0"
19098,1061,0,227,"0"
1242,69,16,303,"0"
6395,121,13,302,"0"
9176.4,480,3,300,"0"
4028,93,36,105,"1"
4554,152,59,274,"0"
4975,85,44,322,"0"
1590.8,63,7,321,"0"
209420,11730,8,321,"0"
2850,97,2,321,"0"
1422,32,2,318,"0"
1291,37,58,317,"0"
7437.6,208,2,315,"0"
782.2,41,15,314,"1"
354,15,20,43,"0"
3635,47,36,289,"0"
25139,597,6,289,"0"
6132.4,184,0,288,"0"
2425.2,56,16,300,"0"
3280,41,14,300,"0"
1094.4,53,35,296,"1"
1924.8,87,45,294,"0"
7958.4,208,6,282,"0"
324,14,28,280,"1"
3161.4,86,8,290,"0"
2300,44,6,263,"0"
738,41,51,262,"0"
1656,85,29,261,"1"
1581.6,78,34,261,"0"
10960.6,460,2,294,"0"
1420,19,20,293,"0"
3933,69,9,287,"0"
3895.8,172,3,282,"0"
685,7,35,275,"0"
1044,54,43,266,"0"
9504,495,3,272,"0"
9000,100,2,269,"0"
2105,38,20,310,"0"
6346.2,128,14,309,"0"
8202,447,2,309,"0"
3427,44,50,303,"0"
11821.2,253,14,303,"0"
47237.6,2778,2,311,"0"
4457.2,75,16,311,"0"
2334.73,75,21,310,"0"
6175,172,7,309,"0"
8258.4,393,0,308,"0"
9277,203,8,307,"0"
14306,969,9,307,"0"
3033,50,30,273,"0"
4935,58,22,269,"0"
3250,46,0,269,"0"
5830,71,37,267,"0"
3891,55,23,266,"0"
1692,94,20,266,"0"
3498,169,7,272,"0"
7953.4,108,6,269,"0"
13082.4,500,2,269,"0"
6151,89,10,269,"0"
1285.2,55,9,269,"0"
2594.4,121,28,267,"0"
2715,37,7,289,"0"
10267,285,13,289,"0"
6727,95,15,289,"0"
4789.8,62,24,282,"0"
2329.2,119,15,295,"0"
12686,563,6,294,"0"
4552.8,112,1,293,"0"
700.8,23,24,290,"1"
3880.2,94,1,290,"0"
1872,52,35,287,"0"
1455,22,43,282,"0"
420,8,50,281,"0"
6115,88,14,281,"0"
11688.6,146,2,279,"0"
1632,47,14,224,"0"
2380,31,27,224,"1"
600,27,14,221,"0"
4939.2,237,7,220,"0"
584,19,8,220,"0"
2461,78,6,98,"0"
977,17,27,97,"0"
4546,62,6,297,"0"
745,11,69,296,"1"
15585.6,586,13,293,"0"
6942,307,3,293,"0"
998.4,16,48,296,"1"
4358.4,348,2,295,"0"
3395.4,50,3,294,"0"
1904.4,99,49,294,"0"
3261.6,89,28,307,"0"
21786.4,362,5,304,"0"
678,32,29,259,"0"
3160,91,21,258,"1"
9202.9,232,1,258,"0"
7885,94,7,256,"0"
1302,76,14,255,"0"
1176,72,22,255,"0"
1770,21,0,255,"0"
15150,206,13,255,"0"
2330,36,38,255,"0"
1867,29,55,254,"0"
3785,50,37,253,"1"
45660,1408,3,288,"0"
1554,37,20,288,"0"
360,20,35,288,"0"
3180,39,31,286,"0"
3139.4,53,27,286,"0"
780.6,26,16,283,"0"
3538,183,2,268,"0"
5698.7,233,1,267,"0"
3430.4,126,9,266,"0"
4416,130,1,266,"0"
3824.4,161,9,280,"0"
9395,119,14,280,"0"
9341.2,781,0,279,"0"
5083.2,416,1,279,"0"
18657.2,617,0,276,"0"
4620,175,6,275,"0"
732,22,36,274,"1"
4075.2,222,35,274,"0"
6295.2,305,21,274,"0"
3406.8,282,15,273,"0"
10974.6,154,8,273,"0"
511.2,18,24,32,"1"
434.4,10,16,31,"0"
6044.2,183,16,294,"0"
3728,55,3,289,"0"
12307,157,24,289,"0"
2289.6,70,23,286,"0"
1606.4,34,49,281,"0"
7050,80,31,265,"0"
3531,53,9,293,"0"
1375,19,51,293,"0"
2260,31,6,290,"1"
8338.8,159,9,290,"0"
1570,17,6,289,"0"
3029.4,136,31,289,"0"
13485,177,10,289,"0"
2397,29,45,288,"0"
14245.6,181,8,287,"0"
30023.4,373,1,262,"0"
5575,70,15,262,"0"
890,16,51,262,"0"
3105.6,160,13,260,"0"
5534.4,197,14,276,"0"
1205,19,29,276,"1"
2064,60,29,275,"0"
15456,780,1,275,"0"
9288,287,16,275,"0"
13619.4,438,0,272,"0"
6637.2,183,8,281,"0"
4316,91,0,303,"0"
18679.2,436,0,303,"0"
12912.4,365,49,302,"0"
7358,115,13,302,"0"
4325.4,126,2,302,"0"
6240,68,7,301,"0"
9750,102,7,297,"0"
34291.8,1440,0,302,"0"
7510,104,23,302,"0"
7000,96,8,301,"0"
1980,59,30,301,"0"
12281,282,2,301,"0"
4268.4,110,8,300,"0"
6937,96,10,300,"0"
14450,454,6,297,"0"
12948,530,0,297,"0"
9911,139,6,296,"0"
7534.8,230,0,295,"0"
1854.4,29,42,295,"0"
4510,53,1,286,"0"
2010,26,2,283,"0"
2223,28,49,279,"0"
3040,36,21,276,"0"
24800,1300,1,266,"0"
1476,69,2,262,"0"
960,44,44,261,"0"
9838.4,279,1,259,"0"
1938,114,21,259,"0"
7470,102,1,259,"0"
4575,57,23,259,"0"
5148.11,218,1,262,"0"
3127.2,89,44,290,"0"
2686.8,144,48,290,"0"
1590,20,15,290,"1"
3415,44,35,287,"0"
3361.2,93,16,287,"0"
4220,51,8,287,"0"
23718,1198,9,262,"0"
8371,260,0,262,"0"
12265,157,14,262,"0"
1120,104,0,262,"0"
41928.6,1557,3,260,"0"
1026,57,10,260,"0"
9452,152,7,259,"0"
7120,84,1,259,"0"
1831.2,91,58,290,"1"
13481.4,420,3,290,"0"
7392,224,28,288,"0"
6271.2,246,21,287,"0"
19026,928,1,216,"0"
3114,75,16,216,"0"
1621.2,68,14,301,"0"
17710.8,646,23,301,"0"
3894,109,3,297,"0"
5730,430,13,296,"0"
1172,17,22,287,"0"
2759.8,105,2,286,"0"
1792.8,87,24,282,"0"
9978,380,8,281,"0"
8216.4,385,6,269,"0"
3260,42,1,268,"0"
10212.6,536,7,268,"0"
13379.2,515,1,268,"0"
2037,92,44,267,"0"
4077.6,223,20,267,"0"
9573.6,436,49,266,"1"
805,10,37,266,"1"
7709.6,216,14,266,"0"
5191.2,210,9,266,"0"
3460.8,119,41,265,"0"
535,7,16,265,"0"
14954,1040,1,261,"0"
8415.6,334,1,281,"0"
6972.29,226,1,280,"0"
1145,15,38,258,"1"
3320,46,9,258,"0"
1908,94,13,258,"0"
4158.6,169,6,258,"0"
5530,178,13,255,"0"
3060,41,36,253,"0"
3348,186,8,252,"0"
1695,23,34,282,"0"
3609.6,134,9,282,"0"
537.6,56,42,282,"0"
4215,49,45,281,"0"
6158.4,249,21,281,"0"
4544,190,9,280,"0"
5227.2,421,10,280,"0"
1760,24,55,280,"0"
2448,68,16,280,"0"
1149.6,63,28,253,"0"
3890,50,20,249,"0"
3460,43,16,254,"0"
1140,16,31,254,"0"
3475,36,2,254,"0"
5100,57,1,253,"0"
7374.4,322,8,274,"0"
4194,60,7,268,"0"
2510,34,35,266,"0"
2214,81,27,265,"0"
3975,210,9,280,"0"
554.4,49,2,280,"0"
4373.12,182,41,276,"0"
3522.6,54,15,275,"0"
3076,65,43,274,"0"
7656.4,165,6,286,"0"
1602,89,13,286,"0"
3801,59,35,286,"0"
41791.2,1524,3,280,"0"
4211.4,261,7,279,"0"
2109.8,65,15,277,"0"
2783.6,81,36,277,"0"
726,34,28,262,"0"
5232,76,8,259,"0"
8600,112,6,259,"0"
2220,123,49,259,"0"
8030,106,8,295,"0"
4339,94,7,295,"0"
982,13,35,293,"0"
1996,23,23,293,"1"
2373,37,31,290,"0"
1274.4,50,0,259,"0"
12408,184,23,258,"0"
2425,28,22,258,"0"
2170,25,44,258,"0"
1326,69,36,255,"0"
2787,151,14,262,"0"
7520,163,3,261,"0"
4964,64,7,259,"0"
1680,22,21,259,"0"
4500,124,10,275,"0"
1302,38,14,274,"0"
5719.8,159,6,273,"0"
7758.8,189,16,273,"0"
1753.2,105,15,213,"0"
1764,85,9,213,"0"
1010,13,27,212,"0"
1352.4,48,35,209,"0"
7458,499,6,209,"0"
9363,176,1,276,"0"
43182.8,1201,6,276,"0"
1952.2,55,13,87,"0"
44652,4011,6,7749,"0"
78296.8,3191,3,7749,"0"
1649,98,22,7749,"0"
2097,126,41,7749,"0"
14009,764,7,7749,"0"
6327,369,1,3978,"0"
6875,119,6,7749,"0"
50878.45,2278,0,7749,"0"
7874,96,21,3977,"0"
8287.8,342,3,7749,"0"
16023,557,3,7749,"0"
1464,84,51,7749,"0"
2994,148,1,7749,"0"
22330,256,16,7749,"0"
26381,1160,1,7749,"0"
735,42,27,7749,"0"
7402.4,334,16,7749,"0"
12435,630,52,7749,"0"
1905,20,31,7749,"0"
26484.4,1378,10,7749,"0"
2636,139,31,7749,"0"
35109.6,962,8,3982,"0"
10330,146,6,7749,"0"
24362,1980,3,3944,"0"
55060.8,1487,0,3984,"0"
3118.55,76,29,3793,"0"
5945.7,133,23,3793,"0"
5372,210,6,7735,"0"
4714,270,30,7735,"0"
82819.4,4442,1,7735,"0"
11609,491,29,7735,"0"
12222.8,409,24,3984,"0"
6780,407,7,7735,"0"
32792.8,1105,0,7735,"0"
3547,170,9,7735,"0"
7241.2,277,0,7735,"0"
4564.6,231,44,7735,"0"
4875,181,9,7735,"0"
2234,80,9,3985,"0"
2471,143,29,7735,"0"
3104,111,21,3986,"0"
20884,1026,22,7735,"0"
19110.4,908,13,7735,"0"
3974,166,34,7735,"0"
1430.6,80,24,3982,"0"
15374,624,13,7735,"0"
18958,907,13,7735,"0"
14267,468,9,7735,"0"
5920,339,45,3975,"0"
13368,608,24,7735,"0"
3263,73,20,3984,"0"
12465,146,2,3961,"0"
8689,190,6,3984,"0"
22881,1539,23,3984,"0"
12462.2,365,8,7735,"0"
26349,1156,1,3983,"0"
20326,1053,3,3948,"0"
9639.2,638,15,3984,"0"
23429.45,898,13,3986,"0"
10653,505,0,7713,"0"
2542,124,1,7713,"0"
4573,233,57,7713,"0"
4261,168,27,7713,"0"
910,36,6,7713,"0"
7959,330,16,7713,"0"
11326,449,6,7713,"0"
13115,533,3,7713,"0"
3866.2,202,10,7735,"0"
15692,894,50,7735,"0"
1202,43,55,7735,"0"
20103.6,1080,1,7735,"0"
30664.4,1384,8,7735,"0"
2667,143,37,7735,"0"
6076,324,10,3982,"0"
1660,96,24,7735,"0"
32519.6,1256,0,7735,"0"
1085,50,23,7735,"1"
46789.4,1742,0,3992,"0"
846.6,48,6,7735,"1"
1868,30,3,7735,"0"
12295,154,35,3992,"0"
11318,508,37,3993,"0"
2091,120,38,7735,"0"
6416,267,31,7735,"0"
5312,123,30,7735,"0"
37595.2,675,1,7735,"0"
3540,38,50,7735,"0"
16885,961,0,7735,"0"
1644,64,13,7735,"0"
3752,143,1,7735,"0"
4823,288,2,7735,"0"
920,92,48,7735,"0"
3638,204,8,7735,"0"
21080.6,331,16,7735,"0"
76472.65,2918,2,3990,"0"
27999.6,949,7,7735,"0"
1922,28,1,7735,"0"
2575.4,138,43,3991,"0"
1809.6,210,7,3990,"0"
972,39,34,7828,"0"
31980,370,1,7828,"0"
12109,688,24,7828,"0"
15496.4,471,9,7828,"0"
4980.6,332,15,3961,"0"
16614.4,684,8,3992,"0"
16776.25,421,12,3991,"0"
15996.93,436,7,3991,"0"
2686,146,2,3992,"0"
2595.2,124,7,3990,"0"
589644,34062,6,3990,"0"
25848.8,735,6,3993,"0"
31588.8,831,0,3992,"0"
5047.45,195,6,7749,"0"
27884,769,13,3992,"0"
28840,780,0,3989,"0"
22374.4,621,13,3989,"0"
2039.8,113,38,7749,"0"
7366,352,0,3990,"0"
17364,653,3,3993,"0"
45735.8,909,14,3990,"0"
10915,135,1,7713,"0"
47453.2,1030,3,7749,"0"
7709.4,324,23,7749,"0"
769,41,29,7735,"0"
5129.2,248,36,7735,"0"
10801.74,240,2,7735,"0"
114918.6,6272,3,4000,"0"
2389,137,38,3975,"0"
5260.4,248,2,3999,"0"
3679.8,204,8,3999,"0"
5658,324,8,3999,"0"
11529.4,1234,8,3998,"0"
9150,145,6,3997,"0"
20311.4,485,8,3982,"0"
37773.8,1790,3,3999,"0"
18034,488,1,3997,"0"
27275.6,744,0,3997,"0"
26393.2,717,0,3997,"0"
26455.2,740,3,3997,"0"
22994.8,628,13,3989,"0"
25587.2,693,3,3989,"0"
1087089,53055,0,3998,"0"
37907.4,1611,16,3998,"0"
16525,438,27,3998,"0"
5875,75,0,3997,"0"
23170.8,1432,2,3989,"0"
990,13,28,85,"0"
1476,57,9,85,"0"
5610,135,24,261,"0"
1296,35,7,261,"0"
3900,130,7,294,"0"
3919.52,111,6,294,"0"
5652,82,1,293,"0"
3099,59,1,293,"0"
2350.8,25,57,293,"0"
1260,70,0,293,"0"
1984,92,34,290,"0"
1800,58,50,290,"0"
3813.75,55,6,290,"0"
234,10,44,288,"0"
5211.6,242,15,293,"0"
1176,30,37,293,"0"
8566.8,479,2,265,"0"
11396.4,607,10,265,"0"
19002.96,1143,1,265,"0"
5895,64,14,262,"0"
2205,26,34,262,"0"
6157.2,317,22,262,"0"
14548.5,687,6,261,"0"
4130.4,362,42,260,"0"
1598.2,27,8,260,"0"
11898.8,1049,24,260,"1"
11707.2,972,13,260,"0"
3175.2,245,44,259,"1"
330,16,15,21,"0"
1957.2,54,9,267,"0"
2397.6,64,7,245,"0"
5629,249,3,240,"0"
3257,58,43,239,"0"
3765.6,148,7,238,"0"
3193,40,7,233,"0"
3304.8,125,49,265,"0"
3176,129,13,262,"0"
5203,162,10,262,"0"
3743.4,165,9,275,"0"
2244,89,35,274,"0"
5555,72,20,274,"0"
1900,21,8,269,"0"
3456,88,16,276,"0"
6064.4,410,28,273,"0"
4495,59,55,273,"1"
2140,215,31,272,"0"
31724.2,1516,6,269,"0"
1660,22,22,268,"0"
1818,101,16,268,"0"
1648.8,75,52,252,"0"
2832,44,1,252,"0"
2578.8,118,20,247,"0"
12041,223,8,255,"0"
6614.4,400,10,253,"0"
6264,174,8,267,"0"
870,15,1,266,"1"
1354.8,59,45,283,"0"
1750,24,21,228,"0"
3919.4,108,6,245,"0"
5199,89,23,253,"0"
4239.6,183,21,252,"0"
3420,46,55,247,"0"
4736,56,20,247,"0"
5538.6,98,36,246,"0"
5519,89,21,245,"0"
3406,186,8,279,"0"
2646,147,16,279,"0"
37469.2,3066,9,279,"0"
955,12,2,276,"0"
1475,19,16,276,"0"
1404,43,7,276,"0"
1720,21,58,275,"1"
1879.2,118,16,274,"0"
17810,875,2,269,"0"
5452.6,73,1,268,"0"
3035,40,56,267,"0"
1080,54,14,266,"0"
3812,105,7,266,"0"
3369,60,9,265,"0"
2650,38,30,288,"0"
9596.4,243,0,288,"0"
3509.23,89,9,288,"0"
340.6,25,43,288,"0"
5272,114,10,287,"0"
5554.02,141,10,287,"0"
24549,300,44,282,"0"
2233.6,126,36,282,"0"
4238.4,135,1,282,"0"
5047,109,10,282,"0"
6106.2,285,16,272,"0"
3320,45,31,269,"0"
1340,17,55,268,"0"
6713.69,165,3,267,"0"
18473.4,1239,27,266,"0"
2599.8,53,30,266,"1"
6465,119,8,206,"0"
1389.6,54,23,206,"0"
3472,164,7,204,"0"
1206,63,21,203,"0"
1417.2,114,2,203,"0"
3450,55,49,203,"0"
918,51,7,203,"0"
1218,33,20,202,"0"
2832,118,7,202,"0"
2620,32,7,199,"0"
1049.4,10,27,199,"0"
9546,479,7,259,"0"
1221,34,51,258,"0"
570,20,42,258,"0"
6556,83,6,258,"0"
745,18,9,79,"0"
2799,35,35,273,"0"
1888.2,55,24,272,"0"
990,55,0,270,"0"
7730.4,592,0,269,"0"
1975,27,48,269,"0"
5418,299,8,269,"0"
35976,1317,1,287,"0"
3820.2,118,15,282,"0"
1254,35,23,282,"0"
33033.95,837,3,281,"0"
4200,129,43,281,"0"
3785,47,7,272,"0"
4090,49,24,269,"0"
25402.8,723,1,262,"0"
9454.6,259,8,261,"0"
1222,29,8,245,"1"
22693,658,30,265,"0"
2765,70,34,263,"0"
2915,44,3,268,"0"
3200.4,110,10,268,"0"
2808,130,21,267,"0"
1296,60,58,267,"0"
1468.8,68,29,267,"0"
2268,105,43,267,"0"
3579,48,16,266,"0"
7267.2,264,13,244,"0"
2576.4,110,2,241,"0"
15642,659,0,241,"0"
1806,98,23,238,"0"
705,17,59,231,"0"
5688,325,8,225,"0"
1785,21,1,225,"0"
9145,103,0,219,"0"
3518.4,156,9,266,"0"
4387.8,172,2,266,"0"
1218,50,21,266,"0"
1741,28,50,265,"0"
1367,38,2,265,"0"
3546.8,159,58,265,"0"
5400,218,9,262,"0"
1895,19,3,262,"0"
2884.6,108,3,261,"0"
10380.4,270,9,261,"0"
1118.4,30,8,262,"0"
1296,72,6,261,"0"
6600,330,50,259,"0"
1324.2,53,16,259,"0"
1771.2,117,30,255,"0"
7399.6,98,8,255,"0"
4684.8,181,21,253,"0"
1081.2,103,42,252,"0"
5332.8,421,23,248,"0"
3225.6,102,2,259,"0"
3676,49,9,258,"0"
3529,110,24,255,"0"
1996.6,42,56,253,"0"
10065.6,304,9,253,"0"
2932.8,216,16,258,"0"
8793,385,10,258,"0"
5428.2,244,8,258,"0"
1540,18,6,253,"0"
4720,249,7,252,"0"
913.2,68,48,252,"0"
8905,149,27,281,"0"
2470,32,7,280,"0"
11518.4,139,1,279,"0"
12062,177,3,277,"0"
1330.4,17,38,276,"0"
4381.2,153,2,275,"0"
5866,76,2,275,"0"
15140,166,1,275,"0"
932.4,51,22,274,"0"
8646,459,0,273,"0"
3088.4,54,3,273,"0"
4456.8,125,6,282,"0"
3595,47,8,282,"0"
7657.2,339,0,281,"0"
3185,41,0,281,"0"
990,28,31,280,"0"
30186,1286,20,277,"0"
2820,44,29,275,"0"
2155,28,23,253,"0"
5631.4,161,22,252,"0"
830,13,22,248,"0"
7694.4,354,14,245,"0"
681,39,22,245,"0"
936,52,57,244,"0"
4200,68,9,240,"0"
1756,33,8,239,"0"
1902.4,25,31,266,"0"
6916.2,355,29,262,"0"
13500,375,0,261,"0"
10477.2,137,6,262,"0"
8560,104,6,261,"0"
6165,71,1,260,"0"
933.05,18,41,260,"0"
5292.6,87,7,259,"0"
17616,429,6,255,"0"
1969.2,97,1,78,"0"
2128.8,86,9,77,"0"
1950,65,7,73,"0"
580,8,22,196,"0"
1692,94,24,192,"0"
3625.2,134,6,191,"0"
16489.8,624,2,190,"0"
2951,42,21,188,"0"
2417,35,13,185,"0"
2782.8,282,9,273,"0"
12738,227,21,272,"0"
6907.8,122,1,272,"0"
1755,47,13,272,"0"
5113.2,230,2,272,"1"
1305,16,1,269,"1"
9630,247,23,260,"0"
2527.2,134,6,259,"0"
2232,127,28,241,"0"
6004,240,0,237,"0"
2688,148,13,240,"0"
11806,143,0,234,"0"
9919,188,0,206,"0"
5846.4,351,6,251,"0"
10567.4,455,20,247,"0"
3070,34,30,246,"0"
2296,135,14,246,"1"
25041.8,1221,2,246,"0"
2735,32,34,245,"0"
12574.8,634,0,245,"0"
1008,49,14,244,"0"
2178.4,83,13,244,"0"
10102.08,533,0,244,"0"
9062.5,426,2,241,"0"
7185,85,28,265,"0"
1480,15,1,265,"0"
2909,45,2,262,"0"
6531.54,169,1,224,"0"
372,18,2,224,"0"
710.4,61,42,246,"1"
9677.4,331,0,245,"0"
5826,275,9,245,"0"
4832.4,261,2,260,"0"
10955,418,21,259,"0"
3655,41,29,259,"0"
1470,30,21,259,"0"
6912,267,3,258,"0"
3751,57,1,258,"0"
9195,125,3,258,"0"
6766,468,6,258,"0"
3170,72,1,258,"0"
1662.8,50,24,255,"0"
2376,122,7,254,"0"
21517.4,538,0,254,"0"
6840,379,6,258,"0"
313.2,10,55,255,"0"
4266,90,14,253,"0"
8884.2,174,6,263,"0"
8037.2,153,7,260,"0"
1461,51,23,260,"0"
1331.2,27,34,259,"0"
1055,15,55,258,"0"
2236,128,20,258,"0"
2732,31,2,252,"0"
5520,160,9,247,"0"
3005,35,36,259,"0"
1844.4,76,35,255,"0"
1680,40,23,255,"0"
1728,48,38,255,"0"
2692.4,66,36,253,"0"
4984.8,137,9,253,"0"
4638,119,7,252,"0"
14507.09,424,2,272,"0"
20990,228,13,272,"0"
18004,213,1,272,"0"
44934,1490,22,268,"0"
5116.4,164,2,267,"0"
2142,110,1,267,"0"
4328,82,9,267,"0"
10090.27,261,0,266,"0"
1550,18,24,237,"0"
1740,26,59,237,"0"
342,18,21,237,"0"
1440,29,20,233,"0"
2505,33,27,232,"0"
8942,191,7,228,"0"
1056.6,16,28,268,"0"
3921.6,208,13,267,"0"
4500,50,41,267,"0"
1813.2,144,13,267,"0"
1144.2,18,36,267,"0"
2630,32,28,266,"0"
5071.2,71,0,266,"0"
4790.4,139,15,265,"0"
4437.6,356,35,262,"0"
2810.05,53,6,206,"0"
1180,15,99,258,"1"
1009.2,46,50,256,"0"
3104,218,38,256,"0"
2088,62,7,275,"0"
1916.4,97,35,273,"0"
3401,41,0,269,"0"
3154.4,310,15,269,"0"
2443,30,44,269,"1"
6577,258,29,268,"0"
9312,315,38,268,"0"
4593.57,99,13,268,"0"
2175,28,14,255,"0"
2007,50,3,245,"0"
3213,47,22,244,"0"
1126.8,50,6,183,"0"
1926,31,37,183,"0"
360,20,43,182,"1"
1870.8,89,22,181,"0"
11543.6,221,0,177,"0"
1622,23,44,259,"0"
2165,24,24,256,"0"
1788,82,23,274,"0"
1962,58,31,269,"0"
360,20,48,66,"0"
3139.2,81,16,255,"0"
2707.2,73,16,255,"0"
5113.8,68,0,255,"0"
1455,18,38,254,"1"
1839.6,53,37,252,"0"
19165.4,508,6,245,"0"
11950,132,8,244,"0"
11464.8,327,2,244,"0"
6919,137,0,240,"0"
4836.6,85,13,239,"0"
2222.4,156,6,238,"0"
4188.8,67,1,237,"0"
4290,62,9,234,"0"
5195,66,16,234,"0"
46730.4,1585,0,234,"0"
1530,81,50,239,"0"
3682.8,211,41,239,"0"
2239.2,91,35,233,"0"
12572,516,13,254,"0"
15486,436,1,254,"0"
4775,66,15,253,"0"
6220,74,22,253,"0"
11078.8,594,7,248,"0"
6624,491,0,247,"0"
6604,602,7,258,"0"
6754,126,6,255,"0"
708,22,55,255,"0"
2130,71,9,255,"0"
504,24,15,203,"0"
2485,37,22,203,"0"
1722,95,1,202,"0"
3015,36,41,198,"0"
7092,234,9,198,"0"
3592.8,188,10,223,"0"
1785,155,20,220,"0"
2541,30,1,220,"0"
1285,17,9,218,"0"
2022,72,16,224,"1"
2202,31,2,261,"1"
2486.6,38,34,261,"0"
984,25,43,261,"1"
4969.2,166,10,259,"0"
6440,75,8,259,"0"
2122.12,48,14,251,"0"
6976,171,13,248,"0"
2916,81,22,248,"0"
4439,116,28,266,"0"
67405.4,1776,1,266,"0"
5328.2,116,22,266,"0"
2520,70,29,266,"0"
3443.4,164,6,265,"0"
1434,54,1,265,"0"
2522.6,82,15,265,"0"
14601.6,478,6,262,"0"
38899.2,1597,3,261,"0"
9691.8,672,1,230,"0"
2936,95,1,228,"0"
8116,510,2,226,"0"
5388,374,10,226,"0"
3877.2,130,20,225,"0"
1985,31,9,224,"0"
4061,73,30,224,"0"
13170.2,160,0,223,"0"
3841.2,196,28,220,"0"
1839.6,88,49,226,"0"
2672,41,20,223,"0"
6790.8,279,15,220,"0"
2250,31,9,219,"0"
7948,94,8,254,"0"
1736,98,21,254,"0"
2034,113,7,267,"0"
4498.8,173,7,267,"0"
7980,107,1,267,"0"
1505,24,55,266,"1"
5880,101,7,266,"0"
3880,50,28,266,"0"
1914,51,31,265,"0"
1638,54,37,265,"0"
4292,61,8,262,"0"
11159.4,441,0,260,"0"
3990,57,10,259,"0"
6271,96,1,259,"0"
15995.48,1174,2,254,"0"
11030.4,547,0,253,"0"
1380.4,61,56,253,"1"
6799,383,2,251,"0"
2660.6,98,20,251,"1"
3165.6,152,27,248,"0"
1165,15,42,237,"0"
1130,19,0,234,"0"
10295,181,6,231,"0"
2182.8,142,1,175,"0"
4956,58,0,175,"0"
2635.2,133,0,174,"0"
3984,172,7,171,"0"
3894,211,15,253,"0"
5916,311,3,252,"0"
4680,90,57,252,"1"
3864,139,8,248,"0"
8731.8,248,0,247,"0"
760,10,45,65,"0"
1870,25,1,57,"0"
6967.2,192,6,268,"0"
2697,57,3,267,"0"
2691,40,0,267,"0"
1765,28,22,267,"0"
3605.8,113,20,267,"0"
2520,130,20,267,"0"
1012.8,27,1,266,"0"
14150.75,280,9,266,"0"
1385,21,49,266,"0"
673,11,56,266,"0"
3549,123,7,266,"0"
486,17,34,265,"0"
1235,21,28,265,"0"
3084,91,24,244,"0"
900,90,38,241,"0"
1647,58,9,240,"0"
1514.4,32,23,213,"0"
4975.2,284,1,231,"0"
1768.4,122,28,231,"0"
1068,18,8,231,"0"
10252.8,489,0,230,"0"
1815.6,80,3,230,"0"
9036.8,613,9,231,"0"
2330.6,85,37,230,"0"
620,6,49,227,"0"
720,20,15,217,"0"
2032,169,30,217,"0"
2116,46,28,216,"0"
1185,12,8,212,"0"
1494,83,8,248,"0"
3134.4,90,8,245,"0"
108,3,20,240,"0"
1718.4,47,14,240,"0"
1375.2,48,24,247,"0"
15498,221,2,246,"0"
2445,34,7,245,"0"
8918,134,1,234,"0"
10360.42,229,2,234,"0"
3465,43,14,234,"0"
3708,103,14,259,"0"
3602.4,120,20,259,"0"
132,5,23,259,"1"
1920,64,6,259,"0"
11280.4,351,13,258,"0"
6562.2,86,2,258,"0"
20614,500,0,258,"0"
3970,52,6,218,"0"
13500,170,0,218,"0"
756.6,15,24,216,"0"
2264,222,42,258,"0"
1735,20,15,255,"0"
1315,15,42,255,"1"
518.4,54,31,253,"1"
1903.1,141,49,253,"1"
9924.06,312,8,253,"0"
15854.4,697,9,253,"0"
2142,65,2,259,"0"
5969,89,3,259,"0"
7440,115,15,259,"0"
3590,66,35,260,"0"
18116,880,10,260,"0"
3390,49,1,260,"0"
17329.6,534,2,260,"0"
7881.2,232,8,219,"0"
3096,107,0,219,"0"
3406.2,162,0,219,"1"
1595,17,45,217,"0"
8510.8,339,14,253,"0"
1910,171,22,252,"0"
17010,251,3,252,"0"
1365,23,0,252,"0"
4500,450,14,251,"0"
8239.2,416,7,251,"0"
2463,39,3,248,"0"
1872,52,57,247,"0"
3671.6,236,2,245,"0"
4840,61,22,247,"0"
4285.6,99,7,247,"0"
7565.8,415,0,246,"0"
5961.6,310,23,244,"0"
12054.8,626,2,244,"0"
1725,25,14,223,"0"
1869.6,99,29,163,"0"
864,47,15,163,"0"
720,30,57,161,"0"
4914,273,6,158,"0"
4654.2,60,1,158,"0"
1342.2,22,56,158,"1"
1665,24,56,155,"0"
7833.6,347,3,240,"0"
1582.8,82,8,238,"0"
5935,80,8,245,"0"
7206,338,3,244,"0"
9379.4,274,0,240,"0"
2600,31,3,56,"0"
4026,120,14,265,"0"
11396.2,461,1,265,"0"
6546.4,257,1,262,"0"
2688,98,0,262,"0"
5061,69,27,262,"0"
11463.6,348,7,262,"0"
1825,33,15,262,"0"
2742,95,21,262,"0"
12439.2,355,59,262,"0"
1257.6,37,30,261,"0"
10332,564,20,260,"0"
9291.4,148,2,255,"0"
13986.6,220,1,254,"0"
2232,50,6,254,"0"
6814,119,23,254,"0"
14283,326,0,254,"0"
9429,133,10,254,"0"
2698.8,146,0,253,"0"
3708,182,10,251,"0"
3955,71,52,249,"0"
6411.8,215,10,248,"0"
1286.4,63,13,248,"0"
1141.2,30,1,234,"0"
8100,225,1,232,"0"
5225,65,14,232,"0"
11734.8,352,8,232,"0"
6480.6,247,41,210,"0"
1092,26,38,204,"1"
930,20,55,202,"0"
15348,680,0,199,"0"
2723.8,76,14,197,"0"
2110,34,44,211,"0"
5240,63,0,210,"1"
1833.4,51,49,210,"0"
9230.2,178,6,209,"0"
3517.8,176,9,206,"0"
1782,99,22,202,"0"
792,39,56,226,"1"
6170,95,8,225,"0"
2885,61,27,223,"0"
7453.8,272,3,227,"0"
11232,1170,3,226,"0"
13548,1403,3,226,"0"
8640,900,8,226,"0"
15744,1640,1,225,"0"
4766.4,243,14,223,"0"
13905.7,564,8,220,"0"
4976.4,214,14,220,"0"
14192.1,744,1,219,"0"
2265,31,8,219,"0"
14324.2,573,8,219,"0"
1098,49,21,223,"0"
10618.8,475,10,220,"0"
1233.6,60,37,219,"0"
166.8,7,29,218,"0"
4656,174,6,241,"0"
1825.2,80,38,240,"0"
8454.6,288,3,239,"0"
1044,56,8,239,"0"
921.6,47,55,238,"0"
1551.84,50,7,237,"0"
2100,83,20,235,"0"
2978.4,115,9,190,"0"
9900.4,417,2,185,"0"
4112,112,6,255,"0"
3259,41,8,255,"0"
14470.8,711,1,255,"0"
13679,169,9,254,"0"
792,22,28,253,"0"
2915,108,20,252,"0"
9553.6,140,2,252,"0"
5852.4,189,1,251,"0"
11289.8,331,24,249,"0"
4010.4,133,7,248,"0"
3295,81,56,252,"1"
1988.4,197,13,252,"0"
4258.2,247,1,252,"0"
12928.2,163,6,251,"0"
4305,51,23,251,"0"
1537.2,122,22,251,"0"
1981.2,57,16,248,"0"
2673,56,21,248,"0"
7100.4,118,1,248,"0"
1382.4,40,43,248,"0"
935.2,63,41,247,"0"
4385.2,275,33,246,"0"
8245,96,16,211,"0"
432,14,21,211,"1"
1205,19,16,210,"0"
1080,60,21,206,"0"
3564,183,8,212,"0"
1629.6,60,28,209,"0"
4222,102,13,206,"0"
1266,38,34,244,"0"
5262,367,0,240,"0"
2172,97,14,240,"0"
4176,226,6,239,"0"
1500,50,16,238,"0"
8692.8,396,1,237,"0"
3245,39,28,237,"0"
5452.4,89,14,238,"0"
8204.8,279,6,231,"0"
6074.4,245,14,230,"0"
3686.2,104,9,240,"0"
2225.4,40,22,240,"0"
2730.4,268,24,240,"0"
9110.4,894,0,239,"0"
3204.6,187,30,234,"0"
17930,246,0,233,"0"
11929.6,797,2,245,"0"
4380.6,59,28,244,"0"
2872.8,149,0,241,"0"
3189,92,42,241,"0"
2087.4,75,0,240,"0"
1368,42,7,240,"0"
4001,77,1,240,"0"
2342,30,9,239,"0"
9778,135,3,220,"0"
4392,218,3,216,"0"
1184.4,43,34,189,"0"
1555.2,162,59,154,"0"
1779.6,92,21,153,"0"
4575,66,6,153,"0"
729.6,58,6,153,"0"
2106,109,24,238,"0"
6189,98,3,260,"0"
25589,2537,2,259,"0"
2345,32,55,258,"0"
1506,58,9,256,"0"
4624,77,22,255,"0"
4730,124,37,255,"0"
4492.8,163,24,259,"0"
5270.4,187,27,259,"0"
14745.05,972,2,259,"0"
1332,37,30,259,"1"
860,60,55,258,"1"
7841.31,281,0,258,"0"
5400,151,1,255,"0"
3744,241,9,255,"0"
3126.4,43,3,255,"0"
4400.79,89,21,255,"0"
2003,48,8,255,"0"
7787.3,253,0,255,"0"
1734,87,44,255,"0"
3067,64,3,255,"0"
2484,129,19,254,"0"
3508.8,125,23,254,"0"
21718,268,0,253,"0"
22122,780,34,234,"0"
6770,183,16,234,"0"
1230,46,36,245,"1"
9596.4,487,8,245,"0"
1760,22,27,245,"0"
2295.6,171,10,244,"0"
940.45,39,20,244,"1"
4015,51,9,244,"0"
1785.6,100,15,241,"0"
2250,30,49,240,"0"
3816,175,29,197,"0"
2476.8,84,23,189,"0"
1530,85,16,188,"0"
492,23,14,218,"1"
4352.4,182,6,217,"0"
3355.6,151,8,217,"0"
898.8,65,57,216,"0"
14079.4,481,0,213,"0"
1144,88,8,209,"0"
1758,54,20,234,"0"
2195,29,50,230,"0"
7646.2,159,2,183,"0"
3808,64,22,182,"0"
3195.8,57,2,182,"0"
2708,38,13,182,"0"
4610,61,1,182,"0"
366,11,23,176,"0"
810,37,9,171,"0"
2335.6,44,14,168,"1"
14616,256,13,218,"0"
11336,756,5,212,"0"
10006.8,538,10,212,"0"
2467.2,132,2,212,"0"
1836,97,3,211,"0"
2677.2,126,59,211,"0"
815,11,31,211,"0"
1517.8,63,27,210,"0"
2606.4,122,37,247,"0"
3297,65,2,246,"0"
1093.2,17,36,245,"0"
1198.8,37,49,202,"0"
3681,190,3,197,"0"
5042.4,192,8,191,"0"
6559,90,3,188,"0"
3625,39,21,185,"0"
4131.4,62,1,227,"0"
1416,51,14,227,"0"
16040.4,465,3,226,"0"
3216.6,96,23,225,"0"
2138.4,53,16,224,"0"
1234,24,43,230,"0"
41529.6,1384,1,227,"0"
2350,32,16,226,"0"
1540,22,14,203,"0"
5372.99,3592,44,203,"0"
12513.6,581,3,198,"0"
17676.6,824,2,197,"0"
7125.17,171,14,204,"0"
1836,85,13,203,"0"
4315,58,0,202,"0"
2998,39,56,196,"0"
9595.2,295,7,191,"0"
1620,90,42,232,"0"
10404,192,21,230,"0"
21087.6,957,6,230,"0"
8091.2,526,7,227,"0"
1742,70,0,227,"0"
4984.4,280,20,226,"0"
3146.4,79,51,226,"0"
2878.8,141,16,226,"0"
3126,85,9,225,"0"
2870.8,38,38,247,"0"
3580.8,108,21,247,"0"
12499,159,1,245,"0"
5199.9,133,2,245,"0"
3924,191,34,244,"1"
739.2,23,48,244,"1"
1655,21,13,240,"0"
6021,90,9,240,"0"
1053.6,37,21,239,"0"
2700,88,38,238,"0"
2180,35,28,233,"0"
2022,87,51,232,"0"
3600,100,28,232,"0"
9879.2,155,10,231,"0"
9485,116,6,226,"0"
3967.4,160,6,226,"0"
710,9,56,225,"0"
22886.47,549,0,210,"0"
2655,45,34,209,"0"
1492,46,15,206,"0"
3605,44,58,255,"0"
12582,449,2,254,"0"
2916,81,30,254,"0"
3635,41,20,253,"0"
5225,77,8,252,"0"
17001.6,727,1,248,"0"
1500,65,21,248,"0"
1564.33,31,13,183,"0"
2952,82,6,175,"0"
1710.64,45,27,175,"0"
8125.2,212,1,149,"0"
5680,378,0,148,"0"
1512,84,7,147,"0"
16093.2,815,2,147,"0"
1753.2,84,23,146,"0"
1003,44,29,146,"0"
2655,35,7,146,"0"
1086,61,21,239,"0"
20876.2,298,8,230,"0"
2940,81,37,248,"0"
1642.8,47,20,247,"0"
2460,120,10,247,"0"
11079.55,304,3,246,"0"
2012.4,110,3,246,"0"
9314.6,382,6,246,"0"
3124.8,127,23,245,"0"
3480,43,16,244,"0"
13263.6,484,22,202,"0"
51253.2,2319,3,204,"0"
40589,539,1,203,"0"
6255.5,155,6,163,"0"
344.4,10,24,163,"0"
14895,153,1,161,"0"
1385,16,0,204,"0"
3085.2,185,8,204,"0"
7731.6,804,6,203,"0"
5760,83,6,203,"0"
10920,323,38,203,"0"
870,13,55,202,"0"
3038.4,126,41,202,"0"
980,13,8,200,"0"
1290,16,14,198,"1"
11468.4,348,1,220,"0"
3152.4,129,13,216,"0"
950,10,43,246,"1"
77340,2225,6,246,"0"
1395.6,36,31,244,"0"
7071.74,173,21,240,"0"
11060,162,27,240,"0"
13830,252,16,240,"0"
2458,190,41,220,"0"
2944,56,23,218,"1"
3618,96,20,216,"0"
6607.6,366,7,234,"0"
2082.32,58,51,232,"0"
1822,117,10,230,"0"
1421,18,14,177,"0"
10300.92,332,1,237,"0"
1939.2,76,15,237,"0"
1304.4,19,43,237,"0"
4500,142,0,234,"0"
28512,792,6,234,"0"
8837,130,8,234,"0"
14083.2,568,1,234,"0"
4495.6,75,7,233,"0"
3451.4,52,27,233,"0"
13759,423,1,224,"0"
1077,57,55,223,"0"
751.2,36,10,223,"0"
4622,236,6,217,"0"
6439,112,6,217,"0"
1962,95,50,216,"0"
8635,106,0,238,"0"
3075.4,112,7,238,"0"
4002,148,27,238,"0"
5997.6,314,8,237,"0"
1650,33,6,237,"0"
1123.2,50,7,234,"0"
2090,29,56,233,"0"
8265,105,3,233,"0"
1404,62,55,232,"0"
2322,129,2,224,"0"
976.8,32,22,224,"0"
1688.4,89,31,223,"0"
540,29,34,223,"0"
1070.4,53,3,219,"0"
1540.4,97,50,219,"1"
1248,102,13,219,"0"
4326,179,2,218,"0"
8872,123,0,218,"0"
13106,846,0,217,"0"
612,17,13,216,"0"
679.2,26,42,184,"0"
2667,46,7,184,"0"
710,10,41,184,"0"
1469.4,58,3,183,"0"
1654.8,77,3,183,"0"
5347.2,68,8,182,"0"
2660,34,1,182,"0"
7260,104,20,182,"0"
7306,95,0,179,"0"
3345,43,14,177,"0"
4033.2,190,13,195,"0"
16252.8,232,2,191,"0"
466.8,14,2,189,"0"
2808,156,8,189,"0"
4575.8,66,1,188,"0"
1495,21,16,218,"0"
1046,13,0,216,"0"
4264.2,197,10,237,"0"
5796,277,1,237,"0"
2482.8,251,3,237,"0"
54594,1661,0,237,"0"
1603.2,44,7,234,"0"
1433.4,93,23,234,"0"
2251.2,138,6,232,"0"
1357.2,82,10,231,"0"
920,11,20,227,"0"
1327,56,14,140,"0"
360,20,8,140,"0"
26964,642,0,140,"0"
31122,741,0,140,"0"
16044,382,2,140,"0"
4806,81,21,140,"0"
4502.4,104,3,135,"0"
1551,69,34,135,"0"
435,8,9,135,"0"
24374.76,357,1,244,"0"
10015,128,3,244,"0"
9465.96,345,7,240,"0"
8875.2,316,2,240,"0"
460.33,8,10,240,"0"
4749.56,94,1,240,"0"
1500,22,57,240,"0"
1020,54,55,239,"1"
1058.4,61,2,238,"0"
7492.8,330,1,238,"0"
8307.8,239,2,238,"0"
6378,526,0,237,"0"
7932,614,1,237,"0"
37890,1042,2,237,"0"
2315.4,77,29,237,"0"
2840,35,36,237,"1"
2993,35,9,228,"0"
3555.6,97,3,223,"0"
2465.73,67,57,220,"0"
7350,175,2,220,"0"
573.6,30,36,219,"0"
6156,171,6,218,"0"
906,25,8,213,"0"
6197.16,134,0,213,"0"
7246,112,2,210,"0"
828,47,7,45,"0"
810,11,14,38,"0"
540,30,6,37,"0"
1055,14,15,34,"0"
2976,161,14,227,"0"
2255,27,20,227,"0"
712.8,30,9,226,"1"
2496,36,47,226,"0"
2476.8,248,38,225,"0"
3067,47,7,224,"0"
4068,211,23,150,"0"
1296,72,1,149,"0"
2085,29,1,148,"0"
2309.4,66,15,199,"0"
4989.05,146,2,198,"0"
774,42,21,197,"0"
1411,19,29,191,"0"
1770,23,2,212,"0"
1815,23,7,209,"0"
3850.2,94,2,206,"0"
3650,43,27,205,"0"
23715.6,846,3,205,"0"
684,34,1,203,"1"
2189.4,102,42,196,"0"
2316.8,106,1,192,"0"
2959.2,56,8,202,"0"
872.4,55,3,198,"0"
1550,38,5,198,"1"
449.4,17,9,197,"0"
5270,64,15,197,"0"
8576.64,477,1,197,"0"
2065,27,13,192,"0"
1660.8,49,0,210,"0"
1976.4,64,6,210,"0"
10274.8,216,7,210,"0"
648,57,48,209,"0"
7200,240,3,204,"0"
2612.4,110,5,225,"0"
2160,120,7,171,"0"
2867,262,48,171,"1"
5598,223,21,231,"0"
4740.6,132,21,231,"0"
5444.4,219,21,231,"0"
3660,51,38,231,"0"
3769,56,37,230,"0"
26456,857,0,226,"0"
3662,251,51,225,"0"
4178,114,21,224,"0"
14852.4,424,6,224,"0"
2056.8,109,29,223,"0"
18364.8,729,1,223,"0"
2160,62,36,220,"0"
3492.8,91,41,220,"0"
1035,13,13,182,"0"
1148,107,34,176,"0"
9536.4,390,10,171,"0"
1286,19,36,171,"0"
3849.6,100,15,171,"0"
3505.8,105,34,206,"1"
2422.8,111,8,216,"0"
6058,408,8,214,"0"
16869.6,867,1,213,"0"
4817.28,100,20,211,"0"
7146,343,0,205,"0"
9583,222,0,195,"0"
2501,35,7,190,"0"
2178.2,29,8,230,"0"
6116.6,131,8,230,"0"
7537,102,2,230,"0"
4467.6,133,16,228,"0"
8275,110,10,226,"0"
4282.4,181,2,224,"0"
3296.8,133,3,223,"1"
3740,132,8,220,"0"
1471.2,148,33,217,"0"
1726,20,43,177,"0"
2745,49,0,175,"0"
10007.6,146,7,174,"0"
3840,54,7,174,"0"
730,45,29,170,"0"
1947.2,46,10,133,"0"
2625.6,133,6,133,"0"
1225,29,20,133,"0"
1817,34,3,133,"0"
1421.4,40,3,132,"0"
681,9,20,132,"0"
808,56,13,129,"0"
2722,37,37,238,"0"
4410,67,9,238,"0"
5490,79,31,235,"0"
2139,62,10,233,"0"
3056,41,1,232,"0"
648,22,27,231,"0"
13707,280,6,231,"0"
2088.4,42,10,231,"0"
20538.4,1042,1,231,"0"
1267.2,36,27,230,"0"
2861.4,35,48,230,"0"
231.6,11,6,147,"1"
1688,28,55,209,"0"
12196.4,739,1,231,"0"
180,10,8,231,"1"
2800,47,14,230,"0"
7983.75,145,21,226,"0"
900,42,24,192,"0"
3866,65,14,191,"0"
870,12,14,30,"0"
363.6,17,22,27,"1"
8324.2,703,15,190,"0"
1862.4,194,16,189,"0"
2444.4,130,6,189,"0"
1228.8,128,20,185,"0"
3708,159,13,183,"0"
1458,85,21,181,"0"
2609.2,69,29,178,"0"
274691,14196,9,178,"0"
1135,15,0,178,"0"
7750,357,20,174,"0"
2166,110,23,142,"0"
4158,99,1,140,"0"
2086,28,47,139,"0"
680,16,55,136,"0"
1140,20,42,136,"1"
8390.4,329,3,135,"0"
348041.8,17549,2,199,"0"
17639,697,1,199,"0"
10652.4,336,6,198,"0"
2412,110,6,198,"0"
3160,45,15,197,"0"
580,8,43,197,"1"
1090,16,59,195,"0"
3294,124,5,192,"0"
990,55,9,191,"0"
3060,170,2,189,"0"
1359.6,55,27,189,"0"
9033.6,314,0,188,"0"
1214.4,30,51,203,"0"
8840,884,1,196,"0"
720,20,7,193,"0"
7513.2,227,1,193,"0"
1967,31,31,188,"0"
1212.46,37,27,219,"0"
475,5,34,217,"0"
9131.4,301,0,216,"0"
1165.8,66,9,213,"0"
1704,49,31,210,"0"
5052,145,10,209,"0"
7350.36,121,35,205,"0"
274.8,13,183,203,"1"
566.4,30,36,191,"0"
2090.4,61,35,191,"0"
3000,83,20,189,"0"
1412,24,42,188,"0"
560,12,20,188,"0"
2664,77,48,186,"0"
1047,16,21,186,"1"
1440,80,10,184,"0"
1026,57,35,184,"0"
1440,71,14,158,"0"
2744.35,49,16,157,"0"
1430,16,37,154,"1"
3989.2,182,30,153,"0"
3125,40,22,219,"0"
508.8,14,59,219,"0"
9267.6,414,13,219,"0"
15021,502,2,218,"0"
744,20,8,218,"0"
2727.4,37,23,216,"0"
3195,39,38,216,"0"
6390,218,1,213,"0"
748.8,36,44,212,"0"
2270,25,38,212,"0"
1350,70,9,211,"1"
8080,326,0,211,"0"
1684.8,66,15,210,"0"
3490,40,8,210,"0"
2404.8,117,27,209,"0"
1380,72,44,209,"0"
7213,271,9,164,"0"
1280,16,28,157,"0"
1755,33,6,196,"0"
1939.91,43,13,185,"0"
6117.6,184,20,189,"0"
765.6,22,36,185,"0"
10081.2,323,7,184,"0"
10720.8,345,7,184,"0"
5535,95,0,183,"0"
2973.6,93,13,179,"0"
1730,24,3,177,"0"
6174,266,8,176,"0"
5979,106,14,176,"0"
6670,75,8,223,"0"
2640,67,31,223,"0"
874.8,42,27,220,"1"
1980,60,6,220,"0"
12694.8,418,2,219,"0"
1164,31,6,219,"0"
2270,26,9,219,"0"
1401.6,43,29,219,"0"
3403.2,104,37,219,"0"
1505,17,41,219,"0"
8755,103,8,219,"0"
563,36,1,218,"0"
3631.2,140,38,218,"0"
2740.8,94,8,218,"0"
2514.8,30,0,216,"0"
3712,49,6,216,"0"
7161,105,8,213,"0"
11876.53,292,0,213,"0"
6316.75,142,1,212,"0"
4603.8,144,1,212,"0"
3706.8,121,30,212,"0"
4176,207,0,211,"0"
9551.35,220,1,210,"0"
4710,153,0,210,"0"
1809.6,59,34,210,"0"
1386,72,9,209,"0"
1770,27,34,155,"0"
3720,41,35,168,"0"
3980,398,36,164,"0"
8995,110,2,163,"0"
3912,325,3,161,"0"
2268,63,16,161,"0"
2313.6,33,0,160,"0"
1740,25,16,157,"0"
850,11,58,155,"0"
1442.4,55,21,205,"0"
4270,60,1,204,"0"
3192,149,0,204,"0"
2410,34,9,191,"0"
2628.44,52,9,190,"0"
6395,85,36,190,"0"
1291.2,51,23,189,"0"
1424,94,35,188,"0"
2620.2,116,10,183,"0"
1020,13,43,182,"0"
2901.4,67,20,202,"0"
3976.8,152,0,199,"0"
1954.8,64,31,198,"0"
6430.8,317,1,198,"0"
7257.6,305,92,197,"0"
4402.8,215,0,197,"0"
2780,33,21,196,"0"
13725,211,8,196,"0"
3898.8,68,22,191,"0"
1610,22,16,217,"0"
2857.2,150,15,217,"0"
2150.05,33,44,216,"0"
2143.8,113,29,216,"0"
2022,61,7,216,"0"
2241.2,60,29,216,"0"
1960.2,68,49,216,"1"
4521.6,408,0,213,"0"
3301.2,160,9,212,"0"
1602,89,8,212,"0"
1551.6,43,2,211,"0"
1850.4,63,3,211,"0"
1940,27,35,210,"0"
1774.8,146,20,210,"0"
1540,19,1,206,"0"
1824,64,37,206,"0"
6461.86,135,1,206,"0"
1554,114,1,205,"0"
2898,121,7,183,"0"
2465,33,8,183,"0"
7750,90,1,182,"0"
7596,303,2,178,"0"
1056,39,10,126,"0"
3579.6,156,1,126,"0"
3088,145,6,126,"0"
1098,22,22,122,"0"
2750,42,3,120,"0"
2560,32,13,120,"0"
495,27,6,120,"0"
580,6,57,119,"1"
1030.8,45,34,119,"0"
960,12,45,203,"0"
11593.2,608,3,199,"0"
810,49,57,198,"0"
2694.26,57,6,140,"0"
16599.6,465,0,135,"0"
1684.8,50,9,225,"0"
1557.6,45,31,224,"0"
10099.2,289,6,223,"0"
1752,47,9,220,"0"
5690.4,183,1,218,"0"
4978.8,139,9,217,"0"
2397,94,1,213,"0"
1728,80,21,213,"0"
6696,380,0,226,"0"
4731,74,29,225,"0"
3573,97,21,225,"0"
8504.6,481,7,224,"0"
11566,354,52,220,"0"
17357.6,1652,3,220,"0"
10445,133,8,220,"0"
4382.4,75,6,219,"0"
1602,49,27,219,"1"
3911,46,20,219,"0"
3696,116,2,218,"0"
3025,43,23,218,"0"
8654,169,0,216,"0"
6474,98,9,216,"0"
4584,235,0,211,"0"
8733.4,526,0,175,"0"
619.2,27,45,172,"0"
1198.4,92,23,163,"0"
5190.4,205,2,160,"0"
7806,409,7,160,"0"
7330,96,1,157,"0"
2256,60,16,179,"0"
4392,122,8,178,"0"
1994,46,1,177,"0"
1213.2,39,57,185,"0"
3193,40,20,183,"0"
2498.4,209,27,157,"0"
662.4,26,28,154,"0"
831.6,34,22,154,"0"
2451.6,84,31,184,"0"
5370,68,6,182,"0"
1059.6,42,27,134,"0"
1845,26,42,133,"1"
2445,31,7,132,"0"
1112,33,16,148,"0"
3510,43,14,147,"1"
2447,54,7,146,"0"
2409.6,78,23,206,"0"
2510,33,10,205,"0"
793,26,2,205,"0"
5621,109,2,204,"0"
10746.8,438,2,203,"0"
1050,35,52,177,"0"
730.8,41,35,171,"0"
1285,28,58,178,"1"
774,43,38,177,"0"
1872,88,7,174,"0"
5687,143,8,172,"0"
718.8,31,7,164,"0"
6137,136,2,161,"0"
3260,42,16,185,"0"
540,7,34,157,"0"
4151.6,102,27,202,"0"
1008,33,35,202,"0"
1380,19,29,196,"1"
4962,61,37,211,"0"
2102.4,70,2,210,"0"
2317.8,121,8,210,"0"
3312,92,6,209,"0"
7510,86,3,209,"0"
37032,1080,3,206,"0"
856.15,11,43,130,"0"
360,20,31,128,"1"
10881.6,488,2,114,"0"
1812,98,13,114,"0"
1868,36,8,184,"0"
1940,28,36,184,"0"
4587.2,88,10,206,"0"
421.2,18,0,206,"1"
2625,44,1,205,"0"
944.4,40,13,205,"0"
3548.4,130,14,205,"0"
10474.8,347,3,205,"0"
6074.4,298,22,204,"0"
1611,19,49,203,"0"
1884,66,20,203,"0"
5250,56,10,202,"0"
2071,64,35,199,"0"
2275.6,78,8,210,"0"
1848,74,24,209,"0"
9212.46,255,2,206,"0"
2128.82,46,7,178,"0"
3185,40,21,171,"0"
9606,266,24,168,"0"
223.2,10,15,23,"0"
11306.6,634,0,156,"0"
3364.8,177,9,153,"0"
1018.2,46,3,154,"0"
862,13,58,175,"0"
927,17,30,175,"1"
3595.49,91,6,172,"0"
2262,123,9,177,"0"
714,19,58,175,"0"
5380,397,1,171,"0"
2745,38,1,127,"0"
3683.2,311,0,175,"0"
1908,66,15,174,"0"
2580,124,31,174,"0"
1404,44,38,171,"0"
11478,728,0,170,"0"
5202,196,8,142,"0"
3282,160,2,140,"0"
530,6,52,153,"1"
4770,216,7,147,"0"
3119,50,8,147,"0"
3381.6,96,16,168,"0"
2446.8,68,37,167,"0"
3130.8,145,8,161,"0"
1170,61,22,154,"0"
1092,33,1,155,"0"
7743.8,132,0,184,"0"
3628.4,217,0,182,"0"
20965,273,3,181,"0"
1175,14,34,181,"0"
6700,93,1,157,"0"
1040,12,1,147,"0"
5940,91,0,142,"0"
2972,41,8,204,"0"
723.8,52,44,199,"0"
2029.2,95,44,199,"1"
1665,28,15,199,"0"
1567.8,34,7,198,"0"
760,10,44,125,"1"
633.6,30,31,125,"0"
1573.2,44,20,188,"1"
2416.8,150,14,188,"0"
9000,275,0,188,"0"
1515,18,9,185,"0"
1304.4,83,7,185,"0"
384,40,57,185,"1"
2070,105,8,184,"0"
2664,148,51,177,"1"
3861,78,2,176,"0"
3625,95,0,112,"0"
1515,24,3,111,"0"
1532,19,0,111,"0"
2147.8,37,0,111,"0"
5240,65,8,108,"0"
1495,20,22,107,"0"
1188,66,9,106,"0"
5741,128,15,198,"0"
1320.4,92,0,198,"0"
6264,243,6,198,"0"
3240,133,15,193,"0"
711.6,38,29,192,"0"
2379.8,79,35,191,"0"
4135,59,14,190,"0"
4095,54,6,188,"0"
3175.2,94,10,188,"0"
10434.4,895,2,188,"0"
1477,31,15,205,"0"
2377.2,69,23,204,"0"
2286,122,1,204,"0"
6588.1,130,2,203,"0"
630,6,27,203,"0"
1790,33,0,199,"0"
3162,104,3,164,"0"
576,32,20,160,"0"
2000.8,41,6,157,"0"
1044,14,42,135,"0"
772.8,32,45,123,"0"
63826,1228,1,122,"0"
2845,37,14,121,"0"
4426,97,1,121,"0"
1402,18,7,119,"0"
2550,132,24,119,"0"
81980,3330,1,185,"0"
1692,43,27,185,"0"
3617.4,75,2,184,"0"
1306,21,3,184,"0"
4665,53,14,179,"0"
7182,379,8,146,"0"
3925,50,20,146,"0"
1032,30,35,142,"0"
3300,158,13,141,"0"
396,22,21,139,"1"
2149.2,84,21,154,"0"
1518,77,1,153,"0"
1291.6,67,9,154,"0"
7593.8,301,13,154,"0"
1782,99,13,141,"0"
918,11,49,140,"0"
7298,133,23,140,"0"
19320,463,0,140,"0"
1494,44,22,161,"0"
17220.85,605,1,161,"0"
1216,19,58,191,"0"
619.2,26,20,182,"1"
1871.4,55,48,182,"0"
442.8,21,8,181,"0"
2988.4,130,7,181,"0"
1670,23,41,181,"0"
3029,100,30,178,"0"
2431.6,103,29,178,"0"
15893.4,442,7,175,"0"
905,9,2,105,"0"
1224,58,3,105,"0"
1926,91,14,105,"0"
1540,19,1,104,"0"
555,28,2,104,"0"
4254,192,2,104,"0"
344.4,17,58,99,"0"
5913.6,231,59,99,"0"
2475.6,103,10,198,"0"
2714,57,41,197,"0"
2988,166,3,197,"0"
2320,30,43,157,"0"
1868.2,51,29,157,"0"
8046,254,1,156,"0"
240,8,55,155,"0"
1332,37,1,154,"0"
1494,44,41,133,"1"
2640,34,20,150,"0"
1920,80,2,148,"0"
4775,68,3,147,"0"
16760.4,753,2,147,"0"
1598.4,72,6,133,"0"
1426.8,42,1,133,"0"
1116,31,9,148,"0"
8053.2,287,3,163,"0"
2892,93,1,161,"0"
6496.8,337,3,160,"0"
1069.2,48,34,156,"0"
1735,26,7,153,"0"
425,5,56,153,"1"
3284,53,14,178,"0"
1977,30,14,177,"0"
80,4,29,176,"0"
7582.8,241,16,174,"0"
313,11,20,174,"0"
2420,34,38,169,"0"
1575,17,36,167,"0"
1245.6,39,34,165,"0"
9562.4,403,8,164,"0"
4570,49,30,164,"0"
3530,41,8,118,"0"
461.2,11,55,150,"0"
1040,12,57,134,"0"
5019.6,215,8,133,"0"
432,24,35,133,"0"
845,11,55,132,"1"
1770,17,15,132,"0"
1656,1315,1,128,"0"
1461,35,16,128,"0"
2451.8,48,14,153,"0"
2275,36,34,148,"0"
5423.4,79,8,157,"0"
1632,37,21,150,"1"
3112,99,2,150,"0"
2750,42,9,154,"0"
5113.6,143,0,154,"0"
3661,51,28,154,"0"
4900,61,7,150,"0"
1150,14,48,148,"1"
1148,62,6,148,"0"
1068,62,21,164,"0"
1164,59,13,160,"0"
11657,158,0,157,"0"
3933.6,107,9,189,"0"
2886,83,3,189,"0"
2437.8,57,20,189,"0"
9015.6,265,1,189,"0"
2530,25,36,185,"0"
2961.8,96,37,185,"1"
838.8,41,8,184,"0"
9513.06,158,9,175,"0"
2119.2,187,6,171,"0"
2270,31,31,171,"0"
388.8,36,27,171,"0"
1418.4,128,42,167,"1"
2732.4,92,3,167,"0"
1565,20,42,98,"0"
710,10,21,97,"0"
812.4,37,2,97,"0"
2612.8,64,6,94,"0"
914.4,33,27,121,"0"
1160,11,28,112,"0"
2143.62,79,28,191,"0"
2196,82,10,189,"0"
924,23,1,185,"0"
2083.2,65,20,185,"0"
6484,111,2,198,"0"
2058,79,27,198,"0"
2592,74,8,190,"0"
2065,23,51,189,"0"
1750,21,6,188,"0"
2425,32,23,188,"1"
8822,114,1,188,"0"
4535.2,125,1,188,"0"
6002,99,9,184,"0"
66420,2121,1,183,"0"
3742,64,5,182,"0"
1165,15,16,182,"0"
1803.2,96,14,179,"0"
1788,67,10,178,"0"
1180,14,16,178,"0"
475,5,31,178,"0"
5238,291,8,127,"0"
660,25,35,126,"1"
2655,37,7,125,"0"
2546.4,83,0,157,"0"
900,13,35,127,"0"
1638,50,7,148,"0"
2886,92,37,147,"0"
1900,29,2,147,"0"
1572,78,10,142,"0"
2661,79,24,142,"1"
2191.2,110,0,141,"0"
2095,33,8,141,"0"
396,22,9,140,"0"
974.4,44,14,140,"0"
1970,28,0,139,"0"
1010,11,42,139,"0"
1161.4,31,28,139,"0"
985,10,22,146,"0"
810,10,55,146,"0"
3187.2,318,15,142,"0"
1720,21,30,142,"0"
1495.2,85,2,141,"0"
7150,88,5,142,"0"
26292,626,3,140,"0"
3676,60,1,112,"0"
2025,26,15,111,"0"
3239.05,171,3,109,"0"
1338,60,56,107,"1"
8979.8,266,2,107,"0"
630,8,30,107,"0"
630,8,29,106,"0"
648,36,42,106,"0"
2386.8,109,28,106,"0"
660,34,3,105,"0"
1116,55,6,104,"0"
875,14,20,104,"0"
3610.8,134,9,142,"0"
2261.6,45,6,125,"0"
2260.8,64,0,122,"0"
3791.4,6415,15,140,"0"
1629.6,92,22,140,"0"
21336,508,0,140,"0"
17892,426,15,140,"0"
31248,744,3,140,"0"
2320,28,15,184,"1"
2432.17,103,14,184,"0"
6470.4,212,7,184,"0"
3535.87,97,3,184,"0"
2123,37,29,181,"0"
13355.4,496,1,181,"0"
2514,67,10,178,"0"
1835,24,6,163,"0"
1961,36,1,160,"0"
1100,59,20,148,"0"
1278,46,23,142,"0"
1434,39,3,142,"0"
999,18,56,141,"0"
2688,61,43,141,"0"
30702,732,2,140,"0"
25368,611,6,140,"0"
3303.6,89,2,136,"0"
1672,25,24,136,"0"
3105.8,81,59,132,"1"
376.8,20,16,129,"0"
875,13,42,128,"0"
1044,39,30,153,"0"
1286.4,188,21,92,"0"
2715,51,6,91,"0"
2155.8,85,3,175,"0"
1134,36,55,146,"0"
3979.4,72,9,142,"0"
360,19,43,101,"0"
1650,22,1,98,"0"
768,44,41,133,"1"
1341.6,95,10,133,"0"
590.4,21,56,133,"0"
1406.4,60,16,129,"0"
2755.2,50,8,129,"0"
18151.2,1007,3,140,"0"
3511.32,139,2,136,"0"
2740.8,146,7,135,"0"
2762.2,66,30,135,"0"
840,9,20,135,"0"
2276.6,28,30,150,"0"
600,60,20,136,"0"
1746,97,13,134,"0"
6280.8,282,8,121,"0"
1231.2,75,44,120,"1"
1927,46,14,114,"0"
530,6,3,114,"0"
1885,28,6,139,"0"
1694.8,107,48,139,"1"
3544,239,10,139,"0"
1340,16,49,136,"1"
1500,59,16,135,"0"
8095,111,3,135,"0"
342,19,57,134,"1"
59181.9,1431,1,134,"0"
2247.6,47,10,133,"0"
1782,100,10,154,"0"
1216.8,35,7,122,"0"
640,8,49,120,"0"
2878.8,129,9,119,"0"
1402.8,76,27,149,"0"
3330,181,21,120,"0"
820,12,59,120,"1"
1350,18,23,120,"0"
2230,30,20,120,"0"
2035,24,24,119,"0"
1854,103,6,115,"0"
815.8,16,22,114,"0"
28224,672,0,140,"0"
20412,540,9,140,"0"
20034,480,22,140,"0"
2714.8,122,0,139,"0"
1665,21,27,155,"1"
4428,240,1,154,"0"
1225,19,41,154,"0"
1250,18,14,153,"0"
1925,25,38,154,"1"
1856.4,96,0,154,"0"
819.6,23,41,154,"0"
1068,51,56,154,"0"
952.8,27,21,154,"0"
1332,74,14,91,"0"
2010,27,7,90,"0"
1625.4,66,3,153,"0"
7524,268,1,176,"0"
1147.8,41,21,175,"0"
2940.35,68,28,175,"1"
3085,42,2,174,"0"
3238,232,6,172,"0"
3654,63,1,171,"0"
2088,62,56,171,"1"
2508,165,6,171,"0"
1271.4,40,51,171,"0"
1639.2,56,13,99,"0"
780,12,14,93,"0"
5146.4,361,0,177,"0"
450,24,6,176,"0"
1660.4,98,2,176,"0"
678,25,43,175,"1"
695,9,29,175,"0"
968.4,45,16,175,"0"
9728.4,266,0,174,"0"
806.4,36,59,128,"0"
1377.6,41,0,127,"0"
488.4,36,43,126,"0"
1342.3,66,50,125,"0"
5503.2,282,6,94,"0"
3200,99,48,94,"0"
1760,22,9,92,"0"
1891.2,63,3,149,"0"
1500,18,20,133,"0"
3356.14,100,2,133,"0"
446.4,31,15,125,"1"
815,16,14,125,"0"
852,62,19,125,"1"
1451,23,13,113,"0"
2282.6,51,0,111,"0"
6160,87,0,129,"0"
68340,2888,1,128,"0"
1615.2,64,30,149,"0"
5479.2,196,13,148,"0"
4770,199,8,148,"0"
420,42,57,148,"0"
2517.8,35,0,148,"0"
5040,120,3,140,"0"
30618,729,3,140,"0"
24636,589,9,140,"0"
30660,732,7,140,"0"
720,20,38,139,"0"
1415,15,20,132,"0"
1296,71,36,132,"0"
27185,396,6,128,"0"
3945.4,203,27,128,"0"
1235,13,15,127,"0"
1268.4,36,41,148,"0"
1123.6,31,24,146,"0"
3362,85,16,148,"0"
9531.8,709,0,147,"0"
4410,77,13,147,"0"
2641,38,56,146,"0"
1654,42,22,148,"0"
8083.8,272,0,147,"0"
15736,552,2,146,"0"
1905,27,9,132,"0"
2063.2,58,10,127,"0"
1295,16,1,125,"0"
608.4,31,58,114,"0"
342,24,37,114,"0"
1548,60,7,114,"0"
3171,37,2,113,"0"
720,40,55,112,"0"
4798.8,258,1,153,"0"
960,100,20,150,"0"
2040,29,48,150,"0"
2862.4,73,8,150,"0"
8325,105,1,150,"0"
4570,60,2,150,"0"
920,14,0,149,"0"
2774.4,157,35,148,"0"
645,9,29,86,"1"
597.6,21,51,86,"0"
589.6,33,1,85,"0"
3181,45,27,84,"0"
425,5,56,84,"0"
1008,53,55,83,"0"
2491,46,1,80,"0"
9610,143,0,79,"0"
7846.4,106,6,79,"0"
5700,78,2,79,"0"
1637.82,32,6,92,"0"
1306,16,21,167,"0"
1344.59,48,10,161,"0"
987.6,30,24,161,"0"
2817.6,77,16,157,"0"
2655.4,39,43,157,"1"
912,21,24,154,"0"
2149.8,76,24,154,"0"
3590.1,54,6,171,"0"
1724.4,48,24,168,"0"
535.4,9,50,163,"1"
900,14,52,163,"1"
2020.8,62,14,161,"0"
770,13,43,161,"0"
910.8,25,44,161,"0"
981.4,26,45,160,"0"
478.8,19,27,157,"0"
8509.2,319,2,157,"0"
1952.4,62,15,155,"0"
11432.4,468,6,154,"0"
1070,15,22,154,"0"
1686,50,29,153,"0"
1260,35,8,151,"0"
270,15,31,87,"0"
1422.4,92,22,122,"0"
3389.4,88,9,122,"0"
190.2,13,12,121,"0"
1094.4,40,50,126,"0"
3800,44,22,126,"0"
3210,107,8,125,"0"
2928,38,23,122,"0"
2616,85,7,122,"0"
612,34,37,121,"0"
1219.2,59,14,125,"0"
1506.6,52,20,149,"0"
7092.8,149,6,148,"0"
2416,221,6,148,"0"
550.2,15,45,147,"0"
2494.8,115,0,107,"0"
267.6,10,38,106,"0"
1382.4,57,0,105,"1"
5472,288,0,105,"0"
530,6,56,104,"0"
2382,79,0,148,"0"
2178,121,23,147,"0"
51763,1854,3,147,"0"
486,24,44,142,"0"
27585.4,1135,3,142,"0"
3790,59,9,141,"0"
731.4,20,36,142,"0"
1162,64,56,142,"1"
1010,13,48,141,"0"
6594.4,203,1,142,"0"
1900.6,27,41,142,"0"
1014,46,22,120,"0"
1625,16,34,112,"0"
2801,61,1,111,"0"
3701,44,2,108,"0"
4445,53,9,108,"0"
2046,81,10,108,"0"
1356,52,29,107,"0"
971,23,0,107,"0"
1244,70,7,105,"0"
1165.2,59,16,147,"1"
3580,41,7,142,"0"
9329,151,13,142,"0"
2920,111,1,142,"0"
192,20,1,141,"0"
515,6,16,141,"0"
1352,31,49,141,"0"
3759.2,68,2,79,"0"
4290,100,8,79,"0"
378,21,22,78,"1"
372,20,52,77,"0"
3900,50,0,77,"0"
1075,16,57,77,"0"
326.4,16,7,74,"0"
554.4,27,30,148,"0"
972,54,24,148,"0"
2100,50,28,146,"0"
3385,42,10,146,"0"
2315,32,43,146,"1"
3642,169,0,142,"1"
4709.8,109,7,154,"0"
1036.8,29,20,150,"0"
4074,132,0,149,"0"
5257.2,367,14,148,"0"
1764,73,6,148,"0"
6480,177,2,148,"0"
5040,504,3,125,"0"
1336.8,38,24,121,"0"
1605,20,2,116,"1"
565.2,21,48,168,"1"
1990,27,2,164,"0"
5307.6,237,1,163,"0"
2077.2,68,41,161,"0"
3665,48,8,161,"0"
1367,22,10,161,"0"
4408.6,55,6,161,"0"
3578.43,74,10,160,"0"
1090,15,37,156,"0"
2555,33,7,156,"0"
1292.8,30,21,154,"0"
3440,43,1,154,"0"
3456,120,15,154,"0"
607.2,30,28,153,"1"
6746.2,170,1,153,"0"
1591.2,56,8,153,"0"
1912.8,71,7,150,"0"
1419.6,43,13,150,"0"
4742.4,84,42,148,"0"
1365,17,44,148,"0"
1635.8,31,0,120,"0"
855,11,28,119,"0"
780,29,52,119,"0"
466.8,20,37,102,"0"
717,40,36,135,"0"
1930,24,37,107,"0"
1921.2,75,10,107,"0"
7400.4,208,1,140,"0"
7886.4,121,1,140,"0"
2792.4,91,6,146,"0"
864,48,56,72,"1"
355.2,18,21,72,"1"
4750.8,130,1,147,"0"
1892,24,27,147,"0"
3055,34,23,147,"0"
5165.1,101,0,146,"0"
425,5,30,146,"1"
3466,52,13,146,"0"
1958,70,0,146,"0"
972,36,3,85,"0"
1380,20,0,80,"0"
1145,17,9,79,"0"
1335,17,52,78,"0"
1730,23,12,119,"0"
921.6,38,24,119,"0"
4194,174,6,119,"0"
2389.2,159,1,116,"0"
1325,18,6,114,"0"
337.2,17,2,114,"0"
1077.6,53,50,114,"1"
505,9,85,114,"1"
1045.2,52,31,114,"1"
5003.2,444,0,119,"0"
1371,38,43,115,"1"
1569,35,29,115,"0"
3760,45,6,142,"0"
680,10,37,142,"0"
1476,56,29,141,"0"
9360,366,3,141,"0"
640,8,38,140,"0"
1058.4,21,52,140,"0"
22554,537,3,140,"0"
20916,498,13,140,"0"
16044,382,9,140,"0"
4443,137,1,139,"0"
2682.8,145,8,137,"0"
935,13,43,99,"0"
11340,270,30,140,"0"
5291.4,90,0,139,"0"
264,10,7,139,"0"
1896,115,15,118,"0"
3150,105,7,115,"0"
658,19,28,135,"1"
312,13,29,133,"1"
2030,28,27,105,"0"
3440,48,49,104,"0"
1945,27,30,104,"0"
942,52,55,100,"0"
530,6,36,100,"0"
840,25,28,118,"0"
144,7,15,118,"0"
2269.2,92,6,118,"0"
3030,89,0,118,"0"
489.6,23,57,115,"0"
661,11,36,127,"0"
432,16,44,139,"0"
1500,76,14,139,"0"
432,12,0,139,"0"
2299.4,65,10,136,"0"
540,8,43,136,"0"
3462.4,50,13,134,"0"
4295,49,8,134,"0"
3852,131,22,134,"0"
520,8,27,118,"1"
1031,22,28,118,"1"
1880,109,2,118,"0"
2701,51,6,115,"0"
4986.4,97,26,140,"0"
1134,63,9,136,"0"
2729.4,78,22,136,"0"
1380,19,0,134,"0"
720,20,21,133,"0"
1290,16,28,133,"0"
5330,69,8,133,"0"
4903.56,170,1,147,"0"
2656.8,94,3,147,"0"
1315.2,46,8,147,"0"
1114.8,31,8,147,"0"
6677,94,7,146,"0"
3106.8,81,6,142,"0"
787.22,15,41,140,"0"
1722,53,9,140,"0"
972,27,9,140,"0"
19998,602,0,142,"0"
1855,26,23,142,"1"
827.6,16,57,71,"0"
1433,138,2,71,"0"
380.4,16,55,71,"0"
2420,32,6,71,"0"
2355,26,16,71,"0"
1697,63,3,70,"0"
1329,55,43,70,"0"
2461.2,101,2,140,"0"
1285,17,16,148,"0"
11038.8,415,0,147,"0"
2223.4,33,23,146,"0"
385.2,21,16,77,"0"
188.4,9,2,77,"0"
360,18,59,77,"0"
734.4,25,30,77,"0"
888,40,58,73,"0"
385.2,20,8,72,"0"
470,6,41,71,"0"
4320,140,8,65,"0"
680,13,45,65,"0"
1011.6,53,8,65,"0"
8074.8,233,6,134,"0"
1447.2,53,42,133,"0"
813.6,30,13,132,"0"
1172,47,15,129,"0"
1800,50,13,128,"0"
1518,69,22,127,"0"
520.8,18,44,127,"0"
612,43,31,126,"0"
486,26,13,121,"0"
2672,51,16,106,"0"
2813,37,0,106,"0"
1478,34,16,121,"0"
688,40,16,119,"0"
2647.2,77,9,118,"0"
360,10,16,118,"0"
1300,130,16,115,"0"
2556,48,1,113,"0"
7188,497,0,112,"0"
1143.8,57,9,112,"0"
2851.2,127,7,111,"0"
1289.4,20,2,111,"0"
1193.6,44,34,111,"0"
1429.2,67,1,113,"0"
1371.6,54,0,112,"0"
705.6,42,24,111,"0"
1696.8,134,27,107,"0"
425,5,50,106,"0"
1462.8,53,23,105,"0"
662.4,39,29,104,"0"
728.4,33,31,104,"0"
833.6,64,10,102,"0"
992,37,7,100,"0"
2361.6,123,38,135,"0"
465,7,27,135,"0"
10304,706,8,134,"0"
2004,176,0,134,"0"
9461,166,0,133,"0"
655,10,52,132,"0"
1272,33,52,128,"0"
1703.2,56,1,126,"0"
2390,73,8,136,"0"
1152,64,2,134,"0"
1115,12,21,134,"0"
3951.6,132,6,133,"0"
829,17,27,113,"0"
360,20,43,112,"1"
888,41,27,112,"1"
3661.2,204,6,112,"0"
4865,72,10,112,"0"
1713.6,95,0,107,"0"
3144.2,59,0,107,"0"
967,15,20,104,"0"
1172,21,50,101,"1"
5049.6,218,6,101,"0"
1296,72,13,100,"0"
9666.7,426,0,99,"0"
756,21,45,99,"0"
3199,114,0,99,"0"
6780.24,2608,6,98,"0"
216,12,45,98,"0"
1524,24,23,97,"0"
2480,224,48,98,"0"
1235,17,2,98,"0"
522,25,41,98,"1"
1645,23,6,97,"0"
975,15,22,97,"0"
570,8,52,90,"1"
1275.6,54,22,90,"0"
0,6,35,90,"1"
1530,78,10,90,"0"
620,8,31,86,"0"
690,40,35,86,"0"
9330.8,313,0,84,"0"
11608,412,2,84,"0"
252,14,27,83,"0"
4644,224,7,135,"0"
566.4,21,44,133,"0"
3798,211,43,132,"0"
1075.2,50,8,129,"0"
600,8,49,125,"1"
1610,21,8,122,"0"
5748.6,192,1,121,"0"
891.6,45,38,121,"0"
1135,15,34,121,"0"
2934.8,163,6,121,"0"
1501.6,20,7,120,"0"
1368,52,44,119,"0"
3720,54,0,115,"0"
8880,479,2,115,"0"
4283.85,95,5,140,"0"
2745,40,13,140,"0"
3586,77,1,140,"0"
3402,81,51,140,"0"
5017,66,8,139,"0"
2494.8,95,7,136,"0"
2530,31,14,136,"0"
1610,20,28,135,"0"
940,29,9,135,"0"
3258,131,2,134,"0"
5700,291,9,133,"0"
1662,75,0,132,"0"
1627.2,50,6,129,"0"
1966.2,62,36,129,"0"
1638,67,0,129,"0"
2050,23,56,128,"0"
2300,44,2,128,"0"
280.8,9,16,112,"0"
888,30,14,111,"0"
3519.2,144,8,108,"0"
1500,22,14,105,"0"
492,20,49,100,"0"
8101.2,343,2,100,"0"
561.6,20,1,98,"0"
5652,157,6,113,"0"
1960,25,43,108,"0"
3047,36,2,108,"0"
2115,52,4,107,"0"
1800,54,8,105,"0"
11797.85,317,43,105,"0"
681.6,53,6,132,"0"
1905.6,188,34,132,"0"
2654,101,1,132,"0"
207.6,18,58,130,"1"
1100,15,31,129,"0"
379.2,36,6,128,"1"
806,37,8,126,"0"
820,11,14,126,"0"
5597.8,119,13,125,"0"
4263,259,0,125,"0"
333.6,10,30,125,"1"
759,54,1,125,"0"
304.8,30,37,122,"0"
3427.2,125,23,122,"0"
710,9,35,122,"0"
3822.2,53,0,121,"0"
518.4,54,14,120,"0"
3180,36,21,98,"0"
979.2,47,3,92,"0"
720,48,29,92,"0"
1108.8,42,15,91,"0"
740,8,14,87,"0"
5040,280,3,87,"0"
2339.2,96,22,86,"0"
760,10,45,86,"0"
1220,14,15,69,"0"
3156,147,28,69,"1"
721.2,27,29,65,"0"
5760,300,55,65,"0"
864,48,57,64,"1"
485,6,42,64,"0"
1074,16,0,64,"0"
240,10,56,63,"1"
1944,108,29,136,"0"
980,10,55,136,"0"
5178,208,7,133,"0"
522,29,1,133,"1"
1555,21,28,132,"0"
939,13,34,128,"1"
2200.8,104,8,128,"0"
6751.8,252,9,127,"0"
1596,76,29,126,"0"
29916.6,1183,2,125,"0"
705,12,15,122,"0"
402,40,29,121,"0"
630,6,42,121,"0"
1159.2,51,2,105,"0"
6501.6,494,7,105,"0"
1845,34,34,105,"0"
670.8,28,44,105,"0"
2578.2,72,13,150,"0"
2165,30,21,150,"0"
504,28,21,150,"0"
6636,158,31,140,"0"
5836,166,1,137,"0"
3405,49,0,136,"0"
3964.2,109,6,149,"0"
4644,244,2,148,"0"
2211,34,8,147,"0"
7282.2,217,1,147,"0"
4273.6,119,13,146,"0"
1308,36,22,140,"0"
572,15,20,139,"1"
930,13,15,136,"0"
1138.8,26,22,136,"0"
165,3,49,136,"1"
1258.8,64,36,136,"1"
780,22,48,135,"0"
1070,13,28,132,"0"
1405,19,16,127,"0"
1686,69,27,122,"0"
1650,22,6,122,"0"
720,26,59,120,"0"
1260,30,37,105,"0"
1340,92,36,101,"0"
2137.22,55,20,98,"0"
1296,61,14,104,"0"
3415.2,142,16,94,"0"
4100,59,7,94,"0"
4104,228,0,94,"0"
1222.8,33,7,112,"1"
1850,27,30,112,"0"
774,43,6,111,"1"
2636.4,79,2,107,"0"
13580.9,371,2,107,"0"
2791.8,45,1,83,"0"
2451,95,28,83,"0"
1092.6,46,16,80,"0"
926,15,15,80,"0"
1926,98,0,79,"0"
3228,163,24,79,"0"
3348,122,6,101,"1"
2696.4,119,6,101,"0"
1672,52,1,99,"0"
2434.8,96,8,97,"0"
1125,14,7,108,"0"
1194,100,10,107,"0"
1399.2,58,23,106,"0"
3552,168,6,104,"0"
1729.2,98,2,104,"0"
8151,422,2,100,"0"
3721.2,259,2,100,"0"
930,50,34,98,"0"
4521.6,177,24,97,"0"
986,29,2,97,"0"
10213.2,453,0,97,"0"
9042.6,448,6,94,"0"
612,55,9,94,"0"
396,18,56,93,"0"
722.4,32,38,92,"0"
3447.5,202,0,91,"0"
4335.2,387,5,91,"0"
1220,15,24,91,"0"
510,6,35,91,"0"
547.8,28,42,99,"0"
402,24,21,98,"0"
36,1,8,97,"1"
795,13,6,128,"0"
1680,20,35,127,"0"
2965.2,120,8,126,"0"
3333.6,131,2,126,"0"
720,19,21,122,"0"
3360,44,16,122,"0"
1574.2,115,35,122,"0"
1726,24,7,121,"0"
1400,25,36,120,"0"
984,70,0,120,"0"
2495,33,29,119,"0"
1600,24,22,118,"0"
2204.4,100,8,118,"0"
3143.2,81,21,111,"0"
18751.8,662,6,111,"0"
1470,19,9,108,"0"
4173.85,62,3,107,"0"
3312.5,109,8,106,"0"
506.99,12,24,106,"0"
97.8,5,22,121,"0"
1152,31,3,118,"0"
948,26,29,114,"0"
324,18,55,113,"1"
11052,290,0,112,"0"
2430,62,8,112,"0"
458.4,12,8,111,"0"
1514.4,37,20,107,"0"
2046,51,7,106,"0"
1030,12,2,119,"0"
1460.4,49,29,119,"0"
1573.2,162,16,119,"0"
1710,26,6,118,"0"
1436,26,55,115,"0"
192,8,9,115,"1"
485.6,47,7,114,"1"
1149.6,120,20,114,"0"
674.4,18,8,113,"1"
1212.4,117,16,113,"0"
1170,15,2,113,"0"
1922.4,98,1,113,"0"
4001.2,104,0,112,"0"
1800,160,6,108,"0"
1338.2,22,41,80,"0"
3744,208,3,80,"0"
1030,14,3,80,"0"
2350,30,0,79,"0"
2697.6,40,1,134,"0"
775,12,52,134,"0"
4360,141,20,133,"0"
3180,111,8,133,"0"
2812,185,0,132,"0"
2426.2,49,49,132,"0"
1481,36,13,69,"0"
683.2,25,3,65,"0"
601.2,23,3,127,"0"
1860,97,34,126,"0"
8586.2,261,0,125,"0"
4444.8,76,3,121,"0"
2141.6,123,8,121,"0"
1636.4,78,2,120,"0"
805,11,29,119,"0"
1705,24,20,115,"0"
1255.2,52,41,115,"0"
1454.4,63,2,115,"0"
2463,100,2,114,"0"
2488.8,191,8,114,"0"
2562,109,16,112,"0"
2528.4,135,3,112,"1"
1977,27,13,111,"0"
961.2,31,21,107,"0"
3416.6,125,7,107,"0"
3829,68,8,106,"0"
579,26,16,119,"0"
620,12,27,119,"0"
4312.8,194,23,115,"0"
2445,34,23,115,"0"
1101.6,45,3,114,"0"
2736,78,2,133,"0"
2729,87,6,133,"0"
6799.05,209,28,132,"0"
1329.6,41,15,129,"0"
1757.8,26,0,128,"0"
4957.2,186,0,127,"0"
5334,128,6,126,"0"
4185,58,13,126,"0"
6915,118,7,125,"0"
2103,26,13,125,"0"
180,5,59,114,"1"
1011,82,42,114,"1"
590.4,31,31,112,"1"
486,20,23,112,"0"
621.84,56,24,63,"0"
718.8,29,13,62,"0"
1843.2,72,29,58,"0"
585,7,41,58,"0"
1800,100,1,58,"1"
310,3,3,94,"0"
2007,31,21,94,"0"
258,10,9,93,"1"
198,11,59,93,"1"
16120,351,3,132,"0"
1080,50,28,132,"0"
1448.4,35,10,132,"0"
6431.6,241,2,128,"0"
1970.4,61,8,127,"0"
6300,351,21,127,"0"
80,2,6,126,"0"
2095,34,8,126,"0"
1746,50,1,126,"0"
4893.6,148,6,113,"0"
3586.8,173,23,106,"0"
288,12,42,105,"0"
3281,48,2,104,"0"
216,20,58,108,"0"
1800,50,1,108,"0"
7075.6,198,5,106,"0"
2286,72,2,106,"0"
585.36,10,23,106,"0"
1095,12,1,105,"0"
1106.4,41,14,105,"0"
2259.6,54,27,101,"0"
696,22,10,101,"0"
775,10,1,57,"0"
540,30,30,57,"0"
1588,19,20,55,"1"
612,19,16,52,"0"
2755,46,1,51,"0"
360,18,23,51,"0"
192,20,42,91,"0"
4543.2,275,1,91,"0"
895,9,14,90,"0"
288,17,56,86,"0"
2470,32,15,86,"0"
3486.6,222,13,93,"1"
5166.6,284,7,93,"0"
453.6,23,29,91,"0"
783.6,29,15,91,"0"
180,10,8,94,"0"
1098,29,9,94,"0"
4126.2,120,3,92,"0"
14658,407,13,92,"0"
1971,65,1,79,"0"
1290,49,20,77,"0"
315,3,43,77,"1"
540,15,0,77,"0"
1869,65,14,76,"0"
1315.6,48,22,76,"0"
3924,214,1,72,"0"
1170,40,13,93,"0"
1295,14,48,92,"0"
1796,37,9,92,"0"
2109.67,65,8,91,"0"
1017.6,45,24,90,"0"
1104,77,7,119,"0"
507.6,24,20,118,"0"
540,30,48,118,"0"
288,15,8,118,"1"
3253,46,9,118,"0"
1161,15,0,115,"0"
1563.4,42,7,115,"0"
1350.4,64,56,115,"0"
2381.2,27,13,114,"0"
1467,61,28,114,"0"
2703.4,59,13,108,"0"
1975,27,9,105,"0"
1160,21,29,104,"1"
547,9,14,77,"0"
1915,24,6,77,"0"
3981.6,172,1,77,"0"
846,43,16,73,"0"
856.8,47,3,73,"0"
366,18,58,72,"0"
2142,91,8,72,"0"
27822,1049,0,106,"0"
12850.8,357,0,105,"0"
504,14,8,105,"0"
936,52,0,105,"0"
264,16,1,104,"0"
1092,34,31,104,"1"
1446,40,27,104,"0"
1235,18,10,90,"0"
1773.6,55,27,86,"0"
1440,20,20,86,"0"
3619.8,43,1,123,"0"
490,5,0,122,"1"
5043.2,102,7,122,"0"
4582.8,112,2,122,"0"
1821.4,32,8,122,"0"
4723,60,8,122,"0"
1124.2,45,2,122,"0"
1035,15,15,121,"0"
835,10,14,121,"0"
1248,51,21,120,"0"
1354.4,33,51,119,"0"
756,20,15,119,"0"
1090.8,47,8,119,"0"
2088.4,37,27,119,"0"
1093.6,18,20,119,"0"
1086,32,41,119,"0"
1270,14,23,118,"1"
114,5,20,57,"0"
388.2,21,6,57,"1"
102.6,5,49,57,"0"
1855,23,9,57,"0"
1461,27,50,57,"0"
7345,106,6,56,"0"
0,15,29,56,"1"
1405,19,9,55,"0"
1060,23,20,55,"0"
480,6,45,113,"1"
5627.2,103,6,107,"0"
1855,26,52,127,"0"
1850,84,0,127,"0"
791,22,12,126,"0"
7658.4,211,2,126,"0"
3347,77,43,126,"0"
8642.4,302,1,126,"0"
2709,119,6,122,"0"
3764,93,10,121,"0"
12444.87,468,2,121,"0"
955,17,36,125,"1"
4379.6,177,7,125,"0"
113256,11804,0,125,"0"
348,9,37,120,"1"
4095,54,10,90,"0"
1265,19,27,88,"0"
979,19,23,87,"0"
2660,37,21,86,"0"
360,20,29,86,"0"
646.8,27,9,111,"0"
934.8,23,20,108,"0"
939.6,30,23,100,"0"
2305.8,93,6,100,"0"
981.2,20,22,100,"0"
475.2,12,29,100,"0"
4255.6,65,3,97,"0"
216,10,27,50,"0"
754,11,3,49,"0"
1116.6,55,10,49,"0"
1260,15,0,49,"0"
840,12,15,48,"0"
800,12,35,45,"0"
1366.8,75,0,44,"0"
960,18,6,44,"0"
276,20,58,86,"0"
750,26,24,85,"0"
2281.2,172,44,84,"0"
3334.8,130,9,84,"0"
1126.8,30,36,83,"0"
2070,28,6,83,"0"
2656.8,101,10,83,"0"
5846.6,158,2,79,"0"
3908.4,210,6,78,"0"
750,37,22,85,"0"
-20,14,44,85,"0"
735,10,50,84,"1"
6787,288,1,84,"0"
1072,22,57,80,"0"
3335,38,13,99,"0"
2109.2,52,21,99,"0"
252,12,55,111,"1"
995,13,3,111,"0"
22829,334,0,109,"0"
4395,63,2,108,"0"
1000.8,47,28,86,"1"
3828,103,8,86,"0"
2899,44,7,85,"0"
1605,19,15,83,"0"
1872.4,32,36,105,"0"
2942.8,48,42,104,"0"
1320,18,20,104,"0"
775,10,15,101,"0"
855,9,1,101,"1"
3977.6,44,7,101,"0"
1008,56,8,100,"0"
905.2,64,9,100,"0"
686.4,64,13,99,"0"
1041.6,47,8,71,"0"
545,7,52,70,"0"
1224,52,22,84,"0"
1975.2,67,8,80,"0"
360,20,50,78,"0"
985,15,7,99,"1"
757.2,19,36,99,"1"
540,26,7,98,"1"
860,10,22,70,"0"
447.6,20,13,66,"0"
615,7,29,65,"0"
1310,20,13,90,"0"
7775,178,30,87,"0"
8082.2,228,1,86,"0"
1548,85,7,86,"0"
3120,48,1,85,"0"
1010,14,48,84,"0"
1329.6,66,20,105,"0"
852,27,58,105,"0"
655.6,40,15,104,"0"
666,36,52,101,"0"
2040,28,8,101,"0"
9022.8,422,0,100,"0"
1185,15,16,100,"0"
348,14,51,99,"0"
438,22,30,99,"0"
426,11,7,99,"0"
1182,47,16,116,"0"
719.2,28,35,115,"0"
2504.6,50,13,114,"0"
3037.8,100,20,114,"0"
2880,40,0,114,"0"
1560,75,27,114,"0"
1434,55,38,114,"0"
1090,13,2,114,"0"
865,11,57,114,"0"
2055,27,0,113,"0"
1685,22,0,113,"0"
1270,22,2,104,"0"
3817.2,180,3,101,"0"
3485,160,2,101,"0"
870,12,34,101,"0"
4470,72,7,101,"0"
1313.2,24,15,84,"0"
700,9,3,83,"0"
640,9,28,83,"0"
1789.2,34,21,80,"0"
937,10,38,121,"0"
3763.2,153,5,120,"0"
12048,314,21,120,"0"
757.54,18,37,119,"0"
8289.8,170,2,118,"0"
1534.2,41,6,116,"0"
1620,45,9,115,"0"
3331.2,134,1,51,"0"
745,16,14,50,"0"
1121,19,6,50,"0"
249.6,13,3,49,"1"
298.8,16,8,49,"0"
710,10,15,48,"0"
400.8,22,28,45,"1"
1120,14,27,44,"0"
6762,230,6,105,"0"
1915,27,44,101,"1"
1510.8,63,37,119,"0"
1080,15,10,119,"0"
1125,20,1,118,"0"
394.8,10,21,115,"1"
4695.6,134,6,114,"0"
386.4,10,48,114,"0"
705,11,36,113,"0"
1975.2,63,7,113,"0"
530,6,28,80,"1"
1821.6,120,13,79,"0"
1689,134,8,79,"0"
1228.8,36,31,111,"0"
6030,169,2,111,"0"
1572,55,41,111,"0"
525,5,22,111,"1"
3198,81,23,108,"0"
694.8,26,15,108,"0"
1371.6,47,10,107,"0"
1152,49,7,107,"0"
17944.8,616,3,94,"0"
1408.8,43,43,93,"1"
494.4,30,49,92,"1"
648,20,15,91,"1"
166.8,4,57,90,"1"
772.8,34,20,87,"0"
2131,59,10,87,"0"
537.6,22,36,86,"0"
660,22,27,86,"0"
639,20,38,105,"0"
635,9,20,98,"0"
216,11,41,97,"0"
10254.6,310,3,95,"0"
2246.8,60,0,91,"0"
960,29,36,90,"1"
859,23,22,90,"0"
545,8,48,90,"1"
2307.6,65,13,90,"0"
504,14,41,83,"0"
5030.4,147,2,80,"0"
2055,31,51,73,"0"
645,8,35,72,"1"
596.2,17,8,72,"0"
1454.4,74,15,70,"0"
655.2,20,16,69,"1"
3214.2,98,15,66,"0"
1610,25,6,77,"0"
681.6,19,21,73,"0"
1428,70,3,73,"0"
594,20,2,72,"0"
2285,29,8,72,"0"
2808.8,117,6,70,"0"
52384.4,1908,2,105,"0"
2656.8,80,10,105,"0"
2310,70,8,105,"0"
340.8,18,45,105,"1"
481.2,18,52,105,"1"
2042.8,28,1,101,"0"
2950,37,1,101,"0"
6009.6,160,6,100,"0"
2332.8,61,3,100,"0"
1615,21,10,100,"0"
3058,138,21,100,"0"
4300.8,136,7,98,"0"
3400.8,143,0,97,"0"
713.2,24,3,94,"0"
360,20,7,69,"0"
882,40,6,64,"0"
720,40,37,64,"0"
180,10,59,64,"0"
375,6,14,63,"0"
980,14,42,63,"0"
223.2,12,28,63,"0"
1416,43,8,59,"0"
144,7,14,77,"0"
55,1,57,72,"1"
386.4,17,21,72,"0"
1372,23,8,72,"0"
470,5,21,70,"0"
610.24,13,1,93,"0"
1204.8,34,34,92,"0"
1434,55,21,91,"0"
330,6,6,90,"1"
780,20,8,90,"0"
1300,20,1,90,"0"
1953.6,65,1,86,"0"
2978,60,8,107,"0"
410.4,10,22,107,"1"
749.4,33,23,106,"0"
282.4,13,34,106,"0"
2480,230,14,105,"0"
1660,20,24,104,"0"
4222,137,1,104,"0"
2938,42,7,104,"0"
2025,23,7,104,"0"
890.4,43,8,42,"0"
680,14,13,38,"0"
746,14,7,38,"0"
183.6,11,15,38,"0"
1035,15,28,37,"1"
234,13,28,31,"0"
936,40,56,97,"0"
570,7,57,94,"0"
2633.4,97,14,93,"0"
1080,47,3,92,"0"
1008,35,1,92,"0"
1414,20,2,91,"0"
2385.6,80,2,91,"0"
2944,109,9,91,"0"
942,42,0,91,"0"
618,27,37,90,"0"
3321.4,113,3,90,"0"
2892,133,6,87,"1"
2616.6,51,7,87,"0"
1296.6,45,55,99,"0"
482.4,49,1,99,"0"
1720,19,5,98,"0"
702,39,8,98,"0"
4698,190,0,98,"0"
1655,21,22,97,"0"
1980,24,15,97,"0"
1390.8,118,7,97,"0"
343.2,32,7,94,"1"
1328.4,122,2,94,"0"
1075.2,112,7,94,"0"
1351.2,39,14,94,"0"
526.8,25,22,93,"0"
4982.4,274,2,92,"0"
2952,110,10,91,"0"
684,33,22,80,"0"
675.6,29,27,77,"0"
2032,24,7,77,"0"
360,18,48,76,"0"
9959.4,293,0,76,"0"
1087.2,57,28,76,"0"
180,10,50,72,"0"
2535,38,6,71,"0"
384,10,7,65,"0"
4417,69,3,65,"0"
535,7,42,65,"0"
710,10,21,65,"0"
718.8,32,48,64,"0"
685,8,36,63,"0"
1080,11,37,63,"1"
3735,133,7,62,"0"
1960,23,3,62,"0"
180,9,49,62,"0"
576,32,45,59,"1"
1673,35,14,58,"0"
1489.2,71,7,58,"0"
2285,37,8,58,"0"
210,2,41,57,"0"
3765.6,129,3,78,"0"
5661.5,345,0,77,"0"
1285,18,6,77,"0"
635,8,51,73,"0"
922.2,94,20,72,"0"
1008,37,9,70,"0"
1988.6,96,3,69,"0"
4792.8,206,6,69,"0"
585,7,45,66,"0"
810,10,50,66,"0"
924,71,24,115,"0"
1710,57,16,113,"0"
1185,15,43,112,"0"
1584,44,20,112,"0"
1639.4,36,21,112,"0"
1610,17,13,112,"0"
844.8,22,36,111,"0"
9719,211,0,111,"0"
540,15,51,108,"0"
2140.8,85,23,108,"0"
1785,20,6,108,"1"
3874.6,77,1,108,"0"
865,18,57,107,"0"
120,3,0,107,"0"
5642,69,9,107,"0"
1877.4,60,22,107,"0"
2757,89,24,106,"0"
903.6,32,52,106,"0"
425,5,9,106,"0"
513,16,45,105,"0"
1069,18,14,104,"0"
1081.8,47,1,77,"0"
705.6,40,9,77,"0"
788.4,41,6,77,"0"
697.2,31,21,77,"0"
4706.4,219,9,76,"0"
696.4,15,14,74,"0"
4301.2,243,8,73,"0"
1693.2,166,3,73,"0"
1595,19,6,72,"0"
315,3,36,72,"1"
489.6,144,65,71,"1"
2579.4,105,3,71,"0"
327.6,15,21,70,"0"
535,7,36,70,"1"
480,6,41,51,"1"
1045,13,15,51,"1"
326.46,6,27,48,"0"
525,5,9,45,"1"
523.2,16,30,45,"0"
3435,45,35,98,"0"
1701.2,89,2,98,"0"
2360,144,3,98,"0"
2820,112,2,97,"0"
2070,28,0,91,"0"
700,10,59,90,"0"
3205.2,129,21,87,"0"
7702.45,177,10,87,"0"
2544,98,14,87,"0"
1350,43,14,86,"0"
5618,202,3,85,"0"
1010,11,43,83,"0"
180,10,2,83,"1"
531.6,28,2,83,"1"
456,23,22,80,"0"
1116,57,0,80,"0"
2000,27,1,79,"0"
4175,62,0,78,"0"
366,15,56,78,"0"
1918,45,2,98,"0"
2529.6,130,16,98,"0"
1245,17,38,97,"0"
2419.2,136,14,97,"0"
606.24,64,6,97,"0"
8772.6,323,2,94,"0"
930,11,49,94,"1"
2745,37,0,94,"0"
4024,58,9,93,"0"
575,8,16,93,"0"
27349.8,1286,8,92,"0"
2520,28,34,91,"0"
1176,38,0,91,"0"
3225.2,318,0,91,"0"
2355,33,10,90,"0"
1201.2,51,14,77,"1"
1512,84,49,76,"1"
720,8,31,44,"0"
1290,16,31,42,"0"
1702.8,72,9,42,"0"
1039,45,27,41,"0"
643.6,13,10,41,"0"
1368,70,10,38,"0"
159,4,1,38,"0"
370,4,36,38,"0"
1279.13,20,1,38,"0"
596.4,21,1,38,"0"
955,11,6,38,"0"
970,12,30,38,"0"
268.8,28,27,37,"1"
3120.8,109,6,36,"0"
251,5,23,36,"0"
834,35,8,35,"0"
528,24,21,34,"0"
726,10,28,99,"0"
2555,36,28,99,"0"
896.6,42,7,97,"0"
4264,272,3,94,"0"
2565,79,2,91,"0"
7682.4,420,3,87,"0"
1110,28,15,113,"0"
5082,129,8,112,"0"
1296,45,16,112,"0"
768,19,36,108,"0"
950,10,50,104,"1"
1155,16,14,104,"0"
1005,14,40,104,"0"
1632,40,29,101,"0"
635.2,15,38,100,"0"
765,10,28,66,"0"
1974,52,3,65,"0"
400.8,12,41,65,"0"
1160.4,37,2,62,"0"
442.8,16,9,62,"0"
402,18,51,62,"0"
10259.8,318,1,62,"0"
979.2,96,58,64,"0"
208,20,50,63,"1"
1284,83,10,63,"0"
885,12,10,29,"0"
1030,15,3,28,"0"
1128,74,28,83,"0"
6379.2,298,22,83,"1"
5380.2,227,1,83,"0"
470,7,59,83,"1"
499.2,19,22,80,"0"
1752,92,16,79,"0"
2055,21,21,79,"0"
655,11,15,79,"0"
2144,81,1,79,"0"
800,12,2,86,"0"
861.6,23,28,84,"0"
396,11,16,63,"0"
2016,37,21,63,"0"
535,10,21,62,"0"
1028,16,41,62,"0"
1100,18,42,58,"1"
1189,22,23,56,"0"
625,8,56,80,"0"
590.4,22,57,69,"1"
990,54,30,66,"0"
198,10,41,63,"1"
3522,99,2,63,"0"
4548,134,2,63,"0"
626.4,24,44,63,"0"
348,17,55,63,"1"
750,29,13,58,"0"
815,37,15,58,"0"
2048,79,1,58,"0"
800,10,7,57,"0"
392.4,11,23,65,"0"
630,15,9,64,"0"
416.4,11,2,63,"0"
1283,24,3,58,"0"
738,41,28,93,"0"
1362,18,3,93,"0"
800,14,45,92,"0"
769.2,20,36,91,"1"
1120,13,56,91,"0"
252.8,22,10,90,"0"
4152,168,28,79,"0"
636,20,55,79,"0"
390,10,49,77,"0"
1080,30,49,77,"0"
981.6,46,0,77,"0"
2870,42,0,91,"0"
1944,54,24,90,"0"
1566,46,15,90,"0"
14377,691,1,90,"0"
2364,88,16,90,"0"
2089.2,91,1,90,"0"
816,30,2,87,"0"
1355,60,37,87,"0"
2016,210,1,86,"0"
2788.77,55,0,85,"0"
817.2,63,2,85,"0"
440,8,70,99,"1"
9285,148,0,99,"0"
6468,262,1,99,"0"
1494,59,22,99,"0"
638.4,22,9,98,"0"
1792,112,6,97,"0"
540,21,59,97,"1"
1744.8,80,20,94,"1"
550.8,21,27,94,"0"
975,14,23,93,"0"
436.8,21,36,66,"0"
294,11,50,66,"0"
595,9,7,63,"0"
360,19,36,57,"1"
520.8,22,14,57,"0"
2304,79,8,56,"0"
1750,22,9,52,"0"
372,17,7,51,"0"
3055,45,9,51,"0"
395,5,14,51,"0"
1480,38,3,51,"0"
2088,59,13,86,"0"
1637.2,48,3,86,"0"
856.8,49,2,85,"0"
1367.4,52,20,83,"0"
1003.2,92,8,80,"0"
1355,19,19,76,"0"
1104,45,2,76,"0"
460,46,13,73,"0"
1548,86,16,72,"0"
876,36,50,69,"0"
1056,51,3,66,"0"
2819.4,57,7,66,"0"
2700,200,7,66,"0"
1008,63,22,65,"0"
601.2,30,6,65,"0"
804,18,44,65,"0"
360,20,15,65,"0"
1337,16,8,63,"0"
876,39,13,62,"0"
665,15,36,62,"0"
905,11,20,59,"0"
434.4,29,28,31,"0"
2187,57,0,31,"0"
645,9,14,31,"1"
670,2230,21,30,"1"
17530.8,779,20,30,"1"
820,12,15,30,"0"
1140.8,42,0,29,"0"
2220,29,7,99,"0"
721.2,37,1,99,"0"
629.15,11,50,98,"0"
2574,143,13,98,"0"
5751.6,169,49,98,"0"
7038,208,0,97,"0"
3276,182,6,94,"0"
1404,41,0,94,"0"
1195,23,9,93,"0"
1706.8,65,41,104,"0"
80,2,31,104,"0"
906,13,14,104,"0"
2958,103,0,102,"0"
3005,40,16,101,"1"
1428,122,0,101,"0"
430,6,41,100,"1"
1444.4,45,2,100,"0"
575,10,55,99,"0"
9282.51,196,1,99,"0"
813.6,26,35,99,"0"
540,30,51,99,"0"
1146.6,44,30,98,"0"
1382,23,49,98,"0"
1070,19,29,97,"0"
2052,58,14,94,"0"
5436,171,1,93,"0"
3042,99,6,93,"0"
1100.4,34,30,93,"0"
1411,30,13,92,"0"
798,21,14,92,"0"
1135,17,37,92,"0"
701.4,21,41,92,"0"
1674,51,43,91,"1"
1995,39,14,91,"0"
1242.6,38,52,91,"0"
840,12,1,22,"1"
3155,41,0,21,"0"
680,10,7,21,"0"
600,18,3,21,"0"
2576.4,75,0,84,"0"
2803.2,73,7,84,"0"
1090,16,14,83,"0"
914.59,17,2,83,"0"
1074,68,36,79,"0"
486,20,36,79,"0"
1098,41,14,79,"0"
590,8,41,78,"0"
390,14,6,78,"1"
1090,15,3,78,"0"
753,12,37,77,"0"
350.4,10,28,77,"0"
4814,295,0,76,"0"
2920.8,100,0,58,"0"
1083.6,68,0,58,"0"
530.4,44,8,58,"0"
3606,193,1,58,"0"
1519.2,75,6,58,"0"
2565,32,6,58,"0"
8559.8,315,3,58,"0"
217.6,20,29,58,"0"
3494.4,122,0,58,"0"
2511.6,91,1,57,"0"
815,11,31,56,"1"
1985.2,47,8,55,"0"
1192.8,41,8,55,"0"
2000.6,178,24,55,"0"
1400,24,13,80,"0"
655.2,17,52,80,"0"
1210,13,41,77,"0"
1330,16,7,58,"0"
3590.4,133,49,57,"0"
370,4,31,56,"1"
1608,54,3,78,"0"
530.8,22,23,78,"0"
1964,31,13,76,"0"
725,13,10,76,"0"
1523.4,26,7,72,"0"
1324.8,31,27,72,"0"
979,60,0,72,"0"
4210.8,116,10,71,"0"
1205,15,0,84,"0"
2570.2,35,8,84,"0"
2355,45,13,83,"0"
399.6,18,37,80,"0"
3762,159,0,80,"0"
540,30,20,79,"0"
765.6,39,28,79,"0"
1618,23,7,79,"0"
301.2,13,50,58,"0"
444,20,55,58,"1"
1145,14,37,58,"0"
394,8,0,55,"0"
282,12,14,53,"0"
348,10,22,49,"1"
2132,58,2,48,"1"
594,45,35,53,"0"
180,10,49,52,"1"
1915,66,10,52,"0"
2288,103,8,52,"0"
585,7,35,52,"0"
805,10,42,62,"0"
360,13,36,58,"0"
2214.21,60,2,58,"0"
234,7,50,58,"1"
460.8,20,43,72,"0"
1389.6,59,3,69,"1"
1310,16,13,51,"0"
4210.2,110,7,49,"0"
672.6,30,16,48,"0"
515,7,41,48,"0"
360,10,3,45,"0"
4115,56,1,45,"0"
533.4,25,10,45,"0"
835,10,6,58,"0"
612,34,3,58,"0"
1321.24,2394,8,57,"0"
651.6,28,43,56,"1"
912,37,50,71,"0"
5142,185,0,70,"0"
180,9,36,70,"1"
1086,51,13,69,"0"
1190,17,0,66,"0"
1770,24,55,78,"0"
378,21,29,77,"0"
2185.2,51,2,76,"0"
815,11,23,76,"0"
656.4,20,8,73,"0"
3058,86,2,58,"0"
160,2,2,24,"0"
249.6,26,15,24,"0"
640,8,20,24,"1"
2370,99,1,24,"0"
1056,110,13,23,"1"
1530,85,7,22,"1"
864,48,13,21,"0"
372,17,7,21,"0"
2748,100,0,79,"0"
702,33,0,79,"0"
1059,61,3,79,"0"
625.8,23,23,36,"0"
222,13,27,36,"1"
200,20,23,36,"0"
550,8,29,35,"0"
1303,21,14,91,"0"
1435,16,3,92,"0"
481.8,13,36,91,"0"
2550,28,6,91,"0"
895,12,7,91,"0"
2454.8,59,23,91,"0"
1784,22,0,90,"0"
1565,20,27,90,"0"
711,11,21,90,"0"
566.4,20,20,87,"1"
4502.4,154,1,86,"0"
4602.2,147,1,86,"0"
720,29,27,85,"0"
360,10,2,92,"1"
275,5,43,92,"1"
885,12,30,92,"0"
348,9,23,90,"0"
972,34,2,90,"0"
792,22,2,90,"0"
1459.6,27,8,56,"0"
384,15,20,56,"0"
910,13,23,55,"1"
360,20,22,55,"0"
384,20,41,52,"1"
436.8,14,27,51,"1"
1648,26,9,72,"0"
480,22,56,72,"0"
534,13,0,71,"0"
428.4,17,51,71,"0"
1595,21,1,71,"0"
1546.8,70,1,70,"0"
1050,14,37,69,"0"
532.8,18,21,69,"0"
565.2,39,19,52,"0"
705,9,31,50,"0"
3414.15,67,3,79,"0"
1666.4,49,8,78,"0"
1840,22,35,78,"1"
675.2,30,8,76,"0"
448.8,44,7,76,"0"
668.4,63,1,76,"0"
384,40,49,76,"0"
772.8,29,23,73,"0"
1340,17,34,73,"0"
591.71,9,3,72,"0"
756,22,48,72,"0"
207.6,10,51,71,"1"
690,37,6,71,"1"
1221,29,21,71,"0"
1066,21,49,71,"0"
1172,55,13,76,"0"
2035,41,0,73,"0"
2978,131,8,72,"0"
1800,50,1,71,"0"
1278,39,27,70,"0"
2368.6,70,14,70,"0"
564.8,17,13,69,"0"
1024.8,19,16,69,"1"
645,8,36,52,"0"
558,15,2,52,"0"
1125,14,2,51,"1"
541,24,34,70,"0"
216,6,58,70,"1"
1763.8,34,5,66,"0"
789,12,49,57,"0"
1407.74,53,0,57,"0"
1746,85,1,56,"0"
2435,29,22,55,"0"
241.2,11,41,55,"0"
201.6,10,29,55,"1"
2730,90,2,52,"0"
1921.2,79,7,77,"0"
620,7,31,77,"0"
824.4,34,10,76,"0"
865,12,51,76,"0"
506.4,22,2,76,"0"
3588,71,6,76,"0"
416.4,14,24,76,"0"
540,30,41,73,"1"
1130,14,6,73,"0"
1491.6,35,20,72,"0"
8750,101,1,72,"0"
1728,85,3,72,"0"
720,30,7,71,"0"
740,8,1,71,"0"
270,14,51,70,"0"
1249.2,66,1,70,"0"
196,4,31,70,"1"
782.4,27,0,48,"0"
1080,60,3,45,"0"
350.4,19,3,44,"0"
530,7,22,43,"0"
2381,93,34,55,"0"
2145,23,8,55,"0"
360,15,45,55,"0"
384,10,30,52,"0"
1194,61,20,52,"0"
72,4,24,51,"0"
370,4,34,50,"1"
252,10,22,65,"0"
3148,179,3,65,"0"
186,13,48,64,"0"
416.4,19,58,63,"0"
1310,17,15,62,"0"
744,39,28,62,"0"
1991.8,27,2,62,"0"
990,12,21,62,"1"
1912,35,0,72,"0"
480,6,34,71,"0"
1290,19,14,70,"0"
1973.2,75,1,69,"0"
1152,18,1,69,"0"
360,20,22,66,"0"
1100.4,34,14,90,"0"
1088,15,6,90,"0"
965,12,14,87,"0"
2292,115,9,86,"0"
2995,36,2,86,"0"
1158,39,51,85,"0"
2901.6,104,7,83,"0"
675,9,8,55,"0"
357,16,48,55,"0"
1525.8,30,16,84,"0"
1848,65,10,83,"0"
2128.8,73,9,83,"0"
4112.4,139,1,83,"0"
817.2,42,7,79,"0"
350,7,21,79,"0"
556.8,21,42,77,"0"
4961,93,8,87,"0"
1422,77,2,87,"0"
50275.65,1782,2,86,"0"
2017.2,58,10,86,"0"
7956,221,1,85,"0"
1344,37,1,84,"0"
5094,67,22,84,"0"
748.8,20,23,83,"0"
705.6,21,23,78,"0"
2167,35,14,78,"0"
723,21,48,76,"0"
412,38,1,76,"0"
784.8,31,31,76,"0"
474,21,42,76,"0"
1254,36,20,73,"0"
1100,12,34,72,"0"
703.2,21,14,66,"0"
1840,35,8,65,"0"
906,31,2,65,"0"
468,13,28,65,"0"
358.8,17,2,65,"0"
2145,39,2,64,"0"
1721,25,0,63,"0"
735,9,59,63,"1"
1452,43,0,63,"0"
4313.2,130,2,63,"0"
291,17,8,16,"0"
625,8,3,15,"0"
1375,60,8,49,"0"
620,13,16,48,"0"
580,7,27,48,"0"
4710.3,247,1,48,"0"
621.6,24,28,48,"1"
1146,56,10,48,"0"
376.8,19,28,45,"0"
1036.8,74,3,45,"0"
379.2,24,6,45,"0"
414,16,24,45,"1"
425,5,22,45,"0"
750,9,24,45,"0"
464.4,19,15,45,"0"
860,11,27,45,"0"
935,12,35,44,"0"
226.8,8,5,44,"0"
1828.8,72,28,50,"0"
800,11,21,41,"0"
648.6,22,8,38,"0"
396,11,8,69,"0"
513,9,29,69,"0"
394.8,15,21,69,"0"
1640,19,34,66,"0"
40,2,35,64,"0"
1225.2,31,2,64,"0"
1332,74,9,64,"0"
1116,33,28,63,"0"
372,11,28,63,"0"
880,12,31,50,"0"
679.8,31,27,50,"0"
685.2,27,15,48,"0"
820,10,8,49,"0"
2598,145,15,70,"0"
1332,68,14,70,"0"
1845,104,34,69,"0"
1057.2,62,2,69,"0"
1965,23,1,69,"0"
2003,30,20,69,"0"
1370,17,3,69,"0"
1457.7,64,0,66,"0"
631.2,33,57,66,"0"
1320,16,48,65,"0"
3350.6,55,21,65,"0"
3097.2,182,1,65,"0"
664.8,17,7,65,"0"
660,41,37,65,"0"
1796.4,58,2,64,"0"
608.4,51,21,63,"0"
3405,42,7,63,"0"
874.8,84,7,63,"0"
790,9,38,63,"0"
720,20,31,63,"0"
830,14,14,63,"0"
532.8,16,9,58,"0"
588,20,7,58,"0"
414,16,6,58,"0"
1678,42,0,57,"0"
492,13,31,56,"0"
3242,102,3,56,"0"
1467.6,45,29,56,"1"
972,27,42,56,"0"
1312.2,32,1,56,"0"
1240,16,20,77,"0"
1235,15,13,76,"0"
3549.4,90,2,73,"0"
318,13,36,73,"0"
1060,15,8,72,"0"
3920,54,0,71,"0"
8275,117,6,71,"0"
795,11,27,71,"0"
1014,30,6,70,"0"
1495,18,20,44,"0"
290.4,14,34,43,"0"
378,21,31,42,"0"
432,20,13,42,"0"
972,27,0,37,"0"
570,8,14,35,"0"
5226,125,0,51,"0"
2979,123,3,50,"0"
100.8,2,1,49,"1"
6306.2,213,0,66,"0"
618,22,3,65,"0"
2029,30,27,64,"0"
590,8,13,63,"0"
216,12,23,63,"0"
1292.4,35,0,63,"0"
372,16,28,57,"0"
831.2,39,13,57,"0"
553.8,13,23,56,"0"
1875,25,13,56,"0"
2654.8,76,6,55,"0"
900,12,2,49,"1"
180,10,43,49,"1"
576,20,0,49,"0"
470,5,28,45,"0"
1944,103,30,45,"0"
5047.8,218,1,45,"0"
576,27,6,44,"0"
5780,615,7,42,"0"
1430,19,13,38,"0"
1635,20,7,35,"0"
1175,15,10,78,"1"
650,9,34,78,"0"
1733,110,1,77,"0"
1122.6,25,0,73,"0"
710,10,56,71,"0"
710,10,21,71,"0"
336,10,15,71,"0"
831.6,33,14,20,"0"
992.4,54,14,16,"1"
655,9,3,16,"0"
6518.4,336,8,16,"0"
282,9,1,15,"1"
1510,21,1,15,"0"
92.4,6,9,15,"1"
367.2,15,9,14,"0"
771.6,34,2,14,"0"
676.8,26,1,13,"0"
108,6,2,10,"0"
1200,55,27,65,"0"
710,10,51,62,"0"
1470,39,6,59,"0"
445,8,21,59,"0"
180,10,13,58,"0"
360,10,7,57,"0"
360,14,20,42,"0"
693.6,44,6,42,"0"
252,20,13,42,"0"
6858.8,300,8,42,"0"
254.4,16,30,41,"0"
1461.6,60,3,41,"0"
420,5,22,37,"0"
216,18,29,37,"1"
559.2,24,27,37,"0"
1161.6,47,6,37,"0"
1895,23,1,36,"0"
734.4,26,35,49,"1"
528,34,1,49,"0"
535,7,10,48,"0"
811.2,75,2,48,"0"
1487.2,31,20,48,"0"
875,13,23,44,"0"
312.2,19,0,44,"0"
2384,72,2,62,"0"
1202.8,31,0,62,"0"
1920,72,0,62,"0"
13335,261,1,62,"0"
930,13,22,62,"0"
349.2,18,3,58,"0"
890,12,56,58,"1"
818.4,20,9,58,"0"
488.4,17,7,58,"0"
780,12,37,56,"0"
432,24,9,56,"0"
480,6,22,56,"0"
2210,62,9,62,"0"
558,15,28,62,"0"
725,8,7,62,"0"
384,40,1,62,"0"
670,8,20,62,"1"
474,40,22,59,"0"
1244.4,52,1,59,"0"
666,37,7,58,"1"
714.6,30,21,58,"0"
858,57,41,58,"0"
2037,104,8,58,"0"
520.8,17,38,58,"0"
1390,17,2,58,"0"
780,34,22,57,"1"
900,11,2,57,"0"
789.6,45,16,57,"0"
896,16,38,49,"1"
871,12,27,48,"0"
360,10,42,44,"1"
1778.4,47,1,43,"0"
3130,45,0,42,"0"
304.8,16,24,41,"0"
1032,14,7,37,"0"
3042,89,2,34,"0"
1465,21,8,62,"0"
370,4,41,59,"1"
8033.4,280,13,57,"0"
710.4,22,21,56,"0"
545,9,35,56,"0"
2584.8,79,7,56,"0"
960,12,37,56,"1"
700,11,20,53,"0"
1384.8,47,13,52,"0"
849.6,28,10,52,"0"
750,11,8,52,"0"
319.8,10,44,51,"0"
612,21,1,50,"0"
396,11,20,50,"0"
1550.4,46,9,50,"0"
366,10,29,36,"0"
1078,16,0,35,"0"
360,10,8,31,"1"
6848.2,160,2,30,"0"
216,9,6,41,"0"
2884.8,148,2,41,"0"
180,10,36,41,"1"
374.4,16,10,38,"1"
690,8,30,43,"0"
645.6,26,1,42,"0"
300,10,1,42,"0"
265,3,48,55,"0"
1854,68,0,55,"0"
936,39,38,55,"0"
1476,41,8,55,"0"
1332,31,2,55,"0"
6214,218,6,35,"0"
2460,32,2,34,"0"
5649.4,196,0,34,"0"
762,26,1,31,"0"
1335,17,1,31,"0"
432,24,15,31,"0"
500.2,16,2,30,"0"
198,11,22,29,"0"
180,10,6,28,"0"
275,5,10,34,"0"
610,11,15,34,"0"
830,11,10,30,"0"
710,10,14,29,"0"
690,8,27,63,"1"
1239.6,43,2,63,"0"
5136,280,50,63,"1"
1377,31,16,63,"0"
912,37,8,62,"0"
595.8,13,20,62,"0"
695,8,36,62,"0"
765.6,36,16,62,"0"
1050,35,8,62,"0"
1484,21,16,62,"0"
3546.4,53,1,59,"0"
2805,29,1,58,"0"
559.2,24,8,58,"0"
3400.8,188,0,57,"0"
6897.6,316,3,51,"0"
2190,56,22,51,"1"
820,12,31,50,"0"
580,7,6,49,"0"
441.6,21,42,48,"1"
1326.8,43,14,58,"0"
1286.4,58,6,49,"0"
1657.2,65,22,48,"0"
1668,43,26,44,"0"
552.8,27,14,42,"0"
1009.6,19,9,42,"0"
3102,104,6,64,"0"
162,9,57,63,"0"
1080,53,0,63,"0"
540,30,6,62,"0"
8288.9,360,3,58,"0"
3844.8,165,2,57,"0"
3258,68,2,56,"0"
393,13,6,24,"1"
1928,28,7,80,"0"
1325,23,10,80,"1"
315,3,20,78,"0"
1812.8,38,8,78,"0"
1779,28,27,77,"0"
1008,42,42,77,"0"
590,8,49,77,"1"
2997.6,91,3,77,"0"
612,19,16,76,"0"
2923.2,84,1,76,"0"
530,6,35,76,"0"
530,6,55,74,"1"
576,22,15,73,"0"
1291.2,40,15,73,"0"
2562,66,35,72,"1"
2985,150,6,72,"0"
360,10,57,70,"0"
695,8,59,66,"0"
9776.4,394,3,66,"0"
117,5,49,65,"0"
900,30,2,65,"0"
1026,29,23,64,"0"
2530.6,46,2,63,"0"
520.8,17,48,71,"0"
1030.8,42,28,71,"0"
918,25,1,70,"0"
625,8,57,70,"0"
1804,118,0,70,"0"
1206,32,1,69,"0"
2759.4,72,1,69,"0"
512.4,14,52,66,"0"
186,10,59,65,"0"
1700.4,83,0,64,"0"
895,18,35,64,"1"
110,2,57,64,"0"
936,52,16,55,"0"
360,10,44,53,"0"
1008,28,7,52,"0"
535,7,2,52,"0"
510,16,37,52,"0"
1140,34,3,51,"0"
180,10,34,51,"0"
313.8,9,27,51,"0"
1092,45,1,42,"0"
755,10,8,37,"0"
220,4,9,37,"0"
1060.8,34,1,36,"0"
217.2,16,9,36,"1"
279,10,28,42,"0"
545,7,20,42,"1"
1476,46,1,41,"0"
592.8,17,29,41,"0"
900,33,1,41,"0"
706,11,23,41,"0"
296,14,22,41,"0"
676.8,25,6,37,"0"
1020,34,21,30,"0"
520,7,16,29,"0"
480,23,16,29,"0"
912,46,13,24,"0"
435,7,7,24,"0"
790,14,2,34,"0"
720,40,28,34,"0"
475.2,10,41,56,"0"
1050,37,10,56,"0"
1712,94,1,55,"0"
885,19,34,55,"1"
620.4,25,24,51,"0"
4878,238,0,49,"0"
1345,17,31,48,"0"
239.4,11,37,48,"0"
955,13,13,45,"0"
810,45,42,44,"1"
755,10,3,30,"0"
360,10,7,30,"0"
902,27,14,29,"0"
683.4,18,22,29,"0"
505.2,21,1,29,"0"
1770.4,29,6,28,"0"
228,11,7,27,"0"
2473.2,112,1,27,"0"
752.4,23,1,55,"0"
3127,72,6,55,"0"
78,5,15,55,"1"
905,11,16,52,"0"
3842.4,126,0,52,"0"
148.8,8,22,57,"0"
1110,35,8,57,"0"
1317.6,83,48,56,"0"
615,7,19,56,"0"
356.4,24,21,55,"0"
1601.5,46,10,55,"0"
804,22,14,55,"0"
692.4,25,22,55,"0"
284,22,0,28,"0"
1234,52,16,23,"0"
633.6,24,15,23,"0"
169,7,2,23,"0"
812,49,1,21,"0"
4040,54,0,63,"0"
468,13,23,63,"0"
3132,165,1,62,"0"
468,16,13,62,"0"
1595,20,2,59,"0"
806.4,20,35,58,"0"
1351.2,58,7,58,"0"
630,51,22,58,"0"
1526.4,38,20,58,"0"
2022,80,13,57,"0"
4326.2,168,2,57,"0"
348,10,51,57,"1"
342,9,21,56,"0"
747.2,34,0,55,"0"
865,11,42,55,"1"
246.6,11,42,52,"1"
360,15,3,28,"0"
1190,32,16,27,"0"
695,9,7,24,"0"
360,20,9,24,"0"
200,20,6,23,"0"
540,30,3,23,"0"
1455,21,47,72,"0"
360,20,13,71,"0"
1080,30,6,71,"0"
1074,58,14,71,"0"
946.8,32,27,71,"0"
1725,23,0,71,"0"
585.6,18,16,70,"0"
936,26,38,70,"0"
474,10,44,70,"0"
791.4,24,9,70,"0"
315.6,10,10,70,"0"
1120,28,13,69,"0"
710,10,57,69,"0"
546,29,22,48,"0"
2390,35,2,48,"0"
360,16,31,42,"0"
222,11,21,42,"0"
1670,63,9,42,"0"
936,57,0,42,"0"
360,10,34,42,"0"
480,6,14,58,"0"
1001,22,16,58,"0"
3920.4,168,21,57,"0"
1968,92,8,57,"0"
710,10,36,56,"0"
372,10,48,56,"0"
350,6,48,55,"0"
760,10,1,52,"0"
4416,320,0,51,"0"
580,7,1,42,"1"
475,5,1,41,"0"
504,10,20,41,"0"
1035.6,29,6,38,"0"
3322.8,87,1,38,"0"
132,5,34,37,"0"
1119.6,35,21,52,"0"
907.2,24,14,51,"0"
390,12,41,51,"0"
495,7,0,51,"0"
7611.6,275,1,51,"0"
2307,82,2,63,"0"
416.4,12,7,63,"0"
774,27,13,62,"0"
900,78,0,62,"0"
672,17,36,59,"0"
946.4,40,9,58,"0"
657.6,20,12,58,"0"
1985,29,16,67,"0"
1278.26,30,9,67,"0"
595,8,51,67,"0"
727,23,42,67,"0"
645,8,7,67,"0"
730,10,55,67,"1"
475,5,56,66,"1"
626,9,45,66,"0"
530,6,22,66,"1"
362.4,10,56,66,"0"
360,10,55,66,"1"
360,10,55,65,"1"
1212,26,36,65,"0"
2086,30,13,65,"0"
965,14,8,65,"0"
540,20,28,65,"0"
360,10,50,64,"1"
2236.8,97,55,64,"1"
1202.4,33,2,63,"0"
1331,20,52,63,"0"
1213,36,45,63,"0"
837.2,16,10,63,"1"
780,12,15,44,"0"
740,8,8,42,"1"
712.8,52,14,35,"0"
720,9,22,35,"0"
1245.6,80,0,35,"0"
2832,234,14,35,"0"
990,42,13,34,"0"
412.8,16,8,34,"0"
680.4,43,6,31,"0"
420,16,14,29,"0"
984,106,0,29,"0"
378,16,8,29,"0"
681,30,16,28,"0"
955,30,16,49,"0"
910,11,42,48,"0"
348,18,21,35,"0"
480,6,30,35,"1"
204,20,27,34,"1"
840,10,8,34,"0"
343.2,18,22,30,"0"
1476,39,0,24,"0"
1169.6,25,14,37,"0"
595,8,8,22,"1"
576,16,0,16,"0"
870,12,7,15,"1"
705,9,22,51,"0"
1056,50,14,50,"0"
180,10,28,49,"0"
1090,16,36,49,"0"
136.8,5,10,49,"0"
372.4,10,29,49,"0"
756,42,2,48,"1"
1790,26,0,45,"0"
9130.15,196,3,45,"0"
516,24,10,31,"1"
560,10,8,29,"0"
900,50,13,28,"0"
360,20,22,27,"0"
738,41,9,27,"0"
285.6,13,7,27,"0"
512.4,19,7,27,"0"
180,10,6,37,"1"
260.4,10,23,35,"0"
570,20,6,34,"0"
910,11,7,34,"0"
282,20,21,52,"0"
180,10,34,51,"0"
444,12,3,51,"1"
289.8,13,37,51,"0"
1528.4,23,29,51,"0"
150,13,30,50,"0"
1018.8,50,8,50,"0"
662,28,8,50,"0"
674.4,40,16,49,"0"
1344,59,13,50,"0"
478.8,12,42,48,"1"
372,10,34,44,"0"
1326,37,14,57,"0"
360,18,35,57,"1"
3432,114,34,56,"0"
760,14,38,56,"1"
1858.8,65,13,56,"0"
1380,20,9,56,"0"
1610,23,14,55,"0"
360,10,30,52,"1"
1778,30,13,52,"0"
492,15,38,52,"0"
975,14,41,52,"0"
9797.6,396,6,52,"0"
360,14,34,52,"0"
630,21,6,51,"0"
755,10,6,51,"1"
162,9,7,15,"0"
1530,20,7,37,"0"
496,40,20,35,"0"
1220,106,3,35,"0"
670,8,0,35,"0"
422.4,16,27,34,"1"
1035,12,34,50,"0"
495,6,41,49,"0"
655.2,30,37,45,"0"
1025,12,28,44,"0"
1121,22,21,44,"0"
750,10,38,50,"0"
425,5,42,50,"1"
1255,18,20,49,"0"
1615,21,9,48,"0"
535,7,34,44,"0"
590,9,10,41,"0"
580,14,16,38,"1"
268,19,2,38,"0"
1465,21,2,37,"0"
414,18,23,37,"0"
540,19,30,36,"0"
2050,28,6,35,"0"
522,32,23,35,"0"
703.8,30,6,35,"0"
736.8,31,0,35,"0"
360,20,6,34,"0"
1080,50,20,34,"0"
720,65,10,34,"0"
367.2,15,0,20,"0"
1112.8,43,14,57,"0"
234,13,37,57,"0"
275,5,50,57,"1"
741,12,8,57,"1"
1050,18,29,57,"0"
360,19,1,56,"0"
690,8,36,56,"1"
762,20,9,55,"0"
1464,56,9,55,"0"
519.6,16,43,52,"0"
840,16,37,52,"0"
840,16,37,52,"0"
1137,33,3,62,"0"
2084.08,60,3,59,"0"
523.8,19,42,58,"0"
360,10,2,58,"0"
2502,66,1,58,"0"
169.2,10,22,58,"0"
1224,35,1,58,"0"
566.4,16,49,58,"1"
578,10,35,58,"1"
600,19,15,58,"0"
746,12,38,58,"1"
425,5,34,57,"1"
334.4,16,42,57,"1"
1530,49,7,57,"0"
1115,13,14,57,"0"
480,16,52,56,"0"
530,6,41,56,"1"
475,10,43,56,"1"
1942.2,72,7,56,"0"
1015,15,36,55,"0"
1080,14,14,55,"0"
360,10,30,52,"0"
396,16,29,52,"0"
360,10,29,52,"0"
360,10,35,52,"0"
2160,62,38,52,"0"
925,13,42,52,"1"
7378.8,302,29,51,"0"
10849.9,309,6,51,"0"
663.63,9,13,51,"1"
202.8,10,34,51,"0"
264,10,20,23,"1"
1082.4,56,10,23,"0"
360,10,10,22,"1"
1468.8,66,0,22,"0"
546,18,10,43,"0"
446.4,18,36,43,"0"
816.4,13,3,43,"0"
1095,22,1,42,"0"
180,10,8,42,"0"
525,5,29,41,"1"
585,7,15,41,"1"
921,22,0,41,"0"
1330.8,58,21,41,"0"
482.4,18,8,27,"0"
225.6,11,7,27,"0"
972,45,5,24,"0"
369.6,18,0,23,"0"
355.2,19,13,23,"0"
268.8,28,3,22,"0"
412.8,32,16,22,"0"
300,3,9,22,"0"
252,20,7,20,"1"
367.2,36,20,30,"1"
451.2,30,20,29,"0"
572.4,25,6,28,"0"
421.2,16,20,28,"0"
751.2,32,8,27,"0"
376.8,18,22,25,"0"
213.6,20,10,24,"0"
456,20,8,31,"0"
390,7,6,28,"0"
888,15,8,46,"0"
945,11,14,44,"0"
590,8,35,44,"0"
194.4,8,21,42,"1"
480,16,14,42,"1"
180,10,30,42,"0"
240,10,24,42,"1"
316.8,10,31,38,"0"
360,10,28,37,"0"
1550,18,6,16,"0"
901.2,33,9,34,"0"
720,8,15,31,"0"
324,16,2,31,"0"
309.6,10,26,31,"0"
375,5,21,31,"0"
220.8,9,31,42,"0"
798,16,10,41,"1"
540,16,6,41,"0"
700,10,8,38,"0"
1400.4,32,6,38,"0"
360,36,21,37,"0"
971.2,22,2,37,"0"
468,14,13,37,"0"
417.6,20,43,49,"0"
733.2,65,35,49,"0"
832.8,25,8,48,"0"
1283.4,20,23,48,"0"
240,10,27,45,"0"
638.4,18,0,45,"1"
330,6,27,44,"0"
835,12,10,44,"0"
234,24,7,42,"0"
510,40,3,42,"0"
514.8,48,10,41,"0"
640,8,1,13,"0"
445,8,23,42,"0"
360,18,3,41,"1"
192,10,35,41,"0"
8744.84,185,1,37,"0"
180,10,21,37,"0"
493,10,14,34,"0"
1062,50,13,31,"0"
816,31,29,31,"0"
213.6,10,7,31,"0"
297.6,12,15,30,"0"
190,15,13,28,"1"
105,1,13,42,"0"
1198,19,3,41,"0"
4119.2,142,0,41,"0"
845,11,28,38,"0"
620,8,15,38,"0"
679.2,36,2,38,"0"
3036.8,92,9,38,"0"
475,6,16,35,"0"
716.4,21,6,35,"0"
610,6,15,35,"0"
627.6,28,16,31,"0"
845,26,20,29,"0"
370,4,14,27,"1"
1522.75,38,0,51,"0"
645,8,31,51,"0"
525,5,31,50,"1"
2410,33,2,49,"0"
405.6,10,22,49,"0"
207,5,21,48,"0"
595,8,28,48,"1"
1080,30,0,48,"0"
393.6,20,9,48,"0"
333.6,16,15,46,"0"
492,24,1,8,"0"
190.8,20,0,8,"1"
505.2,35,0,7,"0"
360,10,6,7,"1"
108,6,35,41,"1"
1166.4,52,2,41,"0"
820,12,15,38,"0"
705,10,28,36,"0"
1707,56,3,36,"0"
302.4,17,23,36,"0"
1015,13,10,35,"0"
100.8,4,14,52,"0"
486,20,3,52,"0"
738,20,21,51,"0"
788.4,42,2,51,"1"
230.4,12,49,51,"1"
590,8,35,50,"1"
3130,48,5,50,"0"
740,8,10,49,"0"
3211,87,13,48,"0"
1111.2,32,20,48,"0"
278.4,18,6,22,"0"
1438.8,93,15,20,"1"
384,20,6,14,"0"
105,1,14,14,"1"
348,15,9,14,"0"
580,8,21,31,"1"
2721.2,48,2,31,"0"
360,14,22,30,"0"
734.8,20,1,30,"0"
710,10,7,30,"0"
565,7,13,29,"1"
402,13,20,28,"0"
72,2,3,27,"0"
360,10,15,27,"0"
718.8,18,20,27,"0"
395,7,3,27,"0"
306,10,1,13,"1"
337.2,10,22,34,"0"
349.2,11,15,34,"0"
835.2,31,2,41,"0"
192,20,28,38,"0"
1075,14,6,38,"0"
850,10,13,37,"0"
205.2,13,21,37,"0"
818.4,23,19,36,"0"
1430,20,0,36,"0"
835,11,9,35,"0"
258,8,0,23,"0"
4860,276,3,15,"0"
360,20,0,16,"0"
446.4,24,6,16,"0"
360,18,20,28,"0"
375,6,21,23,"0"
781.2,28,24,50,"0"
786,23,7,49,"0"
585,7,35,49,"0"
360,10,29,49,"1"
1430,16,1,49,"0"
909,13,31,49,"1"
1010.29,18,0,49,"0"
180,10,34,49,"0"
360,10,37,48,"1"
480,7,16,48,"1"
588,20,15,48,"0"
705,21,24,48,"0"
648,17,30,48,"0"
790,10,35,45,"1"
278.4,8,35,45,"1"
440,18,24,44,"1"
1321,28,2,44,"0"
530,6,35,44,"1"
926.4,42,10,35,"0"
632,16,14,35,"1"
366,10,13,34,"0"
180,10,1,34,"0"
1375,25,27,31,"0"
969.6,28,0,29,"0"
504,14,13,28,"1"
654,18,9,27,"0"
362.4,17,36,38,"0"
216,11,3,36,"0"
595,7,7,35,"0"
440.4,20,6,35,"0"
408,17,2,34,"0"
520,7,29,34,"0"
2255,29,8,31,"0"
705,9,13,31,"0"
305.2,30,13,31,"0"
2283.6,100,2,31,"0"
343.2,15,27,30,"1"
324,9,21,29,"0"
337.2,17,13,29,"0"
2023,31,0,45,"0"
361.58,7,27,45,"0"
732,26,16,45,"0"
855.6,29,13,45,"0"
1246.4,19,6,45,"0"
2076,205,6,44,"0"
2772,152,13,44,"0"
720,27,14,44,"0"
645,8,29,44,"0"
920,12,29,44,"0"
1269.6,53,8,44,"0"
312,10,10,43,"0"
1201,23,22,43,"0"
2980,36,1,43,"0"
375,3,8,43,"0"
1400,18,7,42,"0"
870,13,7,42,"0"
710,10,28,42,"0"
5358.6,62,3,42,"0"
36,2,7,42,"1"
1620,20,1,41,"0"
1361.8,24,10,41,"0"
25540.8,1111,0,41,"0"
604.8,21,6,41,"0"
790,9,20,23,"0"
308.4,13,16,35,"0"
590,8,29,35,"0"
710,10,22,34,"0"
540,15,21,31,"0"
392.4,17,14,29,"0"
180,10,20,28,"0"
864,48,23,28,"0"
456,12,34,44,"0"
944.2,18,8,44,"0"
188.4,10,34,43,"0"
1518.6,54,0,43,"0"
480,6,3,42,"1"
480,6,23,42,"1"
480,6,23,42,"1"
480,11,8,42,"1"
733.2,20,16,42,"1"
480,6,24,41,"1"
410,5,8,41,"0"
868.6,19,24,38,"0"
775,11,24,29,"0"
762,19,16,28,"0"
240,4,16,28,"0"
1839,34,22,27,"0"
444,13,10,27,"0"
12510,459,13,24,"1"
500.4,15,10,23,"0"
1043.4,14,13,23,"0"
695.4,24,6,22,"0"
386.4,19,1,14,"0"
1192,22,7,34,"0"
1162,23,22,34,"0"
1026.8,17,1,31,"0"
1495,19,9,30,"0"
355.8,5,22,30,"0"
7738.8,365,20,29,"1"
386.4,10,15,28,"0"
330,10,10,28,"0"
1008,20,21,28,"0"
504,10,20,28,"1"
973.2,34,13,27,"0"
180,5,13,28,"0"
670.4,14,22,27,"0"
260,13,8,27,"0"
920,17,0,24,"0"
504,21,0,23,"0"
12428.4,508,2,22,"0"
648,24,2,22,"0"
1000.8,40,15,22,"0"
590,8,14,21,"1"
180,5,13,21,"0"
433.2,19,7,13,"1"
2337.6,28,1,13,"0"
180,10,0,10,"1"
420,13,0,20,"0"
454,23,6,15,"0"
235.2,10,7,20,"1"
994.8,43,1,20,"0"
270,15,10,16,"0"
540,15,35,41,"1"
2358,65,1,38,"0"
198,10,15,38,"0"
642,26,21,38,"0"
1170,23,0,38,"0"
740,10,16,38,"0"
115,2,23,38,"0"
645,8,0,37,"0"
360,10,34,37,"0"
504,10,9,37,"1"
420,14,15,36,"0"
689,16,6,35,"0"
466.8,13,20,35,"0"
1390,32,0,35,"0"
306,13,13,35,"0"
660,8,22,34,"0"
292,6,27,34,"0"
360,10,22,34,"0"
1475,23,1,34,"0"
1185.6,67,28,31,"1"
412.8,10,20,31,"0"
2381.4,61,0,31,"0"
1070.4,17,15,31,"0"
340.8,10,13,43,"0"
396,11,34,42,"0"
530,6,29,42,"1"
1152,17,14,42,"0"
1770,24,0,42,"0"
648,21,3,39,"0"
595,8,0,39,"0"
635,8,21,38,"0"
438,12,22,38,"0"
654,10,28,38,"0"
686.4,23,14,37,"0"
2940,83,0,37,"0"
810,9,10,36,"1"
739,10,28,36,"1"
390,7,6,36,"0"
518.4,11,29,35,"1"
705,20,15,35,"0"
4718,70,1,35,"0"
1712.8,28,8,35,"0"
288,10,29,34,"1"
357.6,10,23,34,"0"
1099,18,16,34,"1"
1104,26,1,16,"0"
920,18,0,13,"0"
1667.2,91,0,13,"0"
835,9,30,38,"1"
410.4,21,30,38,"1"
372,10,22,37,"0"
480,6,15,36,"1"
576,32,1,36,"0"
1317,43,6,35,"0"
775,11,24,35,"1"
612,34,8,34,"0"
1869.2,37,1,27,"0"
1674,59,2,24,"0"
1154.6,27,0,23,"0"
1496.4,64,2,22,"1"
535,7,8,20,"0"
721.2,35,6,35,"1"
2020,26,28,34,"0"
1206.8,37,20,34,"0"
630,31,2,34,"0"
244.8,19,3,31,"0"
684,19,6,31,"0"
565,7,0,30,"0"
627.6,30,16,30,"0"
1080,30,10,28,"0"
560,6,14,28,"0"
5932.8,212,14,28,"1"
920,11,15,27,"0"
1632,144,6,27,"0"
212.4,22,7,27,"0"
965,10,21,27,"0"
252,20,21,27,"0"
596.4,46,0,27,"0"
254.4,14,1,14,"0"
360,18,20,27,"0"
1411.2,28,7,27,"0"
640,8,8,24,"0"
648,23,10,24,"0"
2341,35,1,22,"0"
504,10,6,21,"0"
282,12,3,21,"0"
349.2,11,14,20,"0"
1557.6,53,9,16,"0"
950,11,8,15,"0"
343.2,10,0,15,"0"
868.2,21,3,7,"0"
625,9,0,7,"0"
367.2,16,0,24,"0"
234,11,7,23,"0"
1090,13,8,22,"1"
753,40,6,22,"0"
362.4,10,1,20,"0"
412.2,16,2,16,"0"
1296,101,9,16,"0"
3600,108,0,10,"0"
1750,29,1,10,"0"
255.6,10,2,15,"1"
264,10,1,14,"0"
355.2,16,1,13,"0"
810,45,8,13,"0"
394.8,23,0,16,"0"
265,3,0,15,"0"
855,23,0,15,"0"
514.8,26,8,13,"0"
1654.8,48,0,30,"0"
13418.2,325,3,28,"0"
342,12,0,27,"0"
590.4,15,16,27,"1"
2304,128,2,24,"0"
948.4,15,10,24,"0"
980,14,10,24,"0"
760,11,13,24,"0"
645,12,7,24,"0"
642,19,1,23,"0"
425,5,7,31,"0"
760,10,0,31,"0"
1145.4,35,20,31,"0"
651,22,7,31,"0"
740,8,20,30,"0"
366,10,8,30,"0"
655,15,16,30,"0"
897,16,16,29,"0"
1514,29,21,29,"0"
320,32,14,29,"0"
380,6,7,28,"0"
1905.6,60,1,28,"0"
478,17,6,28,"0"
1093.2,30,20,28,"0"
1016,19,13,28,"0"
345.6,11,13,28,"0"
752,12,15,28,"0"
455,8,16,28,"0"
702,21,3,28,"0"
900,50,14,20,"0"
635,8,10,20,"0"
762,34,0,14,"0"
950,12,6,10,"0"
360,10,15,30,"1"
295.2,15,10,30,"0"
342,19,7,30,"0"
391.2,11,7,29,"0"
126,7,7,27,"0"
546,13,20,27,"1"
953.4,12,3,15,"0"
250,2,1,7,"0"
122.5,10,22,1,"0"
302.4,10,2,20,"0"
379.2,16,8,20,"0"
860,12,9,14,"0"
180,10,0,10,"0"
970,12,2,13,"0"
386.4,12,7,13,"0"
208.8,9,3,13,"0"
1020,19,16,27,"0"
1394.4,41,16,24,"0"
992,18,20,24,"1"
220.8,10,14,24,"0"
1235,11,6,24,"0"
1637.4,53,0,23,"0"
700,9,0,23,"0"
530,6,0,22,"0"
396,12,8,22,"0"
210,2,7,22,"0"
291.6,10,6,21,"0"
300,10,7,21,"0"
2860,38,0,21,"0"
450,16,3,20,"0"
480,20,0,1,"0"
1085,33,0,22,"0"
3085,233,0,22,"0"
760,10,6,22,"0"
540,14,6,20,"0"
432,19,6,20,"0"
1638,89,13,17,"0"
1375,21,0,16,"0"
226.8,10,0,7,"0"
725,9,6,7,"0"
270,10,1,10,"0"
313.2,12,8,23,"0"
160,7,6,23,"0"
885,12,2,22,"0"
1345,19,1,22,"0"
740,9,14,21,"0"
595,8,2,20,"1"
360,10,6,20,"0"
690,27,2,20,"0"
226.8,18,0,10,"0"
894.6,20,6,14,"0"
172.8,10,3,14,"1"
1490.4,72,1,14,"0"
660,10,3,14,"0"
180,10,13,15,"0"
756,20,7,15,"0"
2124,72,0,15,"0"
3688,66,0,14,"0"
325.8,10,1,8,"0"
1080,30,0,8,"0"
238.2,8,6,14,"0"
427.2,15,0,13,"0"
720,8,2,10,"0"
408,13,2,9,"0"
687,14,1,9,"0"
480,6,0,14,"0"
935,15,6,14,"0"
590,8,1,13,"0"
325,4,8,13,"0"
380.4,10,0,13,"0"
927,16,0,13,"0"
640,8,1,10,"0"
427.2,15,6,10,"0"
372,16,6,10,"0"
792.4,12,1,10,"0"
522,38,7,10,"0"
807,17,6,8,"0"
913.2,21,1,10,"0"
372,17,1,9,"1"
690,8,0,8,"0"
240,10,0,6,"0"
775,9,2,9,"0"
267.6,13,2,9,"0"
680.4,19,0,8,"0"
998.4,91,2,9,"0"
230,4,0,9,"0"
4304,216,5,9,"0"
360,10,6,9,"0"
900.4,32,0,8,"0"
1530,85,1,7,"0"
0,2,0,6,"0"
360,10,0,9,"1"
370.8,19,3,7,"0"
306,30,0,6,"1"
804.4,21,0,6,"0"
254.4,10,0,7,"0"
930,15,0,7,"0"
257.25,21,3,1,"0"
796.25,65,57,1,"1"
3190.6,158,1,4000,"0"
3878.8,187,3,3997,"0"
24361.4,1086,0,3990,"0"
9719.6,319,13,7764,"0"
35265.6,909,3,3997,"0"
23215.4,657,7,7722,"0"
504946,18376,2,3989,"0"
1266,72,2,3989,"0"
2025,115,7,3982,"0"
44603.6,1891,1,3997,"0"
5465.2,293,2,4000,"0"
47895,590,0,3999,"0"
2859,155,0,3997,"0"
3565,63,22,3992,"0"
18026.6,973,2,4000,"0"
11824.8,627,20,3997,"0"
63564,778,8,4007,"0"
12220,166,7,4007,"0"
57422.68,3153,3,4004,"0"
592,60,31,4006,"0"
7635,123,20,4006,"0"
33080.6,1898,2,4006,"0"
28854,1391,14,4005,"0"
2664,96,14,4006,"0"
8281.2,253,29,4006,"0"
4211,151,9,4006,"0"
5184,265,42,3982,"1"
897,51,45,9248,"0"
1720.8,92,37,9248,"0"
1494.6,85,31,9248,"0"
2656,75,0,4005,"0"
8850,510,0,3997,"0"
27685.61,450,9,4003,"0"
53553.58,1261,6,4003,"0"
6141,351,43,9248,"0"
180389,6568,3,8637,"0"
2319,110,38,4006,"0"
2342.8,125,12,4006,"0"
3577,204,10,4007,"0"
15790.6,532,9,4005,"0"
8886.4,241,27,8186,"0"
15600,217,0,4006,"0"
33825.4,1497,9,4006,"0"
1519,86,45,9248,"0"
5503.2,301,14,9248,"0"
2385,45,16,4005,"0"
884.88,78,35,4004,"0"
10586.4,482,23,4003,"0"
10760,234,8,9363,"0"
3568,159,27,9363,"0"
2433,139,33,8807,"0"
13058,373,14,4003,"0"
2982.4,131,3,9363,"0"
980,24,0,4012,"0"
18597.6,794,20,4012,"0"
55988,2104,3,9363,"0"
2352.2,132,16,4013,"0"
5305,67,44,4013,"0"
12750.2,1340,27,4010,"0"
1688,96,51,4011,"0"
80909.75,3338,1,4011,"0"
3478,152,13,4010,"0"
1740,86,10,3968,"1"
5242.8,176,0,4013,"0"
2858.74,72,43,4014,"0"
2378,106,31,4013,"0"
4210,60,7,4012,"0"
3852,221,1,9276,"0"
2612.8,145,23,9276,"0"
1920,110,35,4004,"0"
4494,226,44,4014,"0"
23615,284,10,4011,"0"
1760,100,31,9276,"0"
3252,186,3,9276,"0"
9696.6,515,44,9276,"0"
5672,258,20,9276,"0"
12001.8,354,10,9276,"0"
11800.9,473,8,4020,"0"
4388,255,14,4019,"0"
6143.8,353,1,4018,"0"
2213,99,36,8861,"0"
7447,337,22,4021,"0"
10952,501,51,4021,"0"
34509.4,1888,8,4019,"0"
4370,73,35,4018,"0"
2552,146,45,9276,"0"
2788,123,29,9276,"0"
13801.8,702,1,4019,"0"
9920,135,22,4017,"0"
9353.6,493,3,4017,"0"
14319.6,714,9,4017,"0"
754.4,73,21,4004,"0"
1502.6,127,3,4004,"0"
6436.2,748,9,4004,"0"
3290,41,43,4019,"0"
5667.2,411,30,3947,"0"
8813.6,339,20,4021,"0"
18176.2,601,2,4021,"0"
1333,75,9,4010,"0"
35761,1535,6,4020,"0"
9820,115,0,4018,"0"
1270,64,24,4021,"1"
22298,1146,20,4019,"0"
2800,160,30,4020,"0"
40518,801,6,4019,"0"
8854,95,30,4020,"0"
7246.8,370,9,4019,"0"
4805,65,52,4020,"0"
2478,141,15,4017,"0"
5146,147,30,4017,"0"
980,51,21,9155,"0"
720,30,36,9155,"0"
1284,73,22,4028,"0"
5570.8,170,29,3990,"0"
9756,257,9,4025,"0"
2275.58,102,51,4028,"0"
17264.44,749,16,4027,"0"
2049.44,39,44,4027,"0"
10229,387,6,4028,"0"
2855,40,6,4025,"0"
21888.45,1119,1,4025,"0"
33750,1966,10,4026,"0"
35365.54,810,15,4028,"0"
1353.4,145,27,4032,"0"
5507.8,575,59,4011,"0"
880,50,35,4000,"0"
18172.6,655,13,3955,"0"
122338.4,6879,14,10186,"0"
29583,857,1,10186,"0"
110973,2773,0,10186,"0"
18316,519,15,10186,"0"
18208.6,238,20,4032,"0"
33546,976,1,4034,"0"
53167.2,1464,6,4034,"0"
20064,750,9,4024,"0"
6900,395,3,4018,"0"
7322.6,402,28,4032,"0"
4342,251,58,10186,"0"
7292,354,38,3992,"0"
18036,594,10,4032,"0"
2921,166,21,4024,"0"
17528.01,430,3,4034,"0"
2206,107,8,10186,"0"
3472,186,24,8743,"0"
6462,335,28,10186,"0"
7099.6,286,20,4032,"0"
10179.6,550,0,10186,"0"
3336,139,23,10186,"0"
1146,65,21,3964,"0"
3456.4,172,30,4033,"0"
1040,17,9,4033,"1"
1971,114,20,4034,"0"
7723.56,155,7,4034,"0"
49977.2,1509,29,10186,"0"
2836,83,43,4025,"1"
981.2,107,31,4033,"0"
3660,50,35,4033,"0"
215184.6,9994,1,10186,"0"
1297,53,57,4032,"0"
7584,220,2,9424,"0"
21995,673,0,9424,"0"
2544,73,29,9424,"0"
2596.8,92,14,9424,"1"
6982,191,21,9424,"0"
1926,109,22,9424,"0"
2295,64,8,9424,"0"
1684.2,88,29,9424,"0"
4555.6,246,3,4042,"0"
631,12,6,3993,"1"
4034.2,188,16,3648,"0"
26061.36,1217,7,4039,"0"
7877,458,23,4041,"0"
2830,84,37,4039,"0"
4085,235,38,4039,"0"
21072,744,1,4042,"0"
2396,108,44,4041,"0"
194576.7,7401,0,3992,"0"
12509.6,399,15,4042,"0"
1139.63,39,48,4041,"1"
71019.95,2726,6,4041,"0"
18200,200,13,4041,"0"
27690.4,988,28,4040,"0"
2764,158,16,4042,"0"
14992,565,22,4042,"0"
3269,72,36,4041,"0"
4890,48,0,4042,"0"
4897.4,70,44,4038,"0"
7499,430,2,4041,"0"
1397,84,27,4041,"0"
76645,842,3,4039,"0"
219,11,37,9155,"0"
4161,178,43,9155,"0"
4099,231,28,9155,"0"
2280,130,1,9155,"0"
5585,326,28,8191,"0"
9411.69,162,9,9155,"0"
8081,231,21,4048,"0"
342612.6,11075,1,4047,"0"
22883.8,883,3,9390,"0"
20430.8,609,15,9390,"0"
962,31,58,9390,"0"
13184,350,10,9390,"0"
11339.11,245,0,4046,"0"
2479.4,141,21,4049,"0"
2116,99,7,4047,"0"
18724,526,34,9390,"0"
7949,454,21,4046,"0"
11541.6,537,2,4004,"0"
7413,344,57,4045,"0"
6950.8,420,56,4048,"0"
73710.6,4119,1,4046,"0"
243219.2,10787,0,4046,"0"
26582,1441,6,9390,"0"
7354,200,36,8497,"0"
16529.6,480,1,9390,"0"
3873,127,3,9390,"0"
30040.96,811,0,9390,"0"
5794,190,2,4049,"0"
3780.6,304,22,4042,"0"
1648.03,38,36,4048,"0"
3684,120,14,4047,"0"
7028,190,3,9390,"0"
432,24,20,4047,"0"
538,31,1,4046,"0"
43324.4,1425,9,4047,"0"
9692,128,50,4047,"0"
1795,27,42,4045,"0"
5002,288,3,4048,"0"
2812,155,8,4048,"0"
3589.6,202,24,9390,"0"
4006,228,2,9390,"0"
9734.2,275,6,9390,"0"
4393.6,150,29,9390,"0"
3951,225,22,4055,"0"
9419,375,15,9390,"0"
838.4,53,21,4052,"0"
17325,968,16,3982,"0"
18990,543,1,4052,"0"
2746,158,28,8886,"0"
9994,798,7,4055,"0"
16930.6,1310,0,4055,"0"
200,20,6,4056,"1"
7516,211,1,9390,"0"
1039,59,44,9390,"0"
7138,211,31,9390,"0"
2241,122,52,8708,"0"
18134,517,0,9390,"0"
11785.2,349,7,9390,"0"
26895,344,7,4055,"0"
15358,175,13,4053,"0"
19264,859,22,3968,"0"
60245,702,2,4056,"0"
5065,56,34,4056,"0"
71736,2162,3,4055,"0"
7408.8,745,0,4052,"0"
286240.8,9138,6,4053,"0"
9946,294,13,4045,"0"
14553,831,15,9390,"0"
1736,62,2,4052,"0"
2364.6,128,22,4038,"0"
1229,71,1,4056,"0"
4091,73,0,4055,"0"
456,20,23,4055,"1"
29383,378,16,4039,"0"
51609,933,3,4056,"0"
5252.8,179,1,4055,"0"
17628.8,710,20,4024,"0"
11031,412,15,4024,"0"
3975,242,24,9390,"0"
79880,3491,1,9390,"0"
55321.7,2516,1,9390,"0"
2443.6,149,16,8667,"0"
4386,154,22,9390,"0"
3496.6,194,7,9390,"0"
12655.2,625,43,9390,"0"
12274,562,8,9390,"0"
4205,245,22,9390,"0"
16957.4,598,21,8729,"0"
2168.4,125,40,4061,"0"
9919,364,9,9390,"0"
3483,199,51,9424,"0"
3564,100,36,9424,"0"
8960,462,7,4063,"0"
190888.4,9554,1,4062,"0"
6268,355,9,9424,"0"
2199,126,37,9424,"0"
3304,94,8,9424,"0"
77960,881,2,4062,"0"
11530,414,22,4059,"0"
523,24,37,4062,"1"
7162,502,2,4063,"0"
3201,152,13,4060,"0"
5296,149,20,9395,"0"
34095.08,879,22,4062,"0"
9960,119,41,4063,"0"
30352,894,0,4061,"0"
21392.6,873,10,4063,"0"
15898.76,373,8,4054,"0"
5129.2,280,9,4054,"0"
16120,956,6,4063,"0"
10386,280,7,4063,"0"
40611,1134,2,4061,"0"
9710.4,574,3,4060,"0"
166672.2,7817,6,4059,"0"
18415.6,774,10,4059,"0"
11133.6,1098,1,4059,"0"
10961,426,29,4063,"0"
8561.6,319,14,4063,"0"
17452.4,681,0,4063,"0"
20394,678,6,4063,"0"
38974.8,1165,9,10124,"0"
4039,196,36,4061,"0"
15504,418,1,9424,"0"
14673.4,447,13,10124,"0"
13272.2,443,9,8991,"0"
3678,112,1,8337,"0"
1885.8,107,9,9424,"0"
9660.8,253,45,4062,"0"
6599.4,221,1,4060,"0"
25192.55,776,6,4060,"0"
25481.65,409,2,4060,"0"
31665.2,1743,7,4068,"0"
28777,963,10,8274,"0"
4382.4,157,3,9424,"0"
12019.8,354,8,9424,"0"
38534,1392,1,10124,"0"
4746,208,50,4070,"0"
210362.1,6886,0,4069,"0"
46826.14,1203,3,4069,"0"
8550,90,22,4068,"0"
28343,343,1,4067,"0"
68223,4045,3,4067,"0"
6592,88,1,4066,"0"
439,25,22,4070,"0"
65366,2582,2,4068,"0"
2758,79,38,4024,"0"
2760,33,36,4070,"0"
63667.8,2396,9,4068,"0"
105191.6,3236,0,4067,"0"
4043,186,26,4069,"0"
1420,142,50,4066,"0"
213860.8,6591,2,4067,"0"
7850,215,0,4069,"0"
2128.8,228,21,4069,"0"
260,36,1,4070,"0"
63689.4,2453,1,4070,"0"
55690,1939,1,4070,"0"
2830,38,31,4066,"0"
3182,167,24,9213,"0"
6607.6,265,3,9213,"0"
2700,270,34,9213,"0"
2561,146,58,9213,"0"
41518.6,1834,2,9213,"0"
3770.4,264,37,1977,"0"
1200,50,38,8821,"0"
4882.74,103,14,9213,"0"
980,20,28,9016,"0"
36576,1000,13,8886,"0"
9971,242,3,9213,"0"
8481.6,469,9,9213,"0"
20792,576,3,8876,"0"
28607.2,1329,28,9213,"0"
5045,212,13,9213,"0"
3602,103,51,9213,"0"
5968,278,9,4074,"0"
10801.2,433,16,8616,"0"
1196,68,43,9213,"0"
2587,150,21,9213,"0"
4371.8,88,49,4076,"0"
8040,104,23,4076,"0"
4522,202,24,8233,"0"
50802,1875,1,4075,"0"
21925.4,775,2,9213,"0"
4574,112,7,4074,"0"
1025,20,45,4077,"0"
61741.8,2964,3,4047,"0"
17580,1827,1,4076,"0"
19030,433,6,4073,"0"
15556,791,13,4059,"0"
10953,575,28,4077,"0"
10006,283,3,4077,"0"
13344,721,7,4073,"0"
55110.2,1731,1,4073,"0"
6328.1,86,23,4074,"0"
23646,1560,1,9213,"0"
1815.4,77,30,4077,"0"
28935,464,8,4076,"0"
12030.93,347,43,4074,"0"
7895,163,35,4074,"0"
29817.8,1044,1,4060,"0"
2208,92,2,9213,"0"
11048,314,23,9082,"0"
5744.6,184,24,9060,"0"
16635,319,7,4077,"0"
2358,88,44,4077,"0"
18202.6,238,30,4074,"0"
5853.8,260,7,4066,"0"
1581,90,0,4075,"0"
10090,124,0,4077,"0"
3868.8,66,3,4076,"0"
20733.6,289,0,4075,"0"
9671,359,0,4074,"0"
4916,157,21,4026,"0"
10640,174,21,4041,"0"
60844.4,5082,3,4039,"0"
13539,725,6,4075,"0"
22924.05,857,0,4074,"0"
9405.2,337,16,4074,"0"
23695,267,3,4073,"0"
10210,307,43,8478,"0"
12036.83,284,13,4084,"0"
1954,115,41,4084,"0"
723,31,31,4084,"0"
12224,344,20,4082,"0"
21110,222,8,4084,"0"
4300,47,27,4083,"0"
38323.6,1139,15,4084,"0"
7596,386,22,4082,"0"
19121,809,13,4080,"0"
46633,2056,15,9213,"0"
40299.61,1623,7,4081,"0"
5710,69,49,4081,"0"
29103.6,736,7,9248,"0"
8011.6,303,8,4082,"0"
1791,55,23,8806,"0"
4340,148,29,4084,"0"
2123.67,51,23,4082,"0"
26375,265,34,4084,"0"
3502.4,101,0,4084,"0"
116569,5715,3,4082,"0"
3014.5,301,10,4084,"0"
1070,19,28,3919,"1"
4704,259,37,4081,"0"
6549,79,1,4083,"0"
12362.2,398,0,4083,"0"
9676.2,382,20,4083,"0"
3105,145,0,4082,"0"
3422,177,3,4082,"0"
2887.2,153,51,9365,"0"
7583,433,14,9365,"0"
7968,332,59,9337,"0"
4178,223,0,9365,"0"
22680.6,311,14,9365,"0"
6219,350,8,9365,"0"
28617,1257,8,9365,"0"
78748.8,3376,2,9365,"0"
3615,209,15,9337,"0"
12055.4,551,2,9337,"0"
2190,30,22,4087,"1"
3708,227,22,4090,"0"
31018.6,1183,0,4090,"0"
2542,126,23,4090,"0"
2659.2,88,57,4088,"0"
8270.48,626,7,4091,"0"
4152,118,3,4091,"0"
7536.6,408,3,9365,"0"
28259,2049,9,4090,"0"
4195,233,7,4088,"0"
1755,100,2,9365,"0"
1998.4,130,6,4091,"0"
4555.2,428,50,4088,"0"
40249.2,2106,13,4087,"0"
11317.6,580,9,4048,"0"
45367.4,4842,0,4091,"0"
42744.8,1326,0,9337,"0"
10584.14,588,0,4089,"0"
1422.2,144,13,3878,"0"
2498,123,0,9365,"0"
53827.05,905,6,4088,"0"
8836.8,240,8,9365,"0"
9850,150,14,9337,"0"
110491.2,2588,1,4090,"0"
2769.2,79,49,4090,"0"
138,4,52,4088,"0"
34205.8,1031,2,9337,"0"
81125,827,2,4090,"0"
3815,50,37,4081,"1"
9185,97,21,4087,"0"
7912,235,0,4080,"0"
19380.6,447,0,4004,"0"
5019,182,3,9365,"0"
20266,861,1,3962,"0"
33274,569,2,3961,"0"
7998.13,169,23,4091,"0"
13367.45,273,1,9365,"0"
40402.65,744,8,4033,"0"
6356,131,21,4031,"0"
1665,23,28,4090,"0"
91655.6,4531,1,4089,"0"
34048.7,1608,3,4080,"0"
3122,179,21,9365,"0"
43131.09,1141,0,9365,"0"
16747.6,838,8,9365,"0"
6119.6,269,6,3962,"0"
2543.6,147,0,4088,"0"
5318,181,35,9365,"0"
5053,162,31,9302,"0"
10498.8,355,0,9068,"0"
3674,160,56,8757,"1"
6643,353,1,8900,"0"
10170,191,6,3706,"0"
6670,116,20,3705,"0"
2365,123,20,4087,"0"
18048.51,324,27,4097,"0"
1206,59,7,9337,"0"
2090,120,43,4094,"0"
4083.4,224,56,9337,"0"
8367,473,43,9337,"0"
3692,211,0,9337,"0"
880,50,56,9337,"0"
11270.42,559,2,8610,"0"
46910.8,1284,0,9337,"0"
5475.8,260,13,8876,"0"
1326,76,1,9365,"0"
27454.8,854,0,4098,"0"
20727.09,398,2,4098,"0"
16060,194,1,4098,"0"
32714.2,1225,5,4098,"0"
10159.6,571,37,4096,"0"
70550.8,4970,1,4095,"0"
5105,292,1,4098,"0"
10423,608,10,9365,"0"
3896,163,10,4095,"0"
9903,337,27,4094,"0"
28749.8,1500,0,4098,"0"
21566,1004,3,4097,"0"
4751,196,24,4097,"0"
9950,387,22,4096,"0"
22366,600,1,8184,"0"
4259.6,117,21,4098,"0"
5324.4,155,35,9276,"0"
120511.2,4003,9,9337,"0"
15708,505,20,9365,"0"
15489,539,24,4080,"0"
9611,161,29,4104,"0"
42070.6,1939,10,4105,"0"
82916,4074,1,4103,"0"
2730,150,44,4101,"0"
7740,98,7,4101,"0"
32575,384,3,4104,"0"
4586,182,1,4103,"0"
19700,210,7,4101,"0"
19041,259,7,4105,"0"
1068,61,41,4104,"0"
4237,204,0,4105,"0"
31835.2,1820,1,4104,"0"
3543.8,190,10,4105,"0"
8816.4,271,7,4105,"0"
79074,1030,1,4102,"0"
1181.6,68,55,4103,"0"
2352.2,35,28,4103,"0"
11702.4,560,24,4103,"1"
9980,477,38,4103,"0"
1675,26,59,4102,"0"
200,5,43,4105,"1"
30549.8,543,2,4105,"0"
13467.6,475,6,4105,"0"
9721,388,0,4101,"0"
4550,51,51,4105,"0"
37827.8,1141,0,4112,"0"
51842,2247,1,4108,"0"
17143.18,527,0,9365,"0"
47760,532,2,4110,"0"
8295,79,28,4109,"0"
3056,89,27,9276,"0"
15689.8,507,16,9337,"1"
2244,116,9,4111,"0"
2831,144,37,8108,"0"
1203,69,58,4110,"0"
13859.16,273,14,4112,"0"
2243,128,28,9365,"0"
643192,22704,1,9365,"0"
11114,335,14,9276,"0"
53640.4,2425,6,4112,"0"
3581,161,7,4108,"0"
5980,257,56,4112,"0"
4374.4,193,3,8024,"0"
1165,33,24,7996,"0"
1744.4,87,35,4108,"0"
10507.2,290,29,7980,"0"
4437,256,14,4110,"0"
42720.6,1152,1,7934,"0"
10705.4,4306,22,4110,"0"
5703.6,161,1,7930,"0"
756,30,51,7917,"0"
5075,411,23,4109,"0"
7690.4,398,2,4108,"0"
8646,235,23,7863,"0"
32519.6,1253,9,4108,"0"
115078.6,5398,1,4108,"0"
5294,291,2,4110,"0"
7509,427,8,7772,"0"
585,29,2,4111,"0"
12992.85,241,0,4108,"0"
693.8,14,42,4108,"0"
5428,154,0,4108,"0"
2464.8,138,30,4094,"0"
36433.44,892,0,7755,"0"
9350,248,3,7736,"0"
103469.8,2897,0,10415,"0"
44378.6,1693,2,10367,"0"
23726.8,813,6,10347,"0"
15703.6,834,8,10298,"0"
7987,573,23,10369,"0"
40893,2416,2,10368,"0"
1920,110,50,10362,"0"
19315.4,1332,3,10361,"0"
191018.2,7446,7,10312,"0"
8236,242,30,10348,"0"
22112,1358,1,10376,"0"
5684,161,29,10373,"0"
99906.4,3485,2,10366,"0"
30784.4,1868,6,10419,"0"
32574,1946,1,10367,"0"
14957,875,8,10369,"0"
61381.2,3749,1,10362,"0"
129883,10521,3,10369,"0"
38318.4,1056,1,10368,"0"
23118.2,656,1,10368,"0"
16176.2,601,8,10361,"0"
4254232,244148,2,10367,"0"
13946,1023,2,10367,"0"
39388,1604,42,10366,"0"
10715.8,481,7,10368,"0"
6978,199,49,10360,"0"
4431,254,6,10363,"0"
4945,58,29,10366,"0"
5522,158,45,10374,"0"
37872.4,2211,0,10368,"0"
3225.6,110,3,7124,"0"
50944,1975,1,7310,"0"
16303.4,614,3,7282,"0"
1122,64,24,7188,"0"
2080,119,28,7124,"0"
37604,785,3,7008,"0"
5500,66,36,6901,"0"
7075,82,13,6894,"0"
6166,267,15,6859,"0"
3350,275,16,6727,"0"
18432,757,1,6667,"0"
14616,1047,8,6635,"0"
20661.8,250,1,6581,"0"
115685,3510,1,6503,"0"
15823.6,1140,0,6499,"0"
31340,1375,13,6488,"0"
1480,148,42,6376,"0"
86711,2591,7,6349,"0"
1985,29,36,6294,"0"
1059,46,16,6141,"0"
74648.4,3470,2,5963,"0"
2355,26,58,5949,"0"
21515,1438,1,5887,"0"
12840.8,859,0,5788,"0"
33101,964,0,5670,"0"
7873,287,1,5634,"0"
30304,1866,2,5580,"0"
8957.2,238,24,5561,"0"
4405,53,34,5554,"0"
9378.4,247,56,5537,"0"
15469,234,2,5518,"0"
3852,104,3,5496,"0"
4396,252,15,5257,"0"
9976,237,1,5253,"0"
9935.8,379,2,5193,"0"
35642.6,1337,5,5145,"0"
2209.4,201,8,5113,"0"
6900,96,23,5111,"0"
23954,1250,1,5088,"0"
28498,781,13,5069,"0"
1800,48,15,5064,"0"
57604.6,2141,10,5011,"0"
10206,703,36,5000,"0"
6675,195,48,4892,"0"
21960,1819,8,4889,"0"
28655,657,7,4823,"0"
49984,2393,1,4766,"0"
8642.8,277,15,4738,"0"
6826.6,207,28,4699,"0"
43211,793,3,4664,"0"
6714,136,42,4630,"0"
10278.6,315,7,4623,"0"
12286,269,27,4616,"0"
1218,66,22,4588,"0"
48275,1748,0,4529,"0"
39415.8,1860,0,4445,"0"
2246,77,24,4439,"0"
35370.6,1583,7,4410,"0"
66133,946,1,4406,"0"
1220.1,26,20,4381,"1"
3918,163,21,4328,"0"
8904,583,2,4263,"0"
93257.6,3701,6,4258,"0"
3388.4,116,24,4229,"0"
20224.8,926,0,4221,"0"
74763.8,4673,2,4196,"0"
44841,2617,2,4178,"0"
4438,342,42,4168,"0"
47211.2,2097,0,4110,"0"
12542,1018,10,4088,"0"
17621.8,1433,0,4088,"0"
6805,101,22,4011,"0"
52793.4,732,3,3985,"0"
14920,1492,2,3961,"0"
1178,50,3,3942,"0"
13156.2,554,14,3879,"0"
21801,292,10,3866,"0"
10448,669,7,3814,"0"
32358.4,2119,0,3787,"0"
3152,93,41,3774,"0"
11880.3,237,13,3723,"0"
19904,875,2,3719,"0"
18306.73,490,10,3692,"0"
6702,191,0,3671,"0"
11639,356,21,3635,"0"
7855,92,3,3515,"0"
14874,824,1,3510,"0"
14202.8,477,20,3506,"0"
56159,2330,1,3502,"0"
83427.4,4451,5,3465,"0"
30016.4,1484,7,3423,"0"
95774,2735,10,3409,"0"
20263.2,1067,0,3383,"0"
2022,57,23,3369,"0"
36555,368,0,3293,"0"
12799.8,651,13,3279,"0"
27852,373,2,3271,"0"
56897.6,2046,0,3263,"0"
19529.4,670,13,3262,"0"
42434,823,23,3251,"0"
14279.6,505,8,3242,"0"
37354.8,2163,2,3163,"0"
2047.4,87,45,3129,"0"
873135.6,26381,2,3102,"0"
54002.8,3059,2,3038,"0"
40124.8,1288,0,3026,"0"
76467.6,2429,1,3024,"0"
18555,215,35,2962,"0"
18618.6,1161,3,2926,"0"
30750,1361,9,2911,"0"
3892,113,29,2849,"0"
15608.4,583,7,2823,"0"
10348.8,326,20,2802,"0"
1412,38,8,2766,"0"
1890,98,15,2702,"0"
562,32,7,2682,"0"
21968,377,6,2668,"0"
1410,39,13,2638,"0"
8060,764,23,2638,"0"
839374,47970,0,2632,"0"
22749,369,1,2613,"0"
37908,1243,2,2583,"0"
10887,421,0,2575,"0"
39183,784,1,2484,"0"
1828,53,36,2372,"0"
2114,61,10,2323,"0"
58485.6,1549,8,2305,"0"
2542,165,10,2303,"0"
26744.4,1330,3,2296,"0"
7612.8,512,57,2295,"0"
13630.4,977,8,2289,"0"
19600,236,27,2236,"0"
20068,565,0,2220,"0"
30104.8,1328,0,2173,"0"
614,22,24,2151,"1"
39362,2153,8,2142,"0"
5973.2,195,2,2142,"0"
11654.4,391,0,2114,"0"
2686.4,79,28,2099,"0"
7763,252,30,2085,"0"
31457,817,38,2058,"0"
5014.6,94,29,2046,"0"
36622.4,1195,6,2024,"0"
2330,30,55,2015,"0"
11128,333,8,1998,"0"
8444,209,16,1997,"0"
9342.4,111,24,1969,"0"
6248,179,13,1900,"0"
5934,322,0,1878,"0"
32014.6,1014,2,1864,"0"
93499,4094,2,1856,"0"
18297.6,503,7,1800,"0"
7274.16,212,30,1760,"0"
8377.6,305,37,1751,"0"
6099.49,113,15,1750,"0"
41565,1568,41,1651,"0"
44970.6,1451,48,1632,"0"
8977,120,10,1610,"0"
3323,257,20,1597,"0"
37241.2,1776,1,1571,"0"
2050,28,13,1564,"0"
13148,377,7,1528,"0"
8907.6,288,7,1527,"0"
15540,223,9,1484,"0"
2265,38,9,1470,"0"
7591,318,6,1392,"0"
10922,310,7,1389,"0"
14733.6,604,21,1378,"0"
2940,38,27,1345,"0"
22547.24,905,7,1312,"0"
60202,1720,0,1304,"0"
14952,264,8,1298,"0"
13888,208,9,1277,"0"
4790,66,21,1227,"0"
10100,120,0,1227,"0"
6854,96,27,1210,"0"
11952.4,554,0,1203,"0"
8358.2,134,7,1196,"0"
70187.4,2922,0,9495,"0"
22708.2,669,9,9323,"0"
8495,488,10,9239,"0"
1922264,110208,3,7512,"0"
10979,726,13,10257,"0"
7560,102,34,9466,"0"
182277.8,10892,1,9512,"0"
29306,8646,6,8658,"0"
46725,1571,0,8652,"0"
16162,1004,6,8584,"0"
579,8,20,8689,"0"
3495.4,207,3,9134,"0"
33445,1483,2,8876,"0"
12112,685,7,8135,"0"
4000,131,8,8120,"0"
40748,1623,3,9157,"0"
8288,132,3,7124,"0"
10359.2,407,6,7568,"0"
28326,769,2,1171,"0"
7202.4,537,16,1142,"0"
1673.6,105,56,4119,"0"
18824.6,779,3,4117,"0"
33798,471,0,4117,"0"
6208,107,9,4115,"0"
304,10,38,4115,"0"
150959.6,4783,3,4119,"0"
38321.21,1109,3,4118,"0"
790,34,52,4118,"1"
72591.8,1591,8,4118,"0"
8520,157,8,4116,"0"
37434,1464,1,4116,"0"
4731.4,177,21,4119,"0"
2545,47,23,4117,"0"
42784.6,1894,0,4117,"0"
2235,34,34,4119,"0"
41815,877,9,4119,"0"
10270,104,9,4109,"0"
11386,335,22,4119,"0"
2274,120,7,4117,"0"
6372,179,9,4117,"0"
1079,61,6,6431,"0"
4146,191,45,6431,"0"
12070,230,23,6431,"0"
3618.4,104,44,5732,"0"
4606,213,1,4125,"0"
540,30,15,4123,"0"
7446,213,16,4126,"0"
6041.5,129,3,4124,"0"
770,10,58,4132,"0"
54094.27,989,0,4126,"0"
12248,359,1,4133,"0"
3449,161,42,4124,"0"
8458.2,312,51,4131,"0"
19991,758,8,4132,"0"
2833,97,49,4131,"0"
3107,174,3,4129,"0"
18042,564,7,4132,"0"
18402.4,352,14,4101,"0"
1062.8,49,9,4131,"0"
1598.8,81,37,4125,"0"
1475,85,55,4131,"0"
5817.2,314,22,4131,"0"
18154.8,978,7,4130,"0"
18015.88,724,10,4129,"0"
260176.6,6605,0,4122,"0"
5426,310,50,4124,"0"
9613,124,2,4097,"0"
7177.4,717,34,4124,"0"
6880,88,34,4123,"0"
5975.6,192,22,4123,"0"
15572,629,9,4125,"0"
23571.8,936,0,4124,"0"
14086,556,2,4124,"0"
2680,148,22,4123,"0"
9023.2,200,43,4123,"0"
6936,310,29,4126,"0"
1485.2,123,31,4125,"0"
5730,80,0,4122,"0"
6625,72,37,4146,"0"
2348.75,46,7,4143,"0"
8210,468,23,4147,"0"
17868,820,29,4146,"0"
3306,196,7,4146,"0"
5148.75,102,44,4145,"0"
4931,83,56,4147,"0"
20479.33,406,8,4136,"0"
3280,328,23,4139,"0"
5500,73,9,4138,"0"
17719.47,579,0,4137,"0"
21426.8,704,10,4137,"0"
42062.4,1246,3,4136,"0"
47976.7,4549,1,4140,"0"
33794,767,6,4140,"0"
28472.58,2000,2,4140,"0"
2189.6,232,15,4137,"0"
1618,93,3,4137,"0"
11016.9,214,10,4138,"0"
3426,158,9,4136,"0"
24756.1,455,3,4137,"0"
6451,215,16,4115,"0"
39268.2,478,0,4110,"0"
21653,836,2,4109,"0"
25554.2,1161,2,4095,"0"
17896.4,851,7,4115,"0"
7074.25,129,10,4137,"0"
5300,57,24,4140,"0"
5545,71,20,4140,"0"
3170,51,36,4119,"0"
10995.9,287,1,4117,"0"
1979,73,24,4139,"0"
4454.2,148,8,4138,"0"
1869,76,27,4136,"0"
1907.2,108,28,4130,"0"
3056,127,20,4130,"0"
6337,449,1,1158,"0"
12809,887,43,1140,"1"
10480,770,16,1088,"0"
12955.4,338,1,1085,"0"
8929.2,297,50,1057,"1"
3635.8,53,7,4574,"0"
162,9,7,6653,"0"
40426,2917,3,990,"0"
2846,83,42,6653,"0"
5582,161,38,4537,"0"
23754.8,467,0,958,"0"
2011,76,50,6653,"0"
28953.2,1115,7,4489,"0"
10792.9,322,14,848,"0"
57950,2174,2,766,"0"
1452,56,30,731,"0"
11092.6,172,8,682,"0"
36932.2,1227,6,626,"0"
20932.65,339,20,616,"0"
6141.8,198,21,602,"0"
5140,143,36,4362,"0"
3457.5,233,8,448,"1"
7492.8,220,7,444,"0"
7534,241,1,433,"0"
2283,45,50,377,"0"
11382.8,332,6,357,"0"
8345.2,231,2,357,"0"
12715.6,361,10,357,"0"
2445,41,2,216,"0"
14311.6,727,13,6653,"0"
16810.4,515,24,4004,"0"
1640,89,42,3976,"0"
8320,239,21,3830,"0"
386836.2,12657,6,3760,"0"
18112.6,547,6,6653,"0"
11223.5,663,36,3555,"0"
1427,81,31,6653,"0"
47983.1,1088,6,6653,"0"
21916.4,656,24,6653,"0"
6682.8,127,8,3255,"0"
28464.5,1165,7,3234,"0"
10774.3,179,2,6653,"0"
11953.05,354,7,3173,"0"
6294.5,180,9,3142,"0"
3694,123,15,6545,"0"
15579.5,1091,10,3048,"0"
3009.8,94,29,3027,"0"
16258,557,6,6411,"0"
82646.2,3466,6,6295,"0"
12965.8,726,3,2829,"0"
2802.5,38,9,2715,"0"
2385,161,2,2647,"0"
5124,196,30,6096,"0"
2510.45,62,15,2613,"0"
7108.05,180,34,2554,"0"
45190.05,1055,21,1595,"0"
5450.2,182,14,2457,"0"
17095,616,7,5845,"0"
3015.4,132,20,2313,"0"
3053,102,22,2227,"0"
2738,81,42,2148,"0"
14784.6,480,13,2138,"0"
10416.4,302,8,5673,"0"
16984,497,9,5616,"0"
1895,135,27,2047,"0"
7295.2,267,31,5573,"0"
17511,555,2,2005,"0"
10964,353,22,1935,"0"
5151.5,374,3,1931,"0"
9472.4,341,1,1891,"0"
535,7,21,1854,"0"
24223,820,1,1823,"0"
2190.5,68,15,1673,"0"
58157.5,2173,3,1584,"0"
18180.2,696,2,1520,"0"
11921.6,348,10,1499,"0"
18940.9,288,21,1289,"0"
5722.4,198,14,1280,"0"
4694.4,131,20,1234,"0"
6309.7,325,6,5040,"0"
18274,868,9,4929,"0"
370,10,7,2641,"1"
280,8,1,2596,"0"
958,28,48,2011,"1"
1736,86,30,6653,"0"
595,8,48,1450,"1"
1387,45,6,5669,"0"
5568,207,1,6653,"0"
970,20,42,5250,"0"
25808,747,22,5057,"0"
6796.7,122,7,1084,"0"
8904,633,0,923,"0"
1234.4,35,58,661,"0"
6839.95,288,23,630,"0"
12674.8,421,16,541,"0"
10774.55,325,6,455,"0"
13103.6,378,1,357,"0"
10723.6,304,0,357,"0"
22801.2,646,14,357,"0"
1980,56,30,295,"0"
1841.8,94,24,6653,"0"
67842.5,1615,0,5013,"0"
24408.2,880,7,4509,"0"
32566.15,1102,7,4362,"0"
1580,48,48,4175,"0"
5347,361,1,3472,"0"
20502,642,1,3012,"0"
15885,477,10,1940,"0"
6238,181,0,1238,"0"
1462.5,20,42,185,"1"
908,17,9,160,"0"
6902,167,44,4147,"0"
4904,250,31,4144,"0"
2498,63,34,4147,"0"
116223.8,5065,2,4147,"0"
29122,1894,0,4145,"0"
7785,421,2,4145,"1"
2523,124,22,4147,"0"
7877.8,93,3,4152,"0"
9889.8,369,21,4151,"0"
21330.01,495,6,4151,"0"
14398,826,0,4152,"0"
6020,73,52,4144,"0"
13131,161,7,4154,"0"
3520,200,35,4153,"0"
5043,235,15,4137,"0"
4885,283,51,4154,"0"
6644.2,241,2,4154,"0"
8890,93,41,4151,"0"
4392.4,246,44,4154,"0"
30048,1966,6,4154,"0"
9427.8,441,2,4152,"0"
3551,51,56,4151,"0"
11729.6,354,13,4153,"0"
5077.4,164,14,4154,"0"
30928.8,1040,3,4150,"0"
1040,60,13,4152,"0"
4135,48,22,4160,"0"
2856,146,7,4150,"0"
7209.4,267,6,4157,"0"
10700.6,691,38,4115,"0"
6540,329,49,4115,"0"
2685,36,22,4159,"0"
19010,422,29,4145,"0"
8480,856,3,4144,"0"
25795.77,17890,49,3948,"0"
22860.9,477,1,4161,"0"
7450,92,13,4158,"0"
15878,900,9,4159,"0"
24500,761,1,4159,"0"
42397,1160,0,4129,"0"
23345,1344,10,4097,"0"
16282,973,6,4097,"0"
21473,1205,7,4159,"0"
5250,264,37,4157,"0"
1556,44,6,4158,"0"
14643.5,259,0,4160,"0"
2392,136,27,3026,"0"
1982,78,59,3026,"0"
8004,424,22,3026,"0"
13110.4,439,8,3026,"0"
2349,136,2,3026,"1"
73506.34,2776,0,3026,"0"
16499,1010,21,3026,"0"
29425.6,1794,0,3026,"0"
2875,35,29,3026,"0"
2927,167,1,3026,"0"
5853.6,219,30,3026,"0"
5182,292,7,3026,"0"
4552,179,31,3026,"0"
4990,186,7,3026,"0"
22117.4,551,0,3026,"0"
9663.6,429,2,3026,"0"
13626.2,693,9,3026,"0"
17345.8,675,9,3026,"0"
1686,95,3,3026,"0"
23879,1050,6,3026,"0"
12831.2,574,1,3026,"0"
27531,1420,8,3026,"0"
5650.4,248,8,3026,"0"
5240,281,1,3026,"0"
1150,17,23,3026,"0"
2271.2,116,23,3026,"0"
17882.2,781,0,3026,"0"
5315.2,117,2,3026,"0"
39297.4,1099,14,3026,"0"
4994,267,14,3026,"0"
16711,954,2,3026,"0"
2763,141,28,3026,"0"
1530,88,42,3026,"0"
5522.6,136,6,3026,"0"
8215.2,379,43,3026,"0"
4400,68,3,3026,"0"
3641,207,28,3026,"0"
4239.2,231,29,3026,"0"
11285,496,16,3026,"0"
8835.2,398,15,3026,"0"
4634,212,8,3026,"0"
2567,146,1,3026,"0"
2250,129,1,3026,"0"
3891,223,21,3026,"0"
5148,348,41,3026,"0"
22035.4,1182,8,3026,"0"
3330,46,3,3026,"0"
2400,100,3,3026,"0"
10487.7,397,1,3026,"0"
8084,369,0,3026,"0"
2581,146,28,3026,"1"
37777,1564,6,3026,"0"
8505.4,322,20,3026,"0"
7264,86,15,3026,"0"
4599,252,0,3026,"0"
2626,134,27,3026,"0"
19404.8,682,1,3026,"0"
2498.8,117,21,3026,"0"
1164,66,48,3026,"0"
94318.2,4527,6,3026,"0"
36943.4,1873,6,3026,"0"
1986,85,16,3026,"0"
3574,129,20,3026,"0"
15185.4,874,6,3026,"0"
17026,939,0,3026,"0"
12974,559,16,3026,"0"
3215,204,56,3026,"0"
2699,146,50,3026,"0"
21240.15,594,2,3026,"0"
12908,499,7,3026,"0"
13624.4,498,43,3026,"0"
3474.6,195,22,3026,"0"
2025.6,117,28,3026,"0"
6184,89,3,3026,"0"
9450.4,404,1,3026,"0"
8894,423,8,3026,"0"
14740,1440,1,3026,"0"
8700,100,14,3026,"0"
978,56,44,3026,"0"
26712.6,1465,2,3026,"0"
4478,251,0,3026,"0"
18282,312,22,3026,"0"
22524.4,1574,2,3026,"0"
12034.8,781,6,3026,"0"
48320,1614,24,3026,"0"
3339,190,16,3026,"0"
18577.8,363,1,3026,"0"
1879.2,122,56,3026,"0"
21336,508,1,3026,"0"
33386.8,640,0,3026,"0"
11172.9,213,8,3026,"0"
3939.6,183,3,3026,"0"
1411,78,31,3026,"0"
145698,6117,8,3026,"0"
5089.4,309,41,3026,"0"
90360.4,4312,1,3026,"0"
6205,379,28,3026,"0"
18921.4,1370,1,3026,"0"
21386.8,1343,1,3026,"0"
9392,157,1,3026,"0"
20723.2,1051,3,3026,"0"
2286,91,31,3026,"0"
21036.54,426,3,3026,"0"
9175.6,393,7,3026,"0"
21612,568,34,3026,"0"
960,40,30,3026,"0"
17734,697,2,3026,"0"
9827.5,215,2,3026,"0"
14656.5,310,15,3026,"0"
5438.4,219,1,3026,"0"
2642,94,24,3026,"0"
6305.2,218,23,3026,"0"
33854.2,708,0,3026,"0"
4542,115,29,3026,"0"
10041,575,1,3026,"0"
1220,70,0,3026,"0"
10840,408,3,3026,"0"
2730,42,24,3026,"0"
44560.4,1545,1,3026,"0"
64228,2971,1,3026,"0"
31536.8,1352,3,3026,"0"
70149,2314,6,3026,"0"
14438.6,1020,2,3026,"0"
11844,678,2,3026,"0"
3557.7,73,1,3026,"0"
1520.6,34,56,3026,"0"
1726,100,29,3026,"0"
3681.6,155,1,3026,"0"
91019,6346,0,3026,"0"
2872,162,37,3026,"0"
18501,779,22,3026,"0"
6361.6,328,0,3026,"0"
8043.2,348,8,3026,"0"
18444.83,910,0,3026,"0"
1392,79,27,3026,"0"
13773.33,671,1,3026,"0"
13824.4,575,3,3026,"0"
5724,278,57,3026,"0"
38356.25,975,0,3026,"0"
13059,259,8,3026,"0"
16951.6,336,28,3026,"0"
63106,3437,0,3026,"0"
1214,42,6,3026,"0"
4442.2,190,0,3026,"0"
11133.6,553,7,3026,"0"
7046.4,332,7,3026,"0"
43629.1,3733,2,3026,"0"
12497.2,237,6,3026,"0"
77159,3342,6,3026,"0"
15844.3,301,7,3026,"0"
7486.8,385,29,3026,"0"
8442,149,7,3026,"0"
14111.2,687,27,3026,"0"
11348.4,391,1,3026,"0"
17636,876,13,2976,"0"
44944.4,1809,3,3026,"0"
5635.8,235,15,2976,"0"
1911.6,110,16,4159,"0"
2550,145,31,4159,"0"
30260,2749,6,4161,"0"
2543,146,2,4160,"0"
3725,137,42,4160,"0"
2827,93,9,4157,"0"
56865.4,2312,1,4167,"0"
9540,126,0,4167,"0"
117077,1257,0,4102,"0"
5094.8,153,49,4165,"0"
7278,336,2,4168,"0"
29090,1057,7,4168,"0"
9749.2,456,9,4166,"0"
265761,3368,3,4151,"0"
36600,361,8,4166,"0"
5494,192,6,4165,"0"
3850,215,10,4168,"0"
3330,48,2,4166,"0"
1627,92,51,4157,"0"
11727.2,151,34,4165,"0"
5744,164,16,4168,"0"
69624.1,1737,0,4167,"0"
1381,97,43,4140,"0"
12148.6,609,2,4173,"0"
5930.8,458,0,4175,"0"
3720,50,55,4173,"0"
17258.6,556,1,4174,"0"
4002.2,246,30,4172,"0"
71256.4,2060,2,4175,"0"
1809,104,41,4174,"0"
31648.8,1866,3,4173,"0"
38120,1052,16,4174,"0"
8103.8,391,30,4179,"0"
19338.8,880,8,4178,"0"
19184.11,391,31,4178,"0"
11642,365,7,4172,"0"
67479.4,2928,3,4165,"0"
1837.2,71,34,4179,"0"
60515,750,0,4172,"0"
11820,153,9,4171,"0"
25175,746,14,4172,"0"
17980.4,701,2,4178,"0"
10701.6,542,7,4172,"0"
5240.8,151,15,4172,"0"
29800,1702,8,4181,"0"
7893.51,187,22,4175,"0"
7880.8,227,43,4188,"0"
11335,158,3,4188,"0"
11555.65,397,0,4186,"0"
7249.4,339,24,4178,"0"
8799.6,465,29,4172,"0"
31588,368,1,4172,"0"
6607.2,524,9,4189,"0"
4361.4,191,21,4178,"0"
48979.2,614,3,4189,"0"
2560,174,49,4186,"0"
29421.2,2709,6,4185,"0"
8713.4,382,9,4145,"0"
40572.4,938,8,4157,"0"
4558.8,454,23,4192,"0"
4945.2,131,3,4178,"0"
19396,844,8,4193,"0"
4357.6,155,42,4196,"0"
143536.5,6780,0,4196,"0"
9360,952,0,4194,"0"
8432,406,3,4194,"0"
22780,288,1,4194,"0"
39596,3797,2,4294,"0"
7148,112,35,4300,"0"
1520,23,36,4300,"0"
7708,224,36,4297,"0"
20727.44,578,16,4300,"0"
10421,431,0,4292,"0"
7896,300,3,4298,"0"
4265.6,455,1,4298,"0"
6769.6,346,14,4297,"0"
107940,1429,2,4294,"0"
6725.2,436,22,4293,"0"
25452,970,2,4287,"0"
3696.51,77,6,4287,"0"
14180.1,1296,1,4293,"0"
31482.74,1694,1,4290,"0"
69495.6,3361,0,4292,"0"
4408,126,6,4292,"0"
3085,47,58,4293,"0"
3400,195,0,4293,"0"
3954,51,14,4286,"0"
94081,1158,1,4284,"0"
22674.2,730,20,4283,"0"
316930.8,10645,0,4283,"0"
4580,249,35,4292,"0"
24908.4,988,2,4291,"0"
2074,117,45,4290,"0"
8971.8,163,3,4284,"0"
16895,816,1,4287,"0"
1382,71,7,4293,"0"
2655,48,29,4293,"0"
5505,223,16,4292,"0"
8661.4,346,3,4294,"0"
5558,334,21,4293,"0"
5414,259,1,4291,"0"
10300,136,21,4290,"0"
12825,179,23,4292,"0"
6700,115,8,4286,"0"
27527,359,10,4280,"0"
5230,61,44,4287,"0"
1915.6,189,42,4279,"0"
75547.8,5698,1,4277,"0"
7878.4,279,8,4280,"0"
73764.99,1511,2,4280,"0"
39222,862,0,4279,"0"
6783.8,763,34,4285,"0"
34765.23,1772,3,4284,"0"
4171.6,187,43,4283,"0"
97189.4,4332,1,4276,"0"
4910,273,23,4273,"0"
16296,465,14,4272,"0"
22324,650,6,4271,"0"
4596.75,93,0,4266,"0"
17144.6,721,14,4283,"0"
72623.2,1101,1,4279,"0"
9252,457,1,4276,"0"
14514.99,285,2,4269,"0"
9184,400,36,4273,"0"
20704,282,0,4287,"0"
1546,92,31,4287,"0"
8025.4,254,2,4284,"0"
20049,591,15,4283,"0"
7151,251,34,4284,"0"
10476.6,566,3,4283,"0"
20554,574,24,4280,"0"
89287.2,3097,0,4280,"0"
2731,120,10,4280,"0"
13167.4,740,2,4278,"0"
6310,106,14,4273,"0"
44519.2,1958,8,4278,"0"
15110,187,0,4277,"0"
3683.6,259,50,4265,"0"
815,47,36,4279,"0"
4125,57,43,4277,"0"
38360.4,977,28,4279,"0"
30480,856,27,4277,"0"
4402.4,173,23,4276,"0"
11658,420,58,4262,"0"
558,6,57,4280,"0"
1610,105,10,4280,"0"
5462,153,2,4276,"0"
1646,65,58,4279,"1"
4584,142,7,4277,"0"
24404.6,607,8,4279,"0"
2237,80,58,4276,"0"
6944.6,397,15,4272,"0"
1920,28,59,4277,"0"
32859.4,1429,3,4273,"0"
7324,414,36,4277,"0"
2421,58,15,4275,"0"
24235,324,13,4262,"0"
33310,371,9,4262,"0"
2772.8,125,28,4272,"0"
4776,138,55,4270,"0"
48384,2778,0,4270,"0"
22704.8,1005,3,4258,"0"
60171.8,2026,1,4273,"0"
4275,57,37,4266,"0"
22336,1075,0,4263,"0"
8558.8,242,0,4263,"0"
7731.2,273,28,4272,"0"
9560,419,9,4270,"0"
1119.37,26,51,4272,"0"
36550,436,6,4262,"0"
11052.99,246,23,4273,"0"
11002.4,357,10,4266,"0"
37547.8,1696,6,4272,"0"
3281.2,344,23,4266,"0"
20937.8,1627,16,4266,"0"
20363,1368,3,4265,"0"
11624,252,14,4266,"0"
4889,282,29,7500,"0"
1800,104,30,7500,"0"
7848,444,2,7500,"0"
13236,389,1,7500,"0"
5308.4,201,3,7500,"0"
16723.46,367,1,7500,"0"
3325,160,24,7500,"0"
5513,315,22,7500,"0"
1842,98,36,7500,"0"
23013,779,7,4300,"0"
21199,720,3,4299,"0"
5066,259,48,4298,"0"
31048,397,6,4290,"0"
6570,92,28,4300,"0"
6520.8,170,35,7500,"0"
1774,51,31,7500,"0"
29925.65,1010,2,4308,"0"
10153.6,178,6,4304,"0"
4596,132,34,4308,"0"
5503.2,180,41,4308,"0"
1256,72,58,4306,"0"
9201.2,270,7,4308,"0"
3232.4,167,28,4305,"0"
25410,341,3,4418,"0"
13160,222,7,4418,"0"
39267.6,489,0,4417,"0"
22307,390,2,4420,"0"
11133,159,2,4417,"0"
30820,1007,1,4418,"0"
13445,179,7,4417,"0"
26811.4,1418,7,4420,"0"
4910,69,24,4420,"0"
1350,20,45,4420,"0"
21436,289,22,4420,"0"
51946.4,2335,1,4420,"0"
8050,83,8,4416,"0"
50158,2619,2,4419,"0"
24972,1078,10,4419,"0"
1755,79,37,4418,"0"
2165,113,45,4419,"0"
15519.2,434,7,4411,"0"
15485.8,753,1,4409,"0"
9035.2,443,16,4409,"0"
14056.2,679,9,4409,"0"
14145.2,688,8,4406,"0"
19154.4,929,3,4406,"0"
62223.65,1314,8,4397,"0"
5757.93,137,13,4406,"0"
17808,540,1,4406,"0"
12030.69,233,6,4410,"0"
742,30,55,4406,"0"
5985.2,254,9,4411,"0"
32928,2059,3,4409,"0"
4600,142,27,4412,"0"
12099.6,345,9,4406,"0"
1569,90,31,4411,"0"
21045,307,43,4403,"0"
1723.2,98,57,4412,"0"
4774.8,199,24,4411,"0"
36628,453,13,4409,"0"
10917.6,672,29,4409,"0"
5220,299,3,4406,"0"
12930.6,509,15,4413,"0"
14637.4,400,2,4413,"0"
42662,1633,0,4412,"0"
17447,812,6,4410,"0"
13928,398,14,4402,"0"
11005.2,432,2,4411,"0"
6890,74,21,4404,"0"
41887.8,2295,1,4402,"0"
4062.4,129,9,4395,"0"
1806.4,97,7,4392,"0"
9416.4,426,2,4402,"0"
66983.45,1594,2,4395,"0"
6739.57,135,22,4398,"0"
3592,126,8,4398,"0"
3712,74,10,4392,"0"
10247,163,23,4395,"0"
1591,91,23,4406,"0"
8683,475,24,4406,"0"
30620,356,0,4397,"0"
27863,571,10,4398,"0"
11468,152,14,4395,"0"
12156,356,28,4398,"0"
4353.4,118,23,4403,"0"
5255,85,1,4398,"0"
6363,276,41,4403,"0"
50790,2687,1,4397,"0"
25676,1930,0,4405,"0"
17763.6,388,0,4404,"0"
7415,117,41,4404,"0"
46846,1956,6,4405,"0"
65177.2,3304,2,4390,"0"
10181.2,470,3,4398,"0"
8958.8,383,10,4392,"0"
7940.4,103,14,4398,"0"
1909,109,52,4391,"0"
7046.4,355,7,4391,"0"
4595,50,7,4389,"1"
13074,746,2,4388,"0"
3567.6,183,30,4389,"0"
9224.6,454,15,4385,"0"
5062,284,45,4395,"0"
2819,105,24,4392,"0"
47184.6,2509,10,4390,"0"
1803.6,76,15,4392,"0"
13667.6,656,56,4398,"0"
20306,848,23,4383,"0"
3950,107,21,4382,"0"
3723,44,28,4382,"0"
6547.6,413,2,4384,"0"
55548.8,11727,6,4383,"0"
1757,83,15,4385,"0"
7409,321,37,4383,"0"
7084,202,41,4382,"0"
18462.4,1404,9,4383,"0"
8853.8,331,24,4383,"0"
54182.9,3652,3,4390,"0"
9784.8,510,13,4389,"0"
2965.2,174,49,4384,"0"
8849,130,10,4391,"0"
4923,303,21,4388,"0"
4336.8,119,43,4382,"0"
20067,234,8,4382,"0"
4698,389,21,4376,"0"
8349,344,15,4384,"0"
13458.24,304,15,4382,"0"
17700,211,8,4384,"0"
2900,170,31,4383,"0"
1740,50,52,4378,"0"
9552,545,1,4381,"0"
28963.6,995,7,4375,"0"
3418.2,116,41,4371,"0"
783.6,50,36,4376,"0"
4090,50,28,4377,"0"
4621,158,24,4378,"0"
1168,55,29,4377,"0"
31585.6,810,0,4381,"0"
2694.2,80,2,4382,"0"
3268,172,37,4381,"0"
280,15,9,4377,"1"
10249.68,223,7,4385,"0"
27371.2,1006,2,4382,"0"
10579.2,629,21,4382,"0"
13932,384,6,4383,"0"
622,37,27,4382,"0"
6315,81,34,4378,"0"
4920,280,56,4375,"0"
2235.2,118,6,4369,"0"
7265,109,10,4368,"0"
6094,255,7,4376,"0"
4236,148,44,4374,"0"
28367,1512,3,4374,"0"
1200,22,35,4370,"0"
28330,395,0,4305,"0"
4152,173,6,4305,"0"
20802,774,0,4308,"0"
23125.8,819,8,7539,"0"
734.7,19,23,7574,"0"
5536.2,282,24,4305,"0"
1563.8,88,22,4264,"0"
1472,85,2,4264,"0"
12138,623,16,4306,"0"
5750,68,2,7360,"0"
2409,85,43,4283,"0"
19735,728,21,4308,"0"
8568,370,41,4308,"0"
12320.6,474,28,7360,"0"
2654,76,10,7360,"0"
2659,153,48,7360,"0"
31730.93,2639,0,4308,"0"
2908,120,59,7539,"0"
3680,226,21,7539,"0"
2666,152,29,7539,"0"
2598,95,8,4287,"0"
3980,53,29,4307,"0"
17508.16,548,10,4304,"0"
15920,1395,13,4306,"0"
5890,77,44,4290,"0"
11105,445,6,7574,"0"
1867.4,85,50,7574,"0"
7100,200,41,7539,"0"
384446.5,14559,6,7574,"0"
8160.4,281,9,7539,"0"
1620,47,24,7574,"0"
5463,310,31,7539,"0"
19659.6,889,8,4315,"0"
933,53,49,7539,"0"
25162,986,1,4315,"0"
6736.2,350,1,4312,"0"
13535.8,437,3,7574,"0"
6828,404,8,7539,"0"
23735.1,1161,6,4314,"0"
2625,25,37,4312,"0"
22736,287,6,4265,"0"
18247,586,7,7574,"0"
3952,252,43,4315,"0"
12122,478,7,4314,"0"
22440,2244,3,7574,"0"
6192,521,13,4314,"0"
29598,492,30,4314,"0"
13437,330,21,4313,"0"
10270,100,24,4312,"1"
13800.4,672,13,4315,"1"
7362,211,16,7539,"0"
51533.2,1810,1,7539,"0"
1390,42,43,7539,"0"
8104,477,28,4313,"0"
1852,33,35,4315,"0"
23235.2,681,24,4312,"0"
31169,1422,2,4311,"0"
7127,409,23,7539,"0"
29625.55,561,10,7574,"0"
105402,3936,1,7539,"0"
32670.8,1040,0,4315,"0"
4830,139,55,4312,"0"
6206,124,48,4312,"0"
265658.6,8177,2,4311,"0"
8666,411,14,7539,"0"
2478,236,6,7539,"0"
12270,467,22,4312,"0"
14881.6,799,21,7539,"0"
15400.15,330,0,7539,"0"
6442.6,317,28,7539,"0"
10032.2,288,27,7574,"0"
5675,325,35,7539,"0"
29786,933,0,4319,"0"
139498.4,4758,21,7539,"0"
10358,539,27,7539,"0"
35690,2032,31,4311,"0"
27038.6,1419,10,4320,"0"
5664,190,20,4321,"0"
35684.55,708,2,4312,"0"
2938,145,37,7574,"0"
11956.42,576,6,4279,"0"
3558.4,123,43,4277,"0"
87287,3794,0,4319,"0"
5740.6,68,21,4322,"0"
2083.2,120,22,7539,"0"
21162,1478,14,4322,"0"
27816.8,1375,56,4320,"0"
34469,978,9,7574,"0"
27804.6,666,6,7539,"0"
3527.6,145,24,4321,"0"
48038,1895,10,4306,"0"
5279,247,34,7574,"0"
1335,74,9,7574,"0"
1031.85,21,57,7574,"0"
21735,854,7,7574,"0"
44097,4278,1,7574,"0"
8895,114,21,7539,"0"
17260,772,10,7539,"0"
2405,35,43,7574,"0"
43466.2,2129,0,4327,"0"
7279,247,8,7539,"0"
35963,3407,0,4328,"0"
18443.6,327,21,4326,"0"
19609.05,382,13,7539,"0"
4305,245,27,4328,"0"
2295.2,131,31,4325,"0"
1096,62,3,4325,"0"
5396,309,20,4327,"0"
1620,97,6,4328,"0"
5686,252,1,4328,"0"
24320,308,8,4327,"0"
5462,316,23,7574,"0"
4021.45,123,16,4327,"0"
2886,87,16,7574,"0"
431380.6,20486,1,7574,"0"
2364.8,65,8,7574,"0"
5866,268,36,7574,"0"
2286.2,61,27,7574,"0"
27080,2708,6,7539,"0"
7207.9,111,2,7539,"0"
1165,63,52,7539,"1"
54120,1921,8,7574,"0"
592360,34140,3,4327,"0"
22778.2,1246,6,7539,"0"
4320,127,16,4325,"0"
14543.11,241,37,4304,"0"
7779,257,1,7539,"0"
8200,123,29,4329,"0"
3723,369,9,4328,"0"
858,23,29,7539,"0"
3345.65,65,13,7539,"0"
1086,50,28,4329,"0"
19707,811,1,7574,"0"
60141.2,3262,1,7574,"0"
5628.4,202,43,7539,"0"
18150.8,600,1,7574,"0"
41784.4,761,14,4327,"0"
2219,132,13,4336,"0"
7736,253,1,4332,"0"
23694,1600,3,7539,"0"
4466.6,122,29,7539,"0"
8218.6,872,13,4336,"0"
3184,123,7,7539,"0"
11910,147,36,4336,"0"
5879,279,41,7574,"0"
125649.2,3955,13,7539,"0"
1160,29,7,7360,"0"
7014.4,334,22,4333,"0"
10025,145,28,4335,"0"
8131,159,58,4332,"0"
3460,102,31,7574,"0"
3611.4,304,15,4336,"1"
8339,253,29,7574,"0"
28806,713,7,4333,"0"
7858,450,14,7574,"0"
2119.2,146,29,7574,"0"
1819,57,1,4335,"0"
11607.6,332,28,7574,"0"
1080,51,9,7574,"0"
35277,2022,0,4333,"0"
34295.8,1127,10,4333,"0"
2310.55,49,15,7539,"0"
2748.8,125,23,7539,"0"
745.36,15,8,4333,"1"
6239.6,340,16,4336,"0"
13215,187,10,4332,"0"
127278.8,4766,1,4332,"0"
28334.49,645,1,7539,"0"
5320,160,55,7539,"0"
30800.8,1163,6,7539,"0"
1640,164,43,7574,"0"
112509,4979,0,7155,"0"
14713.57,388,16,7155,"0"
1706,98,43,7155,"0"
25849.4,1169,1,7155,"0"
16876.4,473,21,4340,"0"
37277.6,1157,16,4342,"0"
6683,383,14,7155,"0"
11173,639,28,7155,"0"
18441.8,881,8,7155,"0"
9032,481,2,7155,"0"
7455,101,29,4342,"0"
11127.2,506,6,7155,"0"
68680,765,0,7155,"0"
3883,221,43,7155,"0"
6718,340,37,7155,"0"
12583,643,9,7155,"0"
6987,399,6,7155,"0"
20493,473,2,7155,"0"
8740,94,2,7155,"0"
1816.4,223,28,4343,"0"
14888.22,903,1,7155,"0"
22529.4,450,0,7155,"0"
37109.2,2101,1,7155,"0"
3375.6,191,1,7155,"0"
9922,599,1,4262,"0"
33985.6,1364,8,4342,"0"
16129.8,781,10,4340,"0"
20911,272,0,7155,"0"
17095,288,1,7155,"0"
5639.47,124,24,4430,"0"
2548,131,27,4434,"0"
6844.8,321,10,4432,"0"
19162,238,1,4433,"0"
3474.6,149,8,4432,"0"
1665.8,95,56,4431,"0"
3768.4,158,7,4431,"0"
8853,706,16,4432,"0"
3595.92,200,37,4431,"0"
28225,351,6,4427,"0"
43732,827,20,4431,"0"
20750,976,0,4431,"0"
18405.2,861,15,4430,"0"
19517,852,8,4433,"0"
4974,289,29,4433,"0"
3997.6,212,16,4432,"0"
17298,885,31,4431,"0"
19215.4,983,8,4432,"0"
722.56,58,22,4430,"0"
243739.2,12314,0,4423,"0"
5389.6,205,29,4424,"0"
3234,66,50,4424,"0"
5030,76,41,4417,"0"
25930,417,6,4427,"0"
9110,117,52,4425,"0"
4179.6,130,27,4423,"0"
39548.6,1267,22,4376,"0"
23774,703,14,4426,"0"
3192,182,43,4427,"0"
1044,78,9,4426,"0"
8549.8,298,15,4424,"0"
8588.8,656,3,4426,"0"
3064,140,20,4416,"0"
2292,124,8,4409,"0"
3143.4,249,0,4424,"0"
6576,273,27,7608,"0"
4912.8,146,7,7608,"0"
7354,420,34,4304,"0"
9227.2,466,45,4341,"0"
15139,193,2,4341,"0"
3676,212,9,4339,"0"
5931,233,2,4343,"0"
15748.12,276,16,7608,"0"
1253.4,58,22,7525,"0"
9819.8,1040,8,4347,"0"
5290,58,44,4347,"0"
6770,80,2,7525,"0"
27960.96,615,6,4349,"0"
2205,31,58,4340,"0"
162174.1,4823,1,4350,"0"
15366,631,2,7360,"0"
54811.2,2075,2,7360,"0"
13522.8,455,13,7360,"0"
6734,271,42,4350,"0"
2401,164,29,7360,"0"
2797,153,44,7360,"0"
6016,173,10,7360,"0"
6473,331,10,7360,"0"
1266,72,52,4349,"0"
51076,597,1,4347,"0"
5694,325,30,4350,"0"
12884.37,261,9,7360,"0"
28163,2097,0,7608,"0"
23294,884,13,4349,"0"
12800.4,673,24,4347,"0"
13981.2,597,31,7433,"1"
32723,1048,1,4350,"0"
15654,1082,27,4349,"0"
7999,464,8,4347,"0"
7455.2,207,9,4339,"0"
21984.8,821,0,4271,"0"
9201.6,794,8,4339,"0"
1601.1,106,2,4346,"0"
85810,3979,0,4350,"0"
46400.8,2031,1,4348,"0"
15538.4,561,8,4336,"0"
2662.72,86,27,4347,"0"
13346,406,23,4347,"0"
3295.2,106,56,7525,"0"
856,49,41,7525,"0"
12786.2,391,1,7608,"0"
6766,84,2,4356,"0"
11936.89,252,26,7608,"0"
9460,121,7,4353,"0"
7312,319,23,7608,"0"
66886.8,2100,0,4356,"0"
4202,162,49,4356,"1"
600,26,22,4354,"0"
5872,158,34,4353,"0"
8693,314,2,7525,"0"
25363.8,691,9,4353,"0"
3666,206,27,4348,"0"
4969,283,14,4339,"0"
3324,111,29,4356,"0"
822,47,20,7608,"1"
2469.2,54,1,7433,"0"
3342.8,340,3,4357,"0"
2629,39,37,7525,"0"
6320,65,29,4354,"0"
3937,196,9,7608,"0"
7422.8,323,5,7608,"0"
7897,104,26,7608,"0"
5934,310,6,4356,"0"
1479,85,28,7608,"0"
52185,593,10,4356,"0"
2425.19,57,59,7608,"0"
12855.6,602,2,4354,"0"
28465,589,1,7525,"0"
1520,20,7,7525,"0"
2260,129,7,7525,"0"
4670,72,48,7433,"0"
6239.6,270,2,7433,"0"
1043.4,70,45,4362,"0"
92518.25,1500,6,7433,"0"
8686.6,273,58,4258,"0"
3388,98,24,4258,"0"
1815,105,35,4257,"0"
49224.6,2086,3,4363,"0"
12960,160,21,4363,"0"
1677,64,45,7608,"0"
4005,51,36,4360,"0"
5562,281,21,4363,"0"
13020,151,15,4363,"0"
25177.46,512,2,4353,"0"
15670,219,1,4364,"0"
33210,467,3,4353,"0"
17027.63,268,2,7608,"0"
4974.82,114,37,7525,"1"
108804,1818,0,7525,"0"
4385.2,332,27,4364,"0"
20550.36,452,7,7360,"0"
4122,235,15,4346,"0"
5216.4,171,7,7360,"0"
3866.2,120,27,7360,"0"
7584,287,8,7360,"0"
19965.37,508,6,7360,"0"
241.2,8,3,7360,"1"
2965,60,0,4362,"0"
2562,139,30,7360,"0"
1469,49,56,4346,"0"
3421.2,170,29,4325,"0"
30186.49,616,14,7525,"0"
2723,74,41,7608,"1"
77674,2343,6,4360,"0"
10358.1,230,8,4362,"0"
1977.6,74,5,4360,"0"
4490,256,1,4363,"0"
3092,175,44,4367,"0"
1674,96,44,4367,"0"
1793,100,30,4269,"0"
7215,257,9,4264,"0"
2740,157,51,4368,"0"
7452.4,414,27,4368,"0"
2263,130,30,4368,"0"
1810,25,57,7608,"0"
3640,364,28,4368,"0"
27030,390,13,4368,"0"
6932,399,44,7525,"0"
19921.65,567,15,7525,"0"
12212,415,16,7525,"0"
24342,1095,8,4368,"0"
12474,433,2,7360,"0"
2211.6,100,30,4368,"0"
19265,893,0,4368,"0"
2456,92,6,7360,"0"
11375,456,6,7360,"0"
3341,53,15,7525,"0"
1060,30,43,7608,"1"
3331.2,117,28,7608,"0"
12180.6,527,7,7360,"0"
1406,81,23,7360,"0"
2751,153,10,7199,"0"
588,22,45,4340,"1"
951,49,41,4370,"0"
43918.2,2012,0,4370,"0"
14991,195,0,4368,"0"
46300,490,1,4368,"0"
11416,491,8,4368,"0"
8156,604,1,7236,"0"
54885,678,2,4370,"0"
3541,201,1,4369,"0"
4763,272,8,4367,"0"
11585.2,374,8,7236,"0"
684.25,39,8,7236,"0"
10274.25,534,8,7236,"0"
2440,138,20,4355,"0"
955,13,52,4369,"0"
3378,143,30,4363,"0"
8596,243,22,7360,"0"
8837,117,0,7360,"0"
3974,226,20,4369,"0"
3466.4,173,31,7360,"0"
724,25,21,4370,"1"
2673,50,43,7360,"0"
12350,341,0,7360,"0"
40434.6,1665,1,4368,"0"
2464,140,29,7360,"0"
4200,420,6,7360,"0"
9851.4,482,16,7211,"0"
3111,126,21,7236,"0"
3530,200,29,7272,"0"
6672,247,20,7211,"0"
6807.75,342,10,7236,"0"
21678.2,376,2,4374,"0"
37566,1122,13,4374,"0"
9269.6,265,13,4377,"0"
9738,300,30,7199,"0"
3249,112,0,7199,"0"
1625.8,50,55,7199,"0"
100033.6,1216,2,4262,"0"
2644,121,14,4378,"0"
12676,578,1,4376,"0"
2425,139,15,4375,"0"
63910,742,16,4374,"0"
7984.2,411,34,4325,"0"
2865,136,30,7236,"0"
4964.75,304,10,7236,"0"
18966.8,715,3,4375,"0"
239498.4,4560,6,4374,"0"
6853.26,131,34,7236,"0"
6551.8,127,24,4306,"0"
6486,186,22,4376,"0"
2754,101,1,7211,"0"
5150,72,13,7272,"0"
30594.38,681,10,7236,"0"
2901.4,73,1,7360,"0"
4239,63,29,4536,"0"
4233.78,114,1,4539,"0"
6710,332,31,4539,"0"
19617,1035,14,4537,"0"
27195,376,2,4531,"0"
21639.2,2161,3,4538,"0"
66170.8,2353,0,4539,"0"
6785.58,579,8,4539,"0"
2466.4,63,23,7360,"0"
56310.2,830,6,4531,"0"
8465.86,177,21,4538,"0"
16862,477,21,7360,"0"
6407,136,42,4539,"1"
46559,547,0,4537,"0"
9837.2,147,24,4542,"0"
5560,315,10,4542,"0"
3334.2,336,42,4546,"0"
76439.4,2286,3,4546,"0"
85660.2,3412,8,7236,"0"
10456.2,250,34,7236,"0"
25352.8,716,7,4542,"0"
8020,95,16,7236,"0"
16829.9,849,7,7236,"0"
1287,41,38,4543,"0"
7893.8,328,35,7236,"0"
6644,265,0,4546,"0"
18545,222,9,4546,"0"
3774,204,2,4546,"0"
15522.4,684,23,4532,"0"
637,36,20,4544,"0"
7572.4,448,15,7211,"0"
4866.6,270,6,4458,"0"
38378.3,834,0,4447,"0"
109695,3605,0,4455,"0"
21534.47,607,1,4451,"0"
6979.2,529,8,4452,"0"
12212.4,469,14,4455,"0"
35089.6,1319,5,4454,"0"
8775,95,28,4448,"0"
14551.8,661,7,4447,"0"
3385,37,28,4455,"0"
7509.2,442,1,4451,"0"
3487,200,0,4448,"0"
3360,45,3,4452,"0"
1120,16,8,4448,"1"
1145.8,46,50,4454,"0"
17254.75,507,9,4454,"0"
3142,126,16,4455,"0"
50414,1801,2,4452,"0"
21588,1331,15,4455,"0"
6346,262,55,4453,"0"
34516.3,766,1,4448,"0"
854,16,57,4448,"0"
30750,1502,2,4441,"0"
27706.4,1541,0,4444,"0"
4879.6,161,48,4441,"0"
3278,194,1,4440,"0"
32762,1743,6,4444,"0"
1433.2,81,15,4446,"1"
5745,148,30,4446,"0"
10852,430,0,4447,"0"
2764,103,16,4447,"0"
11072,427,9,4441,"0"
3083.6,105,48,4444,"0"
4766,259,44,4448,"0"
18890,940,2,4445,"0"
3167.8,233,10,4446,"0"
12337,184,20,4446,"0"
56734,766,2,4441,"0"
15378,701,0,4441,"0"
19069,235,15,4446,"0"
5867.4,340,37,4445,"0"
9287.4,994,24,4445,"0"
9675,130,13,4444,"0"
9866,288,6,4439,"0"
12264,1049,23,4439,"0"
10016.6,483,1,4437,"0"
2606,72,23,4441,"0"
8109.2,256,36,4441,"0"
8790,124,36,4441,"0"
11719.35,223,10,4437,"0"
8431,333,20,4395,"0"
4297.2,146,15,4440,"0"
22185,317,15,4439,"0"
7173.6,165,8,4439,"0"
7426,396,22,4389,"0"
2308,84,20,4437,"0"
5936,178,3,4437,"0"
3877,317,29,4440,"1"
10481.3,736,0,4403,"0"
8324.2,331,29,4402,"0"
3313.6,228,49,4440,"0"
154628.8,8911,0,4439,"0"
8950,130,20,4439,"0"
74042,816,2,4440,"0"
3425,150,24,7500,"0"
3481.98,424,35,4551,"0"
5761.4,592,14,4550,"0"
22807.6,741,0,4535,"0"
32163,1217,13,4544,"0"
33082,1215,10,4544,"0"
8676.4,805,14,7574,"0"
5218,205,22,4542,"0"
28544,1062,3,4542,"0"
104961,3985,3,7525,"0"
12311,727,2,4542,"0"
12510,152,1,4551,"0"
23804,296,7,7155,"0"
27079,341,1,7155,"0"
51496.8,677,3,7155,"0"
5320,82,43,4543,"0"
26444.31,383,15,7236,"0"
7850,144,1,7155,"0"
57492,1926,7,4551,"0"
10334.36,241,1,4549,"0"
3745,45,22,7155,"0"
6630,78,44,7155,"0"
18199,545,0,7155,"0"
16766,224,22,7155,"0"
20564,1174,10,4550,"0"
12462.65,483,16,4536,"0"
2188,125,9,4551,"0"
20075.6,812,3,4537,"0"
6931,205,16,7525,"0"
11403,568,7,7272,"0"
8700,162,15,7155,"0"
20148.67,330,7,7155,"0"
18964.26,429,13,4559,"0"
4390,130,48,4557,"0"
839,48,50,4558,"0"
334026,9306,0,4560,"0"
42253,949,3,7155,"0"
15042,1386,6,7560,"0"
10319.4,508,8,7539,"0"
22020,401,1,7155,"0"
1058,37,52,4559,"0"
15045,196,13,4560,"0"
21410.05,951,0,4531,"0"
3301,200,23,4558,"0"
36185.4,1048,2,4530,"0"
18766.7,404,0,4558,"0"
237068,12064,1,4556,"0"
10399,174,49,4557,"0"
6834,312,21,4536,"0"
1582.2,81,23,4560,"0"
5975,79,45,4559,"0"
10952.8,459,16,4559,"0"
3604.87,110,1,4559,"0"
4753.85,114,0,4557,"0"
985,25,44,4536,"0"
16300,210,13,4532,"0"
71723.65,3011,1,4559,"0"
1352.4,40,9,4565,"0"
9155,136,14,4566,"0"
5176,203,10,4566,"0"
10368,439,16,4566,"0"
1440,60,10,4564,"0"
115,2,50,4558,"1"
43318.4,1411,24,4557,"0"
38335,858,8,4565,"0"
13951.2,730,15,4564,"0"
29931.2,2003,0,4567,"0"
4663,271,1,4565,"0"
5875,330,10,4532,"0"
4524,223,50,4564,"0"
81139,6890,2,4531,"0"
17405.4,1460,14,4566,"0"
63694.27,1691,1,4567,"0"
6362,182,10,4566,"0"
6861,393,15,4522,"0"
23249.34,534,3,4522,"0"
6809,354,0,4567,"0"
16095,213,6,4567,"0"
41966,1230,2,4567,"0"
4127.35,110,10,4567,"0"
19609.6,789,1,4563,"0"
38974.2,1205,2,7519,"0"
3055,44,14,7500,"0"
8573.3,193,6,7499,"0"
6500,119,6,7155,"0"
28723,653,9,4566,"0"
1920.6,110,7,4564,"0"
6103.6,375,9,4523,"0"
48671.55,1518,0,7461,"0"
10110,190,14,4563,"0"
2207.2,71,30,7454,"0"
67633.2,2048,0,7444,"0"
5012,158,58,7444,"0"
10632.2,370,22,7236,"0"
84954.5,2494,8,7437,"0"
14730.59,231,20,7435,"0"
1084,66,8,7360,"0"
11641.25,605,22,4572,"0"
2560,256,42,4572,"0"
7935,367,38,4571,"0"
28649.65,569,2,4573,"0"
28647,1610,6,4571,"0"
16278.8,604,44,4574,"0"
26081.96,1365,0,4573,"0"
14403,978,8,4573,"0"
9182,526,22,4571,"0"
26220.8,1466,2,4574,"0"
8077.97,231,0,4573,"0"
8770,104,20,4553,"0"
5622,179,9,4493,"0"
4220,217,14,4492,"0"
18028,891,7,4487,"0"
19417.6,759,48,4256,"0"
3975,62,27,4238,"0"
5370,154,34,4570,"0"
37064.96,775,1,4574,"0"
2846.93,209,15,7236,"0"
5375.3,172,37,7236,"0"
4237.55,100,27,7392,"0"
27273.4,990,3,4563,"0"
79514,1298,0,7155,"0"
5342.8,300,58,7360,"0"
12663,640,3,7155,"0"
1428,82,58,4572,"0"
163295.4,7657,0,4573,"0"
5300,281,14,4573,"0"
14460.5,322,6,7352,"0"
37076.6,897,6,7351,"0"
30049.6,681,7,7349,"0"
9304,288,45,4572,"0"
585,28,34,7339,"0"
12767,699,8,7155,"0"
29247.4,1446,3,7236,"0"
225219,8794,1,7332,"0"
5021,78,1,4572,"0"
2970,85,15,4572,"0"
14794.77,420,0,7331,"0"
6305,143,24,7308,"0"
4065.4,144,10,7307,"0"
22572.1,419,7,7302,"0"
26533.6,913,1,7290,"0"
135702.3,3817,6,7286,"0"
19591,1041,9,7211,"0"
3530,129,38,4573,"0"
8971,387,24,4572,"0"
14309,230,57,7260,"0"
1269,73,36,7259,"0"
22199.4,954,3,7155,"0"
9626.4,163,35,4573,"0"
8490.6,474,21,7155,"0"
28720,507,0,7155,"0"
21693.75,407,16,7226,"0"
8452,252,48,7217,"0"
234,10,31,7155,"0"
5250,91,6,7196,"0"
3829,158,36,7155,"0"
6068.8,221,34,7166,"0"
8516.8,487,14,4579,"0"
42140.4,1729,2,4578,"0"
33262.69,978,6,7155,"0"
35435.65,638,0,4580,"0"
7807,454,34,4581,"0"
20889.6,612,1,4580,"0"
6040,213,9,7727,"0"
4240,46,50,7031,"0"
3900,48,43,7780,"0"
13212,398,14,7780,"0"
3875.05,72,1,7780,"0"
4360.4,62,23,7780,"0"
1705,23,1,7780,"0"
18935,362,22,7780,"0"
71955,742,0,7780,"0"
7827.8,170,50,7780,"0"
10280,151,1,7780,"0"
744.2,22,49,7780,"0"
3947,55,42,7780,"0"
3970,54,29,7780,"0"
2485,32,23,7780,"0"
36071.25,1091,22,6180,"1"
10180,126,55,6063,"0"
1689.9,46,56,7182,"0"
7558.6,118,21,7780,"0"
40475,406,0,7780,"0"
9711.4,406,24,7780,"0"
11854,390,31,7780,"0"
19450.3,394,1,7780,"0"
55805,641,7,7780,"0"
65588.2,2134,6,7780,"0"
36949.2,500,8,6488,"0"
29841,1467,3,6729,"0"
14348,498,8,7780,"0"
10787,342,24,7780,"0"
7705,97,22,7127,"0"
2628,260,58,7780,"0"
23165,252,1,6743,"0"
17845,224,0,7780,"0"
6143.2,244,24,7780,"0"
2060,24,29,7780,"0"
39022,549,13,7780,"0"
26767.2,1136,0,7780,"0"
5000,240,42,7780,"0"
5901,202,20,7780,"0"
22745,932,1,7780,"0"
17659.4,902,13,7780,"0"
43695,825,7,7780,"0"
4753,231,20,7780,"0"
3591,44,23,7780,"0"
2033,113,16,7780,"0"
25370,265,1,7387,"0"
22010,248,15,7273,"0"
4919,112,7,7780,"0"
2277,130,13,7780,"0"
9700,113,6,7780,"0"
13071,376,6,7780,"0"
31175,349,1,7780,"0"
6070.4,351,37,7780,"0"
5178,208,0,7780,"0"
1766,100,49,7780,"0"
4695.6,276,14,7780,"0"
7214.4,372,3,7780,"0"
3775,48,30,7780,"0"
11208.2,589,23,7780,"0"
6601,260,1,6583,"0"
3721.4,63,41,6512,"0"
3091,177,2,6019,"0"
11205,131,41,5895,"0"
4100,135,24,6265,"0"
31784.6,483,27,7443,"0"
9598.8,443,1,7780,"0"
6778.6,137,14,7780,"0"
2473,57,21,7780,"0"
3932,225,31,7780,"0"
5164,130,49,7780,"0"
12911.6,244,35,7717,"0"
3376.8,191,44,7780,"0"
2002,88,38,7780,"0"
3286,145,2,7780,"0"
1830,99,2,7780,"0"
22390,233,21,7780,"0"
66506.4,2990,14,7178,"0"
71652.6,3023,24,7178,"0"
53685,611,20,6874,"0"
51352.8,1845,2,7750,"0"
3462,105,20,7744,"0"
12720,134,16,7750,"0"
20407.6,573,31,7751,"0"
13542.4,629,16,6037,"0"
8024,259,42,7780,"0"
16331.2,590,7,6777,"0"
75547.6,3024,6,7780,"0"
1422,80,13,7780,"0"
7233.2,240,23,7780,"0"
68056.2,1971,0,7780,"0"
7648.8,247,1,7331,"0"
10487,484,30,7780,"0"
7832,293,22,7780,"0"
1677,90,29,7780,"0"
5359.95,73,1,7780,"0"
100,10,57,7780,"0"
24265,311,21,7780,"0"
19237,504,9,7780,"0"
10699,159,2,7780,"0"
8828.8,319,7,7780,"0"
15035,200,13,6504,"0"
3240,186,22,7780,"0"
28826,1382,7,7780,"0"
8132.2,403,13,7780,"0"
3116,96,29,7780,"0"
2288,105,38,7780,"0"
9374,305,13,7756,"0"
9402,330,8,7756,"0"
19599,329,8,7756,"0"
7285,77,43,7756,"0"
6560,312,59,7755,"0"
3746,117,22,6184,"0"
50552.9,901,6,7505,"0"
81288.99,949,1,7288,"0"
15695.2,421,22,7176,"0"
13335,127,27,7176,"0"
1827.8,54,50,7154,"0"
51061,795,1,6736,"0"
5032,242,36,7780,"0"
27729.6,825,1,7780,"0"
50019,543,0,7780,"0"
24281,290,20,7780,"0"
113149.2,1566,0,7780,"0"
1425,20,55,7780,"0"
4141,93,44,7780,"0"
17543,241,9,7780,"0"
107476,1177,1,7780,"0"
45862.6,1806,1,7780,"0"
11876.6,358,43,7780,"1"
3434,100,44,7780,"0"
15571.8,800,1,7780,"0"
48695,509,1,7780,"0"
5230,63,6,7780,"1"
9496,162,21,7780,"0"
4758.6,220,9,7780,"0"
21348.4,460,8,7780,"0"
2754,162,1,7780,"0"
3367.6,144,7,7780,"0"
2392,76,28,7780,"0"
141813,8224,7,7780,"0"
28570.7,424,1,7780,"0"
39748,612,1,7780,"0"
6611.6,190,22,7780,"0"
7696,241,35,7780,"0"
2417,144,27,7780,"0"
10608,301,0,7780,"0"
14890,401,14,7780,"0"
16009.2,278,6,6653,"0"
7815,93,8,6334,"0"
2273.6,73,2,5893,"0"
12175.8,654,14,5910,"0"
29803.4,329,0,7596,"0"
2611,31,21,6922,"0"
22690,254,8,7780,"0"
11718.4,532,16,7780,"0"
4718,216,41,7780,"0"
2674,151,0,7780,"0"
7103.6,402,6,7780,"0"
4792.4,245,9,7780,"0"
9333,114,8,7780,"0"
2190.4,84,30,7780,"0"
5275,55,21,7780,"0"
7771,88,20,7780,"0"
12229,529,2,7780,"0"
29320.6,678,1,7780,"0"
7033,372,23,7780,"0"
18936.2,705,0,7780,"0"
22740,1207,6,7780,"0"
28711.09,649,23,6173,"0"
73114.8,772,6,7594,"0"
8347,447,48,7234,"0"
4090.4,182,51,7156,"0"
8083,197,6,7107,"0"
3998,198,23,6958,"0"
2264,130,37,7780,"0"
16268.6,751,2,7780,"0"
6760,82,44,7780,"0"
53806,795,2,7780,"0"
1050,60,36,7780,"0"
4830,46,56,7780,"0"
3293.8,141,0,7780,"0"
37807.4,1751,3,6065,"0"
15763,182,0,5966,"0"
39018,987,8,7393,"0"
10255,120,8,7360,"0"
45818,501,2,7356,"0"
53274,606,0,7176,"0"
11848,384,40,7780,"0"
34686,533,9,7780,"0"
25844.8,251,27,7780,"0"
1008,57,20,7780,"0"
36080,391,27,7780,"0"
30124,446,2,7780,"0"
14405,181,8,7780,"0"
384,11,23,7780,"0"
5880,165,9,7780,"0"
40252,1138,0,7780,"0"
22470,283,23,7780,"0"
69615,2300,1,7780,"0"
34774,567,0,7780,"0"
9875.8,225,13,6315,"0"
1894,112,9,7780,"0"
25249.8,833,9,7780,"0"
2420,141,2,7780,"0"
3693.6,216,1,7780,"0"
10243.6,455,1,7780,"0"
55858,609,7,7780,"0"
66029,823,6,7780,"0"
48449.6,2540,10,7780,"0"
4664,268,31,7780,"0"
6821,261,3,7780,"0"
65530,706,1,7780,"0"
36365,445,1,7780,"0"
8008,414,22,6281,"0"
68029.4,1583,7,7780,"0"
5902,342,5,6666,"0"
1020,58,20,6558,"1"
367341,5299,59,6666,"0"
533475,9853,1,6666,"0"
1050,60,6,6666,"0"
9454.8,470,24,6666,"0"
3430,193,50,6666,"0"
46365,714,7,6666,"0"
27227,1175,7,6666,"0"
7530,226,14,6666,"0"
6798,386,36,6666,"0"
8205,107,0,6666,"0"
9754,561,1,6666,"0"
405372.5,13361,1,6666,"0"
14833.2,746,2,6666,"0"
3434,163,21,6666,"0"
12512,701,23,6666,"0"
11762.2,599,7,6666,"0"
40835.2,876,35,6666,"0"
1879.6,104,23,6666,"0"
5255,85,52,6666,"0"
33599.6,1008,2,6666,"0"
2857,130,37,6666,"0"
7629,97,23,6666,"0"
3955,227,45,6666,"0"
11080,546,30,6666,"0"
5933.2,569,20,6666,"0"
12911.29,329,8,6666,"0"
2270,132,37,6666,"0"
2419.6,102,51,6666,"0"
7198,213,2,6666,"0"
3438,199,50,6666,"0"
38346.05,782,2,6666,"0"
27814,675,2,6666,"0"
3834,220,23,6666,"0"
2230,26,43,6666,"0"
13676.2,419,28,6666,"0"
3189,182,14,6666,"0"
84167,1124,2,6666,"0"
2999,120,21,6666,"0"
5657.4,217,8,6666,"0"
2175,125,22,6666,"0"
4993,159,21,6666,"0"
9622,272,28,6666,"0"
13790,179,20,6666,"0"
6725,385,7,6666,"0"
2240,30,56,6666,"0"
1864,108,49,6666,"0"
4040.4,146,31,6666,"0"
27844,815,1,6666,"0"
37390.4,1566,6,6666,"0"
14306.85,265,1,6666,"0"
83705,1045,6,6666,"0"
3747,69,51,6666,"0"
16910,637,15,6666,"0"
5430,76,20,6666,"0"
1330,27,50,6666,"0"
29848.2,908,3,5888,"0"
8803,179,13,6666,"0"
3310,59,23,6666,"0"
42462.86,910,2,6666,"0"
17392.8,600,14,6565,"0"
5693.85,140,9,6666,"0"
7455,123,20,6666,"0"
25318.15,409,1,6666,"0"
4120,83,23,6666,"0"
24495,307,35,6666,"0"
39296,1177,9,6666,"0"
5178,125,2,6666,"0"
33426.2,545,2,6666,"0"
2506,71,23,6666,"0"
2535.6,116,20,6666,"0"
22275,279,24,6666,"0"
57282,1160,2,6666,"0"
2561,147,22,6666,"0"
11409,355,9,6666,"0"
7182,363,2,6666,"0"
15662,520,28,6666,"0"
2460,70,2,6666,"0"
1926,110,37,6666,"0"
14466.8,483,9,6666,"0"
71946.2,3695,6,6666,"0"
33089.6,1485,28,6666,"0"
2535,111,30,6666,"0"
28721.4,872,2,6666,"0"
9359.2,340,21,6666,"0"
1220,70,51,6666,"0"
2385,35,15,6666,"0"
2400,100,21,6666,"0"
8376,137,20,6666,"0"
26005,1261,6,6666,"0"
5100,261,27,6666,"0"
1102.8,57,3,6666,"0"
2924,169,14,6666,"0"
4288,408,43,6555,"0"
51779.2,951,7,6490,"0"
4282.2,244,9,6456,"0"
1553,89,20,6315,"0"
4797,86,20,6309,"0"
5129.2,158,48,6264,"0"
10155,324,9,6257,"0"
11076.4,316,20,6247,"0"
7632.8,119,2,6215,"0"
14842.6,750,16,6205,"0"
56835,779,6,6197,"0"
8886,100,3,5994,"0"
7992,462,35,6443,"0"
7975,254,30,5896,"0"
59207.8,2624,23,5784,"0"
16524,900,9,5901,"0"
8791,218,27,5900,"0"
22254.2,908,15,6666,"0"
19422,839,21,6666,"0"
10637.2,295,15,5915,"0"
11550,456,0,5795,"0"
3714,120,48,6450,"0"
4469,256,9,6666,"0"
10271.2,386,16,6666,"0"
7665,180,14,6666,"0"
20998.15,362,7,6666,"0"
178974,7095,1,5915,"0"
17918.7,347,0,6666,"0"
15410.05,261,14,6666,"0"
7319.4,144,27,6666,"0"
69540.4,1579,14,5914,"0"
8460,112,1,6666,"0"
9789,362,3,6666,"0"
12608,721,8,5887,"0"
28248,1335,0,6629,"0"
35304,2712,6,6666,"0"
3370,143,35,6666,"0"
43683.6,2012,10,6666,"0"
8378,225,14,6593,"0"
61557.6,3459,9,6448,"0"
410973.2,15870,0,6342,"0"
3054,178,10,6086,"0"
17619.2,682,14,6096,"0"
19989.6,555,29,5795,"0"
33655.6,1329,1,6666,"0"
5589,76,0,6660,"0"
6575,376,21,6660,"0"
11130,129,15,6660,"0"
38914,512,0,6660,"0"
15848,691,22,6660,"0"
6235.2,342,9,6666,"0"
117615.5,5575,2,6666,"0"
26635,317,0,6666,"0"
2057,118,56,6666,"0"
2829,162,29,6666,"0"
38693,671,8,6666,"0"
34844.8,1441,1,6666,"0"
58755,661,2,6666,"0"
3772,215,1,6666,"0"
1170,14,15,6572,"1"
19827,329,3,6644,"0"
13009,284,9,6666,"0"
23115,273,7,6660,"0"
12830,136,27,6660,"0"
5317.8,236,20,6660,"0"
1760,100,22,5728,"0"
53680.4,2005,10,5715,"0"
3004,101,22,5264,"0"
1036,59,51,5264,"0"
3705,54,55,5266,"0"
6680,668,6,5265,"0"
4878,252,23,5267,"0"
3378.8,170,2,5265,"0"
45863.16,923,9,5267,"0"
6012,344,2,5266,"0"
11710.2,582,8,5263,"0"
6108.4,680,27,5267,"0"
31713.6,1840,6,5265,"0"
118387.2,4670,6,5264,"0"
2620,39,57,5267,"0"
6640,96,1,5264,"0"
6935,75,10,5263,"0"
45998,547,9,5263,"0"
21468,248,7,5253,"0"
19035,219,6,5253,"0"
12624.8,786,1,5260,"0"
22490,292,35,5259,"0"
4984,293,38,5252,"0"
3384.6,187,9,5258,"0"
28308.8,1072,10,5253,"0"
17842,1020,2,5252,"0"
8649,94,2,5253,"0"
19248,783,22,5251,"0"
39020,508,15,5250,"0"
1540,88,37,5259,"0"
3714,212,8,5252,"0"
7680,221,16,5258,"0"
12366.6,637,16,5259,"0"
51893.2,2324,2,5260,"0"
18642.8,1014,6,5260,"0"
1156,57,15,5256,"0"
4374.4,214,37,5257,"0"
7113,320,52,5256,"0"
36647.4,2179,3,5253,"0"
1860,24,3,5251,"1"
1073,61,3,5249,"0"
2990,150,59,5246,"0"
13519.66,320,10,5251,"0"
8235,113,22,5250,"0"
16394,874,49,5245,"0"
19446,876,0,5252,"0"
10332.4,511,13,5246,"0"
39296,489,29,5244,"0"
7396.2,610,10,5244,"0"
350,20,43,5245,"0"
22075.2,1308,9,5244,"0"
27387,1549,8,5243,"0"
3500,176,36,5243,"0"
1570,90,24,5243,"0"
4800,63,48,5242,"0"
23142.65,305,3,5239,"0"
14096.6,387,16,5242,"0"
1904,84,27,5245,"0"
2545,151,24,5243,"0"
644.6,31,14,5243,"1"
5463.6,156,34,5245,"0"
8310.4,326,22,5232,"0"
11091,477,8,5245,"0"
2514.5,135,7,5244,"0"
8673.6,505,44,5243,"0"
3668,174,15,5236,"0"
6751,296,9,5231,"0"
6590,258,50,5237,"0"
2750,49,45,5231,"0"
24584,376,8,5236,"0"
12231.2,348,0,5239,"0"
14830,172,8,5231,"0"
24561.52,661,20,5231,"0"
75223.6,3955,7,5231,"0"
7306.84,658,20,5235,"0"
1568.8,81,56,5232,"0"
2766.8,79,35,5238,"0"
19761.8,797,22,5237,"0"
17357.6,1170,9,5228,"0"
3599.8,336,21,5225,"0"
1540.8,154,21,5231,"0"
22514,1092,1,5229,"0"
39162,1063,14,5225,"0"
1504,21,49,5231,"0"
8275,108,3,5229,"0"
3720,48,55,5232,"0"
2448,70,37,5228,"0"
3246,185,0,5232,"0"
15160,152,1,5229,"0"
11102.3,166,2,5230,"0"
1847,107,41,5221,"0"
2606,150,28,5232,"0"
1865,27,1,5230,"0"
4302.2,304,56,5229,"0"
2323.4,127,52,5223,"0"
66025.95,2856,1,5222,"0"
2537.8,143,16,5221,"0"
27864.25,588,8,5222,"0"
11323.2,552,52,5223,"0"
2752.4,80,23,5222,"0"
7002,219,23,5224,"0"
42180,2342,3,5222,"0"
5981,101,13,5218,"0"
9108.52,144,51,5222,"0"
10012.81,253,14,5222,"0"
1110,48,58,5225,"0"
8139,100,13,5225,"0"
48296,1516,1,5225,"0"
115555.8,5430,0,5221,"0"
45956.8,2240,10,5221,"0"
6774.8,279,6,5222,"0"
2185,35,23,5221,"0"
38175.6,566,1,5224,"0"
4231.2,516,1,5216,"0"
23212.24,938,2,5215,"0"
13810.92,1483,6,5214,"0"
2242,64,31,5215,"0"
74605,960,8,5204,"0"
1656,96,44,5215,"0"
2698,160,51,5215,"0"
8625,133,28,5217,"0"
12080.8,413,6,5217,"0"
9385,115,0,5215,"0"
25398.2,1101,2,5216,"0"
13788,666,2,5214,"0"
13090,429,3,5216,"0"
34269,418,13,5214,"0"
25230.4,1841,43,5216,"0"
9827.4,963,23,5215,"0"
19937,1530,8,5214,"0"
8331.6,150,30,5211,"0"
3358.6,196,20,5215,"0"
4397,247,41,5215,"0"
26670.6,826,0,5214,"0"
38433.2,1490,28,5214,"0"
1394,42,2,5211,"0"
2838,165,27,5209,"0"
1209.52,28,8,5215,"1"
4288,92,22,5215,"0"
3685,48,15,5216,"0"
2230,89,30,5215,"0"
3248,135,20,5211,"0"
4540,189,7,5208,"0"
12261,191,20,5210,"0"
4785.6,538,43,5209,"0"
8665,276,34,5207,"0"
8550,108,42,5208,"0"
4984,138,3,5207,"0"
12625,145,13,5207,"0"
3730,44,41,5204,"0"
2498,72,37,5210,"0"
29409.92,813,6,5211,"0"
20166,950,0,5204,"0"
11126,469,57,5203,"0"
26208,1167,6,5210,"0"
5635,71,14,5207,"0"
2320.32,53,29,5207,"0"
31414,2367,1,5204,"0"
6000,98,36,5201,"0"
4935,146,28,5200,"0"
12017.92,371,10,5202,"0"
58098,4133,0,5201,"0"
111908,6590,1,5200,"0"
105,1,0,5203,"1"
3362.4,160,51,5197,"0"
5126.8,256,43,5202,"0"
12494,990,15,5201,"0"
4531,259,15,5200,"0"
6285,86,6,5202,"0"
1130,15,37,5202,"0"
87968,3899,0,5200,"0"
60677.38,1836,0,5196,"0"
69096.6,5009,1,5202,"0"
9408.4,555,15,5201,"0"
18320.47,330,13,5193,"0"
39248,479,0,5195,"0"
4571,262,9,5194,"0"
12917,740,44,5196,"0"
12886,373,27,5195,"0"
8395,103,34,5193,"0"
5932.8,335,38,5197,"0"
4180,113,9,5194,"0"
4512,133,50,5197,"0"
9987.61,180,20,5196,"0"
3629.2,182,6,5195,"0"
10067.8,149,3,5193,"0"
7823.6,454,2,5197,"0"
4862,260,27,5195,"0"
24285.4,706,9,5190,"0"
260879.8,12719,2,5190,"0"
10911,134,7,5186,"0"
5324,265,44,5183,"0"
4066,233,7,5182,"0"
1035.4,30,40,5188,"0"
23735,268,20,5179,"0"
2900,146,29,5190,"0"
28853,1096,6,5183,"0"
5788.8,311,35,5189,"0"
28125.4,1232,2,5186,"0"
1820.6,91,31,5187,"0"
3175,46,14,5187,"0"
21119,419,56,5190,"0"
23256.8,1032,0,5189,"0"
47545.75,2499,2,5183,"0"
10697.2,746,7,5182,"0"
20149.2,540,0,5188,"0"
1060,60,52,5187,"0"
12575.8,706,2,5180,"0"
111199,4610,1,5188,"0"
2493.6,110,7,5188,"0"
127233,5539,7,5188,"0"
2749.8,110,28,5188,"0"
960,27,42,5187,"0"
25580.6,700,13,5183,"0"
9860,150,6,5181,"0"
7948.8,384,1,5183,"0"
24119.8,746,14,5180,"0"
3945,310,13,5176,"0"
5375,223,3,5179,"0"
7542,318,59,5175,"0"
28167,700,1,5182,"0"
4372,132,8,5179,"0"
57890,744,2,5180,"0"
10788,623,2,5175,"0"
16002,392,2,5175,"0"
3600,56,13,5176,"0"
3352.4,175,7,5176,"0"
1740.6,187,57,5181,"0"
5805,75,41,5179,"0"
18720,576,21,5181,"0"
5845.2,159,28,5180,"0"
8196,386,9,5175,"0"
3462.6,145,15,5175,"0"
25561,682,24,5174,"0"
12980,764,13,5174,"0"
200372.8,6952,1,5175,"0"
1640,18,1,5175,"1"
26576.6,1105,22,5168,"0"
33227,862,6,5172,"0"
5145.2,119,28,5169,"0"
12750.4,532,38,6770,"0"
3282,92,58,6770,"0"
5059,180,2,6657,"0"
6667,375,16,6770,"0"
3313,189,0,6770,"0"
5244,259,14,6770,"0"
9986,391,14,6770,"0"
26285,346,3,6770,"0"
9124,311,7,5923,"0"
8682,175,2,6770,"0"
7311.4,261,15,6770,"0"
16690,175,34,6006,"0"
4360,189,34,6006,"0"
25702.6,1122,6,6006,"0"
5131.6,264,22,6006,"0"
13395,766,9,6006,"0"
3416,194,23,6006,"0"
6113.4,304,6,6006,"0"
17100,195,3,6006,"0"
49644,2800,8,6006,"0"
18110.2,541,8,6006,"0"
17161,921,3,5802,"0"
5086,290,3,6069,"0"
29908,620,0,5986,"0"
48332,585,1,5986,"0"
7063,276,9,6069,"0"
14530,147,8,5985,"0"
7044.4,301,2,6064,"0"
5802,222,2,6064,"0"
7590,93,8,5985,"0"
4770,196,10,6056,"0"
8358,319,8,7083,"0"
28656.6,948,10,7155,"0"
19096,746,1,6063,"0"
6179,90,8,7680,"0"
1740,100,22,6063,"0"
2685,28,21,5343,"0"
5183,248,20,5342,"0"
8155,86,20,5341,"0"
823,47,13,6694,"0"
3964.8,196,35,6694,"0"
3195,33,23,6694,"0"
4560,258,2,6651,"0"
2086,96,51,6694,"0"
39873.74,8601,0,6694,"0"
1400,38,14,6694,"0"
18070,248,9,6694,"0"
6360,180,3,6694,"0"
1806,102,58,6694,"0"
63038.12,6002,0,6694,"0"
4078,191,58,6694,"0"
19859,3149,21,6609,"0"
4047.2,237,24,6694,"0"
43511.31,1583,0,6694,"0"
36807,1032,6,6694,"0"
5961,373,0,6595,"0"
2705,47,22,6594,"0"
930,54,6,6694,"0"
48641,1332,1,6694,"0"
30069.96,735,6,6694,"0"
43999,1044,6,6694,"0"
17140,30498,7,6694,"0"
4738.2,169,27,6694,"1"
10348,156,6,6694,"0"
10012,2643,21,6694,"0"
6218,197,9,6694,"0"
6265.29,129,52,6541,"0"
2190,107,28,6694,"0"
26694,1833,15,6694,"0"
22209.6,516,13,6694,"0"
920,92,21,6694,"0"
6690,85,28,6694,"0"
26395.8,1684,2,6516,"0"
5323.2,260,45,6694,"0"
28155.6,1225,7,6516,"0"
1980,198,57,6694,"0"
23562,798,0,6505,"0"
19190.6,750,20,6694,"1"
14366,981,0,6694,"0"
19920.2,1037,10,6694,"0"
55165.6,2053,21,6477,"0"
97723,4508,0,6694,"0"
4014,211,14,6694,"0"
4914,186,44,6694,"0"
2602.4,128,23,6694,"0"
50409.68,4347,0,6461,"0"
17331,981,35,6694,"0"
6758,386,21,6455,"0"
9806.4,303,1,6694,"0"
20254.01,19323,8,6449,"0"
32634,433,13,6694,"0"
76415.6,3535,6,6694,"0"
8264,404,2,6694,"0"
5348,278,9,6694,"0"
24223,788,0,6413,"0"
1000,100,49,6694,"0"
49975.45,2271,6,6379,"0"
3158,131,21,6364,"0"
4612,352,1,6335,"0"
6098,288,35,6306,"0"
15138.2,780,0,6694,"0"
14395,169,34,6260,"0"
58570,2877,0,6694,"0"
3714,193,34,6222,"0"
8661.6,258,51,6694,"0"
4047,68,7,6146,"0"
1832.4,181,43,6076,"0"
1492.6,68,1,6063,"0"
19530.07,4273,38,5924,"0"
17203,460,21,5908,"0"
4655,71,3,5893,"0"
38918.16,3373,2,5859,"0"
3956,153,24,5846,"0"
71036.95,3401,2,5788,"0"
11021,140,8,5775,"0"
8345.8,458,28,5697,"0"
3015.6,165,58,6694,"0"
2136,115,8,6694,"0"
0,16,91,6694,"1"
7077,484,20,6694,"0"
3801,218,45,6694,"0"
5877,169,44,6694,"0"
30227.8,1539,1,6694,"0"
3576,197,0,6694,"0"
6145,340,36,6694,"0"
10562.8,399,8,6694,"0"
2688,154,48,6694,"0"
6795.6,443,22,6694,"0"
6925,77,30,6694,"0"
14519.6,697,21,6694,"0"
8922,388,23,6694,"0"
2700.8,156,28,6694,"0"
4556,261,9,6694,"0"
10083.2,15510,0,6694,"0"
28936.8,2287,2,6694,"0"
15169,948,3,6694,"0"
12637,322,2,6694,"0"
1763,101,37,6694,"0"
9102,1828,44,6694,"0"
12214.2,335,8,6694,"0"
2431,139,16,6694,"0"
1084,62,52,6694,"0"
39498,2061,3,6694,"0"
30080,4417,3,6694,"0"
5646.4,267,14,6694,"0"
5325,253,8,6694,"0"
49337,2251,3,6694,"0"
40567.8,5646,0,6694,"0"
7084,404,14,6694,"0"
7360,88,23,6694,"0"
50778.32,6621,3,6694,"0"
7906.87,15933,3,6694,"0"
6671.4,270,24,6694,"0"
55587.8,2362,1,6694,"0"
5160,55,16,6694,"0"
11697.8,286,27,6694,"0"
5111.2,241,58,6694,"0"
10079.2,383,30,6694,"0"
3741,54,8,6694,"0"
3583,198,24,6694,"1"
8080,450,2,6694,"0"
40517.55,612,6,6694,"0"
38592.24,4018,2,6694,"0"
7604,108,28,6694,"0"
13395,146,7,6694,"0"
6775,65,34,6694,"0"
2813,40,24,6694,"0"
16772,482,0,6694,"0"
73405.7,1331,1,6694,"0"
2310,31,49,6694,"0"
11365,123,15,6694,"0"
5915,73,10,6694,"0"
5045,59,27,6694,"0"
90447,1666,7,6694,"0"
11472,172,14,6694,"0"
16375,217,28,6694,"0"
5170,62,13,6694,"0"
6112,554,42,6694,"0"
8325,137,31,6694,"0"
5220,91,13,6694,"0"
1695,19,34,6694,"0"
8229.6,110,9,6694,"0"
1975,22,45,6694,"0"
10260,220,7,6694,"0"
20930.8,275,13,6694,"0"
13258.4,203,20,6694,"0"
1783,7732,44,6694,"0"
133983.2,7268,2,6694,"0"
10567,624,9,6393,"0"
7827,422,50,6316,"0"
113062.7,8040,2,6694,"0"
37427,2813,3,6166,"0"
1563,89,51,6694,"0"
5880,592,7,6086,"0"
13719,1398,2,6694,"0"
1239,70,48,6694,"0"
15198.8,792,13,6694,"0"
1740,102,56,6694,"0"
17980.2,857,31,6694,"0"
16386,768,16,6694,"0"
1261,72,58,6694,"0"
258546,12288,1,6694,"0"
680,17,15,6694,"1"
1960,26,36,6694,"0"
15752.4,629,7,6694,"0"
5272,283,34,6694,"0"
15414.8,927,1,6694,"0"
56267,3127,2,6694,"0"
8270.4,273,10,6694,"0"
5977,342,1,6694,"0"
2494,42,3,6694,"0"
2273,111,22,6694,"0"
5588.6,326,24,6694,"0"
30217.02,1654,1,6694,"0"
21851.19,1460,0,6694,"0"
2385,29,14,6694,"0"
144762.6,2366,3,6694,"0"
16537.4,510,2,6694,"0"
2685,51,1,6694,"0"
9941,211,10,6694,"0"
5545.6,229,22,6694,"0"
16446,459,3,6694,"0"
11694,1045,10,6694,"0"
33513.8,500,1,6694,"0"
95810,1212,2,6694,"0"
2732,162,22,6694,"0"
12645,1059,1,6694,"0"
13014,613,3,6694,"0"
15770,206,10,6694,"0"
4562,257,29,6694,"0"
4844,286,7,6694,"0"
12769,1096,10,6694,"0"
18171,1535,2,6694,"0"
30525,478,0,6694,"0"
4733,240,23,6694,"0"
1663,110,42,6694,"0"
6084.6,340,14,6694,"0"
7723,238,8,6694,"0"
56881.8,1982,6,6694,"0"
20921.8,827,6,6694,"0"
1232,65,20,6694,"0"
3180.2,174,27,6694,"0"
60596.8,4342,1,5571,"0"
10434,548,10,6694,"0"
13567.76,3525,0,5566,"0"
6814,428,2,5300,"0"
4980,246,8,6435,"0"
2107,120,8,6435,"0"
1794,87,38,6435,"0"
4245.4,184,13,6435,"0"
66020,739,1,6435,"0"
11133.8,603,16,6435,"0"
3392,182,52,6435,"0"
7221,379,24,6435,"0"
596,34,45,6435,"1"
2450,140,20,6435,"0"
14766,433,22,6435,"0"
6942,303,10,6435,"0"
108025.2,6075,0,5292,"0"
8022,255,14,6561,"0"
7875.8,411,8,6589,"0"
7280,78,6,6589,"0"
10888,547,51,6589,"0"
17585,659,1,6589,"0"
24861.6,1189,16,6589,"0"
5169.2,204,29,5938,"0"
94865,1010,2,6589,"0"
3488,48,48,6589,"0"
8795,93,2,5301,"0"
702.4,36,14,5280,"1"
1189.6,119,31,5280,"0"
1504,23,1,5292,"0"
62767.8,4018,2,5279,"0"
755,21,59,5300,"0"
18989.8,215,8,5295,"0"
90,5,1,5300,"0"
74423,2354,0,5302,"0"
44211.6,1749,8,5298,"0"
7544,362,44,5300,"0"
39795,416,3,5300,"0"
9047,253,10,5301,"0"
11035,338,16,5294,"0"
89886,1062,6,5389,"0"
40997,723,1,5383,"0"
2232,111,30,5385,"0"
2100,129,10,5377,"0"
1522,87,55,5376,"0"
31802.59,1128,3,5386,"0"
11338,363,56,5383,"0"
41964.3,2162,0,5385,"0"
5982,342,16,5383,"0"
5352,305,37,5383,"0"
9427,546,24,5378,"0"
25204,774,2,5383,"0"
8326,346,0,5386,"0"
2385,26,34,5385,"0"
36006.2,1548,38,5384,"0"
25826.6,369,7,5383,"0"
5392,78,7,5382,"0"
4519.2,232,52,5385,"0"
6010,75,16,5382,"0"
3640,113,31,5385,"0"
6099.2,201,14,5386,"0"
51663.6,1713,3,5386,"0"
2914,132,56,5383,"0"
7325,142,28,5382,"0"
8505,114,6,5377,"0"
26709,2597,1,5386,"0"
1343,76,6,5383,"0"
14787.2,784,22,5383,"0"
9400,269,42,5383,"0"
14141.55,249,22,5379,"0"
30284,961,1,5377,"0"
13060,145,43,5386,"0"
32581,2546,55,5382,"1"
27732,1078,14,5382,"0"
3057.2,137,49,5378,"0"
23127,851,14,5377,"0"
2293.6,141,36,5377,"0"
8218.6,88,0,5376,"0"
10505,602,7,5368,"0"
4246,230,22,5376,"0"
2833,134,30,5372,"0"
10843,407,36,5378,"0"
321840.6,14598,2,5378,"0"
10859.2,454,44,5372,"0"
17735,238,6,5371,"0"
3790,57,44,5376,"0"
3570.24,69,0,5377,"0"
17885,200,8,5377,"0"
30279,1221,14,5375,"0"
3894,161,59,5377,"0"
13969.2,1095,9,5376,"0"
15245.6,711,10,7077,"0"
13249.6,616,0,7077,"0"
9772,457,2,7077,"0"
29105.4,1325,8,7077,"0"
1220,70,56,7077,"1"
36798.2,2058,3,7077,"0"
18525,206,10,7077,"0"
20891.6,1122,9,7077,"0"
17061,248,41,7077,"0"
7961,91,8,7077,"0"
3585,56,56,7077,"0"
25048,311,3,7077,"0"
40585,506,0,7077,"0"
5598.8,286,36,7077,"0"
2079,119,21,7077,"0"
640,32,16,7077,"0"
1715,86,16,7077,"1"
44860,2807,0,7077,"0"
2257,82,1,6993,"0"
1925,77,55,6196,"0"
9414.4,292,1,6090,"0"
12646.55,256,2,6035,"0"
9227.8,246,27,7077,"0"
5738,323,2,7077,"0"
2532,143,29,7077,"0"
14766,1000,0,7077,"0"
2304,132,27,7077,"0"
849,16,22,7077,"0"
14065,180,13,7077,"0"
20947.2,695,7,7077,"0"
3896,135,10,7077,"0"
12370,156,2,7077,"0"
13699,535,1,7077,"0"
60028.4,2249,35,6883,"0"
19605,224,1,7077,"0"
1112.4,42,49,6246,"0"
32903.36,898,6,5293,"0"
3834.6,161,31,5277,"0"
16760,203,37,5294,"0"
15980,469,36,4469,"0"
4000,52,15,4465,"0"
28910,374,0,4465,"0"
18035,229,22,4462,"0"
2328,134,27,4462,"0"
20385,227,28,4468,"0"
43076.2,1721,1,4465,"0"
26826,659,2,4460,"0"
8116,234,36,4461,"0"
6416.6,265,3,4419,"0"
4228.26,118,44,4465,"0"
13682,1072,2,4468,"0"
4214,182,55,4467,"0"
1838.4,206,28,4467,"0"
3962,227,35,4461,"0"
6887,112,7,4468,"0"
1329,74,23,4469,"0"
2785,40,48,2947,"0"
2308.4,125,28,4453,"0"
7175,84,7,4458,"0"
5133,202,28,4458,"0"
20174,204,42,4462,"0"
45396.8,2264,2,4460,"0"
6080,78,10,4460,"0"
4014.37,74,16,4461,"0"
700,20,51,4416,"0"
5387.6,189,21,4431,"0"
24563.65,525,1,4266,"0"
33311.6,1472,3,4461,"0"
11338.3,1252,9,4461,"0"
15237.6,1209,29,4458,"0"
6360.4,305,31,4458,"0"
35736.8,1303,1,4459,"0"
20958,829,45,4462,"0"
7772,215,38,5614,"0"
10930,778,16,5617,"0"
8674,248,1,5614,"0"
5232,272,3,5613,"0"
101423.6,5421,6,5616,"0"
11498,557,7,5615,"0"
9556.6,530,8,5614,"0"
4912.8,139,1,5614,"0"
8782.2,335,20,5613,"0"
3830,164,0,5616,"0"
13205.2,554,3,5615,"0"
7391,352,8,5610,"0"
4379,251,15,5616,"0"
5910,68,1,5615,"0"
2160,90,13,5607,"0"
24489,664,27,5615,"0"
7415.6,312,22,5614,"0"
19838.8,1005,2,5608,"0"
7516.2,407,9,5608,"0"
2264,90,49,5608,"0"
3189,183,28,5607,"0"
10780,407,14,5605,"0"
3695,135,8,5608,"0"
1752,100,49,5608,"0"
5120,197,14,5607,"0"
2561.6,170,31,5603,"1"
2449,116,16,5609,"0"
4595,70,55,5606,"0"
2562.6,79,35,5609,"0"
22420,620,14,5608,"0"
5526,228,8,5607,"0"
5286,266,13,5606,"0"
30293.27,1158,7,5608,"0"
5574,261,15,5607,"0"
14722,402,48,5610,"0"
4523.2,213,49,5608,"0"
6956,396,7,5607,"0"
4039.2,110,51,5603,"0"
24813.8,1298,10,5603,"0"
30123.8,1500,0,5600,"0"
6928.78,146,29,5600,"0"
9294,271,23,5595,"0"
25355,321,2,5602,"0"
25100,294,6,5600,"0"
1606,130,6,5603,"0"
542095.4,24302,0,5603,"0"
6575,64,21,5602,"0"
18845,987,7,5594,"0"
7312.6,328,50,5602,"0"
11502,522,57,5595,"1"
69462.8,2864,2,5603,"0"
484.6,58,51,5603,"0"
12801,1051,20,5595,"0"
4163.8,424,49,5594,"0"
58523.6,1851,1,5594,"0"
21800,919,1,5580,"0"
6482,678,9,5580,"0"
23044,928,1,5593,"0"
13177.81,574,15,5588,"0"
49765,2487,6,5592,"0"
5607,534,23,5588,"0"
13360,171,27,5582,"0"
23589,295,7,5582,"0"
38644.6,1459,0,5581,"0"
1133667,73044,7,5580,"0"
3310,167,51,5593,"0"
10570,433,9,5594,"0"
3740,374,56,5587,"0"
43150,1335,6,5595,"0"
6023.2,184,16,5595,"0"
26748.05,638,10,5586,"0"
50786.8,2280,2,5550,"0"
41478.73,4360,2,5550,"0"
3769,216,24,5536,"0"
58734.25,1079,6,5517,"0"
2956.8,144,49,4581,"0"
13024.4,336,35,4580,"0"
28673.2,900,2,4578,"0"
9885.6,397,2,4578,"0"
35777,1684,1,4580,"0"
3608.8,143,20,4580,"0"
2720,134,29,4579,"0"
3674,196,37,6506,"0"
10726,458,127,6506,"0"
21542.5,776,0,6506,"0"
2551,137,44,6506,"0"
4839,285,43,6506,"0"
6390.4,268,36,6506,"0"
35444,1155,9,6506,"0"
27880.6,807,0,4588,"0"
10512,338,58,6506,"0"
11935,164,8,4578,"0"
951.19,21,37,6506,"0"
2540,156,15,6506,"0"
19126.6,942,0,6506,"0"
1035,76,58,6506,"0"
5940,256,22,6506,"0"
14035.4,718,3,6506,"0"
8319,330,8,6506,"0"
2255,129,22,6506,"0"
4242,205,9,6506,"0"
17365.2,592,14,4588,"0"
5089,173,22,6506,"0"
4953,182,3,6506,"0"
5149,242,7,6506,"0"
8334,284,14,6506,"0"
15963,733,8,6506,"0"
4583,261,21,6506,"0"
4975.8,284,9,6506,"0"
11788.2,448,22,6506,"0"
26802.6,1090,64,6506,"0"
3687.6,211,20,6506,"0"
10603.6,567,8,6506,"0"
20762,978,62,6506,"0"
189543,8019,2,6506,"0"
5623,236,0,6506,"0"
58909,751,3,6506,"0"
11498.8,487,1,6506,"0"
12756,499,35,6506,"0"
1215,41,22,6506,"0"
12350,641,31,6506,"0"
3380,193,43,4587,"0"
7375.8,392,31,6506,"0"
14638,741,24,6506,"0"
4229,156,38,6506,"0"
9584.4,456,31,6506,"0"
2127,116,43,6506,"0"
19554,542,2,6506,"0"
5966.4,294,21,6506,"1"
26615.4,1261,13,6506,"0"
30790,1003,36,6506,"0"
2852,150,14,6506,"0"
2621,46,1,6506,"0"
39876.2,1476,0,6506,"0"
1587,91,45,6506,"0"
9053,453,9,6506,"0"
9282,482,16,6506,"0"
5299,342,23,6506,"0"
4170,191,23,6506,"0"
22395,310,8,6506,"0"
15158,619,20,6506,"0"
28797,1274,1,6506,"0"
2278,74,48,6506,"0"
12884,609,14,6506,"0"
2821,43,36,6506,"0"
4620.4,210,3,6506,"0"
6817,330,9,6506,"0"
10664,365,44,6506,"0"
5670,289,52,6506,"0"
1378,72,3,6506,"0"
17143,799,8,6506,"0"
17345,868,8,6506,"0"
3238,185,3,6506,"0"
18040,238,29,6506,"0"
3813,190,15,6506,"0"
5423.6,240,1,6506,"0"
31691.2,1383,9,6506,"0"
2883,164,50,6506,"0"
12130,423,15,6506,"0"
26931.4,1274,1,6506,"0"
12703.2,660,37,4588,"0"
4287.6,116,29,4587,"0"
47374.05,585,8,6506,"0"
18780,540,14,4581,"0"
4605.4,492,14,4581,"0"
5945,77,22,4581,"0"
18346,1291,2,4580,"0"
8642,417,2,6506,"0"
10744.75,144,10,6506,"0"
8113,368,16,6506,"0"
16577.2,631,8,6506,"0"
4714.2,62,43,6506,"0"
70625.4,1706,2,6506,"0"
8897,279,15,6506,"0"
1220,70,30,6506,"0"
4575,57,51,6506,"0"
6755,96,35,6506,"0"
7015,379,23,6506,"0"
17858,772,9,6506,"0"
4690,256,51,6506,"0"
11772,574,6,6506,"0"
1381,52,51,6506,"0"
11834.2,548,9,6506,"0"
8546.2,385,16,6506,"0"
1068,61,36,6506,"0"
4754,213,3,6506,"0"
6132,310,58,6506,"0"
15204.8,658,37,6506,"0"
3853,135,15,6506,"0"
930.6,49,8,6506,"0"
13607,663,23,6506,"0"
17027.4,759,48,6506,"0"
12946,469,6,6506,"0"
10103,445,9,6506,"0"
27217,1556,1,6506,"0"
2479,141,23,6506,"0"
8198,468,15,6506,"0"
19508.2,894,3,6506,"0"
10656.4,480,31,6506,"0"
5283.27,107,6,4577,"0"
15405,542,6,6506,"0"
3710,127,22,6506,"0"
10779,389,9,6506,"0"
30004.4,872,3,4586,"0"
3332,147,21,6506,"0"
17684,655,7,4573,"0"
12151,490,16,4572,"0"
2502,143,6,6506,"0"
37985,1454,0,4572,"0"
26445,965,6,4572,"0"
4126,145,31,6506,"0"
4715,169,45,6506,"0"
17768.4,801,1,6506,"0"
15148,717,23,6506,"0"
4737,255,10,6506,"0"
6916,398,10,6506,"0"
957,55,14,6506,"0"
3112,179,2,6506,"0"
1824,95,57,6506,"0"
11902.8,501,21,6506,"0"
5436,199,30,6506,"0"
2054,117,27,6506,"0"
4305,184,15,6506,"0"
7359,308,43,6506,"0"
6894.8,287,7,6506,"0"
2172,95,22,4588,"0"
7164,409,23,6506,"0"
12296.8,597,23,6506,"0"
19808,1177,10,6506,"0"
10980.4,375,30,6506,"0"
3175.6,177,20,6506,"0"
20283,751,6,6506,"0"
4445,162,43,6506,"0"
2315,78,22,6506,"0"
20521,959,28,6506,"0"
8613,390,7,6506,"0"
5935,223,0,6506,"0"
32856,1395,1,6506,"0"
1188.2,45,58,6506,"0"
9046,447,21,6506,"0"
22306,1085,24,6506,"0"
12933,568,2,6506,"0"
92412,3114,2,4588,"0"
20766.4,517,8,6506,"0"
10815,356,16,6506,"0"
4403,178,37,6506,"0"
3654,129,20,6506,"0"
8107.2,407,9,6506,"0"
2798,140,15,6506,"0"
3209.8,169,23,6506,"0"
1914,92,8,6506,"0"
7450,84,6,6506,"0"
2491.8,130,37,6506,"0"
4262.8,157,9,4564,"0"
2571,150,70,6506,"0"
4555.2,271,3,6506,"0"
7664,216,3,6506,"0"
7903.2,427,3,6506,"0"
734,42,35,6506,"0"
12734,513,7,6506,"0"
4308,194,50,6506,"0"
4865,166,0,6506,"0"
6101,329,2,6506,"0"
10093,408,36,4578,"0"
7040,72,3,6506,"0"
6766,119,10,6506,"0"
3188.8,119,16,6506,"0"
11300,108,0,6506,"0"
2317,109,45,6506,"0"
13950.4,709,6,6506,"0"
3135.4,181,59,6506,"0"
5887,211,3,6506,"0"
5869,226,58,6506,"0"
5337.2,243,42,6506,"0"
6899,367,3,6506,"0"
4194,58,59,6506,"0"
11527.8,625,16,6506,"0"
3287,47,48,6506,"0"
6060,211,13,6506,"0"
2625.8,137,35,6506,"0"
5153,255,10,6506,"0"
4982,226,24,4588,"0"
10800.8,359,44,6506,"0"
9172,327,58,6506,"0"
9725.4,423,1,6506,"0"
5123,184,43,6506,"0"
4857,276,7,6506,"0"
26160.3,813,6,6489,"0"
1793,102,1,4584,"0"
1715.5,61,55,4563,"0"
39727.6,1270,1,7168,"0"
12981.6,665,1,4524,"0"
70537.2,2127,2,4594,"0"
6259.87,140,34,4592,"0"
18693,648,7,7168,"0"
3116,176,10,7168,"0"
13898,413,12,7118,"0"
2872,78,139,7168,"1"
4093.6,470,16,4594,"0"
2180.2,44,37,7168,"0"
25558.2,908,7,7168,"0"
6325,359,20,7118,"0"
3070.2,173,52,7118,"0"
1679,96,28,7169,"0"
421590,4079,0,4594,"0"
887,12,50,4594,"0"
27252.85,811,6,4593,"0"
6988.6,352,2,7168,"0"
3028,85,45,4594,"0"
4941.6,133,30,4594,"0"
1340,77,10,7168,"0"
6404,368,21,4595,"0"
2368,74,37,4593,"0"
35873.7,1712,8,4593,"0"
4788,137,56,7118,"0"
9794.2,548,24,7168,"0"
10903.2,345,10,7168,"0"
12154,648,6,4594,"0"
14365,580,13,7168,"0"
15365,913,0,7168,"0"
3603.8,205,35,7118,"0"
3911,224,34,7168,"0"
3538,157,16,4593,"0"
11095.8,614,14,4595,"0"
9616,551,22,4595,"0"
2508,175,29,4595,"0"
54760,2961,13,4594,"0"
65956.6,2875,3,4592,"0"
8365,110,9,4592,"0"
7077,372,2,4591,"0"
13549.8,644,9,4591,"0"
3744,204,9,4594,"0"
4159.8,163,2,7168,"0"
13628,383,16,7168,"1"
10731.6,557,1,4601,"0"
41507,2317,2,4598,"0"
26888.6,967,3,7168,"0"
80733.8,3437,0,7168,"0"
5676,321,14,7168,"0"
7776,432,45,7118,"1"
1885,23,43,7244,"0"
7461,316,28,4601,"0"
110518.2,3620,0,7118,"0"
5690,77,23,4599,"0"
9095.85,210,37,4598,"0"
12427.2,378,9,7118,"0"
862,49,27,7118,"0"
2289,119,51,7224,"0"
1800,50,7,4600,"0"
261371.2,6316,9,4600,"0"
828,44,9,4600,"0"
16995,832,14,4600,"0"
6986,284,14,4601,"0"
4433,217,35,4598,"0"
367,21,48,7168,"0"
5429,319,1,7168,"0"
2958,169,3,7169,"0"
3498,202,15,7169,"0"
4061.6,230,31,7169,"0"
4466,236,29,7168,"0"
7044,202,9,4598,"0"
108030.6,4708,56,7118,"0"
3153,110,50,4609,"0"
12663,726,35,7118,"0"
16418.4,478,20,7118,"0"
1508.8,54,9,7118,"0"
22468.4,1232,0,4606,"0"
6908.75,260,35,7224,"0"
1959,78,23,4606,"0"
4765.43,106,35,4607,"0"
7568,103,8,4606,"0"
3120,46,49,4605,"0"
1610,92,44,7224,"0"
8743.41,518,35,7224,"0"
3188,177,23,4607,"0"
10328.2,294,9,4609,"0"
2859,96,22,4605,"0"
1725,98,22,4605,"0"
29188.9,622,6,7118,"0"
4804,137,21,4530,"0"
4816,136,23,7118,"0"
54099.2,2279,6,7118,"0"
71535.08,9959,1,4599,"0"
9503,459,0,7118,"0"
17550.8,563,8,7118,"0"
700,20,49,7224,"0"
2928,144,37,7224,"0"
12584.4,377,10,7224,"0"
12160,509,1,4529,"0"
1169,54,15,7224,"1"
1614,47,0,7224,"0"
3160,117,10,4608,"0"
1804,107,45,7224,"0"
12020.8,962,3,4612,"0"
14255,172,14,4609,"0"
25568.6,984,10,7608,"0"
29286.2,637,2,4605,"0"
30737,1911,1,4599,"0"
4534,207,23,7608,"0"
32331.6,902,7,7608,"0"
5025,65,21,4524,"0"
15239,230,20,7608,"0"
1092,62,14,4614,"0"
3639,216,2,7608,"0"
1243,71,51,7118,"0"
38931,1550,22,7168,"0"
11275,163,44,7244,"0"
66591.46,1225,6,7244,"0"
19429,936,0,7244,"0"
3692.6,180,20,7244,"0"
520,30,56,7244,"0"
2189,127,48,7244,"0"
141281.5,3501,0,4613,"0"
5323.93,98,29,4615,"0"
2888,147,37,4612,"0"
21971,338,3,4616,"0"
33525.8,2618,52,4615,"1"
2040.6,121,20,4613,"0"
1701,97,22,4614,"0"
4015,219,0,7224,"0"
14784,832,8,7168,"0"
3622.2,181,6,4517,"0"
3521.4,161,24,4483,"0"
6590,77,42,4479,"0"
91643,4622,3,4613,"0"
7420,324,31,7168,"0"
63083.6,3594,2,4616,"0"
74128,2489,1,4613,"0"
33131,2134,1,4598,"0"
9274.4,533,2,4605,"0"
1358.2,73,3,7224,"1"
4329.32,76,27,4616,"0"
4046,130,58,4614,"1"
3044.4,83,38,4616,"0"
81363.5,2299,3,4616,"0"
4052,216,35,4614,"0"
19891.2,697,9,7118,"0"
43940,3836,2,7118,"0"
1363,73,45,7118,"0"
1470,53,16,4623,"0"
16206,832,2,4623,"0"
30107,1120,3,4620,"0"
73566.39,1444,1,7244,"0"
88021.85,2369,0,4601,"0"
2782.73,50,2,7244,"0"
16409,548,9,7244,"0"
8210,111,36,7244,"0"
6195,264,15,4598,"0"
63917.15,1370,2,7244,"0"
19835,215,13,7244,"0"
41853,1498,3,7244,"0"
42070.41,948,3,7244,"0"
23928,585,2,4621,"0"
17436.47,330,21,4535,"0"
3236.4,103,45,4623,"0"
3379.2,100,27,7582,"0"
83913.4,4755,3,7582,"0"
4507,258,38,7582,"0"
45351,2584,1,7582,"0"
2592,90,37,4620,"0"
7557,429,20,7582,"0"
12318,580,10,7582,"0"
47777.8,1263,24,7582,"0"
5735,64,52,4622,"0"
22859.6,701,0,7582,"0"
1396,80,52,7582,"0"
4200,215,15,7582,"0"
15123,187,30,7582,"0"
3910,59,14,7582,"0"
11562.89,232,3,7582,"0"
6464,368,7,7582,"0"
45719.15,1161,10,7582,"0"
51638.4,1984,0,7582,"0"
28543,683,7,7582,"0"
24199.7,370,2,7582,"0"
12495,192,16,7582,"0"
4008,59,44,7582,"0"
11063.75,215,15,7582,"0"
8409,195,14,4623,"0"
6417.27,118,36,7582,"0"
3318,95,55,4620,"0"
10980.2,211,23,4620,"0"
13025,162,52,4619,"0"
15504,466,0,7582,"0"
2002.7,210,16,4616,"0"
187434.2,5200,0,7582,"0"
5072.2,288,0,7582,"0"
11585,148,2,7582,"0"
10650,616,24,4537,"0"
30913,1134,9,7582,"0"
4662,230,41,4535,"0"
12880.8,708,9,4612,"0"
6217,266,31,7582,"0"
5262.6,67,24,4619,"0"
9003.1,426,1,4622,"0"
6558,353,15,4621,"0"
8470,113,6,4619,"0"
2859,162,16,4528,"0"
6490,68,50,4528,"0"
1051,61,49,7582,"0"
58935,2569,2,4622,"0"
3666.77,68,28,7582,"0"
4407.45,285,28,4620,"0"
3300,190,13,7582,"0"
8167.6,217,14,4474,"0"
1136,65,48,7582,"0"
7103.9,172,23,7582,"0"
1385,26,58,7582,"0"
6230,86,29,7582,"0"
3109.4,312,34,4524,"0"
23300,1526,7,4622,"0"
51885.15,1686,3,7582,"0"
4120,60,42,7582,"0"
4150,60,15,7582,"0"
1632,92,45,4622,"0"
2605,75,20,7582,"0"
16450.53,458,3,7582,"0"
25023.4,778,0,4622,"0"
68677.51,2335,1,7582,"0"
2550.8,113,50,4622,"0"
4328.5,80,49,7582,"0"
36017.7,1531,1,7587,"0"
9591.28,191,3,7587,"0"
16006.47,509,35,4528,"0"
13861.2,693,6,4627,"0"
1698,98,43,4619,"0"
3703.4,210,29,4536,"0"
4175,279,23,7244,"0"
8546.03,170,14,7244,"0"
1728.2,42,34,7244,"0"
13305,180,55,4620,"0"
14602.15,261,15,7587,"0"
3612.35,60,14,7244,"0"
31341.53,695,9,7244,"0"
13546,294,1,7587,"0"
4950,79,38,7587,"0"
8949.77,206,2,7244,"0"
18071,485,3,4637,"0"
5370.51,109,0,7244,"0"
4753.2,493,10,4636,"0"
4551.87,100,48,7244,"0"
3674.6,322,35,4633,"0"
11206,801,31,4630,"0"
43375.3,1292,2,4637,"0"
10445,421,28,4636,"0"
17303.2,723,2,4636,"0"
4686,133,24,4635,"0"
12749.6,549,29,4635,"1"
28957.8,1589,2,4637,"0"
32108.25,524,3,4636,"0"
12298,169,56,7244,"0"
1753,100,21,4633,"0"
1230,70,29,4634,"0"
9320,109,27,4634,"0"
18810,941,21,4628,"0"
84388,3660,1,4636,"0"
34249.8,1199,35,4634,"0"
17457,989,13,7244,"0"
2159,124,23,7244,"0"
13347,866,14,7244,"0"
3276,95,28,7244,"0"
7751.8,754,7,4634,"0"
5582.78,110,0,7244,"0"
4030,230,2,4637,"0"
7960,811,13,4636,"0"
17642,454,3,7244,"0"
6160,182,7,7244,"0"
2214,116,29,7244,"0"
17854.93,397,0,7244,"0"
3247,186,8,4633,"0"
7057,237,20,7244,"0"
5247.4,262,3,7244,"0"
48909,2148,2,7244,"0"
25481,1435,6,7244,"0"
53682.8,1863,0,4644,"0"
2001,114,6,7244,"0"
1215,48,34,7244,"0"
31093,1784,0,7244,"0"
3210,155,43,4641,"0"
751693.6,77966,1,4640,"0"
85138.2,4024,1,4643,"0"
11933.41,213,1,7244,"0"
7488,126,1,7244,"0"
7115,410,23,7244,"0"
16056.65,348,21,7244,"0"
2646,126,45,7244,"0"
4173,62,8,7244,"0"
1843.8,101,28,7244,"0"
2184,106,50,7244,"0"
14554.4,440,41,4641,"0"
12284,692,41,4640,"0"
31598.2,873,0,4629,"0"
907.2,72,29,4643,"0"
16356.4,811,1,4642,"0"
5225,70,38,4642,"0"
62209.8,2518,8,4643,"0"
180,10,22,7244,"0"
4185,209,3,7244,"0"
4918,179,22,7244,"0"
2608,77,58,7244,"0"
2006,118,14,7244,"0"
15951.2,219,9,4651,"0"
14047,272,2,4648,"0"
20395,254,21,4647,"0"
39232,1106,34,4648,"0"
2012.4,182,16,4651,"0"
3057.6,294,49,4649,"0"
7563.2,289,56,4647,"0"
6356,140,0,4651,"0"
21611.8,776,29,4651,"0"
12244,595,1,4650,"0"
4835.4,254,21,4648,"0"
30197.6,655,0,4627,"0"
2521,145,13,4627,"0"
61198.4,930,1,4647,"0"
5237,299,7,4651,"0"
3844,190,6,4648,"0"
4475.56,98,15,4647,"0"
4354.8,134,43,4626,"0"
1417,55,15,4521,"0"
11943.8,680,9,4648,"0"
1503.4,136,20,4648,"0"
11990,160,15,4626,"0"
83383.4,1728,7,4529,"0"
4271,55,59,4524,"0"
3840,61,3,4651,"0"
63159.4,2422,3,4650,"0"
9281.45,905,0,4649,"0"
46874.6,1451,2,4649,"0"
9524,544,1,4648,"0"
21930,730,2,4647,"0"
1969,26,22,4650,"0"
49884,556,9,4655,"0"
10982,619,22,4649,"0"
16411.8,319,6,4630,"0"
6726.6,293,21,4640,"0"
49260,1262,1,4630,"0"
3480,48,59,7244,"0"
3365,191,13,7118,"0"
530,30,6,7118,"0"
5476.18,102,8,7582,"0"
38448.4,1769,0,4657,"0"
8412.4,310,8,4656,"0"
6074,149,37,4655,"0"
37738.8,1127,16,4654,"0"
11039.6,476,3,4655,"0"
12738,1240,8,7582,"0"
10007.58,188,7,7224,"0"
2572,83,16,7244,"0"
191202,5830,1,7608,"0"
3856.8,143,28,7582,"0"
7600,435,48,7168,"0"
20049.4,898,28,7168,"0"
4735.8,169,27,7168,"0"
23996,294,30,7587,"0"
7364,209,27,7118,"0"
10405.8,310,6,4663,"0"
3881,61,21,7582,"1"
21421.6,1441,1,4662,"0"
2801.85,87,13,7582,"0"
6396.8,324,8,4661,"0"
275,5,1,7582,"0"
5995.6,232,12,4662,"0"
2206,126,57,7118,"0"
3743.23,115,22,4664,"0"
8158.8,263,42,4663,"0"
22607.4,755,8,4654,"0"
126610,5997,1,7541,"0"
4920,57,56,4662,"0"
28516.75,405,0,4663,"0"
26933.8,875,13,4663,"0"
4580,130,24,7500,"0"
19478,885,6,4663,"0"
4071,69,6,4664,"0"
6030,84,1,4664,"0"
6660.2,722,2,4664,"0"
15000,203,13,4661,"1"
10297.9,219,20,7244,"0"
38549.8,1578,10,4664,"0"
10400,1040,2,7416,"0"
3270,70,29,7416,"0"
6555,110,1,7244,"0"
7041.4,419,0,4525,"0"
2988,171,31,7359,"0"
11938,341,10,7168,"0"
12645,557,0,7350,"0"
5771,331,9,7168,"0"
1221.05,20,16,7244,"0"
7918.02,142,34,7244,"0"
2955.75,60,10,7324,"0"
5307,195,29,7224,"0"
2745.78,68,3,7244,"1"
46835,561,3,4672,"0"
3255,39,24,4671,"0"
31750,363,22,4670,"0"
21841,328,8,7287,"0"
10990,136,22,4640,"0"
31704.77,606,9,7244,"0"
1116,54,30,4669,"1"
24326,312,10,4655,"0"
18994,935,43,4669,"0"
1806,145,8,4668,"0"
134133.8,4889,3,7231,"0"
3475,186,8,4671,"0"
5206.8,336,27,4671,"0"
32900.96,707,14,7176,"0"
51832.5,2145,6,7174,"0"
2758.5,55,0,4670,"0"
11242.8,413,22,4671,"0"
3742,161,8,4661,"0"
8597.6,193,1,4671,"0"
3560.4,96,10,4670,"0"
1938,111,41,4670,"0"
13195.8,737,14,6628,"0"
3693.6,183,16,6628,"0"
3909.2,270,29,4658,"0"
984,32,1,6628,"0"
7029.6,238,58,4655,"0"
23769,357,55,6628,"0"
6825.2,341,45,6628,"0"
30685,379,8,4675,"0"
5821,309,3,6628,"0"
9420.6,334,22,6628,"0"
31564.8,1543,1,6628,"0"
2728,138,24,6628,"0"
2300,99,37,6628,"0"
4056,232,7,6628,"0"
8082.4,440,38,6628,"0"
4844,226,44,6628,"0"
10417,594,8,6628,"0"
5010,62,15,4655,"0"
43198.8,1348,3,6628,"0"
1800,80,22,6628,"0"
51111,2721,2,6628,"0"
1074,62,31,6628,"0"
8508,489,2,4675,"0"
16827.2,905,3,4679,"0"
34231.5,1080,7,4676,"0"
6846,276,42,4676,"0"
26866.6,1084,20,4675,"0"
698,40,37,6628,"0"
12471,698,41,6628,"0"
16140,243,27,4678,"0"
36705,485,6,4676,"0"
6377.4,320,3,4678,"0"
11014.8,360,22,4676,"0"
5434,226,14,6628,"0"
6659,380,16,6628,"0"
1947,111,14,6628,"0"
4203,242,16,4677,"0"
19932.2,910,2,4677,"0"
3001,129,22,6628,"0"
28367,1268,10,4677,"0"
579765.5,24825,1,4675,"0"
3578.4,164,24,6628,"0"
108640.7,3047,6,4677,"0"
4730,272,44,6628,"0"
18229,243,7,4676,"0"
13948.4,698,37,6628,"0"
20294.2,1225,36,6628,"0"
14365.8,687,9,6628,"0"
6240,254,0,6628,"0"
16567,765,24,6628,"0"
105440,3033,1,4675,"0"
4096,234,22,6628,"0"
2457,143,22,6628,"0"
12046.4,741,44,6628,"0"
15306.4,189,24,6628,"0"
17819,756,30,6628,"0"
2903,167,21,6628,"0"
15285.5,365,44,6628,"0"
6707.4,316,28,6628,"0"
28564.2,1409,6,6628,"0"
27691.4,817,8,4684,"0"
22680,252,13,6625,"0"
16370.2,737,29,4686,"0"
3842,190,13,6625,"1"
5246,278,44,6625,"0"
3747,215,20,6625,"0"
10281,279,36,6625,"0"
5002,196,34,6625,"0"
1804,103,48,6625,"0"
7760.4,431,43,4685,"0"
18326,732,44,6625,"0"
57945.8,2126,6,4684,"0"
33937,469,1,4685,"0"
4988,285,2,6625,"0"
17651,370,6,6625,"0"
3048,113,13,6625,"0"
19723,885,21,6646,"0"
4900.8,182,6,4686,"0"
15150,697,0,6646,"0"
1875,106,29,6646,"0"
56400,2959,9,6646,"0"
16743,843,6,4685,"0"
10663,613,24,6646,"0"
35134.4,1427,1,4633,"0"
8153,110,36,6646,"0"
177050,7336,2,4633,"0"
10902.2,531,8,6646,"0"
9941,438,38,4684,"0"
2990,148,14,6646,"0"
12275,139,3,4686,"0"
7671.8,554,16,6646,"0"
2514,139,44,6646,"0"
1645.6,73,23,6646,"0"
525645.8,27134,2,6646,"0"
3385,38,52,6646,"0"
1596,91,51,6646,"0"
2202,122,22,6646,"0"
9545.2,507,3,4690,"0"
3319,173,1,6646,"0"
3631.2,396,20,4683,"0"
4293.8,181,48,4683,"0"
2010,30,43,4628,"0"
27030.06,426,6,4682,"0"
38734.6,1457,36,6645,"0"
8867,508,6,6645,"0"
22029.67,461,3,6645,"0"
11272.4,301,13,6645,"0"
7940,462,0,6645,"0"
10913.96,328,38,6645,"0"
58953.7,2788,3,6645,"0"
48955.6,1540,15,4693,"0"
20415.4,782,58,6645,"0"
69946,3468,0,4693,"0"
2450,70,50,6645,"0"
165615.6,4331,9,4691,"0"
6802,216,21,4689,"0"
37475,569,3,4690,"0"
6796,310,1,4683,"0"
6695,71,16,4693,"0"
69024.6,3603,6,4691,"0"
2226,126,45,6645,"0"
5229.8,585,16,4690,"0"
10663.6,402,9,4692,"0"
19316.4,625,16,6645,"0"
4372,186,0,6645,"0"
22024.8,1415,15,6645,"0"
5202.6,294,1,6645,"0"
15187.2,612,6,6645,"0"
4163,238,16,6645,"0"
12057,630,14,6645,"0"
30460,1732,0,6645,"0"
25697,1473,8,6645,"0"
12147.8,721,37,6645,"0"
2800,163,30,6645,"0"
9182,378,0,6645,"0"
53584.6,2470,6,6645,"0"
6124,343,2,6645,"0"
2892.8,170,9,6645,"0"
11760,490,15,6645,"1"
52210.8,2879,1,6645,"0"
19579.4,1111,0,6645,"0"
3010.6,167,21,6645,"0"
5330,305,6,6645,"0"
1688,97,23,6645,"0"
8450.2,383,9,6645,"0"
7086,331,6,6645,"0"
39409,1746,13,6645,"0"
696,29,55,6645,"0"
6682,324,6,6645,"0"
1940.4,115,27,6645,"0"
11143,238,8,6645,"0"
5505.6,299,8,4699,"0"
22754.65,1019,1,6645,"0"
960,40,34,6645,"1"
11611,409,0,6645,"0"
2740,274,43,6645,"0"
2998,85,57,4698,"0"
12904,369,36,4697,"0"
1031.8,50,37,4696,"0"
42064.95,1310,0,4698,"0"
12729.8,574,29,6645,"0"
7302.2,294,20,4697,"0"
23275,227,8,4696,"0"
4199,207,30,4699,"0"
25050.4,1213,7,4699,"0"
3428,167,13,6645,"0"
3098,185,9,6645,"0"
8804,321,34,6645,"0"
4090,213,35,6645,"0"
4544,166,30,4700,"0"
8271,545,9,6645,"0"
3348,165,38,4697,"0"
5600,59,34,6645,"0"
1580,90,34,6645,"0"
1205,69,9,4697,"0"
620327.4,34191,0,6645,"0"
14920,152,15,4698,"1"
3435,46,35,4698,"0"
4872,135,41,4698,"0"
2916,166,13,4696,"0"
7140,68,58,6645,"0"
7465,103,20,4700,"0"
7302,409,24,4697,"0"
11920,145,13,6645,"0"
19470,224,29,6645,"0"
13214,1070,15,6624,"0"
2924,184,21,6624,"0"
1280,74,56,6624,"0"
3310,189,8,6624,"0"
23496.8,1175,15,6624,"0"
1734,80,29,6624,"0"
10912,565,36,6624,"0"
670,31,28,4699,"0"
10893.2,487,7,6624,"0"
3112.4,170,23,6624,"0"
132567.4,5754,1,6624,"0"
43728,1251,7,4704,"0"
10174,586,23,6624,"0"
37619,3150,3,6624,"0"
6016,345,22,6624,"0"
20957.2,566,35,4689,"0"
2819.2,77,30,4629,"0"
3820,382,37,4629,"0"
36713.2,638,1,6624,"0"
11854,716,8,6624,"0"
6680,383,35,6624,"0"
9692,557,42,6624,"0"
17641,760,0,6624,"0"
4136,237,2,6624,"0"
15734,856,2,6624,"0"
13691.4,760,21,6624,"0"
4772.4,269,2,6624,"0"
12562,718,7,6624,"0"
3863,222,2,6624,"0"
13585,761,23,6624,"0"
25354,825,0,6624,"0"
8964.8,206,34,6624,"0"
6791.2,434,10,6624,"0"
2146,128,31,6624,"0"
13221.2,606,9,6624,"0"
15329.4,893,8,6624,"0"
18026,576,0,6624,"0"
1228,70,14,6624,"0"
1277,73,8,6624,"1"
3307,189,30,6624,"0"
4739,271,24,6624,"0"
3764,226,22,6624,"0"
3930,224,3,6624,"0"
2494,142,10,6624,"0"
29789,1705,16,6673,"0"
9073,518,10,6673,"0"
2835,60,9,6673,"0"
35045,369,2,6673,"0"
1169,77,45,6673,"0"
14254,657,2,6673,"0"
2325,132,30,4704,"0"
1560,156,42,4707,"0"
9055.1,114,2,4705,"0"
21465,279,10,4704,"0"
53670,867,10,4706,"0"
6521,126,6,6673,"0"
658.4,42,23,6673,"0"
3440,188,45,4707,"0"
6772,94,1,6673,"0"
9094,469,34,6673,"0"
2685,154,10,4705,"0"
11235,132,6,4707,"0"
3455,198,16,4707,"0"
3483.2,150,14,4706,"0"
45900.16,1901,42,4705,"0"
8356,91,15,6673,"0"
8794.8,858,2,4707,"0"
35500,1814,2,4705,"0"
10055.2,440,8,6673,"0"
2208,92,10,6673,"0"
3460,197,1,6673,"0"
5658,322,14,6673,"0"
73002,1071,8,4705,"0"
4662.4,212,3,4696,"0"
5411.6,356,2,6673,"0"
202183.9,11625,2,4693,"0"
28221,1458,0,4692,"0"
6632,316,52,6673,"0"
2443.55,43,59,6673,"0"
12615.4,686,1,6673,"0"
4705,51,8,6673,"0"
13605.4,662,9,6673,"0"
12151,229,3,4706,"0"
4558,239,22,4704,"0"
2788,46,59,4706,"0"
4740,272,10,6673,"0"
5890.8,158,24,4705,"0"
5941,414,27,6673,"0"
33333,1756,13,6673,"0"
2094.6,121,22,6673,"0"
16626,783,14,6673,"0"
13455,771,10,6673,"0"
5560.4,318,14,6673,"0"
3065,40,21,6673,"0"
576,32,7,6673,"0"
1417,81,28,6673,"0"
120456.6,5881,6,6673,"0"
3021.4,167,21,6673,"0"
3328,188,7,6673,"0"
4660,55,49,6673,"0"
7366,831,0,4713,"0"
30429,1741,0,6673,"0"
44284.4,2309,1,4693,"0"
3420,44,56,6673,"0"
14267.6,392,0,6673,"0"
720,30,35,6624,"0"
2276,123,21,6576,"0"
3160,181,9,6500,"0"
21903,366,1,6500,"0"
35656,993,6,6500,"0"
296188.8,11180,1,6500,"0"
2733,156,37,6500,"0"
27766.4,817,8,6500,"0"
6602.3,143,0,6500,"0"
65393,764,1,6500,"0"
13197.8,441,14,6500,"0"
41415,509,2,6500,"0"
5821,333,1,6500,"0"
5519,70,42,6500,"0"
97703.2,3101,1,6500,"0"
16389.08,422,0,6105,"0"
2715,44,14,6040,"0"
63210.2,2181,1,5886,"0"
186533.8,7565,2,5886,"0"
5262,150,20,6500,"0"
29984,844,0,7030,"0"
4626,169,9,7030,"0"
30820.4,1036,44,7030,"0"
11337.2,384,57,7030,"0"
3724,161,2,7030,"0"
2696,130,37,5775,"0"
32004,517,1,7030,"0"
6453,358,9,7030,"0"
9428.8,458,9,7030,"0"
6116,272,14,7030,"0"
5674.8,231,9,7030,"0"
47274.4,1395,44,7030,"0"
13531.4,201,6,7030,"0"
117430,6207,10,5797,"0"
4115,51,30,6355,"0"
8862,172,7,7030,"0"
1407,31,10,7030,"0"
1095.8,63,30,7030,"0"
1730,27,6,7030,"0"
750,13,34,7030,"1"
21345.4,982,6,7030,"0"
11338,622,20,7030,"0"
1900,101,6,7030,"0"
3591,65,43,7030,"0"
885,26,23,7030,"0"
20685,239,30,7030,"0"
2385,27,47,7030,"0"
2107,121,36,7030,"0"
1080,61,13,7030,"0"
20141.4,983,6,7030,"0"
1953,72,30,7011,"0"
2842,157,7,6855,"0"
12998,368,29,6812,"0"
2229,148,27,6804,"0"
22809.2,1112,0,5684,"0"
5025,60,22,5663,"0"
4205,53,45,6279,"0"
5018,63,55,7030,"0"
1898,107,35,7030,"0"
50245.2,1398,6,7030,"0"
90148.6,1975,6,7030,"0"
42595,482,1,7030,"0"
5265,56,0,7030,"0"
25085,264,15,7030,"0"
4121,235,8,7030,"0"
5045,59,20,7030,"0"
40392,1238,6,7030,"0"
3155,167,34,7030,"0"
13565,148,29,7030,"0"
15330,199,21,7030,"0"
25630,324,9,7030,"0"
4996.4,450,22,7030,"0"
8087,145,30,7030,"0"
3863,51,29,7030,"0"
46645,559,9,7030,"0"
49975,927,2,7030,"0"
17065,172,27,7030,"0"
6488,168,21,7030,"0"
28595,430,37,7030,"0"
9152,202,20,7030,"0"
17352.8,896,15,7009,"0"
21221,774,6,6940,"0"
46062,2368,1,6889,"0"
469223,6023,1,6849,"0"
335026,3931,1,6849,"0"
15348.68,336,1,6820,"0"
7757,394,7,6810,"0"
15775,186,21,6692,"0"
5164.4,508,14,6604,"0"
5445,63,35,6589,"0"
2095,115,59,6446,"1"
82907.33,1742,0,6317,"0"
17380,243,13,6268,"0"
690,35,27,6236,"0"
34462,420,14,6170,"0"
2861.4,140,48,6124,"0"
4940,59,50,5998,"0"
36915,453,7,5837,"0"
11002,434,1,5788,"0"
41542.2,2295,9,5532,"0"
28516,354,7,5280,"0"
21344.45,1186,8,5302,"0"
152048,7380,2,5301,"0"
2213.95,46,14,5295,"0"
5634.8,173,6,5291,"0"
3072.66,60,0,5281,"0"
24413,353,30,5288,"0"
45232,2663,3,5292,"0"
744,40,7,5292,"0"
5133,179,28,5294,"0"
32314,502,0,5263,"0"
5275,76,2,5270,"0"
9225,116,42,5286,"0"
5769,76,8,5286,"0"
3005,39,51,5286,"0"
7405,131,10,5287,"0"
1110,18,59,5286,"0"
6270.2,119,20,5286,"0"
5118.8,253,28,5272,"0"
25359.4,754,0,5272,"0"
20668.81,375,2,5278,"0"
10608.1,316,8,5264,"0"
2335,41,7,5256,"0"
51070,2604,1,5285,"0"
63330.8,2277,1,5176,"0"
6551.2,337,7,5281,"0"
159183.4,6438,2,5280,"0"
82645,1142,3,5280,"0"
6400,190,58,5589,"0"
49738,702,3,5585,"0"
3302,196,15,5585,"0"
5681,271,9,5575,"0"
16801.2,940,1,5582,"0"
4220,221,0,5575,"0"
312,13,45,5588,"0"
7255,97,10,5587,"0"
540645.4,23459,0,5581,"0"
6604,190,28,5585,"0"
46048.4,523,8,5580,"0"
33672.87,660,0,5578,"0"
6163,346,15,5585,"0"
6375.55,271,22,5587,"0"
13125,176,41,5582,"0"
13890,528,8,5587,"0"
21790.8,1235,7,5587,"0"
13949,681,35,5582,"0"
2632,130,21,5581,"0"
8953,205,9,5582,"0"
34353.6,1778,2,1981,"0"
1890,90,22,1981,"0"
559,33,41,1981,"0"
1436,23,8,1981,"0"
860.4,55,1,5580,"0"
25611.8,473,2,5572,"0"
18818.41,857,7,5572,"0"
33371.2,1643,2,5573,"0"
21351,655,22,5581,"0"
3130,92,7,5582,"0"
15178.4,603,3,5581,"0"
16720,196,3,5579,"0"
6833,392,1,5580,"0"
20810,260,14,5580,"0"
94320,1054,0,5579,"0"
4914,114,13,5575,"0"
8936.8,282,14,5581,"0"
6024,304,28,5578,"0"
4120.8,164,43,5571,"0"
2215,23,29,5568,"0"
6110.8,315,21,5573,"0"
5860.4,236,1,5572,"0"
1990,114,21,5567,"0"
14277.6,437,8,5575,"0"
17987.4,1240,14,5574,"0"
1017.6,21,51,5574,"0"
30701.8,716,0,4713,"0"
4988,231,1,4712,"0"
8680,483,9,5573,"0"
5265,152,22,5568,"0"
35153.2,1346,6,5568,"0"
7451.4,302,13,5573,"0"
3782.9,338,31,5573,"0"
2730,173,6,5573,"0"
6891.68,150,21,5572,"0"
40006.4,1082,6,5376,"0"
10884,527,8,5368,"0"
17715.2,1007,35,5371,"0"
26738,1412,2,5365,"0"
1076,73,13,5365,"1"
5247.6,283,21,5370,"0"
36341.2,2404,0,5370,"0"
36576,1524,3,5368,"0"
6189,355,37,5356,"0"
26580.2,985,3,5368,"0"
4683,268,20,5365,"0"
3946.8,101,27,5370,"0"
162321.8,6828,3,5368,"0"
5629,202,6,5372,"0"
7293.6,415,7,5372,"0"
7815.4,270,3,5370,"0"
114993.4,6878,24,5365,"0"
9128.68,2849,0,5361,"0"
4617.4,224,22,5372,"0"
3916,407,42,5370,"0"
11254.8,723,3,5370,"0"
25701.65,875,7,5368,"0"
4234,121,0,5362,"0"
7125,90,57,5361,"0"
2072,118,37,5363,"0"
11079.2,320,15,5350,"0"
1670,34,8,5364,"0"
11715,834,0,5361,"0"
54504.16,4363,22,5355,"0"
48574.2,880,1,5354,"0"
5304,305,43,5356,"0"
18668,603,41,5358,"0"
4873.95,110,8,5363,"0"
7300,269,20,5356,"0"
3045,171,8,5356,"0"
10619.2,472,21,5355,"0"
2366.4,134,57,5355,"0"
5253.2,144,36,5357,"0"
4833,267,3,5344,"0"
8297.76,159,6,5348,"0"
3777,213,1,5349,"0"
2833,254,28,5355,"0"
27808,794,23,5350,"0"
24645,2283,6,5348,"0"
4599,264,10,5349,"0"
14445,179,8,5355,"0"
34453,994,2,5354,"0"
2856,161,6,5357,"0"
5880.4,162,56,5354,"0"
1680,96,15,5334,"0"
6330,85,6,5337,"0"
7632.7,358,35,5351,"0"
21632.8,779,10,5337,"0"
3208,166,57,5341,"0"
648,36,36,5342,"0"
4179,141,49,5341,"0"
1169,67,50,5334,"0"
4837,93,13,5347,"0"
1651,39,29,5347,"0"
9576.6,382,37,5348,"0"
3108,178,9,5336,"0"
7364,212,58,5348,"0"
17452,467,14,5344,"0"
5104,283,49,5342,"0"
3119.64,338,30,5342,"0"
37916.2,1678,2,5343,"0"
6199.2,293,22,5337,"0"
2654,147,16,5333,"0"
27404.43,2414,7,5329,"0"
7363.6,278,29,5334,"0"
13617,362,8,5335,"0"
9984.4,439,3,5343,"0"
9540.5,543,16,5342,"0"
42901.6,3786,3,5337,"0"
1296.6,57,16,5333,"1"
4125,50,16,5337,"0"
8973,487,3,5344,"0"
5480,67,14,5343,"0"
25248,2049,1,5334,"0"
6474,360,58,5342,"0"
5508,458,9,5337,"0"
14476.6,921,1,5333,"0"
16251.4,828,1,5329,"0"
1522,21,22,5329,"0"
1311,74,55,5328,"0"
4962.8,260,37,5334,"0"
12831.6,543,45,5333,"0"
7867.2,287,23,5327,"0"
13477,772,21,5334,"0"
89160,1519,0,5330,"0"
9759,370,6,5330,"0"
169035.4,8182,8,5333,"0"
5818.8,309,7,5333,"0"
3086.2,163,22,5329,"0"
5689.6,353,37,5328,"0"
2157,74,13,5326,"0"
910,52,56,5323,"1"
13899,900,9,5319,"0"
39799.2,1575,3,5316,"0"
4253.6,222,50,5316,"0"
4243,243,23,5323,"0"
6595.77,194,3,5321,"0"
14327.05,290,16,5321,"0"
11271,1211,35,7832,"0"
9780.8,1119,5,7832,"0"
17411.92,1020,29,6771,"0"
1788.4,140,58,7832,"0"
4207.88,373,6,9354,"0"
3130,39,42,7926,"0"
36628.7,718,6,9309,"0"
4670.8,380,2,8275,"0"
2666.8,199,22,7583,"0"
1560.2,171,36,7832,"1"
921.8,94,10,7665,"0"
5748.2,311,52,7832,"0"
1292.4,120,37,8716,"0"
6268.8,164,49,7832,"0"
15102.8,1274,1,7832,"0"
4638,445,29,8441,"0"
2036,37,21,8038,"0"
4417.2,245,30,7434,"0"
7618.72,395,24,7120,"0"
6887.4,360,24,7030,"0"
2791.8,299,13,6937,"0"
5093.2,356,6,9781,"0"
2133.6,227,15,8233,"0"
10941.2,244,42,8224,"0"
2110,26,44,7723,"0"
3297.6,291,28,7239,"0"
4586.4,364,1,6860,"0"
5639,480,15,6834,"0"
4841.2,406,57,6783,"0"
2778.68,194,22,8838,"0"
3408.8,512,14,8838,"1"
7324.8,401,6,8808,"0"
13289.08,1018,3,6758,"0"
4620,222,50,7422,"0"
11300,159,14,7558,"0"
1720,37,58,9669,"0"
4175,52,15,7558,"0"
7081.2,103,0,7909,"0"
13480,156,21,8088,"0"
4165,50,22,10016,"0"
10438.6,263,7,7558,"0"
28325,806,2,7558,"0"
7932.2,135,28,8039,"0"
10013.76,724,10,10291,"0"
4304.2,91,56,7558,"0"
1923.4,30,43,10879,"0"
1135,15,48,8289,"0"
4180,54,9,10947,"0"
7732.8,617,9,7558,"0"
12787.35,272,7,7118,"0"
7751,552,10,7925,"0"
17114.8,826,57,8808,"1"
7490.2,407,9,7558,"0"
3806.2,203,20,6632,"0"
12520.2,1389,1,7832,"0"
10507.8,215,28,9749,"0"
2107.4,225,51,7874,"0"
8511.4,445,34,6686,"0"
9281.8,896,24,7832,"0"
2559.2,142,38,7832,"0"
5877.64,324,10,7832,"0"
3950,210,56,7017,"0"
1467.2,26,44,10251,"0"
6150.96,94,8,7941,"0"
30204,1552,14,8025,"0"
3268,180,24,7555,"0"
2069,221,6,6831,"0"
14193.4,263,22,9568,"0"
1740.4,90,13,7832,"0"
4574.4,520,16,7832,"0"
1312.4,160,9,7832,"0"
24523,527,10,7832,"0"
2665.4,284,14,9020,"0"
10095,138,1,6660,"0"
7220,91,22,8984,"0"
11965,143,15,9764,"0"
2640,35,9,7558,"0"
17015,170,13,9912,"0"
1040.2,25,27,7558,"0"
3201.6,167,3,8928,"0"
2044.8,214,3,7832,"0"
8578,444,34,7601,"0"
8785.2,572,22,9112,"0"
9240,98,22,8056,"0"
3320.4,184,48,8030,"0"
4202.2,297,1,6903,"0"
4665.6,343,41,7832,"0"
6941.8,466,36,7062,"0"
6146.4,323,20,7047,"0"
3521.84,185,20,9781,"0"
4185,56,22,7558,"0"
8673.2,849,6,10358,"0"
1180,17,14,7388,"0"
60768.2,3093,21,6721,"0"
13312.56,898,23,10068,"0"
2324,234,58,6985,"0"
8540.4,369,13,7832,"0"
14731,724,40,6709,"0"
6310.6,383,22,6288,"0"
3558.96,249,30,6945,"0"
65385.6,5622,2,7050,"0"
14663.65,286,15,6656,"0"
15130,231,1,8484,"0"
10859.8,1160,50,9781,"0"
3440.6,343,10,12337,"0"
11017.18,250,10,7967,"0"
14763.6,776,35,6490,"0"
5924.6,612,2,6438,"0"
12236.8,801,0,8838,"0"
5933,619,23,6932,"0"
1469.6,158,27,8443,"0"
2822.8,189,7,7832,"0"
1401.2,89,48,7832,"1"
1696.2,151,22,7832,"0"
2659.6,142,29,8423,"0"
7935.2,733,0,8199,"0"
6004,590,31,7630,"0"
6201.2,362,23,6315,"0"
7907,409,0,7832,"0"
9721.8,193,7,10663,"0"
8786.6,114,38,7706,"0"
45603.4,2614,8,11029,"0"
7266.12,657,41,8777,"0"
6240,339,44,8287,"0"
8115.6,548,20,6931,"0"
2474.8,201,8,8869,"0"
8066,669,1,7832,"0"
2150.6,104,1,7832,"0"
10900,138,0,7583,"0"
12692.6,200,8,9781,"0"
49540,2940,6,9781,"0"
230.4,24,22,9385,"0"
20820.4,1390,0,6889,"0"
5515,83,34,10766,"0"
23444.8,1647,3,6425,"0"
12420.6,716,9,6257,"0"
5410,70,6,7290,"0"
2930,32,0,7558,"0"
11084.4,799,6,7832,"1"
2610,38,30,6813,"0"
16604,230,1,7558,"0"
1925.6,198,27,8286,"0"
6031.8,570,13,7063,"0"
28620.27,938,2,7801,"0"
915.8,98,44,7832,"0"
4875,54,9,6328,"0"
14849.4,308,1,10321,"0"
36996,1277,5,10404,"0"
3617.2,132,49,6537,"0"
9752.6,499,21,7832,"0"
10787.2,156,9,7832,"0"
6093.72,635,8,7268,"0"
7125.8,491,59,9781,"0"
6515,87,36,9446,"0"
3299,330,14,9781,"0"
2443.44,233,7,9781,"0"
4903.2,223,8,9781,"0"
1723,46,37,9781,"0"
7180.6,796,1,7832,"0"
2444.2,292,35,7832,"0"
7871.2,442,6,7832,"0"
2379.6,256,42,7832,"0"
5789.8,533,7,7832,"0"
6876.6,279,8,7832,"0"
3970.4,191,23,7832,"0"
772,82,44,7832,"0"
3593.72,396,15,7832,"0"
3937.4,72,21,7832,"0"
6017.2,542,8,7832,"0"
4509.2,238,22,7832,"0"
33225.8,2454,9,7832,"0"
992.6,92,21,7832,"0"
10127.6,535,34,7832,"0"
2200,125,29,7832,"0"
18551.6,1469,7,8777,"0"
5834.8,628,0,8392,"0"
1311.6,144,14,8387,"0"
1718.8,86,0,7757,"0"
9099.2,245,41,7174,"0"
7123,403,21,6961,"1"
1943.4,200,19,6877,"0"
10142.8,559,0,6555,"0"
69009,2957,21,6489,"0"
3470,51,36,6490,"0"
4717.2,240,31,6414,"0"
2223.2,122,28,6394,"0"
9870,128,23,9781,"0"
12030.8,696,28,7832,"0"
265147.2,4740,0,7913,"0"
4256.4,253,6,9577,"0"
17060,221,7,8073,"0"
8290,122,21,7558,"0"
4255,58,44,7558,"0"
4475.6,104,12,7558,"0"
4520,51,9,7541,"0"
15315,203,13,10369,"0"
3847.8,165,16,7558,"0"
7795,89,50,10926,"0"
2570,49,13,10984,"0"
22575,258,15,9801,"0"
4035,48,33,9613,"0"
2867.2,38,58,9564,"0"
1630,30,57,9038,"0"
8825,96,50,7366,"0"
5780,77,27,7339,"0"
11869.2,485,35,7262,"0"
22505.4,1789,21,6905,"0"
11109.6,224,16,8793,"0"
8475,105,35,10810,"0"
40360,464,8,8435,"0"
3665,43,29,9450,"0"
5933,85,55,9543,"0"
2300.2,27,28,7860,"0"
9630,108,37,7715,"0"
31390.55,782,2,8497,"0"
10974.8,755,0,7056,"0"
10141.6,830,22,9081,"0"
2691,290,3,9781,"0"
5663.8,491,7,7832,"0"
226102,3907,2,6930,"0"
4050.6,402,22,9173,"0"
108645.4,2531,2,6656,"0"
4665,60,43,10444,"0"
7561.2,624,2,8042,"0"
14106.6,1066,1,6945,"0"
9370,104,10,7558,"0"
11905.8,1404,7,7832,"0"
2016.4,164,48,6400,"0"
3145,54,42,8368,"0"
3102.4,56,7,10398,"0"
10565.6,856,2,7832,"0"
9684.4,552,21,8058,"0"
8141.2,876,7,7485,"0"
11833.2,594,16,9050,"0"
5070.6,289,48,6401,"0"
2725,42,1,8051,"0"
7810,115,34,8367,"0"
11825,151,29,8032,"0"
33980,396,3,10321,"0"
2785,39,41,10404,"0"
5701.4,351,15,7836,"0"
7735,88,48,6294,"0"
8160.6,735,3,9781,"0"
13409.8,194,49,7832,"0"
244,32,44,6603,"0"
15964,681,31,7995,"0"
1977.4,200,27,6224,"0"
5618.6,85,30,7860,"0"
21103.2,498,2,9781,"0"
13539.8,216,13,10670,"0"
7187.4,734,27,7832,"0"
15335.2,752,24,8171,"0"
12454.8,1006,10,9781,"0"
17389.2,1410,0,9173,"0"
4899.8,352,42,8808,"0"
7650,128,16,7558,"0"
2445.2,43,8,11004,"0"
9958,404,21,11613,"0"
18223,976,27,9781,"0"
5828.6,637,36,6292,"0"
2794.8,209,52,9781,"0"
11756.6,1046,34,7832,"0"
6112.8,314,29,6452,"0"
4125,62,7,7832,"0"
6985.6,300,3,6244,"0"
4988.4,247,30,6203,"0"
41643.2,494,2,7832,"0"
6825.4,540,0,8928,"0"
4226,87,34,7558,"0"
1440,150,29,8747,"0"
898,55,10,10208,"0"
92310,1147,2,7192,"0"
7646,308,29,7938,"0"
18007.2,908,27,7090,"0"
2485,34,2,6636,"0"
9016.2,914,36,7897,"0"
8836.8,533,6,6257,"0"
11883.99,1011,13,6847,"0"
12568,442,42,9781,"0"
12864.6,897,7,7478,"0"
6271.6,474,1,6698,"0"
23474.2,1615,2,6611,"0"
28340,645,9,9654,"0"
23439.2,1194,7,8563,"0"
3041.6,288,35,11972,"0"
8741.4,700,1,7064,"0"
9494.2,443,27,10942,"0"
9960.6,1066,10,7202,"0"
2641.2,214,44,9781,"0"
10877.6,482,2,7832,"0"
3410.4,255,57,6303,"0"
10821.8,1043,27,8808,"0"
4862.8,501,1,7832,"0"
8715,410,13,6627,"0"
3795.6,203,15,6188,"0"
9575,130,37,10846,"0"
6730,89,9,10451,"0"
4226.8,212,35,8869,"0"
4751.8,298,0,6421,"0"
1300,16,29,6274,"0"
9294.4,747,2,7832,"0"
1376.8,139,37,6182,"0"
5471.8,78,1,7913,"0"
7169.2,476,48,8178,"0"
13287.8,834,6,8838,"0"
1774,100,35,9781,"1"
6732.2,454,0,6929,"0"
8581.2,243,0,7569,"0"
6465,83,34,9661,"0"
28343,415,2,8529,"0"
4967.6,524,36,7437,"0"
4714.2,202,0,9993,"0"
4851.2,88,0,7009,"0"
12611,800,23,7692,"0"
15554.5,1308,7,8226,"0"
11987.2,651,9,6681,"0"
87242.4,6924,3,12581,"0"
10095.6,560,6,7832,"0"
11450,151,0,7558,"0"
19501.2,2018,2,6945,"0"
3409.8,409,20,11212,"0"
8350.8,424,2,6190,"0"
9061.2,830,2,9781,"0"
12685,142,7,9438,"0"
3228.4,166,55,7832,"0"
6596,338,9,6968,"0"
2750.8,149,23,6672,"0"
2721.2,282,1,7832,"0"
1387.2,136,2,7832,"0"
16879,191,22,6659,"0"
11380,122,56,7219,"0"
6663.2,311,13,8651,"0"
7646.4,558,30,8777,"0"
14620,195,6,7832,"0"
32157.2,3267,9,7832,"0"
3707,170,22,6219,"0"
53714.2,1617,1,6477,"0"
3490,48,21,10640,"0"
10440,128,8,7558,"0"
3585,42,34,10849,"0"
12746,1036,9,7057,"0"
12000,127,13,7558,"0"
1210,51,15,10956,"0"
3204,59,2,7044,"0"
5155.2,165,34,7558,"0"
2410,36,30,8892,"0"
4795,82,12,6525,"0"
6099.8,719,29,6911,"0"
7498,831,13,8747,"0"
4043.2,55,38,8382,"0"
4860,80,50,7558,"0"
2491.2,142,31,7832,"0"
14019.28,882,9,8235,"0"
5138.4,261,1,7832,"0"
6457.6,594,0,7832,"0"
12921,468,8,7832,"0"
17275.8,280,1,6993,"0"
2160,31,31,11501,"0"
12528,148,13,6481,"0"
5310.8,570,0,6278,"0"
44504.6,2043,0,6251,"0"
9057,646,14,9385,"0"
3101.4,152,29,7832,"0"
625,16,38,8838,"1"
1656,172,16,7308,"0"
1230.2,127,14,6236,"0"
6715.6,546,23,8443,"0"
1451.2,149,15,8229,"0"
56991.4,2945,2,7195,"0"
3846.4,187,16,8412,"0"
57134.42,2934,6,7910,"0"
5437.6,575,3,8443,"0"
19900,1055,7,7399,"0"
26690,1327,6,6896,"0"
10189.2,870,1,8443,"0"
33414.2,2182,2,8443,"0"
1311,140,57,7959,"0"
4906,270,29,8443,"0"
2254.2,261,13,8443,"0"
130077.6,6738,2,8443,"0"
9310,237,1,7247,"0"
3293.2,132,58,6392,"0"
11081.6,455,13,8443,"0"
41218.8,1998,9,8443,"0"
4249.8,234,30,8443,"0"
779.2,56,36,8443,"1"
21196.28,2244,2,8443,"0"
26192.32,1616,3,8443,"0"
53596.84,2033,13,8443,"0"
7549,754,7,8107,"0"
1705.4,79,0,8443,"0"
57891.48,2979,1,8443,"0"
83613.2,4191,1,8443,"0"
22034,763,10,7610,"0"
2221.52,99,7,8077,"0"
26313.2,1879,0,8443,"0"
35492.6,1474,20,8443,"0"
10576.6,577,48,10085,"0"
16693.2,1287,13,9415,"0"
5215.1,398,29,9081,"0"
3626.8,298,34,8532,"0"
39192.4,2306,2,7885,"0"
31628.8,2526,3,7581,"0"
16368,1572,30,7359,"0"
21512.4,1598,3,7097,"0"
4981.6,478,27,12887,"0"
1944.4,158,2,9781,"0"
6123.6,406,28,11760,"0"
2213.6,228,38,8473,"0"
57271,5395,2,9415,"0"
3935.6,216,1,9415,"0"
4231.6,219,37,9446,"0"
1077.2,109,10,9173,"0"
6815,677,1,9020,"0"
5522.4,340,1,8046,"0"
52644.52,3779,2,6959,"0"
2820.2,297,34,6712,"0"
34440,3612,6,6673,"0"
5268.4,322,31,6531,"0"
42369.1,2652,6,6523,"0"
16632.4,1603,7,7030,"0"
9662.2,458,7,6449,"0"
22230.24,1665,10,8443,"0"
5630.4,595,28,8443,"0"
5238,560,8,8443,"0"
5140.88,392,20,8443,"0"
5694.8,309,23,8443,"0"
1260,30,24,6615,"0"
6252.8,280,28,11911,"0"
14835.2,1592,21,8443,"0"
1784.8,65,0,8443,"0"
8278,270,15,6443,"0"
4329.2,363,41,7910,"0"
36156,460,0,7910,"0"
5775,85,27,7910,"0"
6939,407,14,7910,"0"
2165,32,8,7910,"0"
10517.58,504,30,7910,"0"
12908.2,207,3,7910,"0"
8450,106,1,7910,"0"
756.4,63,30,7910,"0"
11039.8,246,2,7910,"0"
19862.6,312,8,7910,"0"
20614.58,313,15,7910,"0"
5880,87,20,7910,"0"
30346.82,1479,7,7451,"0"
23631,667,7,7098,"0"
2045,29,51,6539,"0"
21690.4,2002,16,9904,"0"
386078,19912,2,11972,"0"
10053.8,599,20,8504,"0"
5490.84,436,16,6670,"0"
3094,170,45,8443,"0"
12020.16,1089,22,7189,"0"
15750.8,1355,24,9538,"0"
14681.4,952,2,9173,"0"
30737.36,2243,1,14195,"0"
49239.2,2473,9,15503,"0"
31461.2,3289,0,13372,"0"
14792.8,1407,8,15503,"0"
15634,1624,2,15503,"0"
29645.04,1736,9,9415,"0"
9057.2,502,21,9415,"0"
23279.38,1951,0,9415,"0"
4751.36,233,6,9415,"0"
21205.72,2241,3,9415,"0"
16750,905,23,8532,"0"
6752.88,657,16,9415,"0"
12088.4,787,34,8113,"0"
26145.2,1806,2,7923,"0"
36114.8,2644,7,7665,"0"
22443.3,1194,15,6300,"0"
19162.6,1028,8,6782,"0"
196040.4,9507,1,11120,"0"
3316.6,333,52,11942,"0"
1718.2,112,48,11334,"0"
7021.5,866,21,11212,"0"
21618.6,994,22,9385,"0"
8884.8,785,31,9142,"0"
4192.8,462,50,8655,"0"
5490,598,1,15503,"0"
3414.12,357,37,8897,"0"
3872.4,393,42,12642,"0"
45999.6,2908,2,15503,"0"
19553.2,1649,13,8594,"0"
27403.2,1753,15,8504,"0"
14219.1,280,1,7910,"0"
30942.8,2386,0,6572,"0"
4414.2,260,1,7423,"0"
16084.34,1275,44,9050,"0"
3724.6,373,35,8229,"0"
4475,51,16,7910,"0"
2002.2,212,56,8443,"0"
34102.6,1691,6,7414,"0"
7556.8,743,23,6618,"0"
2507.84,148,3,9446,"0"
4930.64,349,54,9173,"1"
22325,1104,0,7378,"0"
8785.6,432,16,9415,"0"
35574.24,2480,0,6603,"0"
5759.2,310,49,8107,"0"
3284,118,6,8443,"0"
2926.44,324,55,8443,"0"
2568,136,28,8443,"0"
1075.2,55,1,8443,"1"
1281.6,63,8,8443,"0"
7753.6,396,55,6980,"0"
16114.6,935,16,6491,"1"
3583.2,264,28,8443,"1"
36449.8,2712,8,8989,"0"
1626.28,179,15,6607,"0"
18041.5,692,34,9081,"0"
53307.6,2345,0,6294,"0"
1236.6,129,34,15503,"0"
3936.4,252,27,8777,"0"
7783.6,323,35,12307,"0"
890.2,87,42,8320,"0"
6984.8,281,48,8443,"0"
11368.7,484,7,7538,"0"
7962.4,634,51,13160,"0"
14867.92,876,0,9415,"0"
4247.6,235,34,9081,"0"
7011.68,762,7,8443,"0"
34543.72,2902,2,14134,"0"
3973,52,2,7910,"0"
6320.8,224,20,7910,"0"
59916.6,2738,3,7693,"0"
19700.2,255,0,6946,"0"
10752.2,519,0,8443,"0"
3624.4,176,29,9843,"0"
14576.6,840,22,6239,"0"
2306.6,268,42,6224,"0"
8535,109,29,7910,"0"
9776,208,9,6461,"0"
4465.6,363,24,9415,"0"
5115.6,126,6,7910,"0"
13088.86,860,7,8504,"0"
113764.9,8298,1,8382,"0"
5413.46,321,28,7910,"0"
29879.2,1558,0,6924,"0"
8367.78,853,2,7910,"0"
3971.14,296,3,7910,"0"
2339.8,284,27,7910,"0"
35122.4,1456,3,7910,"0"
1021,116,29,7910,"0"
1034,83,22,7910,"0"
7500.6,773,3,7910,"0"
14778,1040,9,7910,"0"
5103.8,293,0,7910,"0"
6337.6,250,44,7910,"0"
14732.4,1059,0,7910,"0"
2117.28,170,34,7573,"0"
2555.16,149,2,6614,"0"
8007.4,444,14,8443,"0"
2325,30,56,6210,"0"
7955.2,817,13,7458,"0"
29436.78,3038,1,8563,"0"
22486.9,1846,6,9173,"0"
8919.2,882,14,7589,"0"
2170,26,10,9507,"0"
3910,46,27,9507,"0"
123605.2,7447,0,11089,"0"
5275.6,416,23,7744,"1"
4118.4,259,8,8716,"1"
2435,35,1,7910,"0"
17524.6,552,2,6299,"0"
2985,37,51,7910,"0"
37528.92,2073,0,7910,"0"
58336.95,2770,3,7910,"0"
4687.8,456,1,7910,"0"
6299.72,541,14,7910,"0"
5607.66,431,0,7910,"0"
22254.06,854,6,7910,"0"
7220,96,7,7910,"0"
15640,201,13,7910,"0"
7439.6,219,7,7197,"0"
1874,29,0,6820,"0"
2463.8,76,49,6723,"0"
17336.8,1565,6,6222,"0"
8895.2,295,3,7974,"0"
1271.2,73,31,8443,"0"
9069.2,487,14,7985,"0"
1995.9,67,27,6581,"0"
1660,25,21,7910,"0"
33986.3,2788,7,7041,"0"
2001.8,144,37,8443,"0"
708.4,65,28,8443,"0"
46501.51,1850,1,8443,"0"
78257.3,4363,14,8443,"0"
3750.8,242,2,8443,"0"
14500,528,21,8443,"0"
2034.8,107,44,8443,"0"
4264.6,438,3,8443,"0"
1398.4,147,55,7331,"0"
951.2,44,22,6224,"0"
70617.9,4391,2,8443,"0"
19656.7,2000,1,7910,"0"
5537.2,144,21,7910,"0"
6149.2,181,0,7910,"0"
21530.6,999,0,7910,"0"
19268.8,688,6,7723,"0"
984.48,82,1,9446,"0"
6812.4,90,28,8443,"0"
8997.76,255,7,7910,"0"
2409.8,243,31,8229,"0"
3098.8,208,21,10664,"0"
4432,220,1,12887,"1"
-85,4,29,6176,"1"
3212,194,30,8989,"0"
34084.8,2410,7,7910,"0"
38071.92,2318,2,8229,"0"
19860.4,1111,1,8443,"0"
20489.6,1446,6,8382,"0"
4535.32,282,34,7814,"0"
8677.4,915,0,6572,"1"
14150.4,268,20,7910,"0"
26542.6,2207,31,6236,"0"
2725.6,151,29,8624,"0"
44075,2590,0,8838,"0"
153821.3,10835,3,7731,"0"
4047.28,515,3,8198,"0"
32145.7,1608,15,7910,"0"
2186.6,249,56,8443,"0"
8773,198,57,15503,"0"
12914.3,674,8,9415,"0"
3220.4,170,28,8443,"0"
1406,150,23,8443,"0"
3560.4,65,0,7008,"0"
56096.05,3331,3,6509,"0"
37046.4,3116,2,7888,"0"
49626.2,2105,0,7910,"0"
2240.7,117,14,9385,"0"
1484.2,153,0,8382,"0"
920.2,100,3,7708,"0"
10457.34,1053,28,6971,"0"
2311.06,183,8,7910,"0"
8659.4,1068,1,7910,"0"
4974.8,171,2,7574,"0"
6448.4,443,23,6428,"0"
1744.96,200,29,15503,"0"
95109.24,6066,2,9173,"0"
2017.4,219,31,9415,"0"
3920.86,455,14,9415,"0"
60472.56,5638,2,8838,"0"
1507.6,158,20,7541,"0"
10957.84,1054,16,7205,"0"
12266.7,526,21,6274,"0"
4907.88,492,0,7910,"0"
6915.96,585,31,15503,"0"
11661.2,906,35,8928,"0"
59905,4510,2,8320,"0"
62649,5624,8,7910,"0"
20474.8,711,3,7910,"0"
686.16,64,27,10177,"0"
3343.1,375,7,9690,"0"
29993.6,2300,1,9690,"0"
20111.4,1806,0,6866,"0"
37539.6,2070,1,6565,"0"
6295.6,376,22,8412,"0"
9642,845,2,9385,"0"
27428.4,2723,23,8290,"0"
52181.4,1470,1,8443,"0"
36061.05,698,0,6177,"0"
27240.1,3013,2,13311,"0"
100263.2,8600,7,10269,"0"
1023.16,100,56,14468,"0"
13494,1038,30,8869,"0"
93532,4520,3,9173,"0"
3664.3,425,34,7660,"0"
4584.3,513,9,6594,"0"
13487,1075,1,6138,"0"
3985,50,56,7807,"0"
16530.9,289,22,7807,"0"
41931,595,1,7695,"1"
12375,152,14,6625,"0"
7960,111,0,8282,"0"
16282,417,10,6966,"0"
6603.15,136,9,6890,"0"
4470,56,9,6447,"0"
5209.8,70,20,7853,"0"
6384,96,7,7766,"0"
9402,308,16,7768,"0"
4077,222,23,7981,"0"
6870,76,37,7748,"0"
11630,134,35,8051,"0"
6410.8,247,29,7859,"0"
11206.96,419,28,8065,"0"
6065,297,37,12946,"0"
11199.88,490,22,12246,"0"
4257,207,42,7832,"0"
3062,88,42,7832,"0"
2533,145,29,8161,"0"
4952,144,41,6651,"0"
14148.19,517,19,6357,"1"
14695,175,34,8704,"0"
12198.6,450,15,7832,"0"
12658,364,1,6728,"0"
5165,67,14,6446,"0"
9230,272,21,12246,"0"
5125,278,35,7254,"0"
6522,187,8,6820,"0"
2128,40,42,8685,"0"
7505.6,222,44,9781,"0"
5370,308,7,15229,"0"
4023.2,116,7,8602,"0"
3048,174,55,7832,"0"
24828.4,713,15,8091,"0"
7806,223,23,8261,"0"
2473,134,13,7162,"0"
5647,279,3,8583,"0"
6116.2,227,55,6996,"0"
4112.6,145,28,7832,"0"
11243,329,15,6646,"0"
1092,63,8,9781,"0"
6299.6,232,8,7832,"0"
15769,299,16,7399,"0"
3702.8,166,0,7832,"0"
15209,519,2,7849,"0"
4312,130,0,6485,"0"
2198.4,106,21,8869,"0"
1406.6,82,6,7594,"0"
2170,62,35,7832,"0"
1953,94,34,9904,"0"
2978,77,0,6891,"0"
3162,182,20,6624,"0"
1581,70,7,7832,"0"
3840,192,12,7832,"0"
2198,60,41,9781,"0"
9320,112,21,7919,"0"
3649.8,118,24,15321,"0"
3078,117,22,7832,"0"
2594,75,15,7832,"0"
1197,50,20,7742,"0"
10395,508,23,12246,"0"
7321,423,29,7832,"0"
18546,959,6,6288,"0"
9967.2,410,22,7575,"0"
4115.6,118,58,8218,"0"
695,40,35,6385,"0"
2130,73,42,12246,"0"
43953.8,1258,3,7482,"0"
5355.6,184,6,7832,"0"
1900,54,52,12246,"0"
4031.8,234,41,6706,"0"
5849.6,201,1,7832,"0"
6816,197,7,7009,"0"
2438,70,22,6271,"0"
1669,58,44,11273,"0"
6676,178,30,7832,"0"
923.4,39,58,6296,"1"
1183,52,51,8716,"0"
6379,314,9,9781,"0"
3332,148,56,7832,"0"
12962.6,483,30,8043,"0"
1281,73,36,12246,"0"
3654,210,8,6588,"0"
10288,579,21,7832,"0"
6594.8,207,22,8518,"0"
15055,194,34,8749,"0"
2232,90,6,9781,"0"
2565,36,1,6384,"0"
4362,125,13,7832,"0"
9990,263,29,7784,"0"
3398,97,35,8421,"0"
3076,176,37,9781,"0"
5122.8,125,16,10573,"0"
3465.6,167,24,7832,"0"
17455,191,2,6624,"0"
3353.2,128,48,9781,"0"
14326.6,370,6,7944,"0"
1122,64,20,9781,"0"
21561.2,604,1,6323,"0"
21322,507,7,6895,"0"
5488,154,14,7832,"0"
1542,44,8,6484,"0"
916,26,29,7832,"0"
21524,722,1,13007,"0"
6361.2,238,36,6327,"0"
6168,353,6,9781,"0"
14772.2,311,1,13495,"0"
7134,269,31,6602,"0"
2468.4,71,49,7832,"0"
7458,208,35,6705,"0"
9015.2,266,44,7721,"0"
26304,275,13,6329,"0"
8368.8,193,35,6196,"0"
53081,570,0,6176,"0"
1779.8,94,13,18090,"0"
6557,188,21,12246,"0"
7226,265,30,6503,"0"
2730,79,55,6156,"0"
28546,793,2,7832,"0"
4507,145,14,8161,"0"
1200,60,24,7769,"0"
4491.2,129,7,6524,"0"
13534.2,342,20,6155,"0"
6878,197,34,12246,"0"
8415.2,239,13,7525,"0"
5833.6,170,56,6286,"0"
7390,213,1,6156,"0"
2554,146,36,13130,"0"
690,40,8,7832,"0"
3925,65,15,6545,"0"
4442,221,0,9477,"0"
5009.2,250,28,7832,"0"
1734,47,15,7832,"0"
10906.8,356,3,7832,"0"
3542.8,194,28,8177,"1"
7167,228,8,6391,"0"
1050,60,29,6345,"0"
15820,164,23,7807,"0"
1502,43,30,7832,"0"
4752,137,20,7290,"0"
7244,203,14,6310,"0"
6206,163,8,6708,"0"
3416.4,195,31,6699,"0"
9340,497,7,8581,"0"
2070,106,43,12795,"0"
2713.2,140,21,6292,"0"
22364.6,747,1,6359,"0"
20660.4,893,42,9781,"0"
1283,74,7,12915,"0"
11580.8,591,28,10907,"0"
3942,224,0,10846,"0"
14465,299,27,7901,"0"
7865,103,36,8065,"0"
3172,91,10,8039,"0"
4546.6,264,16,7832,"0"
1074,31,21,6306,"1"
7350.8,750,27,8747,"0"
2699,140,29,6135,"0"
23768,712,9,6125,"0"
5242,161,13,6111,"0"
6575,257,16,6114,"0"
13758.2,190,22,6117,"0"
1199.6,88,41,6107,"0"
3460,45,30,6098,"0"
20025,276,27,6092,"0"
1692,76,48,6082,"1"
8240,474,7,6079,"0"
15972.9,847,2,6065,"0"
4693.88,353,6,6057,"0"
5736,169,30,6056,"0"
5614.4,618,33,6019,"0"
2370,35,48,6007,"0"
12615,401,13,6000,"0"
5332,152,30,5992,"0"
7828.4,423,6,5992,"0"
7449,149,20,5967,"0"
4702.4,245,36,5967,"0"
104565.6,10214,1,5964,"0"
16500,245,8,5960,"0"
9304,259,10,5946,"0"
7414,209,44,5923,"1"
3776,121,48,5921,"0"
4031,97,28,5916,"0"
1788,51,58,5888,"0"
3502.6,83,35,5886,"0"
2210,62,8,5882,"0"
3497,147,41,5881,"0"
3755,55,15,5879,"0"
2035.2,112,50,5874,"0"
12368.05,411,9,5867,"0"
27841,1282,13,5860,"0"
9900,1047,14,5851,"1"
7443.6,630,20,5851,"0"
11579.6,694,22,5847,"0"
6770.6,642,27,5841,"0"
5328,152,6,5832,"0"
8331,216,10,5831,"0"
8787.8,472,29,5827,"0"
30064.8,1050,8,5819,"0"
11865.8,225,6,5802,"0"
4724.2,57,13,5799,"0"
13624.2,315,0,5792,"0"
3236,210,23,5782,"0"
3497.2,417,23,5782,"0"
2046,114,43,5767,"0"
10819,424,43,5767,"0"
10895.8,533,42,5763,"0"
1173.6,141,50,5747,"0"
4704,112,14,5742,"0"
6658,190,15,5742,"0"
17597.88,1604,7,5727,"0"
6467.8,779,9,5725,"0"
34725,455,2,5714,"0"
16380,218,22,5706,"0"
9836,1032,6,5694,"0"
2062,102,55,5683,"0"
6614,188,38,6058,"0"
2834,81,13,5656,"0"
9506,272,6,5642,"0"
3791.2,388,1,5320,"0"
58424.2,3086,3,5316,"0"
3920.8,208,22,5308,"0"
12794,892,43,5314,"0"
19314.72,926,10,5315,"0"
88582,1252,6,5315,"0"
1330,75,51,5309,"0"
835,22,0,5309,"0"
2407,35,15,5308,"0"
660743,33336,1,5315,"0"
12750.4,496,6,5315,"0"
9482.06,184,8,5314,"0"
17153,752,16,5307,"0"
5940,74,24,5316,"0"
45045.45,2793,2,5256,"0"
11491,652,16,5176,"0"
14167,221,3,5305,"0"
3133,123,48,5305,"0"
2777,146,30,5309,"0"
9945,527,22,5307,"0"
7822,448,8,5306,"0"
5739.4,256,23,5305,"0"
8910,130,20,5305,"0"
21198.4,1088,13,5305,"0"
22455,2151,3,5306,"0"
3774,141,21,5309,"0"
14723.05,811,6,5315,"0"
93655,1229,0,5309,"0"
10368.8,897,16,5306,"0"
2998,85,57,5307,"0"
11149.4,567,7,4711,"0"
2765,141,0,4714,"0"
20312,1088,1,4713,"0"
13470,553,16,4713,"0"
8123.6,416,20,4712,"0"
4755,391,29,4711,"0"
6483,294,21,4710,"0"
6054,78,29,4696,"0"
2171,122,20,4714,"0"
7214.2,403,20,4693,"0"
85548.8,2396,13,4628,"0"
2709,103,0,4531,"0"
2342,67,0,4712,"1"
11572.11,226,3,4717,"0"
566.68,48,14,4717,"0"
1365284,74515,2,4717,"0"
6075.8,307,43,4712,"0"
8557.8,254,3,4711,"0"
6048,251,38,4719,"1"
3762.8,195,22,4710,"1"
40212,1429,1,4531,"0"
3353,133,6,4721,"0"
5914.2,221,1,4720,"0"
21307,836,0,4720,"0"
3265,33,58,4720,"0"
82122.6,2014,55,4719,"0"
11365,123,2,4721,"0"
13012,412,13,4718,"0"
7882.8,346,21,4721,"0"
9659.6,224,0,4720,"0"
27416.4,838,15,4718,"0"
1074.4,62,34,4718,"0"
1797,77,14,4717,"0"
656,18,20,4717,"0"
19214.4,844,13,4721,"0"
47000,1825,0,4720,"0"
7090,88,56,4719,"0"
1830,104,13,4719,"0"
48245,921,20,4718,"0"
1880,95,10,4719,"0"
6196.8,275,28,4724,"0"
22662.4,464,3,4725,"0"
3508,100,50,4724,"0"
1037,59,52,4718,"1"
5173.8,157,27,4720,"0"
184115.2,6146,6,4719,"0"
1402022,55118,0,4711,"0"
1300,130,7,4728,"0"
18767.8,447,1,4727,"0"
1973.2,88,3,4724,"0"
4458.8,208,22,4727,"0"
7835.8,275,1,4718,"0"
6404,225,28,4723,"0"
23359.6,916,1,4727,"0"
65860.55,1550,0,4727,"0"
8566.2,395,8,4725,"0"
1615.2,73,15,4703,"0"
4970,252,6,4706,"0"
14044.8,509,3,4725,"0"
10992,314,51,4724,"0"
1602,74,7,4728,"0"
408166,20281,0,4727,"0"
61827.4,3049,1,4727,"0"
14700,697,45,4689,"0"
4470,63,16,4712,"0"
5392,309,23,4714,"0"
2898,148,14,4508,"1"
1464,58,7,4511,"0"
21370,1173,34,4522,"0"
99671,1534,0,4517,"0"
8845.2,310,0,4517,"0"
101450,1238,2,4511,"0"
5434,275,22,4521,"0"
182522.4,3927,2,4516,"0"
26108,430,16,4515,"0"
9715,304,24,4523,"0"
12045,129,7,4523,"0"
34935,491,1,4518,"0"
8503.6,232,16,4517,"0"
2429.6,129,0,4518,"0"
2842.2,306,58,4516,"0"
13125,177,2,4523,"0"
15511.4,1196,0,4508,"0"
1381,57,55,4496,"0"
14795,201,0,4493,"0"
10131.6,304,2,4511,"0"
19335,251,1,4514,"0"
29818,1508,10,4510,"0"
7453.6,242,57,4508,"1"
116046.7,2141,1,4508,"0"
4922,162,1,4508,"0"
114047.2,1935,2,4508,"0"
63298.6,712,2,4508,"0"
55316,947,9,4508,"0"
27390,1008,1,4514,"0"
5994.6,198,2,4510,"0"
2304,80,2,4522,"0"
21841.4,696,2,4516,"0"
4026.4,212,14,4514,"0"
232655.1,10988,0,4511,"0"
51364,1631,1,4514,"0"
14972.2,782,21,4515,"0"
3768.56,326,1,4516,"0"
5117,295,3,4507,"0"
3570,47,21,4518,"0"
3782.6,166,27,4508,"0"
43273.12,5366,7,4503,"0"
9767,502,6,4509,"0"
12166.6,279,7,4508,"0"
40590.6,1802,1,4507,"0"
1674,100,59,4517,"0"
5575,126,28,4507,"0"
4000,228,22,4507,"0"
68612.6,1223,6,4508,"0"
52553.8,1174,1,4508,"0"
15943,456,1,4508,"0"
26850,301,23,4504,"0"
22585,259,0,4497,"0"
6225,343,15,4504,"0"
20890,282,14,4496,"0"
3720.8,85,55,4507,"0"
2290,69,42,4503,"0"
12793.4,203,21,4504,"0"
5165,100,29,4501,"0"
98990,5402,0,4502,"0"
5908.2,246,58,4490,"0"
48101,1075,10,4501,"0"
13819.48,444,0,4487,"0"
7693.05,132,29,4487,"0"
1867,85,43,4507,"0"
5441,186,2,4503,"0"
1715.8,168,6,4503,"0"
13633.6,1114,6,4502,"0"
1529.6,142,8,4502,"0"
36195.6,1602,14,4501,"0"
14848.2,813,0,4493,"0"
9744,561,10,4501,"0"
28132,951,0,4483,"0"
2487.8,133,2,4473,"0"
10000,119,0,4503,"0"
7786,445,51,4503,"0"
5929,223,45,4504,"0"
4153,155,21,4255,"0"
11384,278,20,4502,"0"
4156,224,1,4500,"0"
17366,1091,20,4500,"0"
9706,530,1,4501,"0"
25114.6,1647,3,4501,"0"
53184,1544,1,4495,"0"
58265,1435,8,4493,"0"
14574,813,7,4496,"0"
18444.6,670,2,4500,"0"
26594,2081,2,4493,"0"
25178,2087,7,4493,"0"
34830,2979,3,4493,"0"
11096,321,30,4500,"0"
3870,70,22,4497,"0"
6188,171,7,4495,"0"
6478.2,589,38,4490,"0"
18924,769,34,4483,"0"
3145,143,15,4490,"0"
26285,257,2,4489,"0"
5022.4,274,31,4493,"0"
8076.15,153,10,4489,"0"
26110,1861,1,4483,"0"
21736,1580,6,4483,"0"
19828.56,3465,1,4483,"0"
31053,2338,1,4483,"0"
10496,721,3,4483,"0"
29678.36,3967,3,4483,"0"
15616,1312,3,4483,"0"
19616,1233,3,4483,"0"
3528,162,35,4251,"0"
10111.24,200,38,4460,"0"
6550,112,13,4497,"0"
6076.59,108,31,4496,"0"
3752.8,181,30,4473,"0"
10495,143,15,4495,"0"
3817,219,3,4493,"0"
14760.7,1175,16,4479,"0"
9400,510,13,4490,"0"
6935.8,354,14,4487,"0"
2219,119,23,4488,"0"
7680,87,21,4488,"0"
2724,74,49,4483,"0"
9032,257,29,4488,"0"
4060,406,10,4489,"0"
3475,50,20,4487,"0"
2862,164,16,4476,"0"
41157,1047,2,4488,"0"
4118,182,3,4356,"0"
1430,81,16,4487,"0"
6355,108,21,4481,"0"
8502,448,15,4481,"0"
7668,106,34,4475,"0"
3181,53,2,4481,"0"
11730,636,20,4476,"0"
3274.7,75,35,4475,"0"
2036,116,3,4472,"0"
2111.2,114,29,4472,"0"
15739,214,27,4474,"0"
16735.4,757,16,4490,"0"
24955,278,7,4475,"0"
3097,174,44,4458,"0"
12075.6,168,3,4248,"0"
2473,89,21,4245,"0"
21503.4,1100,8,4479,"0"
3195,160,0,4475,"0"
1550,26,48,4479,"0"
4069,127,20,4479,"0"
27241.03,530,2,4476,"0"
34785,402,2,4475,"0"
22105,231,8,4474,"0"
27476,787,9,4486,"0"
2364,134,45,4482,"0"
14580.8,425,30,4482,"0"
3616,105,2,4481,"0"
15611,898,23,4473,"0"
63947.2,2690,0,4472,"0"
11615,133,2,4476,"0"
3688,179,23,4479,"0"
67348,796,10,4484,"0"
8104.6,415,34,4250,"0"
13365,467,3,4479,"0"
2785,38,27,4472,"0"
35066,2010,8,4465,"0"
32588.46,2689,1,4465,"0"
26230.2,1590,7,4374,"0"
43900.8,1064,13,4476,"0"
62272,765,1,4245,"0"
8852,464,14,4479,"0"
6832.4,394,2,4473,"0"
2740,182,29,4423,"0"
2025,25,27,4482,"0"
6225,79,41,4481,"0"
8430,114,13,4481,"1"
15114.06,307,14,4475,"0"
10054,180,37,4473,"0"
25461,575,24,4472,"0"
1288,74,50,4479,"0"
6484,185,14,4479,"0"
2250.6,120,1,4417,"0"
6546,257,9,4451,"0"
69238.96,1757,6,4423,"0"
21850,245,14,4451,"0"
14451,522,24,4473,"0"
5914.8,468,6,4332,"0"
8519.6,610,22,4473,"0"
1010,12,37,4465,"0"
2450,33,34,4353,"0"
35311.6,1067,0,4430,"0"
12283,230,3,4473,"0"
213451.2,6802,0,4353,"0"
23856.8,1069,6,4350,"0"
32747.4,1398,8,4474,"0"
364.7,6,14,4473,"0"
36377,2062,13,4389,"0"
4044,188,0,4389,"0"
410345.6,22074,1,4291,"0"
5482.4,178,21,4263,"0"
6774,348,23,4440,"0"
6976,95,28,4297,"0"
360,20,48,4297,"1"
5656,270,22,4418,"0"
4155,58,23,4409,"0"
2688.2,152,21,5276,"0"
11453,212,7,5276,"0"
32375,395,20,5276,"0"
6619.5,225,9,5276,"0"
54045.35,2505,0,5276,"0"
2770,154,22,5276,"0"
6681,377,14,5276,"0"
9342.8,448,7,5276,"0"
1200,50,28,5276,"0"
26077,1475,7,5276,"0"
32681,2586,43,5276,"1"
2696,138,57,5276,"0"
2033,51,8,5276,"0"
1610,92,44,5276,"0"
127580.9,5826,44,5276,"0"
10035,145,13,5276,"0"
8651,141,20,5276,"0"
6754.8,172,9,5276,"0"
5819.2,289,22,5276,"0"
4244,419,35,5276,"0"
16352.4,621,0,5276,"0"
12798,734,38,5276,"0"
1256.6,73,42,5276,"0"
3552,180,22,5276,"0"
22865,320,10,5276,"0"
7018.2,235,27,5276,"0"
636.4,36,20,5276,"1"
47243.6,1574,1,5276,"0"
3526,181,27,5276,"0"
4766.8,232,42,5276,"0"
2755.2,143,2,5276,"0"
3628,209,2,5276,"0"
27557,379,14,5276,"0"
2999.2,69,1,5276,"0"
15625.8,889,1,5276,"0"
1744,99,10,5276,"0"
1070,28,44,5276,"0"
4803,277,55,5276,"0"
5055,73,27,5276,"0"
2617,35,28,5276,"0"
132573.6,6317,6,5276,"0"
15922.4,1253,20,5276,"0"
14151.2,836,3,5276,"0"
13910,676,6,5276,"0"
58711.6,2040,2,5276,"0"
4800,275,41,5276,"0"
10800,157,8,5276,"0"
41066.45,1067,3,5276,"0"
1536,64,15,5276,"0"
3895,51,36,5276,"0"
49533,2774,3,5276,"0"
5754.8,306,10,5276,"0"
10365,120,59,5276,"0"
8045,98,27,5276,"0"
4674,58,50,5276,"0"
16291.65,493,6,5276,"0"
21735,2131,3,5276,"0"
32032,426,6,5276,"0"
44914,633,3,5276,"0"
7671.4,395,3,5276,"0"
7529,213,7,5276,"0"
3103.2,174,16,5276,"0"
9190,426,10,5276,"0"
123758.4,1686,2,5276,"0"
2978,170,56,5276,"0"
2310,132,38,5276,"0"
32246.8,1770,3,5276,"0"
9235,528,50,5276,"0"
7615,108,29,8830,"0"
6119.6,299,24,11266,"0"
38985,757,1,9396,"0"
46084.8,2176,3,9151,"0"
24438,337,8,11483,"0"
11583.6,633,8,11617,"0"
14811.6,658,30,9803,"0"
15022.8,495,27,5276,"0"
41544,1969,13,5276,"0"
2858.8,166,27,5276,"0"
59333,635,2,5276,"0"
4700,95,22,5276,"0"
3675,35,14,5276,"0"
24197,737,2,9184,"0"
19205,272,7,5276,"0"
17075,205,6,5276,"0"
29072,1361,7,6987,"0"
102884,5008,2,5276,"0"
3515,43,21,5276,"0"
145545.6,6229,1,5276,"0"
44243.6,1921,0,5276,"0"
13378,416,7,5276,"0"
8495,103,22,5276,"0"
16987.2,500,2,5276,"0"
9950,173,7,5276,"0"
1255,22,15,5276,"0"
3922,65,0,5276,"0"
7255,79,22,5276,"0"
3007.8,53,23,5276,"0"
8105,97,3,5276,"0"
9383,10364,21,5276,"0"
46442,1710,42,5276,"0"
1728,72,20,5276,"0"
4864,295,0,5276,"0"
3940,51,28,5276,"0"
10404.2,293,16,5276,"0"
1390,79,48,5276,"0"
5300,62,51,5276,"0"
6439,86,13,5276,"0"
7907.6,339,10,5276,"0"
54610,731,0,5276,"0"
4361,64,0,5276,"0"
36290,448,8,5276,"0"
3554,71,48,5276,"0"
40023,2074,1,5276,"0"
113704.4,13748,2,5276,"0"
27351,876,8,5276,"0"
11269.2,270,9,5276,"0"
6746.4,302,6,8354,"0"
2344,116,15,7687,"0"
10675,134,9,7618,"0"
2185,126,34,5276,"0"
12678,625,6,5276,"0"
14124,811,6,5276,"0"
4950,70,8,5276,"0"
1544,88,15,5276,"0"
15729.08,6903,0,5276,"0"
1441.6,68,14,5276,"0"
25201.3,813,13,5276,"0"
2050,25,56,5276,"0"
4025,67,2,5276,"0"
5395,67,42,5276,"0"
34974,3226,7,5276,"0"
1926,111,59,5276,"0"
220,5,35,5276,"1"
1290,19,8,5276,"0"
15591,494,6,7261,"0"
5256,285,7,7253,"0"
28170,359,14,5276,"0"
14609,706,8,5276,"0"
9417.85,219,6,5276,"0"
12275,133,30,5276,"0"
9635.35,514,3,5276,"0"
1986,106,10,5276,"0"
45233.4,644,0,5276,"0"
3945,45,51,5276,"0"
3202.2,184,34,5276,"0"
8404,180,0,5276,"0"
60085,832,0,7485,"0"
7349.2,374,28,7329,"0"
1639,94,9,7433,"0"
2057.6,116,41,7409,"0"
6497,374,8,7441,"0"
15385,390,1,7233,"0"
20736.4,948,1,7127,"0"
27330,840,6,6742,"0"
40528,985,1,6742,"0"
25216,826,0,6742,"0"
48276,1047,1,6742,"0"
13890,376,3,6742,"0"
1915,29,51,6586,"0"
3248,187,41,7430,"0"
10350,151,23,7381,"0"
2112,170,52,7367,"0"
9502,436,0,7260,"0"
14028.8,633,8,7282,"0"
1060,60,31,7143,"0"
3184,183,21,7008,"0"
42651,614,1,7308,"0"
85425,1062,14,7247,"0"
83971,1313,1,6722,"0"
43568,1434,1,6722,"0"
5629,103,8,7191,"0"
3038,173,44,6670,"0"
49399.71,993,2,7090,"0"
17860,188,2,7063,"0"
7453,384,10,7031,"0"
26923.2,347,0,6923,"0"
6466,376,28,6798,"0"
2010.4,90,50,6867,"0"
6807.2,325,22,6597,"0"
12066.8,479,2,6553,"0"
12490,178,7,6699,"0"
16712,908,15,6569,"0"
4815,72,34,6537,"0"
6251.8,178,8,6516,"0"
7865,123,14,6394,"0"
59670,755,0,6387,"0"
36275,497,6,6373,"0"
47780,659,0,6352,"0"
485,11,7,6265,"0"
2781,159,27,6252,"0"
10977.4,518,1,6247,"0"
21149.34,434,2,6245,"0"
3470,46,6,6237,"0"
5496,244,8,6224,"0"
60786,3055,6,6212,"0"
14094,328,0,6163,"0"
6640,94,10,6077,"0"
8555.8,231,36,6064,"0"
12532.55,341,6,6035,"0"
17124.95,607,0,6035,"0"
2790,39,51,5944,"0"
65019.4,2813,1,5813,"0"
11070,615,42,5792,"0"
20766,720,9,5789,"0"
3328,160,58,5778,"0"
21190,909,27,5778,"0"
4189,197,2,5741,"0"
89747.4,1335,9,5733,"0"
5654.6,257,6,5729,"0"
14629,641,6,5729,"0"
2901,32,30,5698,"0"
2435.2,112,55,5665,"0"
216,10,52,5657,"0"
21623.2,1045,38,5657,"0"
17748,885,0,5643,"0"
56044.8,2696,1,5593,"0"
3235,55,27,5587,"0"
4658,266,7,5585,"0"
11617.4,414,2,5512,"0"
10994,2627,8,5489,"0"
6050,494,7,5454,"0"
10642,134,6,5403,"0"
11357.2,452,49,5399,"0"
5758,77,13,5396,"0"
4544,260,10,5377,"0"
2923.8,59,9,5357,"0"
27120,2549,1,5308,"0"
4455,67,0,5307,"0"
7860,120,31,5295,"0"
59250.47,4544,0,5193,"0"
573.6,26,35,5186,"1"
8536,299,6,5154,"0"
1986.4,114,34,5116,"0"
46380,591,0,5068,"0"
12090,930,13,5061,"0"
11431.7,379,3,5047,"0"
14418.4,1022,7,5041,"0"
3455,38,23,5041,"0"
30125.69,761,1,5033,"0"
63987.6,907,3,5028,"0"
40333.38,772,14,5012,"0"
4311,247,0,4914,"0"
1889.6,23,31,4892,"0"
2982,123,23,4881,"0"
9301,184,1,4879,"0"
11994.4,481,7,4875,"0"
10485.52,211,31,4871,"0"
5129.2,195,10,4853,"0"
9948.4,570,10,4836,"0"
10455,333,8,4831,"1"
2451,46,51,4830,"0"
8986,125,7,4830,"0"
15790,691,0,4818,"0"
110055,1483,8,4805,"0"
6033,299,45,4797,"0"
14815,176,21,4767,"0"
9346,426,15,4759,"1"
70921.2,992,14,4724,"0"
3015,49,51,4720,"0"
6577,176,24,4705,"0"
7907,290,8,5276,"0"
7590.8,381,22,5276,"0"
6713.8,241,2,5276,"0"
30052,1661,7,5276,"0"
15023.6,672,52,5276,"0"
13090,493,1,5276,"0"
1917,108,36,5276,"0"
4741,271,21,5276,"0"
1597,91,48,5276,"0"
2411,135,36,5276,"0"
8918,521,15,5276,"0"
12622,720,9,5276,"0"
2190,125,16,5276,"0"
2630,40,2,5276,"0"
15560,197,1,5276,"0"
5228,231,2,5276,"0"
4871,275,0,5276,"0"
6468,638,41,9066,"0"
1316.8,56,2,5276,"0"
10268,430,31,5276,"0"
16885.2,631,8,5276,"0"
8575,91,10,5276,"0"
29972.4,1035,10,5276,"0"
4284.8,196,22,7413,"0"
1140,64,3,7352,"0"
5488,109,38,7181,"0"
1550,88,31,7065,"0"
2909,150,58,6786,"0"
8310,122,44,6657,"0"
59343.4,831,0,6573,"0"
4730,46,31,6292,"0"
27336,1190,20,6289,"0"
35041,2014,6,6254,"0"
46808,2897,1,6254,"0"
43985,528,3,6086,"0"
2290,113,52,5760,"0"
12510,118,16,5613,"0"
1240,124,27,5551,"0"
1525,87,51,5441,"0"
2216,126,22,5347,"0"
20560,262,0,4839,"0"
33009.45,574,1,4663,"0"
4894,58,20,5276,"0"
129582.2,4580,8,4651,"0"
3301.8,226,8,4640,"0"
6570,97,22,4621,"0"
14911.44,326,3,4614,"0"
10835,187,28,4259,"0"
27207.26,1363,1,4258,"0"
3540,103,38,4251,"1"
26698,836,13,4236,"0"
27296.74,825,14,4249,"0"
34761.24,2367,0,4248,"0"
11529,260,14,4244,"0"
14333.6,857,9,4244,"0"
18350,200,14,4257,"0"
33996,480,24,4256,"0"
9148,228,1,4255,"0"
5339.16,319,48,4245,"0"
39930.4,3241,28,4252,"1"
36674.8,1067,1,4249,"0"
5997,210,8,4251,"0"
3070.2,182,36,4252,"0"
113212,3477,1,4250,"0"
96855,1191,2,4236,"0"
8931.75,292,16,4248,"0"
31907,844,36,4245,"0"
68925,824,0,4258,"0"
21201,477,21,4256,"0"
1694,127,16,4256,"0"
1904,104,57,4252,"0"
8550,93,23,4251,"0"
3795.6,212,41,4250,"0"
2650.8,101,45,4256,"0"
2330,64,50,4256,"0"
16663,573,14,4255,"0"
4048,116,50,4263,"0"
124357,6323,3,4251,"0"
12950,725,6,4237,"0"
11526,147,0,4243,"0"
3218,185,23,4207,"0"
69476.8,4492,2,4244,"0"
1101,65,35,4249,"0"
6115,261,14,4236,"0"
15734,428,27,4234,"0"
2519,141,0,4242,"0"
65387.2,3213,2,4249,"0"
8179,336,28,4248,"0"
12882,549,3,4242,"0"
13883.2,476,24,4244,"0"
8907,473,13,4244,"0"
33398,1178,6,4244,"0"
2971.8,300,3,4241,"0"
24125.27,743,20,4241,"0"
118203.2,6111,9,4224,"0"
5201.4,112,8,4237,"0"
9723.4,393,22,4243,"0"
228,13,16,4243,"1"
2496,115,1,4236,"0"
13717.5,433,31,4242,"0"
17646,542,22,4243,"0"
8431,402,27,6480,"0"
15088,432,27,6480,"0"
6905.6,200,3,6480,"0"
3122,159,21,6480,"0"
3816,210,15,6480,"0"
26832,1685,2,6480,"0"
1280,53,23,6480,"0"
10500,100,23,6480,"0"
1816,97,36,6480,"0"
12879.2,686,27,6480,"0"
18061,403,13,6480,"0"
3815,41,1,6480,"0"
12790,180,23,6480,"0"
32544,917,0,6480,"0"
8053,220,0,6480,"0"
14986.67,288,15,6480,"0"
2390,29,3,6480,"1"
12126,355,36,6308,"0"
11200.8,323,7,6174,"0"
20083,681,0,6145,"0"
1238,70,58,6049,"0"
2907,267,20,5879,"0"
17102.2,579,1,5643,"0"
1997,82,28,5537,"0"
11466,168,13,5077,"0"
33260,2311,6,4958,"0"
36584.36,1082,2,4754,"0"
6627.2,349,7,6480,"0"
6658,351,31,6480,"0"
940,100,56,6480,"0"
1268,72,23,6480,"0"
1878,200,30,6480,"0"
18816.2,1842,1,6480,"0"
652.8,68,36,6480,"0"
1511.2,147,43,6480,"1"
77984.8,5058,1,6480,"0"
657362.2,26585,1,6480,"0"
6095,72,37,6480,"0"
47117.6,1535,0,6480,"0"
3215.2,320,34,6480,"0"
9115,102,22,6480,"0"
33867.8,2186,2,6480,"0"
3617,372,23,6480,"0"
38910.67,612,1,6480,"0"
3252.8,354,37,6480,"0"
3542,381,9,6480,"0"
8690.8,475,36,6480,"0"
46599.8,861,1,6480,"0"
3762.8,193,9,6480,"0"
5987.2,309,27,5617,"0"
2227.6,171,1,5601,"0"
75112.8,2660,1,5558,"0"
3380,46,0,5539,"0"
28695,392,1,5169,"0"
8507,185,15,5118,"0"
8666,495,20,5112,"1"
9445,105,29,5099,"0"
45684.4,2149,3,4992,"0"
3141.4,177,2,6480,"0"
1653,91,9,6480,"0"
162275.8,5870,8,6480,"0"
2688,135,16,6480,"0"
1040,30,37,6480,"0"
6405,465,2,6480,"0"
56132.2,2926,3,6480,"0"
7415,409,8,6480,"0"
3488,256,30,6480,"0"
143874.2,3199,27,6480,"0"
3774,112,9,6480,"0"
19835,1548,9,6480,"0"
5719,81,3,6480,"0"
804,46,20,6480,"0"
75287.8,2623,1,6117,"0"
2465,85,29,5981,"0"
21495,319,15,5937,"0"
1280,20,1,5762,"0"
10490,778,13,5448,"0"
3430,41,7,5195,"0"
41480,2862,3,5130,"0"
7885,112,15,4972,"0"
20310.8,1161,3,4854,"0"
1408,40,58,4838,"0"
7229.2,209,10,4829,"0"
6840,82,6,6480,"0"
18315,266,6,6480,"0"
12324,326,13,6480,"0"
29010.6,730,6,6480,"0"
63226,803,1,6480,"0"
1504,86,30,6480,"0"
30684,1496,1,6480,"0"
3428.6,192,1,6480,"1"
27054,1053,13,6480,"0"
27678.2,1241,0,6480,"0"
6832.4,320,21,6480,"0"
28259,361,1,6480,"0"
7265,109,10,6480,"0"
9634,185,49,6480,"0"
27500,1625,6,6480,"0"
4705,71,23,6480,"0"
5032.2,282,21,6480,"0"
2783,38,2,6480,"0"
15652,832,0,6480,"0"
8294,147,7,6480,"0"
2804.8,131,9,6480,"0"
10218,402,35,6480,"0"
6550,78,20,6480,"0"
14932.6,830,0,6480,"0"
18572.8,515,6,6480,"0"
5841,105,14,6480,"0"
8295,110,15,6480,"0"
15089.6,530,20,4962,"1"
815,20,42,6369,"0"
59438.8,2750,20,6344,"0"
5591,132,31,6292,"0"
11662.2,423,21,6278,"0"
47152.6,2009,6,5998,"0"
14542.2,817,8,5811,"0"
32237.6,2457,0,5663,"0"
10340,488,7,5509,"0"
285,8,42,5433,"1"
3928,192,23,5412,"0"
36984.67,1484,6,5134,"0"
18782,868,30,5130,"0"
3016,151,35,5125,"0"
57677.2,2806,6,4999,"0"
1682,96,8,4780,"0"
1500,20,15,4713,"0"
6089.2,95,29,6480,"0"
1544,90,50,6480,"0"
7623.2,532,7,6480,"0"
17208,985,7,6480,"0"
1203,71,42,6480,"0"
3861.8,195,9,6480,"0"
34855.3,1188,0,6480,"0"
3769,160,0,6480,"0"
6219,209,15,6211,"0"
1634.6,89,35,5886,"0"
50539.8,2805,0,5763,"0"
39340.8,1974,2,6480,"0"
7834.2,339,41,6480,"0"
3753,209,37,6480,"0"
10409,184,20,6480,"0"
6646.6,377,21,6480,"0"
13122,749,8,6480,"0"
2344,55,14,6480,"0"
12387,438,7,6480,"0"
16192.4,672,0,6480,"0"
4965,63,22,6329,"0"
6813.04,152,10,6209,"0"
16146,510,22,5398,"0"
4270,44,7,4894,"1"
10160,427,8,4713,"0"
9297.8,416,6,6480,"0"
17035,199,6,6480,"0"
13436,1286,6,6480,"0"
9060,113,13,6480,"0"
8856,153,33,6480,"0"
733,42,31,6189,"0"
4725,52,42,4761,"0"
2798,158,1,6480,"0"
2096,87,3,6480,"0"
28085,829,0,6480,"0"
24399,3212,0,6480,"0"
16110.2,905,7,6480,"0"
6128.8,264,24,6480,"0"
10446,133,13,6480,"0"
1125,65,29,6480,"0"
656,37,3,6480,"0"
7577.6,309,22,6480,"0"
4848,127,6,6480,"0"
700,40,3,6480,"1"
3748,186,3,5573,"0"
12640.08,691,22,6480,"0"
14550.4,339,37,6480,"0"
2235,29,56,6480,"0"
7807.8,277,37,6480,"0"
5680,70,8,6480,"0"
273967.6,13607,1,6480,"0"
4466.8,470,41,6480,"0"
10383.4,1086,30,6480,"0"
3527,380,43,6480,"0"
3788.52,291,10,6480,"0"
11365,154,8,6480,"0"
2588.6,252,43,6480,"0"
6705.6,673,23,6480,"0"
8505,113,37,6480,"0"
3384.4,307,16,6480,"0"
15481,1661,0,6480,"0"
1433,76,57,6480,"0"
5072.4,268,34,6480,"0"
6426.6,599,38,6480,"0"
2186,121,30,6480,"0"
9292.4,520,58,6480,"0"
3534.92,414,3,6480,"0"
15358.4,810,2,6480,"0"
3289.8,318,50,6480,"0"
4486.68,228,10,6480,"0"
16734,219,2,6480,"0"
13186.4,816,2,6480,"0"
12213,332,8,6480,"0"
25430.76,1469,10,6480,"0"
16517.88,641,6,6480,"0"
21302.8,1250,14,6480,"0"
6885,95,3,6480,"0"
3125.4,334,8,6480,"0"
974.4,54,1,6480,"0"
5825.8,375,36,6480,"0"
28930.24,2037,1,6480,"0"
45181.88,3142,6,6480,"0"
10414.4,132,2,6480,"0"
28197.4,377,9,6480,"0"
30203.2,1085,1,6480,"0"
18588.8,780,8,6480,"0"
19876.6,1892,10,6480,"0"
4576.2,445,10,6480,"0"
3443.2,158,21,6480,"0"
4577.52,510,28,6480,"0"
18655,247,0,6480,"0"
10220,132,48,6480,"0"
2284.96,196,7,6480,"0"
17498.6,254,9,6480,"0"
4344.2,290,9,6480,"0"
4486.2,278,28,6480,"0"
30587.4,3092,0,6480,"0"
6131.2,143,0,6480,"0"
2297.6,242,29,6480,"0"
11057.4,1112,49,6480,"0"
9458.4,584,23,6480,"0"
3700,51,22,6450,"0"
5177.8,136,3,6334,"0"
13674.8,187,0,6230,"0"
3685.6,396,7,6118,"0"
42169.8,2304,29,6068,"0"
20533.4,1025,7,5848,"0"
11979.2,619,7,5848,"0"
12197.8,567,6,5589,"0"
8466.52,914,23,5538,"0"
7936.84,952,7,5427,"0"
438935.6,23419,1,5216,"0"
2298.4,244,15,5013,"0"
11230,156,2,4959,"0"
20557.8,848,6,4803,"0"
1600,80,20,4801,"0"
55244.16,4368,1,6480,"0"
37601.8,617,6,6480,"0"
3917,218,27,6480,"0"
3725,46,7,6480,"0"
23509,2070,1,6480,"0"
32132.35,2622,1,6480,"0"
2548.2,175,30,6480,"0"
15725,201,1,6480,"0"
23614,1285,0,6480,"0"
2227.8,148,22,6480,"0"
5229.92,539,43,6307,"0"
19636,785,9,5560,"0"
31167.96,1870,13,5252,"0"
38046,1909,6,4787,"0"
8194.8,206,44,6480,"0"
21677,1289,1,6480,"0"
2190.68,206,45,6480,"0"
91073.6,5057,7,6480,"0"
12867.8,418,35,6480,"0"
9334.6,511,3,6480,"0"
43248.2,1426,0,6480,"0"
6141,107,10,6480,"0"
18119.6,985,3,6480,"0"
2236.22,251,29,6480,"0"
7148.8,375,51,6480,"0"
1272.4,72,1,6480,"0"
2203.6,127,0,6480,"0"
18715.2,1057,15,6480,"0"
9492.6,374,15,6480,"0"
6455,126,1,6480,"1"
3655,41,28,6480,"1"
1935,31,42,6480,"0"
30152.36,1155,2,6480,"0"
7906.4,442,10,6480,"0"
12942.52,889,0,6480,"0"
13244.8,720,7,6480,"0"
5840.6,570,21,6480,"0"
12117.2,516,10,6480,"0"
2340,99,24,6480,"0"
28892.14,734,13,5998,"0"
1731.6,64,29,5309,"0"
16900.8,475,9,5144,"0"
7054.2,216,1,4664,"0"
56115.9,2222,1,4650,"0"
79453.8,2311,3,4609,"0"
9463,125,2,4241,"0"
11250,132,36,4220,"0"
7290.65,149,13,4235,"0"
4097,236,13,4227,"0"
6643.9,555,9,4231,"0"
117979.8,5450,0,4229,"0"
4420,490,36,4224,"0"
2600,43,58,4223,"0"
7213,578,2,4223,"0"
7001,183,21,4220,"0"
9069.98,245,29,4217,"0"
19455,592,9,4221,"0"
682541.4,21444,1,4217,"0"
74916.6,4004,0,4229,"0"
5084,259,24,4228,"0"
67790,713,29,4227,"0"
2256,137,3,4222,"0"
55633,2433,20,4235,"0"
414.8,26,43,4235,"1"
53446.21,1995,3,4230,"0"
8698,479,31,4230,"0"
124181.8,3603,3,4244,"0"
10465,125,14,4242,"0"
2638,88,45,4229,"0"
65670,892,1,4229,"0"
3430,190,52,4236,"1"
960.6,97,8,4235,"0"
56044.62,3099,6,4229,"0"
23778.25,587,6,4241,"0"
12401,562,29,4227,"0"
3115.2,168,38,4224,"0"
38443,1780,8,4224,"0"
6100.6,414,21,4217,"0"
36325,435,14,4223,"0"
25738,689,8,4221,"0"
10895,171,9,4217,"0"
14292,734,6,4216,"0"
25986,1142,13,4216,"0"
1473.2,83,58,4210,"0"
197633.2,9885,1,4229,"0"
65031.8,879,3,4229,"0"
9261.8,714,16,4179,"0"
8257,419,1,4227,"0"
22357,813,9,4221,"0"
5416,155,35,4228,"0"
9406,151,16,4216,"0"
11770,141,7,4202,"0"
528787,29705,3,4223,"0"
2992.2,130,51,4204,"0"
3830.57,105,40,4203,"0"
6186.2,200,49,4202,"0"
1050,61,27,4202,"0"
64129,1602,0,4208,"0"
35766,1966,2,4215,"0"
1312.6,120,49,4213,"0"
5611.2,310,10,4207,"0"
114895.8,4833,1,4206,"0"
3141,178,3,4216,"0"
16530.35,306,0,4207,"0"
16913.45,736,7,4207,"0"
27331.6,1326,13,4209,"0"
42044.12,2364,5,4222,"0"
4487.4,283,27,4213,"0"
1011,58,57,4094,"0"
15324.9,520,7,4216,"0"
2151,124,14,4221,"0"
528,18,59,5276,"0"
6970,400,42,5276,"0"
4471,255,8,5276,"0"
4143,188,41,5276,"0"
2061,119,27,5276,"0"
2182,114,15,5276,"0"
39579,2267,1,5276,"0"
2304,96,31,5276,"0"
23069.8,1196,2,5276,"0"
1227,65,0,5276,"0"
2690,154,50,5276,"0"
10740,1074,1,5276,"0"
2937,167,38,5276,"0"
3061.2,177,41,5276,"0"
10592.6,489,24,5276,"0"
2055,29,51,5276,"0"
7250,341,24,5276,"0"
3606.2,201,20,5276,"0"
914,52,57,5276,"0"
13878.4,672,8,5276,"0"
6807.2,304,1,5276,"0"
7324,418,58,5276,"0"
5141,267,3,5276,"0"
3432,181,31,5276,"0"
2024,105,29,5276,"0"
516.6,24,48,5276,"0"
1248,69,29,5276,"0"
15872.2,903,2,5276,"0"
6132.2,335,20,5276,"0"
8693.83,414,10,5276,"0"
5735.2,326,21,5276,"0"
3023,172,52,5276,"0"
3741.2,199,24,5276,"0"
1185,27,7,5276,"0"
1575,44,24,5276,"0"
2572,122,48,5276,"0"
3068,176,21,5276,"0"
6926,398,36,5276,"0"
3193,182,36,5276,"0"
32924.39,1444,2,5276,"0"
2617,150,44,5276,"1"
9393,576,31,5276,"0"
2713,157,51,5276,"0"
5514,316,23,5276,"0"
2672,149,43,5276,"0"
99576,4944,1,5276,"0"
555,15,34,5276,"0"
72485.6,2266,0,5276,"0"
1742,90,2,5276,"1"
31755,1410,1,5276,"0"
3187,156,28,5276,"0"
7072,154,34,5276,"0"
12762.8,726,1,5276,"0"
17720,244,20,5276,"0"
6755,93,20,5276,"0"
6211,227,15,5276,"0"
1047,56,20,5276,"0"
7908,528,14,5276,"0"
176979.4,8379,6,5276,"0"
2000.6,114,3,5276,"0"
4911,391,37,5276,"0"
5834.14,124,13,5276,"0"
7288.6,333,0,5276,"0"
3136,169,16,5276,"0"
2295,171,38,5276,"0"
4226,236,29,5276,"0"
7404,301,29,5276,"0"
6751,395,10,5276,"0"
31556.51,691,2,5276,"0"
4696,274,10,5276,"0"
2749,157,34,5276,"0"
1706.6,103,30,5276,"0"
3836.8,218,24,5276,"0"
1940,100,21,5276,"0"
3494,199,2,5276,"0"
4529,259,45,5276,"0"
1045,30,49,5276,"0"
2090,36,8,5276,"0"
635,8,35,5276,"0"
30343,2570,9,5276,"0"
1308.8,69,37,5276,"1"
10003.8,540,35,5276,"0"
17488,663,7,5276,"0"
2031.2,91,24,5276,"0"
8978,790,29,5276,"0"
4316,225,31,8031,"1"
62731.1,2896,0,5276,"0"
3435,57,0,5276,"0"
13385,230,0,5276,"0"
6918.4,213,1,5276,"0"
1173,67,49,5276,"0"
5040,201,21,5276,"0"
939,57,1,5276,"0"
5295,72,28,5276,"0"
107247.8,6048,1,5276,"0"
6518.2,314,27,7303,"0"
920,52,15,5276,"0"
1190,68,43,5276,"0"
60011.4,1912,24,5276,"0"
11220.83,514,41,5276,"0"
1798,71,31,6825,"1"
130767.8,6112,0,7710,"0"
2751,136,43,7582,"0"
6085.2,317,8,7532,"0"
4325.4,241,16,7506,"0"
1674,96,37,7524,"0"
30335,427,3,7694,"0"
2800,166,27,7223,"0"
403,23,49,7349,"0"
1014.4,41,28,7331,"1"
7599,271,24,7014,"0"
6072,346,7,7391,"0"
959,59,1,7317,"0"
12838.8,677,0,7274,"0"
1716,98,0,7258,"0"
8329.2,326,2,7217,"0"
10722,572,8,7198,"0"
337,11,28,6988,"0"
806,42,35,6869,"0"
8046,133,1,6895,"0"
1639.6,93,51,6714,"0"
4460.4,238,48,6631,"0"
5261,291,37,6880,"0"
15296.4,781,8,6860,"0"
3822.8,207,2,6888,"0"
14849.2,666,8,6811,"0"
3853,229,1,6687,"0"
4119,248,20,6673,"0"
8019.4,311,3,6610,"0"
15870.16,340,15,6609,"0"
41361.6,2023,2,6587,"0"
44268,1883,2,6520,"0"
7960,411,7,6457,"0"
2870,133,42,6336,"0"
23640.6,1285,9,6316,"0"
9014,381,3,6225,"0"
2210,22,37,6119,"0"
25950,311,27,6118,"0"
11405.04,747,0,6086,"0"
180,10,38,6075,"0"
3981,147,8,5972,"0"
2620,150,0,5951,"0"
6147.6,308,28,5903,"0"
29872.2,1447,15,5860,"0"
55275,1045,0,5778,"0"
10494,788,35,5776,"0"
20427,1167,20,5774,"0"
2622,27,28,5750,"0"
4101,235,7,5727,"0"
21287.6,665,7,5701,"0"
5018.8,185,16,5670,"0"
39973,497,0,5656,"0"
3410,195,36,5652,"0"
4932,282,28,5636,"0"
25148.6,801,21,5631,"0"
26551.2,1520,23,5587,"0"
52017,2699,2,5579,"0"
26553.29,485,2,5505,"0"
29446.59,473,0,5505,"0"
99132.3,4103,1,5383,"0"
7283,326,8,5301,"0"
6698,300,9,5249,"0"
3398,194,49,5246,"0"
32605,401,10,5203,"0"
4605,51,44,5182,"0"
9089.8,112,27,5172,"0"
53593,2836,6,5158,"0"
45368.8,2225,6,5138,"0"
23253.4,810,6,5137,"0"
9240.6,284,55,5120,"0"
42650,559,3,4964,"0"
4380,63,52,4934,"0"
56635,765,6,4900,"0"
3460,197,24,4895,"0"
4654,255,48,4852,"0"
3162,93,15,4823,"0"
37037,1319,0,4791,"0"
6435,280,9,4783,"0"
17995,208,42,5276,"1"
101571.6,4988,0,4207,"0"
74743,1219,0,4202,"0"
19586.95,359,1,4208,"0"
17487.4,751,9,4203,"0"
2418,34,15,4196,"0"
7184,296,16,4206,"0"
1802,108,44,3597,"0"
5920,79,9,3597,"0"
20733,378,7,4216,"0"
1074,18,42,4202,"0"
59675.4,3030,9,4195,"0"
723,41,37,4209,"0"
3070.4,110,52,4207,"0"
52784.86,2531,6,4207,"0"
8995,108,0,4206,"0"
9252,875,34,4202,"0"
14460.01,183,21,4202,"0"
15125,145,21,3647,"0"
35216,1917,0,4193,"0"
15423.8,200,7,4199,"0"
7558,357,7,4196,"0"
4752.8,243,13,4196,"0"
5195,69,28,4195,"0"
7635,74,1,4193,"0"
5239,303,23,4200,"0"
3320.4,106,7,4196,"0"
10211,875,24,4192,"0"
16773.6,644,3,4094,"0"
730,17,13,4193,"1"
-245,7,475,3989,"1"
34426,2013,1,4203,"0"
25597,1481,6,4203,"0"
5963.15,116,37,4195,"0"
46577,1821,6,4192,"0"
30120,404,6,4207,"0"
5182.4,271,23,4200,"0"
17371.6,868,6,4166,"0"
36768.4,1212,1,4199,"0"
66561.6,2075,1,4192,"0"
15032,425,6,4202,"0"
4025.6,414,9,4192,"0"
21410,275,1,4164,"0"
4458.2,250,24,4192,"0"
44690.76,1018,6,4172,"0"
4425,61,30,4193,"0"
28205,728,1,4194,"0"
315,3,34,4194,"1"
223741.4,6510,7,4194,"0"
13171,639,16,4168,"0"
920,18,6,4192,"0"
4958.4,249,20,4167,"0"
30131.5,727,6,4045,"0"
6882.2,348,24,3941,"0"
16630,540,2,3045,"0"
8366.45,263,28,3961,"0"
11221,428,16,2948,"0"
5743.2,187,22,4124,"0"
5500.2,102,44,4122,"0"
9336,474,21,4115,"0"
7497.71,669,21,4165,"0"
3283,185,36,4164,"0"
8756,333,8,4080,"0"
11114.6,569,3,4138,"0"
8305,121,51,4097,"0"
20488.75,895,6,4097,"0"
2875,36,9,3947,"0"
2863.6,98,10,4095,"0"
16865,183,2,4095,"0"
20210.3,417,8,3227,"0"
4455,48,2,3772,"0"
2037,117,30,3598,"0"
33230,1594,30,3599,"0"
21860,222,6,2878,"0"
6614,338,8,4192,"0"
5568.4,191,6,2953,"0"
9190.8,263,6,2667,"0"
4854.4,463,41,4088,"0"
20349.6,775,3,2961,"0"
14396,415,0,2960,"0"
10066,287,10,2948,"0"
55735.6,2109,9,2946,"0"
16450.4,471,6,7035,"0"
25782.58,478,30,7035,"0"
4540,180,55,7035,"1"
2596.4,142,14,7035,"0"
5994.2,282,13,7035,"0"
15012.2,559,6,7035,"0"
24561.3,480,2,7035,"0"
26650.35,350,1,7035,"0"
25488.4,1430,2,7035,"0"
19149.85,365,9,7035,"0"
1641,93,37,7035,"0"
59536.4,806,6,7035,"0"
17460.95,230,9,7035,"0"
25392.55,509,6,7035,"0"
9200,90,24,7035,"0"
15116.45,437,7,7035,"0"
10355,111,6,7035,"0"
14521.8,752,29,7035,"0"
7095,78,9,7035,"0"
16626.34,690,6,7035,"0"
4995,285,22,7035,"0"
31370.05,382,13,7035,"0"
3929.2,228,22,7035,"0"
3403,177,19,7035,"0"
6050,70,35,7035,"0"
6620,85,2,7035,"1"
17453.65,361,0,7035,"0"
3732,202,49,7035,"0"
11959.4,686,14,7035,"0"
18480,196,8,7035,"0"
49507.8,1585,7,7035,"0"
3392,193,29,7035,"0"
24999.2,1051,56,7035,"0"
135768,6076,0,7035,"0"
31922.8,1230,1,7035,"0"
7121,358,23,7035,"0"
15307,794,22,7035,"0"
14194.4,578,6,4735,"0"
8558.65,321,21,7035,"0"
17323.2,986,1,7035,"0"
7504.8,391,58,7035,"0"
13522,386,13,4732,"0"
2890,162,49,7035,"0"
2156,113,43,7035,"0"
13624,782,8,7035,"0"
3113,177,41,7035,"0"
2374.8,123,27,7035,"0"
5046,261,8,7035,"0"
4901,276,7,7035,"0"
272213.2,13365,2,7035,"0"
13743,706,15,7035,"0"
3503,200,0,7035,"0"
2466.4,135,35,7035,"0"
5895,337,14,7035,"0"
8207.4,276,1,4735,"0"
912,14,45,7035,"0"
28863.65,867,0,7035,"0"
5598,308,9,7035,"0"
3480,175,37,7035,"0"
6908.8,365,44,7035,"0"
2964,170,7,7035,"0"
2384,125,2,7035,"0"
21358,979,50,7035,"0"
6777,89,1,7035,"0"
27562.2,1332,22,4733,"0"
4800,300,41,7035,"0"
16780,725,8,7035,"0"
6410,212,41,4732,"1"
5388,309,23,7035,"1"
4018,227,15,7035,"0"
1752,106,22,7035,"0"
8148,236,15,7035,"0"
14608,840,2,7035,"0"
5880,71,15,7035,"0"
3018,184,6,7035,"0"
3995,42,44,7035,"0"
1816,102,6,7035,"0"
5716,327,23,4734,"0"
9717.2,552,6,7035,"0"
2083,119,24,7035,"0"
2512,144,23,7035,"0"
5956.2,340,31,7035,"0"
3140,52,6,7035,"0"
2703.2,150,0,7035,"0"
9399,536,10,7035,"0"
16400,874,1,7035,"0"
10240,119,1,4733,"0"
24112,1129,36,7035,"0"
2367,137,2,7035,"0"
10972,624,45,7035,"0"
9253,139,9,7035,"0"
1732,99,21,7035,"0"
44001,573,2,7035,"0"
3549,40,50,7035,"0"
8125,96,10,7035,"0"
4134.4,230,34,7035,"0"
180,10,8,7035,"1"
4476,322,2,7035,"0"
1086,61,38,4733,"0"
3538,203,49,7035,"0"
9112.4,405,6,7035,"0"
33816.4,1675,0,7035,"0"
3450,42,5,4733,"0"
1638,95,48,7035,"0"
3256.2,146,8,7035,"0"
76951,4250,7,7035,"0"
4306.6,141,20,4732,"0"
1385,49,49,4735,"0"
2524.8,130,16,4291,"1"
29078.4,2204,1,4733,"0"
1832.4,150,28,4732,"0"
50669.5,2507,3,4731,"0"
2336,112,23,4711,"0"
1780,97,44,4732,"0"
384,22,22,4627,"0"
3881,90,28,4733,"0"
16507.4,740,8,4735,"0"
5629,319,8,4706,"0"
19545,361,3,4706,"0"
2136,121,57,4735,"1"
7270,432,50,4734,"0"
15184,210,9,4369,"0"
2148.8,213,20,4734,"0"
12444.6,529,13,4734,"0"
924.8,47,20,4724,"0"
6011.2,310,16,4717,"0"
15955,205,15,7024,"0"
10548,297,7,4733,"0"
7268,299,1,6939,"0"
7413,471,1,5805,"0"
110446.6,5076,1,5804,"0"
8958,236,14,5798,"0"
138897.6,6544,2,5798,"0"
10747.4,384,14,5797,"0"
26067,1509,2,5792,"0"
3396,184,28,5799,"1"
20884.6,512,13,5798,"0"
21259,261,13,5798,"0"
4030,49,31,5795,"0"
1181,67,8,5799,"0"
4196,217,20,5799,"0"
23308.2,1302,44,5792,"0"
1373.6,38,24,5798,"0"
9105.4,491,8,5796,"0"
1391,66,15,5797,"0"
6856,357,42,5791,"0"
4449.2,240,20,5790,"0"
2840,171,29,5790,"0"
25442,1135,78,5790,"0"
1646,84,36,5790,"0"
1683,97,56,5789,"0"
4815,258,14,5789,"0"
2756,159,14,5789,"0"
10319,583,43,5789,"0"
8694,461,27,5789,"0"
14662.8,608,6,5788,"0"
742,34,34,5788,"0"
4326.4,416,56,5783,"0"
6558.6,324,99,5777,"1"
5648,161,8,5783,"0"
4884.4,152,55,5788,"0"
14784,424,37,5792,"0"
21482,385,8,5789,"0"
3250,86,34,5789,"0"
6322,180,8,5790,"0"
4544,144,29,5790,"0"
17075,737,22,5790,"0"
4685,59,7,5788,"0"
29519.6,967,23,5784,"0"
7890,123,29,5790,"0"
3096.38,56,36,5790,"0"
39642.6,1519,6,5789,"0"
50587.2,3787,3,5789,"0"
4596.4,381,9,5788,"0"
21129,1018,38,5788,"0"
13076,639,13,5788,"0"
6084,348,20,5788,"0"
53571.6,2331,34,5788,"0"
8436.55,181,3,5785,"0"
1553,89,38,5785,"0"
2128,122,56,5785,"0"
1684,67,38,5785,"0"
18711.8,578,6,5785,"0"
12076,553,10,5785,"0"
1248,52,77,5785,"0"
514,12,7,5784,"1"
26263.4,875,1,5783,"0"
13520.8,504,0,5785,"0"
4734.8,290,13,5778,"0"
8540,110,2,5783,"0"
95471,3877,6,5784,"0"
4551,103,45,5777,"0"
20425,1539,0,5777,"0"
16878.2,871,6,5783,"0"
2730.2,72,28,5777,"0"
30804.4,1642,2,5769,"0"
6646.4,237,41,5769,"0"
3739,213,21,5777,"0"
5004,275,44,5784,"0"
877,43,8,5784,"0"
3407.2,192,52,5784,"0"
1504,24,36,5783,"0"
5286,303,16,5783,"0"
5272.4,245,16,5783,"0"
3624,178,6,5783,"1"
9388.6,313,0,5783,"0"
1835,103,1,5783,"0"
3285,129,0,5782,"0"
4570,203,34,5782,"0"
5632,299,9,5782,"0"
5660,323,16,5782,"0"
6923,382,3,5781,"0"
108491.5,4800,6,5762,"0"
10342.8,206,42,5781,"0"
1421,63,21,5781,"0"
32916,1850,71,5781,"0"
30555,403,14,5781,"0"
13725.8,474,13,5781,"0"
12898,718,35,5778,"0"
1724,87,14,5778,"0"
5090.4,238,9,5778,"0"
2127,121,23,5778,"0"
8622,466,80,5778,"0"
11451,645,22,5778,"0"
9829,566,0,5777,"0"
16691.6,942,0,5777,"0"
12310.4,554,13,5777,"0"
1433,82,36,5776,"0"
2740,157,51,5776,"0"
21858.2,605,10,5771,"0"
9476.05,198,0,5770,"0"
4254,121,30,5769,"0"
2364.85,66,42,5768,"0"
6927,577,20,5775,"0"
85755,4246,3,5774,"0"
17419.6,255,8,5775,"0"
17221,880,7,5764,"0"
4612.6,489,23,6861,"0"
10713.6,512,1,4738,"0"
1946,155,20,6887,"0"
45680.4,1241,8,6884,"0"
15360,760,2,4731,"0"
28185.41,442,8,6849,"0"
8884.2,175,3,6848,"0"
2458,69,1,4677,"0"
63685,3009,2,4677,"0"
18622.68,456,0,6896,"0"
9891.6,792,10,6888,"0"
6207.2,341,23,6881,"0"
5925.2,301,10,6840,"0"
12713.2,607,22,6869,"0"
1827.6,75,30,6867,"0"
13730,157,0,6896,"0"
51634.2,2358,1,6882,"0"
2429.2,75,13,6869,"0"
5329,398,27,6868,"0"
1187,67,42,6855,"0"
7270.8,262,3,6880,"0"
11015.8,145,8,6895,"0"
40913,2215,1,6867,"0"
13645,172,8,6863,"0"
23682,724,9,6868,"0"
4434,211,28,6876,"0"
7732.2,419,0,6876,"0"
33586,2219,0,6867,"0"
4913.2,212,2,6869,"0"
38525,2709,0,6860,"0"
2036,94,31,6849,"0"
7179,409,2,6846,"0"
15532,1459,3,6867,"0"
15055,212,13,6846,"0"
27414.75,550,10,6874,"0"
3023.71,99,44,6869,"0"
4674.6,376,1,6825,"0"
31855,398,13,6863,"0"
66418.4,2798,1,6855,"0"
4623,264,3,6875,"0"
1610,24,0,6875,"0"
8736,251,24,4742,"0"
2140,27,20,6819,"0"
14881,255,16,6859,"0"
42510.4,1532,8,6867,"0"
22195.6,963,1,6845,"0"
13894.2,442,7,6841,"0"
24840,309,9,6853,"0"
13190,520,28,6835,"0"
5743.8,316,1,4741,"0"
5892,170,8,4739,"0"
36659.75,439,2,6735,"0"
7078,264,3,4742,"0"
51101.4,2129,0,6840,"0"
17260.6,681,8,6839,"0"
3734,169,3,6847,"0"
669.2,29,30,6847,"0"
2878.4,137,23,6845,"0"
10519,426,23,6834,"0"
12353.92,606,20,4740,"0"
15734,616,16,6796,"0"
2800,82,6,6796,"0"
3675.4,394,9,6833,"0"
26751,334,8,6803,"0"
7758,425,21,6834,"0"
4159,232,49,6804,"0"
33487.45,1588,7,6860,"0"
20228,2004,8,4742,"0"
26303,1877,6,6826,"0"
5960,175,21,6821,"0"
2127,124,22,6841,"0"
1200,18,22,4742,"0"
3343,140,3,6834,"0"
7360,210,22,6848,"0"
2316,132,30,6810,"0"
32187.24,667,7,4740,"0"
68771.2,3686,2,6826,"0"
13425,313,13,6825,"0"
20840,528,0,6824,"0"
2934,55,7,4740,"0"
12105,684,44,6820,"0"
5254,153,36,4738,"0"
76452.8,2402,0,6727,"0"
17241.55,930,23,6842,"0"
37569.6,1425,0,6813,"0"
3626,219,2,6813,"0"
9539,1036,23,6810,"0"
707,40,42,6817,"1"
3207,173,2,6814,"0"
7560.04,173,7,6811,"0"
3344,160,2,4731,"0"
49891,2334,2,6824,"0"
15205.2,384,9,6814,"0"
10870,244,41,6810,"0"
7607.4,328,20,6824,"0"
11472,453,20,6804,"0"
15150,150,6,6828,"0"
3725.2,191,23,4739,"0"
19230.95,488,22,6796,"0"
9540,113,50,6816,"0"
2470.4,132,48,4741,"0"
10588.6,307,9,6813,"0"
37341,2054,3,6807,"0"
1612,91,51,6805,"0"
20343.6,386,24,6803,"0"
16727.6,864,16,6791,"0"
390,8,15,4738,"0"
9690.4,732,35,6793,"0"
88923,1721,2,6770,"0"
27156.8,912,6,4742,"0"
2384.4,127,28,4741,"0"
18939,1142,6,4742,"0"
29508.2,1689,7,6792,"0"
37638,1630,9,6805,"0"
1939.6,86,45,4740,"0"
14240.6,467,2,6799,"0"
6612,378,24,6769,"0"
13670,470,29,6805,"0"
5847,207,6,6812,"0"
13579.6,747,0,6790,"0"
37446.96,1007,2,6818,"0"
11427.4,376,34,4740,"0"
39087.2,1232,0,6814,"0"
960,40,50,6811,"0"
9129.6,288,29,6713,"0"
12350.8,755,2,6706,"0"
2645,31,8,6793,"0"
1586,91,15,6814,"0"
6491.2,285,10,6799,"0"
17237.2,609,13,6797,"0"
49688.6,1575,0,6789,"0"
1321,25,24,6793,"0"
4437,256,23,6793,"0"
8225.6,411,29,6786,"0"
2205,21,55,6796,"0"
12777.9,237,0,6797,"0"
11279.3,289,8,6777,"0"
890,18,56,6777,"0"
99664.6,5215,6,6772,"0"
1670,59,7,6810,"0"
746.45,27,36,6797,"1"
19972.12,369,7,6797,"0"
9967,570,13,6770,"0"
4352.2,225,36,6783,"0"
26948,1163,57,6782,"1"
43480.75,1170,3,6693,"0"
24535,281,9,6784,"0"
17836.6,237,10,6777,"0"
8581.6,460,22,6771,"0"
16915,195,45,6764,"0"
6125.8,646,22,6763,"0"
23622,1004,9,6783,"0"
2572,212,23,6757,"0"
988,45,56,6775,"0"
31660.2,1780,2,6771,"0"
7279.8,354,13,6792,"0"
32503.4,3378,1,4748,"0"
66940.2,6747,2,4748,"0"
7334.4,403,14,4746,"1"
35428.7,1828,13,4746,"0"
17528.05,350,1,6680,"0"
2386,93,2,6721,"0"
5396,263,57,6657,"0"
4742,184,0,4749,"0"
3433,156,21,4749,"0"
1748.81,38,2,6763,"0"
23922,979,9,4749,"0"
6572,188,28,6765,"0"
11254,440,20,6758,"0"
7953,455,7,6758,"0"
1219.4,25,55,6762,"0"
3219,120,29,6749,"0"
4096,234,10,6721,"0"
14359,403,8,6764,"0"
5351.2,298,35,6721,"0"
1504,27,6,6734,"0"
71875.4,1349,1,6755,"0"
34580.4,1661,3,6730,"0"
19726.82,1509,16,6729,"0"
41171.6,1854,2,6748,"0"
5080.6,238,29,6750,"0"
360,20,42,6730,"0"
4020.8,224,15,6728,"1"
12460.4,469,1,6722,"0"
4220,48,20,6740,"0"
23275,2187,7,6732,"0"
9910,402,24,6715,"0"
6973,234,28,6735,"0"
8201,346,0,6736,"0"
1120,38,28,6733,"1"
10405.6,454,48,6687,"0"
3794,189,30,6694,"0"
52289.54,1046,3,6742,"0"
2988,123,9,6735,"0"
12586.8,400,28,6729,"0"
17214.6,896,28,6729,"0"
3004.8,199,29,6727,"0"
6555.94,122,31,6722,"0"
6020.6,304,8,6685,"0"
12315,156,7,6688,"0"
57526.78,1221,1,6720,"0"
8427.35,192,2,6715,"0"
5420,198,3,6713,"0"
13620.16,286,8,6715,"0"
9557.8,181,30,6727,"0"
137116,7568,1,6695,"0"
17962,340,28,6695,"0"
795.6,40,40,4749,"1"
3466,133,8,6706,"0"
4786.6,350,16,6688,"0"
11774.4,536,9,6708,"0"
15958.6,626,1,6721,"0"
13156,261,8,6714,"0"
2208,130,22,6699,"0"
3140,53,36,6700,"0"
2806,63,24,6711,"0"
17291.6,1576,7,4746,"0"
9206,527,3,6700,"0"
43965.4,2053,3,6685,"0"
6009,135,31,6636,"0"
2250,113,36,6700,"0"
18959.6,499,9,6707,"0"
30496.39,643,0,6716,"0"
30065,353,6,6706,"0"
909.4,36,21,6664,"0"
285,9,51,6691,"0"
42327.6,782,8,6687,"0"
6340,82,22,6681,"0"
44542,2565,15,6699,"0"
12274,182,14,6698,"0"
2904.4,251,35,6700,"0"
3203,236,24,6695,"0"
14897,500,6,6688,"0"
1817,101,2,6687,"0"
3445.2,126,24,6691,"0"
6575.2,552,30,6686,"0"
2670,116,34,6701,"0"
5682,257,27,6694,"0"
8150,253,27,6691,"0"
1920,80,22,6686,"0"
6789,390,27,6659,"0"
3792,160,0,6659,"0"
11116.2,550,41,6691,"0"
6532,98,28,6687,"0"
1000,12,42,6673,"0"
5502.4,299,0,6684,"0"
157287.6,8199,0,4745,"0"
3960,42,36,6691,"0"
3570,40,29,6685,"0"
403174.4,19139,1,6672,"0"
7742,384,37,6672,"0"
6429.8,234,48,6693,"0"
17156.2,672,13,6680,"0"
7620,79,15,6671,"0"
3509.6,98,21,4367,"0"
30575.1,1710,0,6671,"0"
12712,687,8,6663,"0"
4416,124,23,6659,"0"
5545,72,35,6678,"0"
4640.6,162,36,6670,"0"
1588,61,22,6665,"0"
5560,217,16,6665,"0"
5280,86,6,6673,"0"
123866.4,5261,0,4749,"0"
12691.6,423,7,6667,"0"
4438,121,6,6664,"0"
35005,363,2,6674,"0"
98834,1144,0,6637,"0"
7601.6,227,20,6671,"0"
8928,723,13,6670,"0"
4076,53,10,6679,"0"
5287,276,8,6658,"0"
31732,471,0,6658,"0"
8669.6,337,9,6670,"0"
8750,250,56,6670,"0"
2458,146,52,6663,"0"
19109,339,0,6671,"0"
17341.6,590,10,6671,"0"
74486.2,3688,2,6657,"0"
20733.2,589,1,6650,"0"
71490,1620,1,6653,"0"
35490.7,1122,1,6665,"0"
109049.7,3953,3,6665,"0"
36991.2,5060,0,6657,"0"
3346.4,259,59,6586,"0"
3186.6,51,13,6636,"0"
6511.2,259,21,6639,"0"
3188.4,45,42,6652,"0"
7994,402,22,6651,"0"
15045,860,7,6650,"0"
9218,299,27,6663,"0"
5147.4,265,35,6666,"0"
5754,239,13,4745,"0"
53896,2488,6,6650,"0"
8421.8,477,42,4748,"0"
10652,306,41,6637,"0"
38375.27,966,3,6632,"0"
15313.84,342,1,6631,"0"
1923.2,106,36,6646,"0"
2480.6,124,15,6650,"0"
11424.4,539,9,6657,"1"
59860,700,3,6659,"0"
2464,143,20,6656,"0"
9226,331,29,6653,"0"
13122.2,721,8,6653,"0"
2713,148,22,6652,"0"
12883.8,622,8,6639,"0"
6435,137,48,6636,"0"
7128,344,23,6635,"0"
24352,344,10,6638,"0"
45742.8,1545,6,6638,"0"
2597,150,36,6624,"0"
1205,17,0,6635,"0"
17611,622,2,6635,"0"
14604.8,572,6,6630,"0"
4030,53,8,6601,"0"
10493.4,467,10,6621,"0"
102497.6,8069,0,6618,"0"
938,34,30,6632,"0"
11694.8,614,16,6631,"0"
10772.35,373,8,6638,"0"
19288,1216,1,6631,"0"
3560,155,50,6629,"0"
17554.46,459,8,6638,"0"
5953.4,323,36,6635,"1"
3366.8,185,28,4733,"0"
18806.6,1048,3,4739,"0"
19690.8,1071,8,4739,"0"
6997.6,203,13,6629,"0"
7350,101,31,6628,"0"
1628.4,59,35,6611,"0"
4410.8,259,3,6623,"0"
28090,386,1,6628,"0"
9480.8,555,16,6589,"0"
21612.8,1167,1,6625,"0"
3486,195,1,6625,"0"
3394,155,15,6625,"0"
8785,327,15,6625,"0"
526,30,43,6625,"0"
7953.2,437,15,6624,"0"
5658,296,1,6624,"0"
3822,220,22,6624,"0"
24230,1698,7,6622,"0"
10160,118,3,6629,"0"
3137,143,56,6629,"1"
12492,336,6,6622,"0"
10501,638,42,6616,"0"
12767.86,276,14,6615,"0"
10101.64,184,43,6607,"0"
26197.6,1053,15,6607,"0"
12859,572,1,6623,"0"
13765,190,15,6611,"0"
8228.4,358,9,6595,"0"
560,54,49,6628,"0"
4174,242,52,6625,"0"
4308,183,7,6580,"0"
530,30,43,6615,"0"
1497,85,44,6621,"0"
1587,90,8,6581,"0"
7756,111,29,6611,"0"
5218.8,189,14,6611,"0"
5787.6,304,57,6609,"0"
1608.8,82,20,6603,"0"
840,84,7,6576,"0"
24670,296,1,6608,"0"
14604,775,8,6610,"0"
6104.6,238,14,6610,"0"
46868,569,2,6596,"0"
26438.87,587,8,4756,"0"
19106,306,30,4756,"0"
6971.25,99,13,4754,"0"
76421.4,2961,3,4755,"0"
2040,116,30,4755,"0"
6596,521,16,6588,"0"
5123,294,14,4754,"0"
9382,438,29,6597,"0"
2830.6,37,28,6596,"0"
14544.6,245,6,6582,"0"
7181.6,656,8,6581,"0"
10077.6,1099,42,6575,"0"
17354,761,14,6575,"0"
7909.2,265,7,6574,"0"
14891.6,975,1,6572,"0"
1112,52,8,6595,"0"
4699.8,235,23,6597,"0"
3236,170,20,6596,"0"
1097.2,63,37,6588,"0"
84472.25,4283,1,6587,"0"
4011,211,22,6561,"0"
1712.4,55,27,6573,"0"
9274.4,328,16,4755,"0"
27953,315,20,6597,"0"
1592,160,55,4756,"0"
3362,99,56,6582,"0"
3874,213,8,6560,"0"
7285,77,42,6589,"0"
1398,49,23,6588,"0"
15209.94,606,1,6596,"0"
40882.6,648,6,4755,"0"
5551.4,435,16,6600,"0"
16598,1393,27,4754,"0"
28150.35,11008,10,6597,"0"
2845,39,15,4753,"0"
10421,108,37,6593,"0"
9150,124,3,6593,"0"
47237.4,3256,6,4752,"0"
20361,743,9,4756,"0"
8925,86,49,4756,"0"
21766.4,691,6,6574,"0"
14927,770,7,4755,"0"
10289.6,299,0,6594,"0"
2208,96,49,6567,"1"
31649,330,3,6576,"0"
7565,427,8,4691,"0"
34256.98,826,7,6581,"0"
4283,153,43,6576,"0"
3271,117,28,6575,"0"
3592,136,41,6573,"0"
15812,430,22,6575,"0"
30634.8,833,13,6581,"0"
24335.92,527,6,6573,"0"
15736.4,1104,0,6560,"0"
4052.8,123,7,4756,"0"
20825,347,27,4756,"0"
8897,462,2,6574,"0"
12491,527,3,6573,"0"
7465.2,290,23,6573,"0"
3567,197,44,6579,"0"
3735.6,202,55,4754,"0"
9225.79,187,15,6580,"0"
30162.8,912,7,6533,"0"
4680,66,23,6523,"0"
62408.4,1760,8,6560,"0"
61049.6,2375,1,6568,"0"
2014,115,2,6562,"0"
2333.6,70,41,6576,"1"
33802.4,1549,1,6567,"0"
53530.2,3210,2,4762,"0"
50557.8,2800,3,4761,"0"
1640,94,56,6554,"0"
3576,243,7,6558,"0"
74800.1,3169,3,4760,"0"
5381.6,291,9,4760,"0"
6443.2,299,7,4759,"0"
14729.8,1367,35,4759,"0"
1668,95,22,6554,"0"
4213.4,245,23,6513,"0"
787,45,2,6544,"0"
1875,15,37,6560,"1"
6912.7,266,21,6561,"0"
11065,136,9,4738,"0"
22284,1275,2,6545,"0"
19525,417,2,6544,"0"
11589.85,328,9,6524,"0"
44902.6,1249,3,6520,"0"
20685,637,1,6546,"0"
4184,193,50,6545,"0"
4450,202,1,6562,"0"
41476.3,1355,6,6561,"0"
36946.2,480,6,6548,"0"
16900,202,2,4746,"0"
288,12,267,6554,"1"
36650,1520,6,4738,"0"
2249.43,46,58,6560,"0"
9242.8,706,30,6553,"0"
20912.77,7726,3,6541,"0"
7107,358,29,6537,"0"
6952,259,8,6532,"0"
28888,2013,0,6525,"0"
3101,48,37,6554,"0"
4870,100,1,6531,"0"
14849,507,50,6546,"0"
4406,174,48,6499,"0"
17606,267,10,4762,"0"
2021.2,115,56,6527,"0"
8455,117,7,6485,"0"
32648.4,875,6,6533,"0"
9295,1030,22,6530,"0"
32386,1114,3,6527,"0"
86430.62,3897,3,6525,"0"
8413,107,16,6525,"0"
13820,401,15,6540,"0"
9739.1,107,0,6533,"0"
10124.6,521,7,6530,"0"
40964,1168,9,6538,"0"
15822.2,329,2,6530,"0"
4160,61,38,6531,"0"
17921.8,873,38,6519,"0"
34255,442,10,6513,"0"
27278.6,673,8,6523,"0"
4457.2,217,23,6523,"0"
8857.8,359,8,6520,"0"
56749.8,2324,27,6503,"0"
3900,208,55,6526,"0"
12795,954,15,6525,"0"
9664,570,9,6509,"0"
15453,315,8,6517,"0"
4129,75,13,6513,"0"
8947,403,9,6533,"0"
21121.8,705,6,6530,"0"
2291.75,143,37,6484,"0"
95248,2337,1,6513,"0"
6582,316,28,6523,"0"
30791.4,2298,5,6513,"0"
16010,247,15,6519,"0"
47642.5,1084,6,6510,"0"
33020.2,1232,1,6509,"0"
527,9,0,6511,"0"
28331,1087,22,6518,"0"
41435,472,28,6510,"0"
3518,140,1,6509,"0"
8338.8,424,43,6506,"0"
10478.4,497,10,6503,"0"
2032,93,20,6509,"0"
12315,163,8,6502,"0"
5387.9,288,20,6496,"0"
3785,73,3,6489,"0"
36344.71,1000,3,6498,"0"
11362,239,58,6499,"1"
112048,4654,1,6498,"0"
1660,95,23,6505,"0"
3423,197,30,6483,"0"
18469,917,3,6463,"0"
15780,195,0,6506,"0"
11392.33,238,16,6505,"0"
3125,179,29,4761,"0"
3900,390,30,6506,"0"
12038.2,574,3,6503,"0"
20275.2,769,2,6499,"0"
4104.2,66,16,6450,"0"
4105,78,2,6463,"0"
42348.8,972,1,6462,"0"
3348,143,30,6496,"0"
10886,599,42,6485,"1"
1660,32,30,6484,"0"
52412.95,1138,1,6484,"0"
12985,731,7,6496,"0"
18046.2,1196,7,6489,"0"
13025,390,14,6455,"0"
2438,75,2,4762,"0"
3012,137,9,6499,"0"
6608,398,7,6475,"0"
1995,19,42,6457,"0"
2640,160,23,6471,"0"
7740,88,1,6467,"0"
12752,366,21,4752,"0"
3781.2,162,45,6475,"0"
14034.2,498,3,6470,"0"
24314.2,1066,51,6470,"0"
451,32,44,6477,"0"
4374,232,50,6477,"0"
6896.2,246,52,6476,"0"
44112.6,1829,3,6495,"0"
2557,143,2,6490,"0"
104536,1350,3,4760,"0"
4774.2,187,43,6468,"0"
7812,273,24,6471,"0"
5492.8,189,20,6470,"0"
27106,840,20,4761,"0"
15466,640,8,6435,"0"
18733,664,1,6477,"0"
8348.2,368,28,4745,"0"
14710,625,9,4754,"0"
4782.2,113,7,4761,"0"
38800,2687,1,6485,"0"
45374.2,488,7,4762,"0"
1390,18,23,6488,"0"
11300.8,864,41,6485,"0"
5637.8,241,37,6478,"0"
212340.2,11659,1,6450,"0"
7815,170,50,6464,"0"
43641.8,2295,0,6461,"0"
23310.2,1129,3,4752,"0"
19545,247,6,6362,"0"
2078.14,41,7,6478,"0"
46308.2,2066,2,6462,"0"
50515,803,3,6471,"0"
5343,378,20,6440,"0"
16005.3,1026,21,4760,"0"
2351.2,112,23,4759,"0"
644,56,16,4753,"0"
6357.1,429,10,4753,"0"
3786.16,111,43,6443,"0"
6289,273,0,6461,"0"
3592,204,27,6449,"0"
17718,1317,9,4759,"0"
18320,226,6,6454,"0"
16652,477,38,6449,"0"
14032.74,965,13,6448,"0"
1230,70,34,6453,"0"
17036.55,323,1,6414,"0"
1060.8,102,15,6468,"1"
245897.6,17063,0,6464,"0"
8530,338,38,6461,"0"
4388,255,30,6453,"0"
180375.7,5898,14,6433,"0"
3069,176,51,6428,"0"
6240,260,36,6462,"0"
16913.4,853,0,6418,"0"
10557,130,15,6433,"0"
6371.21,115,55,6457,"0"
10433.3,183,1,6455,"0"
32532.75,1009,9,6428,"0"
28700,1847,6,6434,"0"
48892,692,24,6433,"0"
21003,1118,3,6446,"0"
4306.4,173,28,6428,"0"
33825,427,23,6287,"0"
1427,81,42,6421,"0"
36868.1,2092,1,6418,"0"
40186,2723,3,6415,"0"
34699.78,874,7,6421,"0"
16195,606,8,6426,"0"
8262,449,51,6421,"0"
19392.2,886,57,6420,"0"
2364,150,35,6415,"0"
3866,90,21,6279,"0"
19040,614,55,6390,"0"
16387.2,920,22,6390,"0"
10358,370,14,6385,"0"
55511.68,2074,2,6434,"0"
2313.95,70,2,6436,"0"
12110.15,457,7,6432,"0"
1256,74,38,6384,"0"
109950.9,6394,1,6411,"0"
225441.3,5723,6,6442,"0"
64124.4,2766,3,6442,"0"
29342,14597,2,4767,"0"
13675.6,277,0,6429,"0"
5756,326,16,6432,"0"
21715,1241,8,6428,"0"
112654.4,2116,3,6428,"0"
5535.6,257,22,6397,"0"
33694.4,1123,6,6393,"0"
21508.8,912,28,2956,"0"
18184.8,1051,34,6407,"0"
4895.3,448,6,6432,"0"
22936.8,1131,15,6432,"0"
48440,603,0,2954,"0"
7966.2,228,35,6413,"0"
3122,182,44,6429,"0"
5694,325,14,6422,"0"
1289,72,48,6393,"0"
2620,36,28,6400,"0"
7796.4,148,35,6426,"0"
39309,860,6,6408,"0"
16730.25,362,14,6385,"0"
1890,90,22,6414,"1"
17592.96,327,24,6420,"0"
19014,1442,13,6415,"0"
31560.3,8857,3,6414,"0"
190144.2,2781,2,6413,"0"
3926,48,56,6393,"0"
12063,358,0,6398,"0"
8614.9,278,10,6380,"0"
3755,215,38,6406,"0"
11560,182,6,6411,"0"
8500.04,180,29,6383,"0"
2272,114,2,6380,"0"
9843,812,50,6412,"0"
81442.3,2714,2,6376,"0"
7652,207,8,6394,"0"
115413,2388,0,6376,"0"
24335,303,6,6366,"0"
10650.52,1975,8,6392,"0"
5254,284,38,6391,"0"
118883.6,2126,9,6406,"0"
13673.6,517,2,6398,"0"
4208,190,7,6364,"0"
3620,269,21,6344,"0"
1824,76,48,6390,"0"
4947,107,43,6366,"0"
56108.8,2418,1,6358,"0"
20356.6,650,0,6398,"0"
30796.85,830,7,6365,"0"
7889,443,24,6362,"0"
20992,595,2,6362,"0"
4541.75,83,50,6358,"0"
16024.45,400,1,6366,"0"
3910.8,311,3,6345,"0"
16920.8,981,3,6356,"0"
153857,9170,2,6355,"0"
1778,79,240,6366,"0"
2592.8,104,21,6390,"0"
4207,359,14,6341,"0"
12148,528,34,6373,"0"
2157,241,27,6348,"0"
10055,571,1,6358,"0"
24518.2,1114,0,6358,"0"
6655,136,20,6363,"0"
12600,525,6,6343,"0"
7574.11,175,28,6348,"0"
2725,69,14,6329,"0"
3475,180,30,6356,"0"
9578.38,222,22,6355,"0"
4140,237,15,6336,"0"
40795,469,13,6370,"0"
179466,2744,2,6208,"0"
19520.4,1188,22,6349,"0"
1669.6,188,30,6358,"0"
34926,1944,6,6350,"0"
16629,689,6,6336,"0"
12912,370,29,6335,"0"
28004.8,796,3,6345,"0"
3348,175,22,6357,"0"
23335.69,623,1,6338,"0"
21948,1055,24,6344,"1"
4032,168,28,6341,"0"
31051.2,1159,3,6342,"0"
5309,285,15,6328,"0"
9347,302,8,6337,"0"
37906,2018,0,6320,"0"
13928,754,7,6356,"0"
18263.45,373,8,6350,"0"
13436,704,34,6342,"0"
16730,256,6,6345,"0"
52730,2207,8,6348,"0"
95038.6,3560,6,6348,"0"
3419,40,27,6337,"0"
15614,489,14,6320,"0"
7330,96,49,6328,"0"
39945.4,1912,1,6322,"0"
2838.4,168,29,6320,"0"
12498.2,439,2,6336,"0"
7425.6,714,14,6342,"0"
7869,385,27,6344,"0"
3368.6,107,2,6344,"0"
11547,408,3,6336,"0"
9069,452,16,6321,"0"
1760,100,15,6314,"0"
5554,256,9,6334,"0"
355197.4,11999,0,6328,"0"
10725.2,381,7,6336,"0"
7232,385,33,6324,"0"
3524.8,317,1,6336,"0"
75582.8,3962,0,6299,"0"
37301.95,695,6,6170,"0"
5085,137,13,6330,"0"
2550,145,30,6331,"0"
1142.35,25,38,6330,"0"
8061.85,174,28,6334,"0"
8458.4,602,21,6334,"0"
2410,32,49,6321,"0"
5032,295,42,6327,"0"
27287.6,945,1,6321,"0"
4938,428,51,6316,"0"
620,35,24,6320,"0"
3286,153,1,6310,"0"
1918,78,14,6310,"0"
7731.6,762,5,6314,"0"
4992.8,189,27,6315,"0"
41720.4,1415,10,6323,"0"
3371,194,44,6296,"0"
365989.2,15155,2,6310,"0"
11134.9,251,1,6292,"0"
14564.6,299,6,6321,"0"
3183,168,50,6314,"0"
5140,280,6,6301,"0"
23475.2,617,8,6301,"0"
9353.17,451,13,6288,"0"
18474,646,23,6300,"0"
1424,77,9,6303,"0"
11435,127,7,6302,"0"
20009.6,909,0,6302,"0"
9225,466,29,6314,"0"
25304.4,814,1,6310,"0"
3447,63,6,6307,"0"
11442.8,976,7,6303,"0"
42043,2313,1,6294,"0"
18386,550,20,6286,"0"
2881.2,137,3,6285,"0"
11095,566,31,6295,"0"
5035,287,3,6266,"0"
3564,144,1,6295,"0"
20132,641,7,6285,"0"
32205,341,13,6148,"0"
6739,104,56,6294,"0"
3600,150,6,6307,"0"
15397.4,430,2,6307,"0"
15012,702,10,6295,"0"
5932.8,324,1,6289,"0"
8728,386,16,6299,"0"
9359.4,406,3,6299,"0"
7344.14,172,45,6281,"0"
3312,94,7,6278,"0"
50065.65,1354,1,6279,"0"
9260,446,8,6259,"0"
9818,1054,38,6258,"0"
37422,2027,9,6254,"0"
5110,278,42,6288,"0"
2763.4,48,36,6286,"0"
2872,84,15,6302,"0"
4894,175,31,6294,"0"
1238,27,52,6288,"0"
10745,503,21,6292,"0"
4560,57,3,6286,"0"
4298,254,10,6294,"0"
4060,52,29,6291,"0"
52954,2203,9,6266,"0"
2129.8,115,13,6272,"0"
36504.8,1371,1,6272,"0"
2551,135,38,6275,"0"
3155.2,177,28,6275,"0"
78016.4,4268,1,6253,"0"
4987.92,114,21,6267,"0"
657997,29951,2,6285,"0"
43135,1300,0,6264,"0"
2430,120,10,6279,"0"
5685,340,9,6272,"0"
3094,138,31,6281,"0"
7644,438,15,6278,"0"
328733.4,10220,2,6253,"0"
1863.4,71,34,6288,"0"
23869,1009,0,6286,"0"
5411.4,543,34,6271,"0"
38899.4,1717,1,6286,"0"
15231,697,8,6281,"0"
3884.8,138,23,6280,"0"
4234,199,24,6279,"0"
4664,313,3,6274,"0"
20614,952,2,6266,"0"
14389,215,10,6258,"0"
12095,127,7,6120,"0"
7971.13,199,16,6211,"0"
8495,535,3,6237,"0"
40470,774,2,6272,"0"
11190,456,24,6281,"0"
14528.8,411,10,6279,"0"
900,50,2,6274,"0"
44660,1400,9,6267,"0"
3194,125,6,6280,"0"
16012.59,3323,1,6279,"0"
51364.8,3564,1,6279,"0"
12115,159,2,6259,"0"
15077.6,695,0,6266,"0"
6219,259,14,6264,"0"
7844,447,23,6260,"0"
6349.8,219,21,6247,"0"
42670,546,2,6259,"0"
1962,77,41,6258,"0"
4667.8,115,42,6265,"0"
25646,504,13,6265,"0"
48121.6,2823,1,6254,"0"
9264,365,6,6266,"0"
9288,318,6,6264,"0"
36586,526,27,6258,"0"
2351,134,29,6252,"0"
4689.6,305,13,6257,"0"
12643.2,398,1,6265,"0"
3856.8,163,13,6258,"0"
1482.6,97,0,6264,"0"
2231.4,298,16,6261,"0"
1607,92,28,6260,"0"
10054,420,30,6205,"0"
14276.8,497,20,6267,"0"
8672,324,0,6237,"0"
11618.8,667,16,6252,"0"
1824,105,10,6251,"0"
26455,298,7,6246,"0"
280,8,58,6233,"0"
640,16,30,6224,"0"
5220,60,44,6258,"0"
12041.88,250,7,6245,"0"
5022,239,0,6222,"0"
2545,145,23,6202,"0"
2574,141,13,6253,"0"
9495,118,7,6246,"0"
3873.4,157,13,6245,"0"
1833.2,87,27,6243,"0"
1669.2,92,24,6243,"0"
5180,197,1,6240,"0"
16442.72,704,3,6237,"0"
4302.2,241,8,6237,"0"
5686,323,24,6229,"0"
13031.6,718,16,6246,"0"
5780,330,2,6247,"0"
10672.4,472,6,6245,"0"
38715,2451,3,6245,"0"
84589.6,3667,3,6245,"0"
2875,32,41,6232,"0"
3089.2,357,30,6229,"0"
2795,34,30,6223,"0"
21905,262,1,6233,"0"
19400.4,534,28,6245,"0"
3902,122,22,6244,"0"
32831.6,1261,0,6239,"0"
11467.31,521,6,6243,"0"
6940,77,10,6197,"0"
37668,1223,1,6233,"0"
2921.4,289,52,6222,"0"
2104,99,57,6231,"0"
4003.6,213,23,6177,"0"
23814.4,739,14,6237,"0"
2353.77,44,16,6236,"0"
9540,102,34,6232,"0"
11838.4,492,7,6237,"0"
4551.2,438,0,6231,"0"
11463,879,42,6218,"0"
5115,54,48,6232,"0"
13610,170,45,6225,"0"
1650,55,48,6211,"0"
6350,322,15,6223,"0"
1515,20,37,6219,"0"
12720.2,578,3,6218,"0"
1271,72,22,6085,"0"
10516.6,378,8,6232,"0"
19079.6,540,9,6198,"0"
34013.75,833,9,6194,"0"
4908.48,98,41,6225,"0"
3830,184,37,6225,"0"
5278,242,20,6212,"0"
5721.4,205,6,6203,"0"
12612,588,2,6208,"0"
51274,2451,0,6205,"0"
4160,52,55,6209,"0"
3838,118,6,6223,"0"
44879.6,2060,15,6216,"0"
4248,156,52,6210,"0"
36530.8,2651,0,6210,"0"
25512.6,1164,1,6208,"0"
2599,149,41,6204,"1"
10180.8,150,15,6211,"0"
3836,223,29,6208,"0"
1099.2,93,42,6197,"0"
4224,62,0,6197,"0"
3044,161,34,6205,"0"
16855,211,1,6163,"0"
2196,74,57,6161,"0"
6284.4,261,42,6204,"0"
526,26,3,6202,"0"
9470.2,890,23,6202,"0"
2942.4,150,52,6205,"0"
11472,916,10,6202,"0"
54560,1529,0,6148,"0"
90671.2,4832,1,6189,"0"
29450.6,1795,0,6198,"0"
23754.2,692,8,6155,"0"
4061,52,34,6202,"0"
2615.65,76,23,6191,"0"
50143,1880,10,6202,"0"
6051,326,29,6198,"0"
5896,258,23,6196,"0"
24271,406,10,6161,"0"
64777.65,2234,0,6191,"0"
13228,736,79,6189,"0"
7535,654,21,6195,"0"
7725,101,3,6176,"0"
2476.2,42,30,6189,"0"
190783,5814,1,6183,"0"
24390.65,459,0,6194,"0"
168887.5,6110,38,6191,"0"
2610,152,27,6182,"0"
20204,590,7,6196,"0"
47433.2,820,2,6191,"0"
1775.2,80,42,6194,"0"
3170,45,28,6189,"0"
275691,11639,2,6188,"0"
299149,17328,1,6147,"0"
8042.8,110,34,6190,"0"
2710,35,0,6175,"0"
5104,560,23,6189,"0"
22716.2,1429,20,6184,"0"
22954.2,918,2,6177,"0"
4836,278,28,6176,"0"
3401.4,463,34,6182,"0"
4774,238,37,6176,"0"
93354.36,2599,6,6180,"0"
5612,292,50,6169,"0"
13953.4,502,20,6135,"0"
2500,133,10,6134,"0"
5067.31,96,21,6189,"0"
45118.06,866,1,6188,"0"
13514.2,307,7,6174,"0"
109129.6,5310,5,6174,"0"
5994,203,6,6174,"0"
4184,309,14,6170,"0"
16678,224,8,6177,"0"
7457,175,45,6175,"0"
10357,141,37,6169,"0"
11904,346,3,6181,"0"
25925.8,1121,16,6181,"0"
11292.4,379,10,6180,"0"
3078,94,42,6162,"0"
7210,90,45,6135,"0"
1547.4,125,38,6169,"0"
25541.4,412,6,6162,"0"
2441,139,21,6163,"0"
1282,48,16,6161,"0"
8210,105,55,6169,"0"
2852,82,0,6173,"0"
18232,1035,13,6133,"0"
4318,113,24,6156,"0"
3500,100,52,6163,"0"
8256,232,23,6166,"0"
4029,165,24,6162,"0"
5324,152,41,6161,"0"
1713,99,35,6169,"0"
12913.4,511,2,6159,"0"
35402.6,1364,1,6156,"0"
2166,84,51,6156,"0"
7227,326,8,6156,"0"
34991,1229,0,6163,"0"
46153.4,2322,6,6154,"0"
27292,2276,0,6155,"0"
8165,104,42,6154,"0"
16381.7,345,0,6161,"0"
3704,106,56,6160,"0"
26544,1106,3,6152,"0"
3665,48,1,6160,"0"
14557.18,289,21,6159,"0"
70631.8,3032,3,6154,"0"
99239,4846,2,6153,"0"
44287.22,1025,2,6155,"0"
56391,2602,2,6145,"0"
7689,525,1,6141,"0"
20653,1008,24,6148,"0"
529913,23677,1,6152,"0"
4097.8,232,24,6149,"0"
121110.2,4055,0,6148,"0"
7364,332,35,6147,"0"
9305,101,50,6141,"0"
28003,1272,15,6146,"0"
43779.2,1370,14,6145,"0"
1625,94,16,6148,"0"
5567,299,37,6146,"0"
3817.2,110,30,6155,"0"
16272.2,539,8,6145,"0"
1672,97,0,6147,"0"
5345,305,6,6146,"0"
5328,296,36,6146,"0"
2628.4,142,21,6146,"0"
9305.2,452,7,6138,"0"
23871.2,905,31,6134,"0"
13940,3442,41,6140,"1"
75.6,2,20,6145,"0"
103915,3987,8,6141,"0"
2575.2,121,24,6146,"0"
792,44,23,6142,"0"
23597,916,1,6140,"0"
7806.82,178,31,6138,"0"
8000,282,7,6134,"0"
8402.59,161,1,6138,"0"
3890.4,112,8,6139,"0"
37870.6,946,3,6141,"0"
3986.6,200,23,6133,"0"
62889.08,1397,0,6132,"0"
9818.2,422,9,6132,"0"
64360,3521,1,6132,"0"
2468.2,226,0,6139,"0"
2842.6,276,16,6120,"0"
1350,77,3,6133,"0"
25909,1539,7,6135,"0"
2188.8,97,35,6134,"0"
2510,144,42,6139,"0"
3946,231,10,6120,"0"
16840,1349,59,6135,"0"
5006,144,0,6121,"0"
9241.8,389,3,6092,"0"
52954.2,2758,3,6097,"0"
11645,129,3,6065,"0"
1958,92,24,6125,"0"
3496,97,49,6119,"0"
24330,695,1,6133,"0"
18604.4,567,10,6131,"0"
28174.2,1100,10,6112,"0"
8335.65,200,45,6127,"0"
4710,61,41,6111,"0"
61638.3,3437,0,6105,"0"
10408,182,24,6125,"0"
21341.8,1087,0,6103,"0"
4458.2,185,36,6103,"0"
6129.2,183,13,6125,"0"
96717,2489,1,6117,"0"
14488.68,261,2,6113,"0"
365,10,48,6110,"1"
1630,94,22,6107,"0"
8990,171,2,6098,"0"
3904,228,7,6096,"0"
916,58,35,6112,"0"
9061.58,432,13,6093,"0"
61072.45,2030,6,6113,"0"
15341.61,401,3,6114,"0"
2072,95,8,5993,"0"
2525,33,22,6044,"0"
2173.4,120,42,6107,"0"
34746.5,3343,7,6105,"0"
19357.05,1991,1,6105,"0"
3176,141,36,6104,"0"
27068.4,1188,13,6104,"0"
22068.4,1023,9,6092,"0"
1562,90,16,6091,"0"
3060.4,146,45,6104,"0"
1578.6,89,7,6099,"0"
3401,195,15,6090,"0"
4560,190,22,6090,"0"
43097.6,927,6,6086,"0"
950,54,42,6089,"0"
3634,173,22,6084,"0"
11356,280,28,6105,"0"
32538.4,1091,3,6103,"0"
97679.6,3404,1,6103,"0"
7195,96,21,5984,"0"
6785,129,10,5984,"0"
5478,151,31,6091,"0"
1164,62,43,6091,"0"
21558,595,22,6085,"0"
1788.2,105,9,6092,"0"
5406,155,10,6075,"0"
8014.95,140,13,6082,"0"
19799,365,21,6077,"0"
8146.4,445,16,6072,"0"
1080,30,2,6085,"0"
181047.6,6279,1,6085,"0"
24717.43,652,6,6079,"0"
4163,150,42,6083,"0"
5270,54,28,6076,"0"
8809.6,224,7,6075,"0"
1635,21,12,6064,"0"
16634.8,764,58,6063,"0"
37555,401,0,6072,"0"
60274.4,831,1,6023,"0"
13990,163,15,6075,"0"
23171,799,2,6072,"0"
8286,265,3,6069,"0"
6345,125,6,5965,"0"
9216,471,22,6078,"0"
19922,725,21,6076,"0"
1755,33,31,6078,"0"
161822.2,7359,1,6072,"0"
10021.7,213,3,6070,"0"
3624,101,35,6063,"0"
4520,90,21,6075,"0"
54962.2,1583,1,6075,"0"
3371,192,29,6062,"0"
23150,291,10,6057,"0"
48272,1940,10,6068,"0"
10965,974,8,6065,"0"
33439,1595,10,6061,"0"
9945,141,1,5949,"0"
29846.8,1075,28,6044,"0"
31030,326,13,6044,"0"
21063.6,931,2,6051,"0"
5148,313,14,5986,"0"
20908,1133,9,6050,"0"
1738,64,13,6048,"0"
222844.4,11737,2,6037,"0"
8663.71,174,8,6065,"0"
11204.44,201,7,6063,"0"
97807,4821,0,6062,"0"
21162.6,411,0,6054,"0"
16459,231,13,6029,"0"
2450,140,0,6056,"0"
20104.06,609,2,6036,"0"
5444.8,258,23,6056,"0"
11904,612,13,6056,"0"
3345,183,15,6056,"0"
12932,510,22,6054,"0"
9895,135,7,5928,"0"
19290,245,20,6033,"0"
6481.2,300,0,6047,"0"
31924.4,1314,1,6040,"0"
93094.05,2333,1,6035,"0"
2990.2,322,30,6033,"0"
21975,494,12,6030,"0"
8765,415,55,6029,"0"
1692.8,110,30,6037,"0"
6082,403,10,6029,"0"
27014.1,531,20,6049,"0"
1086.6,62,49,6043,"0"
1353,77,42,6042,"0"
35867.8,1702,7,6033,"0"
103029.8,3574,3,6027,"0"
26045,1491,44,6023,"0"
1426.8,36,14,6042,"0"
30780,1276,0,6026,"0"
1812,55,29,6034,"0"
23847,387,9,6034,"0"
5980,88,1,6030,"0"
8744,410,34,6029,"0"
24815,273,10,6026,"0"
3533,124,8,5967,"0"
16508.2,785,8,6022,"0"
2759,86,3,6028,"0"
103209.8,4453,2,6020,"0"
23802.59,792,8,6020,"0"
4064.8,143,37,5992,"0"
24219,605,1,6033,"0"
17686,510,44,6029,"1"
6199,325,55,5997,"0"
13959.2,380,0,6021,"0"
2030,24,44,5970,"1"
21593.2,1138,27,5965,"0"
28593,749,13,5995,"0"
6405,88,9,5994,"0"
44927.6,2053,2,6001,"0"
11995,146,8,6005,"0"
20174.13,565,34,6014,"0"
14600,176,20,5958,"0"
14195,268,7,5902,"0"
5087.38,117,26,6026,"0"
16973.6,1090,1,6026,"0"
1410,18,55,6026,"0"
1467.8,136,58,6026,"0"
40616.81,936,9,6026,"0"
21709.52,815,0,6026,"0"
32440.4,951,29,6026,"1"
16190.81,663,10,6026,"0"
8558.55,244,7,6026,"0"
24907.78,2147,2,6026,"0"
27204.42,787,6,6026,"0"
71505.71,1765,2,6026,"0"
8787.8,167,0,6026,"0"
3812,216,1,5979,"0"
89390,2769,10,5973,"0"
9952,283,21,6005,"0"
12127,699,13,5986,"0"
8690.4,372,8,5985,"0"
4778.4,243,23,5966,"0"
11950.6,563,2,5966,"0"
5864,353,50,5966,"0"
38313.6,1429,0,6005,"0"
143955.6,4135,20,5991,"0"
5000,230,37,6014,"0"
7249.8,317,2,6012,"0"
17323,302,2,6009,"0"
2915.8,51,23,6002,"0"
4880,69,36,5986,"0"
12278.4,156,8,5893,"0"
-145,4,199,5944,"1"
43465,533,0,6012,"0"
4526.8,212,10,6000,"0"
55827.55,2807,0,5998,"0"
29878.4,1403,3,5998,"0"
57495.45,3146,7,5998,"0"
1480.8,69,42,5995,"1"
1163.2,48,0,5985,"0"
16780,183,2,5949,"0"
115026,4863,0,5999,"0"
43334.2,1967,2,5999,"0"
6272,257,48,5994,"0"
2639,131,16,5993,"0"
12075.6,647,9,5992,"0"
1194,68,38,5992,"0"
3993,117,1,5993,"0"
10507.4,428,22,5883,"0"
1470,85,1,5980,"0"
13013.4,497,8,5987,"0"
7074,331,20,5985,"0"
15246.4,621,6,5984,"0"
95487.2,3988,6,5984,"0"
6032,71,21,5979,"0"
7220,115,24,5979,"0"
2784.6,159,22,5979,"0"
4004.99,95,7,5979,"0"
3845,248,6,5971,"0"
3539,102,1,5971,"0"
2861.9,65,44,5966,"0"
1514,26,8,5971,"0"
3171,182,44,5956,"0"
6856,389,9,5972,"0"
4646,135,8,5980,"0"
9218,293,27,5987,"0"
28808.4,2249,3,5986,"0"
26010.4,2011,3,5986,"0"
8914,382,36,5970,"0"
5598,84,2,5966,"0"
91157.6,3898,6,5985,"0"
2934.4,202,56,5964,"0"
17806.37,390,2,5984,"0"
98736,2715,1,5964,"0"
12044.8,326,9,5963,"0"
12978.8,644,10,5976,"0"
5915,68,8,5967,"0"
5026,210,23,5965,"0"
8815.6,439,8,5964,"0"
84284.4,4535,2,5917,"0"
2834,162,49,5974,"0"
5799,620,1,5972,"0"
2640,220,3,5958,"0"
15042.35,302,1,5958,"0"
15354.4,416,22,5967,"0"
36325.6,1367,29,5966,"0"
12683,544,41,5957,"0"
335783,13564,0,5923,"0"
4902,91,29,5956,"0"
8575.2,901,13,5952,"0"
3543,190,6,5918,"0"
6594.5,117,9,5966,"0"
750,9,43,5958,"0"
5715.35,112,50,5970,"0"
5735.6,250,45,5958,"0"
8544,468,23,5946,"0"
18395,818,0,5963,"0"
1383,79,49,5959,"0"
2552,131,56,5957,"0"
7036,189,16,5963,"0"
15076.8,492,0,5967,"0"
9737.95,267,2,5965,"0"
19709.2,637,7,5965,"0"
10766.33,195,10,5958,"0"
64343.8,2357,38,5953,"0"
38966,1960,3,5953,"0"
7548,371,2,5952,"0"
5876,338,1,5936,"0"
68924,1036,0,5917,"0"
6153,272,0,5959,"0"
284725.9,7002,0,5958,"0"
4771,270,2,5958,"0"
5012.2,127,7,5946,"0"
2944.8,95,34,5964,"0"
7292.8,608,6,5958,"0"
3815,67,16,5952,"0"
23033,748,16,5964,"0"
29419.2,972,6,5964,"0"
31768.2,1051,3,5964,"0"
25179.4,808,3,5964,"0"
14617,454,7,5964,"0"
20631.2,649,6,5964,"0"
33667.4,1134,0,5959,"0"
2146.8,126,29,5959,"0"
21832.4,708,1,5958,"0"
6982,358,7,5951,"0"
11047.2,482,8,5907,"0"
92469.6,4226,1,5938,"0"
2410,36,34,5951,"0"
2062,118,49,5942,"0"
17496.4,874,20,5951,"0"
3010.2,140,15,5950,"0"
6392,314,1,5918,"0"
8761,270,3,5911,"0"
15514,482,10,5956,"0"
60147.4,3573,0,5953,"0"
26138,738,0,5950,"0"
17472,609,7,5950,"0"
6020,602,13,5950,"0"
11952.4,394,48,5946,"0"
13610.21,6247,28,5946,"0"
6472,266,1,5953,"0"
53205.2,3522,8,5952,"0"
2625,287,0,5945,"0"
19300.2,816,30,5944,"0"
4558.4,274,7,5944,"0"
11103,130,41,5944,"0"
1373,73,24,5923,"0"
29134.8,1294,8,5924,"0"
1974.2,57,10,5923,"0"
4825,225,16,5952,"0"
7636.8,272,48,5949,"0"
3860.2,100,37,5946,"0"
42271.4,2528,8,5943,"0"
28557,358,20,5936,"0"
28551,552,20,5931,"0"
1510.8,85,15,5944,"0"
19919,648,6,5944,"0"
12105.8,338,21,5943,"0"
151439.9,5106,0,5942,"0"
187703.2,5016,0,5939,"0"
11859.6,593,16,5938,"0"
13202,395,7,5931,"0"
5866,330,16,5935,"0"
5066.4,201,3,5932,"0"
55097.84,2053,3,5937,"0"
5175,55,7,5943,"0"
22422.92,470,10,5943,"0"
1706,136,34,5936,"0"
35308.4,1038,8,5894,"0"
4728.44,91,27,5936,"0"
2807,83,3,5936,"0"
576,32,43,5825,"0"
19160,511,6,5922,"0"
21546.2,686,0,5930,"0"
12149.85,193,2,5931,"0"
31501.6,1165,0,5925,"1"
9596,485,16,5931,"0"
15390,706,16,5930,"0"
10707,394,0,5930,"0"
2620,32,34,5929,"0"
34138.4,1700,2,5929,"0"
56629.75,3133,2,5925,"0"
7344.6,279,2,5935,"1"
10108,268,1,5931,"0"
36216,1267,1,5924,"0"
14628,762,1,5909,"0"
10310,597,7,5921,"0"
1920,80,9,5911,"1"
16901.2,603,8,5922,"0"
1467.2,53,56,5921,"1"
31771.2,1002,1,5918,"0"
620,35,36,5922,"0"
665,12,10,5923,"0"
2060,27,15,5924,"0"
3383,100,1,5930,"0"
4055,190,8,5929,"0"
7670.8,238,22,5928,"0"
7926.6,442,9,5921,"0"
33294.6,1531,8,5917,"0"
41558,562,1,5911,"0"
1556.2,86,20,5869,"0"
3599.6,386,38,5918,"0"
14665.8,642,29,5917,"0"
36707,1414,0,5909,"0"
26200,2482,16,5915,"0"
5142,147,20,5917,"0"
34496.6,482,3,5812,"0"
9313.2,260,1,5917,"0"
10076.4,185,2,5918,"0"
2908.4,157,48,5909,"0"
23543,964,7,5911,"0"
11329.53,202,10,5911,"0"
54075.6,2352,2,5908,"0"
10965.4,233,0,5904,"0"
1898.6,101,56,5903,"0"
3915,61,30,5914,"0"
14530.2,481,10,5910,"0"
19680,256,15,5867,"0"
38342.4,1324,0,5896,"0"
15451.2,622,0,5910,"0"
4079.8,376,30,5902,"0"
22415,282,45,5911,"0"
2257,130,22,5910,"0"
15220.2,578,2,5908,"0"
6416.4,366,15,5865,"0"
3688,211,41,5904,"0"
11085.5,458,48,5858,"0"
1769.4,34,1,5903,"0"
22788,922,6,5902,"0"
5733.4,318,1,5866,"0"
4687,55,21,5907,"0"
2526,71,21,5907,"0"
8549,245,30,5901,"0"
14978,231,48,5904,"0"
13500,569,0,5894,"0"
636,31,6,5891,"0"
26173.75,397,0,5767,"0"
270665,12077,0,5767,"0"
2989.4,59,31,5896,"0"
3082,106,15,5889,"0"
8772.6,380,8,5893,"0"
12933.2,607,49,5890,"0"
8470,103,51,5896,"0"
7757.2,401,2,5895,"0"
2464,237,1,5875,"0"
3821.4,54,58,5875,"0"
27129,308,16,5900,"0"
17248.3,498,22,5896,"0"
7741.6,274,9,5889,"0"
11164.8,496,20,5887,"0"
38629.2,1543,1,5886,"0"
27943.4,1470,8,5889,"0"
1060,60,9,5888,"1"
53157.4,2512,29,5890,"0"
4365,50,29,5888,"0"
2435,34,50,5895,"1"
8523,349,6,5895,"0"
37684,1228,1,5888,"0"
3279,186,20,5888,"0"
2470,69,6,5887,"0"
2346.2,101,22,5854,"0"
17107.8,1272,23,5888,"0"
15482,739,3,5837,"0"
4170.8,170,16,5874,"0"
6075,91,8,5869,"0"
53148,2316,6,5883,"0"
43340,1226,2,5882,"0"
8011.2,285,1,5879,"0"
350,20,44,5880,"1"
44185.8,1629,1,5882,"0"
30440,1588,20,5855,"0"
2418,147,44,5875,"0"
31991,1445,0,5879,"0"
41906.4,1801,1,5874,"0"
439,25,56,5879,"1"
7138.8,416,24,5882,"0"
17605,194,35,5868,"0"
2230,25,36,5868,"0"
148204.9,4039,0,5872,"0"
16360.4,477,15,5869,"0"
4264,185,7,5876,"0"
38732,1432,1,5875,"0"
4460.4,209,38,5876,"0"
6376,270,9,5872,"0"
7908.96,201,48,5872,"0"
770,44,15,5868,"0"
1777,85,52,5869,"0"
5933,133,10,5873,"0"
1733.8,153,29,5859,"0"
8801,299,14,5866,"0"
4386.54,238,1,5852,"0"
7070,113,36,5855,"0"
40667.4,750,13,5838,"0"
230959.9,8231,1,5868,"0"
2772,82,57,5855,"0"
8550,138,13,5867,"0"
2701,125,29,5866,"0"
122342.6,6785,2,5876,"0"
23705.4,1104,0,5868,"0"
74676,2768,6,5866,"0"
14388.8,168,14,5861,"0"
3483.4,51,50,5861,"0"
4930.6,202,31,5859,"0"
46370,700,0,5855,"0"
2586,148,16,5847,"0"
98144.61,1875,0,5867,"0"
95521.45,1762,1,5867,"0"
50251.48,973,8,5867,"0"
30091.05,656,1,5865,"0"
178168.8,6399,6,5840,"0"
10555,301,15,5840,"0"
7414,152,21,5853,"0"
42987.75,1473,2,5853,"0"
39307.3,1390,2,5853,"0"
619,30,48,5851,"0"
45915,606,6,5845,"0"
14056.8,286,15,5852,"0"
16911.95,811,2,5851,"0"
30258,1221,13,5827,"0"
11398.4,365,13,5855,"0"
28394,869,14,5855,"0"
6160,114,21,5847,"0"
4995,86,28,5847,"0"
3429.6,140,40,5847,"0"
4656,250,34,5846,"0"
46388.8,3244,6,5848,"0"
979,57,1,5840,"0"
71360,895,6,5853,"0"
2615,41,30,5846,"0"
82510.8,4539,1,5845,"0"
3360,138,15,5811,"0"
1753,60,2,5844,"0"
8986,256,8,5847,"0"
5222,150,45,5855,"0"
236344,7997,6,5848,"0"
8830,537,2,5847,"0"
11552,277,29,5847,"0"
28936,960,0,5840,"0"
26192.4,844,13,5839,"0"
25756,856,0,5839,"0"
22184.8,871,1,5838,"0"
22529.2,567,0,5834,"0"
6015,83,28,5837,"0"
49674,2339,2,5837,"0"
6973.8,310,7,5834,"0"
308562.2,9667,0,5845,"0"
6352,223,0,5834,"0"
16235,203,13,5834,"0"
12424.6,651,0,5833,"0"
9114,363,3,2362,"0"
1702.8,79,42,2319,"0"
4326.4,141,30,2319,"0"
2246.4,100,0,2295,"0"
49823.5,1718,0,5838,"0"
6165.2,74,22,5769,"0"
57128,654,2,5761,"0"
11655.2,528,1,5838,"0"
6727.2,281,29,5838,"0"
14827.4,504,7,5827,"0"
50152.8,1594,0,5833,"0"
18655.6,591,14,5832,"0"
10660,172,10,5839,"0"
57670.8,1682,2,5833,"0"
21218.17,553,22,5834,"0"
9316.76,235,23,5834,"0"
26602,578,1,5833,"0"
94780,6134,3,5830,"0"
1796.8,83,57,5831,"0"
91012.6,3139,2,5825,"0"
20939.76,610,7,5823,"0"
16881.22,586,9,5832,"0"
5726.8,146,3,1895,"0"
5980,194,24,5690,"0"
4583,268,36,5795,"0"
6290,181,2,5833,"0"
12943.6,890,9,5824,"0"
36249.2,1718,0,5818,"0"
325,5,20,5827,"1"
4188,111,15,5816,"1"
14082.8,701,14,5827,"0"
3853,226,21,5823,"0"
13396.4,577,24,5831,"0"
2364,90,6,5825,"0"
4198,170,49,5823,"0"
38448,2076,2,5831,"0"
30984.2,1829,9,5824,"0"
12263.2,590,20,5819,"0"
30101,989,3,5819,"0"
10394.6,627,6,5817,"0"
11277.8,952,15,5741,"0"
6135,73,20,5824,"0"
15791,421,0,5819,"0"
3460.4,185,1,5826,"0"
66845.5,6939,0,5823,"0"
29136,862,0,5813,"0"
5795.2,166,7,5817,"0"
16026.99,515,1,5825,"0"
11084.4,335,2,5819,"0"
79426.2,2777,8,5811,"0"
5282,73,29,5810,"0"
2568.8,258,6,5759,"0"
9918,123,9,5813,"0"
2080,119,16,5812,"0"
5736,299,7,5769,"0"
3585,355,43,5803,"0"
1970,112,55,5827,"0"
16110,450,15,5826,"0"
15620.8,467,8,5824,"0"
11292.6,459,16,5816,"0"
9331,276,20,5768,"0"
8440,116,37,5818,"0"
2377.2,221,29,5811,"0"
1400,80,50,5809,"0"
4426,255,15,5805,"0"
3020,41,34,5803,"0"
44665.8,781,3,5811,"0"
693.2,39,30,5816,"1"
15843.6,543,1,5813,"0"
3316,95,27,5813,"0"
14038,801,3,5812,"0"
6697,118,13,5812,"0"
16740,486,7,5806,"0"
8485,160,28,5803,"0"
14190,656,37,5806,"0"
2366.4,133,16,5804,"0"
35377.2,1264,3,5804,"0"
14098.2,697,3,5802,"0"
38328,1176,36,5795,"0"
112112.7,3854,2,5806,"0"
2224,104,44,5811,"0"
6003.98,117,1,5806,"0"
23520,2354,2,5806,"0"
15684,637,28,5802,"0"
25131.4,1272,9,5776,"0"
3775,58,36,5799,"0"
2189,32,58,5798,"0"
2496.4,146,49,5799,"0"
4296.4,364,21,5803,"0"
11232,291,8,5803,"0"
16460,491,3,5771,"0"
17136.4,671,1,5749,"0"
3593,208,34,5795,"0"
3763.79,100,50,5768,"0"
1955,27,10,5763,"0"
5630.4,281,6,5735,"0"
7569.37,494,59,5802,"0"
4328,58,9,5799,"0"
13477.6,408,7,2330,"0"
9338.69,203,1,2330,"0"
6159,171,9,2327,"0"
5359.2,161,41,2327,"0"
16078,573,1,2324,"0"
10151.2,448,0,2319,"0"
8432.8,249,3,2312,"0"
6114.4,189,2,2310,"0"
2165,27,8,5168,"0"
44519.81,500,0,5167,"0"
24510,318,21,5167,"0"
48445.2,871,16,5173,"0"
160,4,36,5174,"0"
12193.2,328,14,5173,"0"
78440.4,2796,0,5169,"0"
13989,303,20,5172,"0"
5925,71,41,5162,"0"
1204.8,53,31,5174,"0"
7760.6,342,14,5174,"0"
16239.6,730,20,5175,"0"
8592,712,6,5173,"0"
1920,90,31,5172,"0"
1443.6,179,31,5169,"1"
243675.3,10006,0,5172,"0"
3021,136,10,5172,"0"
8568.4,441,15,5172,"0"
8117,159,2,5160,"0"
6685.6,465,29,5167,"0"
14343.2,1166,21,5166,"0"
13149,447,35,5158,"0"
2659,136,13,5155,"0"
13455,172,7,5169,"0"
4043.6,210,52,5161,"0"
4536.57,136,30,5166,"0"
6350,208,14,5160,"0"
56170.8,2311,6,5167,"0"
3087.24,166,28,5160,"0"
3563.85,418,9,5168,"0"
3302,189,29,5168,"0"
1018.8,25,38,5161,"0"
9458.62,239,14,5161,"0"
1409,58,30,5161,"0"
11195,325,37,5159,"0"
39025.35,633,0,5161,"0"
1896,79,7,5161,"0"
26422,542,32,5158,"0"
4030,112,1,5155,"0"
7808.4,385,27,5159,"0"
8760,507,22,5162,"0"
11840,331,23,5159,"0"
45485,1301,9,5152,"0"
11906,469,7,5152,"0"
1932,41,2,5148,"0"
14060,655,8,5160,"0"
8927,286,42,5160,"0"
4019,94,0,5154,"0"
15247.8,207,22,5158,"0"
92334,1147,0,5154,"0"
728,31,16,5154,"0"
21878.15,282,2,5153,"0"
12372,552,22,5144,"0"
7643.55,158,20,5152,"0"
8440.6,748,16,5147,"0"
9478.4,922,0,5151,"0"
1708,81,22,5153,"0"
13590,180,7,5148,"0"
72275.8,2960,6,5152,"0"
1390,86,59,5148,"0"
5345.6,227,41,5153,"0"
2708,138,15,5147,"0"
7905.2,413,51,5151,"0"
24395,933,1,5147,"0"
16279,1478,14,5148,"0"
10130,281,41,5152,"0"
1120,57,30,5151,"1"
3557,125,45,5140,"0"
2345,135,20,5139,"0"
10355,564,30,5155,"0"
620,22,22,5144,"1"
32160.6,1186,7,5146,"0"
7730,359,2,5145,"0"
31387,355,16,5144,"0"
9450,90,8,5139,"0"
2519,140,27,5146,"0"
2355,134,21,5141,"0"
4705,61,55,5139,"0"
4406.2,141,1,5141,"0"
8951.6,281,1,5145,"0"
2758,142,2,5145,"0"
1582.2,88,34,5145,"0"
15279.2,960,22,5144,"0"
6281.8,290,0,5141,"0"
679.6,31,52,5141,"0"
3962,138,23,5139,"0"
3886.2,401,13,5144,"0"
5516.4,253,6,5144,"0"
7996,443,24,5134,"0"
3713,213,36,5140,"0"
36135.8,1074,7,5138,"0"
43680.4,1248,1,5140,"0"
1143,65,21,5139,"0"
7136,349,14,5140,"0"
6810,86,56,5131,"0"
4335,242,16,5134,"0"
32766,1721,0,5133,"0"
36702.4,2177,0,5133,"0"
2944.57,3843,27,5131,"0"
42697,3182,6,5130,"0"
9597,433,0,5130,"0"
30870,382,2,5140,"0"
33792.8,1426,6,5140,"0"
1611,25,20,5138,"0"
17210,258,38,5141,"0"
13058,343,7,5134,"0"
1376,79,58,5133,"0"
18931,743,6,5132,"0"
86401,1083,1,5124,"0"
98065.6,3942,8,5119,"0"
3036,133,45,5126,"0"
4343,222,2,5125,"0"
24813,1310,1,5125,"0"
8885,287,42,5124,"1"
735.6,47,0,5119,"0"
96151.15,2935,2,5124,"0"
18252,215,36,5131,"0"
6651.8,274,1,5126,"0"
25966,1084,13,5125,"0"
2918,81,31,5132,"0"
2340,77,0,5133,"0"
3978,114,16,5124,"0"
4525,85,48,5123,"0"
2190,33,28,5123,"0"
5330,94,24,5123,"0"
1735,35,8,5123,"0"
600,7,15,5126,"0"
1565,24,29,5124,"0"
15147.6,1129,6,5131,"0"
8545,112,2,5132,"0"
163153.2,6987,0,5117,"0"
8843.65,311,1,5113,"0"
1412,76,15,5124,"0"
5978,341,2,5119,"0"
23993.65,1372,8,5113,"0"
7648.6,312,43,5123,"0"
44260,1601,42,5118,"0"
56134,2237,2,5119,"0"
32417.8,1719,1,5125,"0"
2541.8,76,44,5120,"0"
24454,747,1,5118,"0"
1174,67,29,5124,"0"
288,10,9,5120,"0"
9545.2,417,7,5118,"0"
14647,358,29,5110,"0"
2561,132,21,5104,"0"
18734,944,27,5110,"0"
5936.6,229,21,5104,"0"
17641.7,1164,14,5113,"0"
17484.4,1442,1,5113,"0"
144,8,8,5109,"1"
3214,46,3,5106,"0"
1998.06,224,34,5111,"0"
2182,72,0,5116,"0"
3373,102,10,5116,"0"
9880,186,1,5113,"0"
1392.6,72,20,5118,"0"
10406.8,388,43,5116,"0"
5147.2,183,9,5110,"0"
106880,4151,1,5118,"0"
8775,503,0,5105,"0"
11779,674,14,5106,"0"
3244,185,10,5105,"0"
3442,197,22,5102,"0"
11235,117,22,5109,"0"
135571.6,6837,3,5112,"0"
7295,747,51,5110,"0"
3853,240,50,5109,"0"
27893,1906,9,5110,"0"
11560,157,1,5105,"0"
4082.8,59,51,5103,"0"
14980,1498,13,5106,"0"
3790,49,21,5099,"0"
12499,529,44,5104,"0"
16128.92,1347,30,5106,"0"
10361.4,900,1,5106,"0"
4805,62,2,5102,"0"
24098.8,1984,3,5099,"0"
20687.2,848,8,5098,"0"
2500,110,6,5097,"0"
22844.4,687,7,5102,"0"
360,21,28,5098,"1"
10568,302,1,5106,"0"
1622,66,44,5098,"0"
31613.8,699,0,5098,"0"
61402.08,1239,1,5096,"0"
2754.4,161,16,5103,"0"
3596,106,7,5097,"0"
2174,203,56,5095,"0"
1596,82,0,5105,"1"
1782,75,27,5103,"0"
19099.8,789,20,5105,"0"
71275.2,3223,6,5104,"0"
62401.8,1106,6,5104,"0"
384,10,1,5103,"1"
2846.4,274,52,5084,"0"
3428.6,195,13,5089,"0"
3922,190,20,5096,"0"
4763,64,34,5088,"0"
81455.79,1397,6,5082,"0"
3840.2,123,22,5092,"0"
4494.2,150,27,5098,"0"
18252.4,795,22,5089,"0"
46006.8,1647,0,5084,"0"
11497,248,28,5082,"0"
22787.65,750,6,5092,"0"
914.4,57,31,5099,"0"
2956,124,29,5081,"0"
3616.8,363,50,5076,"0"
60408.8,2034,1,5088,"0"
5746,144,44,5083,"0"
2794,100,7,5082,"0"
17384,494,2,5083,"0"
2107,121,9,5078,"0"
4430,54,37,5077,"0"
12740,182,8,5077,"0"
56456.8,2036,16,5070,"1"
40049.2,1829,6,5077,"0"
3652,190,22,5084,"0"
2203.2,110,50,5078,"0"
13529,456,15,5078,"0"
673907.8,27569,0,5081,"0"
21889.2,1088,6,5067,"0"
775,13,23,5082,"0"
3994.6,398,23,5081,"0"
35939.15,789,0,5063,"0"
5017.2,222,6,5070,"0"
11951.74,358,0,5070,"0"
9521,109,21,5071,"0"
22938.4,1155,13,5056,"0"
8057,251,41,5056,"0"
23239,986,22,5063,"0"
2478,100,48,5076,"0"
14774.4,592,31,5074,"0"
78640.12,1896,3,5074,"0"
32373,1529,1,5070,"0"
3030,175,58,5075,"0"
32486.4,922,9,5074,"0"
1305,54,29,5074,"0"
22336.4,561,0,5075,"0"
30676.72,1271,14,5075,"0"
2543.2,74,56,5075,"0"
19577.4,227,14,5070,"0"
9886.6,1148,9,5069,"0"
2100,60,2,5064,"0"
51209.2,3960,6,5063,"0"
5943.4,143,23,5067,"0"
3875,53,27,5062,"0"
46042,2348,0,5061,"0"
3201,169,15,5062,"0"
3829.9,384,10,5057,"0"
5518,391,41,5064,"0"
20192.8,3174,6,5064,"0"
40210,1907,2,5057,"0"
12872,153,13,5053,"0"
2077,116,29,5060,"0"
12124,197,20,5053,"0"
20590,244,13,5053,"0"
70033.25,2707,0,5067,"0"
7047,259,27,5067,"0"
1562.8,60,15,5064,"0"
35026.9,1335,0,5068,"0"
10538,286,37,5068,"0"
2064,58,20,5068,"0"
2814.4,81,36,5063,"0"
4804,199,35,5063,"0"
2902,83,58,5069,"0"
30334,2071,29,5064,"0"
24956,1310,3,5056,"0"
80833.6,2637,1,5057,"0"
14558,318,42,5054,"0"
2728,76,7,5053,"1"
20295,276,2,5056,"0"
5566,159,1,5064,"0"
4233.2,122,23,5063,"0"
600,60,44,5047,"0"
14174.3,327,20,5050,"0"
25799,479,3,5061,"0"
6155,92,34,5061,"0"
36743.6,1670,2,5061,"0"
8593,538,44,5061,"0"
32762.8,1726,7,5056,"0"
3966,225,8,5055,"0"
5197,216,31,5055,"0"
13150,144,43,5055,"0"
13680,160,52,5055,"0"
1987.8,91,10,5047,"0"
5995.6,285,36,5053,"0"
3642,45,20,5049,"0"
12826.4,717,2,5055,"0"
8242,233,34,5050,"0"
2978.6,280,23,5053,"0"
178034.1,8025,2,5054,"0"
18460.7,542,0,5048,"0"
1610,46,30,5053,"0"
27458.6,873,0,5047,"0"
21350,265,28,5054,"0"
12854,176,3,5055,"0"
1308,75,34,5054,"0"
10575,113,1,5034,"0"
30024.4,607,13,5049,"0"
18826.6,733,7,5055,"0"
32499.8,1361,9,5054,"0"
2925,129,7,5049,"0"
5998,266,0,5054,"0"
8085,84,0,5049,"0"
6160.2,578,52,5053,"0"
2827,166,9,5054,"0"
6267.8,221,21,5054,"0"
8390,299,56,5054,"1"
2400,40,9,5050,"0"
3522,115,28,5043,"0"
4925,281,9,5040,"0"
16978,486,14,5049,"0"
25951.8,568,0,5043,"0"
5543,291,2,5035,"0"
1512.8,76,43,5043,"0"
30985,427,0,5043,"0"
74831,4072,2,5034,"0"
36778.78,2067,0,5047,"0"
995,100,38,5047,"0"
647244.4,30167,0,5043,"0"
18161.2,849,55,5043,"0"
1192,41,15,5049,"0"
16580,259,0,5041,"0"
1020,86,52,5046,"0"
2146,142,36,5032,"0"
146726.8,5857,42,5043,"0"
11548.15,449,30,5042,"0"
7791,300,22,5046,"0"
56783,2135,27,5046,"0"
3103,154,29,5046,"0"
11689.6,388,14,5043,"0"
6681.6,351,16,5039,"0"
1993,114,45,5036,"0"
4594,227,3,5033,"0"
5750,341,7,5033,"0"
2184.6,188,28,5034,"0"
20034.4,729,38,5032,"0"
2995.4,290,16,5027,"0"
18471.6,694,44,5027,"0"
3658,159,7,5042,"0"
45877,967,9,5033,"0"
26938.9,544,10,5028,"0"
52525.6,1908,1,5041,"0"
5198.8,241,28,5036,"0"
8497.8,286,1,5040,"0"
36750.4,1343,13,5033,"0"
12085,232,22,5035,"0"
3720,183,34,5039,"0"
27573.05,958,0,5034,"0"
4862,171,6,5034,"0"
13355,501,2,5033,"0"
19140,944,14,5041,"0"
11770,158,9,5034,"0"
3486.63,68,28,5034,"0"
1828,50,30,5027,"0"
8729,140,7,5028,"0"
4570.16,404,48,5036,"0"
18351.92,1381,0,5032,"0"
14326,774,10,5020,"0"
8206,416,14,5025,"0"
8667.4,176,28,5021,"0"
16820,709,7,5028,"0"
3002,141,21,5028,"0"
122822.8,5832,3,5022,"0"
3335,48,29,5021,"0"
26986.4,2177,2,5032,"0"
5040,286,49,5027,"0"
3595.4,195,20,5018,"0"
156275.2,7517,0,5020,"0"
2245,129,3,5025,"0"
1239.6,69,34,5026,"0"
1915,25,30,5026,"1"
3320,185,10,5007,"0"
10370,133,28,5012,"0"
3240,46,13,4993,"0"
4855.2,483,15,5022,"0"
40225.75,1213,0,5020,"0"
1125,67,2,5001,"0"
1074,53,59,5014,"0"
10850.2,400,7,5018,"0"
29541.72,546,3,5015,"0"
2583,148,58,5014,"0"
37484.6,1629,2,5014,"0"
43900.8,1411,0,5018,"0"
183900,5806,2,5013,"0"
1292,73,29,5012,"0"
1840,20,1,5007,"0"
92422.94,3795,13,5013,"0"
10308.6,422,0,5013,"0"
71452.2,2830,9,5011,"0"
4362.8,440,59,5014,"0"
19550,563,56,5004,"0"
1212,69,22,5001,"0"
16941,690,7,5005,"0"
10202,510,8,4984,"0"
17602.6,923,1,5006,"0"
7016.9,841,29,5001,"0"
15385,654,2,5013,"0"
1880,57,31,5012,"0"
932192.3,49526,0,5008,"0"
908,45,57,5006,"0"
2734.6,243,29,5006,"0"
6784.22,174,22,5004,"0"
5641,205,48,5007,"0"
6436,259,8,5005,"0"
15540,883,6,5006,"0"
7934,423,23,5011,"0"
6840,78,20,5011,"0"
22913,1289,1,5006,"0"
1777.4,79,30,5001,"0"
8968,375,2,4999,"0"
13232.21,366,8,4998,"0"
38410,2224,3,4977,"0"
19910,222,6,5005,"0"
1475,85,35,5005,"1"
2807,162,22,5000,"0"
9510,730,23,4987,"0"
2235,59,55,4984,"0"
12404.8,567,44,4990,"0"
3529,202,2,5006,"0"
92497.4,2605,9,4997,"0"
3597.4,113,10,5004,"0"
56140,2971,6,5007,"0"
6695.2,367,22,5005,"0"
5047.6,207,3,5000,"0"
1152,57,14,4999,"0"
9080,196,45,5005,"0"
24755,271,10,4997,"0"
25316,859,34,4994,"0"
5609.6,119,0,4994,"0"
12034,1057,6,4993,"0"
3960,47,44,4985,"0"
25880.2,856,24,4994,"0"
6774,187,8,4990,"0"
3060,88,51,4987,"0"
3038,67,22,4991,"0"
185667.2,8493,6,4977,"0"
3713.6,258,1,4987,"0"
2914.2,274,29,4983,"0"
4073,146,7,4985,"0"
21471.6,895,1,4993,"0"
839,41,56,4990,"0"
47512.2,2020,30,4990,"0"
12295,141,23,4990,"0"
2789.4,160,1,4990,"0"
2269,141,29,4994,"0"
6244.4,522,8,4997,"0"
23541.8,702,8,4992,"0"
19912.16,395,0,4971,"0"
15017.95,289,1,4992,"0"
11649.2,239,7,4983,"0"
22550,310,7,4985,"0"
44528.05,738,6,4969,"0"
17701,301,5,4990,"0"
5085,289,6,4987,"0"
2024,116,2,4984,"0"
21585.2,937,6,4983,"0"
25267.4,1327,6,4978,"0"
38383.2,2108,6,4977,"0"
5450,224,24,4991,"0"
4312,162,20,4991,"0"
22511,662,23,4985,"0"
4078.4,198,37,4984,"0"
28755.4,928,7,4983,"0"
9050,476,3,4985,"0"
6913.2,362,20,4979,"0"
19162.84,686,9,4977,"0"
2620,30,57,4971,"0"
4933,76,21,4978,"0"
7138.2,813,7,4971,"0"
7824,353,14,4966,"0"
23294,268,29,4978,"0"
35977.6,1396,1,4984,"0"
7957,256,41,4983,"0"
10379,592,3,4980,"0"
12756,194,0,4970,"0"
8926.39,347,9,4986,"0"
8767,437,6,4984,"0"
18342.8,892,15,4979,"0"
18507.4,884,23,4977,"0"
15562.6,1554,20,4985,"0"
5091.2,505,9,4984,"0"
6148,359,2,4978,"0"
9260,341,3,4986,"0"
1082.8,29,3,4984,"0"
11930,413,34,4965,"0"
2323.6,98,37,4966,"0"
1532,50,30,4972,"0"
18074,334,2,4964,"0"
2784.2,154,56,4964,"0"
11223.15,244,0,4964,"0"
50051.6,1975,3,4965,"0"
2739,155,31,4969,"0"
5328,307,44,4969,"0"
2630,27,51,4965,"0"
273348.2,7455,0,4977,"0"
3419,200,0,4973,"0"
4825,73,2,4970,"0"
13005,160,1,4971,"0"
21272,1164,2,4963,"0"
29173.05,1561,6,4952,"0"
23790,997,10,4964,"0"
13507.4,648,27,4963,"0"
49022.8,1735,3,4962,"0"
36157,1841,9,4959,"0"
2613,153,22,4958,"0"
9906,490,34,4969,"0"
2798,80,30,4963,"0"
502643.8,16918,0,4957,"0"
4600,133,55,4955,"0"
10924.4,420,16,4948,"0"
4295,57,13,4962,"0"
10946,313,59,4966,"1"
2571,139,15,4965,"0"
24080,978,9,4962,"0"
21498.2,1197,7,4958,"0"
2532,72,51,4972,"0"
47885.2,1747,1,4971,"0"
9995.2,159,15,4966,"0"
433999,20000,8,4964,"0"
26798,326,13,4964,"0"
15985.35,298,21,4963,"0"
1400,85,37,4962,"0"
20503.6,930,0,4959,"0"
8310,473,8,4965,"0"
9246,306,21,4955,"0"
9031,495,16,4959,"0"
985,19,6,4958,"0"
13607.32,298,15,4952,"0"
4336.6,244,30,4930,"0"
9148.6,300,9,4955,"0"
26625,265,14,4950,"0"
18166,582,1,4959,"0"
102521,5527,1,4945,"0"
3998,228,16,4944,"0"
46654,2349,1,4943,"0"
7711.2,439,8,4944,"0"
102887.6,4322,22,4942,"0"
33152.8,1516,10,4942,"0"
2748,80,29,4942,"0"
1119.2,63,29,4955,"0"
9058,211,2,4938,"0"
72044.4,5078,6,4944,"0"
1826.6,132,51,4957,"0"
5748.8,315,24,4957,"0"
6205,82,8,4951,"0"
10640,137,14,4951,"0"
2778,69,59,4945,"0"
1855,23,22,4943,"0"
7654.14,327,8,4945,"0"
2926,83,2,4943,"0"
1366.4,76,48,4941,"0"
3865.8,113,48,4941,"0"
11580.6,512,10,4934,"0"
174586.8,6879,6,4934,"0"
9089.2,918,8,4937,"0"
4747.6,461,59,4943,"0"
32915,485,3,4942,"0"
17918.4,591,10,4936,"0"
3092.6,144,0,4937,"0"
3351,51,0,4937,"0"
3766,128,14,4937,"0"
3356.8,217,8,4934,"0"
6696,259,7,4937,"0"
3560,170,43,4941,"0"
21505.4,242,9,4938,"0"
3916,112,14,4924,"0"
1144,66,45,4931,"0"
77807.2,3344,1,4929,"0"
10646.8,463,8,4923,"0"
5193,297,57,4934,"0"
2582.6,127,13,4934,"0"
3690.2,193,28,4931,"0"
18173.8,1136,38,4936,"0"
20764,822,8,4921,"0"
4460.96,114,36,4920,"0"
6680,380,3,4923,"0"
1786,103,13,4927,"0"
56228.6,1979,2,4924,"0"
37748,931,6,4916,"0"
17978.2,1087,121,4929,"0"
6416.8,309,8,4915,"0"
7841.6,754,13,4909,"0"
10365,129,0,4927,"0"
57069.8,2706,6,4924,"0"
30267,520,1,4924,"0"
26887.4,1118,6,4921,"0"
3280,80,27,4908,"0"
14242,614,8,4907,"0"
14796.4,691,15,4928,"0"
5988,337,23,4927,"0"
9886,960,14,4921,"0"
4475,45,29,4927,"0"
13205,192,14,4928,"0"
7535.6,267,34,4922,"0"
16920,185,30,4934,"0"
1930,55,0,4927,"0"
7985,88,0,4922,"0"
20811.4,846,0,4906,"0"
71700,893,1,4902,"0"
59790,725,6,4901,"0"
84795,1044,2,4901,"0"
79305.8,3419,6,4913,"0"
15585.6,636,10,4908,"0"
117923.6,5428,2,4906,"0"
55658.54,1165,8,4921,"0"
49420.5,1849,1,4913,"0"
7186,91,20,4915,"0"
654630.2,35271,1,4907,"0"
1455,14,28,4909,"0"
42058.8,1063,2,4908,"0"
6382.8,178,0,4923,"0"
859.6,49,34,4909,"0"
21712,615,0,4924,"0"
15082,673,1,4908,"0"
3645,196,20,4922,"0"
54448.2,591,6,4909,"0"
16982,216,10,4907,"0"
17886.8,309,1,4903,"0"
10324.2,509,21,4901,"0"
108444.1,2448,2,4923,"0"
1348.2,97,1,4906,"0"
2848,50,35,4899,"0"
16538,889,16,4903,"0"
197285,2435,2,4906,"0"
1370,30,27,4892,"0"
3852,110,38,4902,"0"
1342,38,57,4914,"0"
111480,1482,1,4901,"0"
69745,873,9,4901,"0"
29754.6,1298,0,4895,"0"
2984,165,16,4900,"0"
22300.2,941,2,4899,"0"
3145,51,34,4902,"0"
12722.8,669,7,4900,"0"
4293,246,16,4893,"0"
27934.53,532,2,4899,"0"
38849.8,1926,9,4899,"0"
3400,60,36,4899,"0"
8502,531,9,4902,"0"
19269.6,691,0,4893,"0"
10184.8,594,1,4893,"0"
30649.67,585,9,4902,"0"
2409.96,206,51,4900,"0"
554,52,21,4888,"0"
13882,654,8,4893,"0"
19533,917,6,4895,"0"
6237.8,252,0,4893,"0"
7346.8,403,3,4900,"0"
9488,254,2,4887,"0"
1611.6,158,48,4887,"0"
13360.8,196,15,4887,"0"
4360.8,188,20,4893,"0"
17641.78,323,8,4893,"0"
52064.8,2153,0,4886,"0"
3190.8,354,35,4882,"0"
4038.2,224,13,4880,"0"
2221.2,127,48,4887,"0"
66311.76,3823,1,4882,"0"
3257,187,43,4892,"0"
5004.8,209,42,4889,"0"
26837.2,673,6,4886,"0"
8296.95,161,28,4881,"0"
1994,57,2,4892,"1"
93377.2,9650,1,4878,"0"
28057.9,1608,13,4873,"0"
680,62,31,4882,"1"
12072,664,1,4880,"0"
13829.4,718,10,4886,"0"
27725.6,1280,6,4881,"0"
21750.3,543,20,4880,"0"
3586.2,330,30,4875,"0"
12598,930,13,4885,"0"
4476,246,44,4892,"0"
5325,70,34,4886,"0"
5206,150,15,4879,"0"
4642,132,8,4878,"0"
4544.8,131,6,4878,"0"
29353.6,2363,2,4867,"0"
2034.4,182,30,4887,"0"
43587,1260,6,4885,"0"
19976,2068,28,4868,"0"
4962,289,34,4881,"0"
12849,414,21,4881,"0"
3260,32,55,4880,"0"
6317.4,282,27,4880,"0"
5511,245,7,4885,"0"
19584.8,1750,2,4874,"0"
13792,398,0,4879,"0"
41300,410,6,4879,"0"
3160.4,168,0,4878,"0"
65424.4,840,1,4880,"0"
2037.2,85,56,4872,"0"
1464,70,57,4875,"0"
97763.95,3668,0,4873,"0"
6494,289,23,2400,"0"
87381,1199,1,4866,"0"
50423,2773,2,4865,"0"
2423,132,43,4865,"0"
20604.6,670,0,4866,"0"
9145,143,7,4864,"0"
65048.8,2067,10,4860,"0"
5365.2,360,1,4864,"0"
23290,872,22,4873,"0"
7744,407,24,4871,"0"
6709.6,453,1,4871,"0"
13920,155,8,4872,"0"
4809.6,256,55,4878,"0"
175940,6667,1,4874,"0"
2930.2,304,56,4872,"0"
11274.8,1291,20,4872,"0"
7055.8,199,29,4873,"0"
4489,199,57,4866,"0"
700,21,29,4865,"0"
7136,369,8,4860,"0"
14392.2,200,21,4868,"0"
34741.84,1057,2,4858,"0"
40629.95,1354,10,4858,"0"
15890.8,1446,9,4857,"0"
10036,576,27,4867,"0"
17266,256,30,4864,"0"
10090,123,3,4864,"0"
6010,314,31,4871,"0"
18435,177,22,4871,"0"
7993.6,244,1,4866,"0"
4876,186,31,4840,"0"
21700,1033,1,4853,"0"
15507.4,740,28,4853,"0"
3984,55,22,4853,"0"
44953,608,3,4851,"0"
5321,303,37,4860,"0"
4056,119,43,4861,"0"
15173,1325,9,4858,"0"
8276.39,183,3,4857,"0"
2208,100,6,4864,"0"
450974,24124,1,4860,"0"
38709.55,1367,6,4845,"0"
3689.4,200,1,4858,"0"
96911,1498,0,4853,"0"
50687.6,2455,2,4852,"0"
2279.4,219,31,4853,"0"
2661.6,127,28,4852,"0"
3141,103,9,4859,"0"
39373.82,862,2,4840,"0"
8441.7,366,8,4840,"0"
3842,218,2,4860,"0"
650,14,55,4861,"0"
7167,228,2,4859,"0"
1483.2,46,8,4864,"0"
12217,524,1,4831,"0"
8013.6,866,0,4850,"0"
19870,254,1,4864,"0"
13944.4,361,6,4864,"0"
2797.2,292,3,4861,"0"
6425.2,317,10,4860,"0"
17966,370,0,4854,"0"
3960,57,2,4857,"0"
9391,174,22,4847,"0"
65776.8,2130,0,4845,"0"
106871.6,3844,6,4844,"0"
50781.1,2587,5,4845,"0"
4591.8,269,21,4857,"0"
4154,100,48,4857,"0"
5107,139,7,4853,"0"
2835.4,204,0,4852,"0"
22874.2,1228,3,4837,"0"
1453,160,27,4845,"0"
26884.2,1616,1,4858,"0"
34310.4,1536,7,4851,"0"
21515.8,398,1,4837,"0"
19750,234,6,4836,"0"
42035.6,1705,8,4857,"0"
2506,126,30,4852,"0"
39968,1395,0,4853,"0"
4555,245,23,4852,"0"
1160,87,23,4840,"0"
8920.2,436,8,4833,"0"
3258.8,126,21,4840,"0"
3204.8,213,28,4839,"0"
4808,239,20,4847,"0"
9062,191,2,4845,"0"
58470.76,1335,7,4845,"0"
8140.4,343,30,4843,"0"
17899.6,519,34,4843,"0"
99469,1930,6,4852,"0"
4287,204,22,4846,"0"
953.6,49,7,4852,"0"
16735,215,14,4847,"0"
10408,320,0,4854,"0"
10027.82,291,14,4850,"0"
38315,733,16,4847,"0"
16208.1,445,7,4850,"0"
49015.2,2254,3,4840,"0"
14410.4,786,1,4838,"0"
7925.44,405,20,4838,"0"
19666.3,698,7,4833,"0"
6308.4,187,15,4850,"0"
49060.45,1532,1,4846,"0"
3570,101,36,4846,"0"
7038.6,774,49,4843,"0"
9481,383,13,4838,"0"
18603.6,565,13,4837,"0"
89420,1162,0,4826,"0"
10360,447,7,4826,"0"
33579.6,948,6,4825,"0"
64790,774,7,4823,"0"
29095.2,1117,1,4831,"0"
4925,56,9,4831,"0"
22075,925,7,4830,"0"
7267.2,624,14,4830,"0"
3939,202,8,4836,"0"
18205.4,624,3,4832,"0"
3645,219,2,4844,"0"
5790,112,51,4838,"0"
2571,152,52,4843,"0"
17138,984,1,4839,"0"
4142,191,41,4839,"1"
1170.8,60,56,4833,"0"
73970,918,16,4846,"0"
2100,89,59,4845,"0"
11228,360,14,4844,"0"
2762,171,59,4843,"0"
3729.16,199,1,4837,"0"
3116,81,21,4836,"0"
4995,540,9,4830,"0"
7895,432,2,4830,"0"
4335,93,6,4826,"0"
6198,282,0,4831,"0"
33268,962,2,4829,"0"
6644,348,8,4831,"0"
7941.6,399,51,4836,"0"
1278,73,20,4833,"0"
11276,413,22,4832,"0"
72890,2744,0,4838,"0"
9383,278,6,4832,"0"
6649.13,170,1,4830,"0"
21262.6,699,7,4838,"0"
18151,349,10,4839,"0"
38962.2,1738,0,4822,"0"
14176,488,13,4831,"0"
8085,77,38,4825,"0"
8318.6,965,58,4836,"0"
17915,186,8,4319,"0"
22916.4,865,8,3226,"0"
14975,856,28,4832,"0"
2950,50,24,4830,"0"
37393.15,986,13,4829,"0"
83553.6,2497,48,4826,"0"
15530.3,426,42,4825,"0"
3686,166,28,4822,"0"
45224,668,0,4815,"0"
190920,2324,6,4825,"0"
4950,233,22,4824,"0"
2190,125,9,4823,"0"
10834,921,2,4819,"0"
13312,946,2,4819,"0"
6675,85,14,4816,"0"
8957,203,14,4823,"0"
17932,524,2,4829,"0"
18341.2,564,6,4823,"0"
4464,243,30,4830,"0"
3908,230,8,4824,"0"
3820,219,3,4824,"0"
150509.8,5013,2,4826,"0"
1289.4,52,1,4819,"0"
24036.16,640,1,4816,"0"
4675,183,28,4818,"0"
2126.2,87,37,4818,"0"
4110,68,16,4791,"0"
5731.4,614,36,4823,"0"
3515,146,20,4818,"0"
7962,194,14,4816,"0"
7438,305,3,4809,"0"
5960.1,162,42,4823,"0"
922.8,40,30,4822,"0"
16844,483,1,4822,"0"
10927.4,1010,1,4818,"0"
15325.6,473,20,4817,"0"
4095.4,172,57,4815,"0"
3228,121,30,4816,"1"
9690,457,16,4816,"0"
20791,1190,9,4808,"0"
360,20,6,4815,"1"
2666,75,37,4818,"0"
63990,703,0,4823,"0"
7868,100,16,4818,"0"
1842,53,45,4818,"0"
5211.35,177,59,4816,"0"
38777.6,1256,10,4811,"0"
7113,166,30,4805,"0"
3536,148,23,4802,"0"
53097.4,2953,6,4811,"0"
10577.6,279,15,4808,"0"
10000.4,162,16,4816,"0"
31316.1,7890,1,4801,"0"
2260.6,298,43,4805,"0"
8250,471,16,4810,"0"
1322,76,43,4809,"0"
6309,210,58,4808,"0"
1041.2,44,48,4815,"0"
4642.4,190,8,4812,"0"
4996.4,225,15,4810,"0"
43924.2,2352,10,4816,"0"
25005.4,625,2,4810,"0"
15101.2,209,37,4811,"0"
12412,355,9,4809,"0"
1833,104,43,4808,"0"
2425,40,10,4804,"0"
4748.1,147,1,4808,"0"
1034,47,49,4803,"0"
19235.8,786,0,4802,"0"
16895,205,8,4801,"0"
13893,199,7,4810,"0"
3425,35,52,4810,"0"
4592.8,305,23,4809,"1"
3079,176,36,4805,"0"
4240,55,9,4804,"0"
3606.8,161,30,4810,"0"
9527.2,674,21,4803,"0"
12373,448,23,4808,"0"
7830,146,14,4795,"0"
4024,53,58,4791,"0"
2646,150,45,4783,"0"
33221,1341,1,4794,"0"
1764,26,0,4797,"1"
12293,703,24,3206,"0"
7137.6,305,6,4796,"0"
2841,128,23,4791,"0"
2068.8,122,22,4796,"0"
11242.8,299,0,4803,"0"
7062.2,180,6,4801,"0"
9056.2,534,42,4797,"0"
2438,144,29,4791,"0"
99287.65,1803,6,4790,"0"
64179.6,2917,1,4798,"0"
17998.88,577,28,4789,"0"
5688,233,13,4797,"0"
5836,302,7,4773,"0"
154856.6,8545,3,4805,"0"
14641.65,282,0,4797,"0"
6789.2,316,23,4795,"0"
1453.6,28,20,4791,"0"
3215,37,8,4791,"0"
2040.4,63,28,4787,"0"
5572.2,248,21,4794,"0"
1919,91,9,4791,"0"
12222,369,29,4797,"0"
20230,376,30,4795,"0"
28069,592,13,4791,"0"
7777,278,24,4790,"0"
3313,134,56,4794,"0"
8780,163,22,4769,"0"
21798.9,1492,3,4784,"0"
1315,16,1,4787,"0"
8709,524,23,4795,"0"
3120,178,1,4790,"0"
4802.6,68,8,4790,"0"
32192,1853,1,4795,"0"
1885.56,40,51,4790,"0"
7036.8,365,36,4787,"0"
4406,229,10,4782,"0"
1738,54,8,4789,"0"
3392.6,139,20,4781,"0"
25899.65,416,3,4788,"0"
1580,90,15,4788,"0"
55319,2885,1,4791,"0"
41099.2,1436,0,4790,"0"
1202,69,15,4784,"0"
15355,196,9,4790,"0"
2731.2,163,13,4781,"0"
6234.4,79,29,4790,"0"
1104,52,44,4789,"1"
6826,316,28,4781,"0"
13783.2,643,13,4777,"0"
14737.8,843,10,4783,"0"
123340,1581,0,4777,"0"
17580,569,35,4789,"0"
8005,81,2,4783,"0"
18295,289,16,4787,"0"
17251,229,7,4782,"0"
1439,82,44,4788,"0"
20989,888,21,4784,"0"
18377.6,215,1,4787,"0"
4855,187,14,4783,"0"
30190.4,1050,0,4768,"0"
1666,95,21,4774,"0"
8845,474,9,4782,"0"
3600,185,2,4767,"0"
461,25,29,4766,"1"
181932,6932,10,4776,"0"
3554.4,145,7,4776,"0"
21835.89,688,1,4768,"0"
9820.2,552,7,4781,"0"
162366.8,7617,3,4781,"0"
3214,172,37,4782,"0"
15107,863,0,4777,"0"
23469.8,683,6,4767,"0"
76197.65,6488,0,4769,"0"
33425,1197,0,4774,"0"
11152.6,598,27,4782,"0"
3990,53,20,4777,"0"
36918.74,743,6,4782,"0"
11540,1041,37,4782,"0"
9233.2,517,20,4782,"0"
23490,1223,14,4777,"0"
582,22,10,4775,"0"
1760,22,28,4775,"0"
1284.2,129,57,4774,"0"
28216.6,1760,1,4770,"0"
2863.2,106,5,4769,"0"
10616,124,41,4768,"0"
6313,299,21,4775,"0"
27444.2,981,9,4768,"0"
11493.6,640,1,4766,"1"
25090,1190,2,4774,"0"
7760,100,3,4773,"0"
6404,256,3,4769,"0"
8263.8,176,23,4769,"0"
75555.2,3541,1,4767,"0"
2222,95,36,4766,"0"
1137,64,45,4696,"0"
32649.2,1050,1,4773,"0"
7890,78,29,4773,"0"
488,13,37,4776,"0"
1905,20,42,4775,"1"
1925.4,204,34,4773,"0"
83902.2,1574,2,4770,"0"
2104.4,105,23,4768,"0"
4138.4,316,8,4768,"0"
5605,621,3,4767,"0"
17328.8,705,3,4766,"0"
10463.52,285,20,4626,"0"
1048.4,53,23,4626,"0"
138001.9,6070,0,4768,"0"
55332,2261,3,4742,"0"
4344,127,8,4755,"0"
7125.81,121,6,4768,"0"
8188.6,391,6,4767,"0"
2868.8,288,9,4753,"0"
19425.2,1003,51,4767,"0"
3304,148,15,4766,"0"
9465,139,23,5775,"0"
3488,204,3,5777,"0"
3755.6,209,21,5777,"0"
14530,146,22,5776,"0"
3280,121,10,5776,"0"
7240.8,336,0,5776,"0"
6212,281,24,5776,"0"
4283.2,227,10,5776,"0"
9762.2,334,0,5775,"0"
2998,173,29,5749,"1"
2901,166,0,5754,"0"
5458,179,10,5767,"0"
3187,141,43,5763,"0"
9390,98,55,5725,"0"
3037,134,28,5736,"0"
17280.6,689,10,5762,"0"
3870,221,3,5630,"0"
36527.66,913,1,5748,"0"
5138.8,239,24,5764,"0"
14022.8,721,6,5755,"0"
46095.6,2729,3,5767,"0"
30210.2,898,2,5747,"0"
4705,54,6,5760,"0"
10503.4,761,28,5755,"0"
98201.3,4616,0,5753,"0"
1995,30,27,5750,"0"
4750.4,136,27,5762,"0"
1835,26,36,5748,"0"
31433.9,1471,0,5743,"0"
24826.2,980,13,5761,"0"
3961.2,186,37,5760,"0"
19283,1656,8,5750,"0"
2285,27,58,5747,"0"
2165.6,98,42,5746,"0"
3396,153,38,5743,"0"
31955.55,577,44,5748,"0"
75201,2687,2,5750,"0"
28526.4,1067,3,5748,"0"
40286.4,2165,1,5741,"0"
10580,118,7,5747,"0"
111251,4115,1,5743,"0"
21165,1065,14,5749,"0"
4332.4,194,3,5749,"0"
890,52,58,5743,"0"
4574.8,258,31,5733,"0"
5248.8,271,44,5735,"0"
59252.2,2696,28,5736,"0"
3385,37,35,5736,"0"
24460.2,733,20,5746,"0"
9930,118,28,5742,"0"
7906,227,16,5734,"0"
11614.6,591,6,5741,"0"
43897,623,6,5736,"0"
4498.8,171,21,5740,"0"
9942.8,472,16,5739,"0"
13407.2,712,1,5741,"0"
2120,29,1,5746,"0"
5701.8,293,15,5743,"0"
5730,102,29,5743,"0"
49518,1439,6,5734,"0"
2707,154,9,5734,"0"
6169.35,339,24,5684,"0"
6275.4,373,21,5727,"0"
16008,801,1,5735,"0"
1900,32,51,5735,"0"
7304.74,133,22,5736,"0"
4335,80,31,5726,"0"
4219.2,223,22,5720,"0"
2844,157,2,5721,"0"
4732,199,50,5721,"0"
3560,51,48,5721,"0"
5439.5,282,37,5680,"0"
1248,60,58,5669,"0"
453.6,21,20,5733,"1"
13238.6,202,2,5733,"0"
13638.4,594,2,5733,"0"
5918.8,320,9,5733,"0"
16297,828,9,5733,"0"
47541.2,786,3,5727,"0"
208196.4,10551,1,5727,"0"
2808,162,43,5735,"0"
2295,132,22,5734,"0"
27164,777,7,5733,"0"
5460.6,264,22,5732,"0"
2890.6,276,51,5732,"0"
1070.8,84,58,5732,"0"
1531,134,30,5732,"0"
7532.9,445,23,5732,"0"
4697.8,474,42,5732,"0"
3918.6,449,13,5732,"0"
4115.4,66,20,5732,"0"
7576.4,618,41,5729,"0"
467,44,37,5729,"1"
12776.4,339,0,5690,"0"
2974,68,30,5707,"0"
1330,72,56,5714,"0"
2975,339,29,5711,"0"
77619,1883,36,5721,"0"
7090.6,277,1,5714,"0"
6938,198,15,5718,"0"
7582.4,341,16,5718,"0"
6065.59,119,20,5718,"0"
23401,551,1,5550,"0"
11037.4,320,0,5701,"0"
16137.2,651,28,5720,"0"
22039.4,1443,7,5721,"0"
57845,2585,7,5718,"0"
2380,40,31,5729,"0"
2576.8,285,50,5729,"0"
2533.2,141,59,5729,"0"
2028.4,47,20,5729,"0"
53769.4,1176,2,5729,"0"
2773.4,271,37,5729,"0"
17967,871,1,5729,"0"
11806.17,260,1,5729,"0"
8923,348,2,5729,"0"
2128.8,93,9,5729,"0"
6552.6,705,22,5729,"0"
1504,87,6,5729,"0"
5347,74,9,5729,"0"
11414.4,444,1,5722,"0"
21105,292,8,5708,"0"
3150,44,1,5683,"0"
9191.6,492,2,5662,"0"
12041.2,525,1,5627,"0"
974,56,57,5707,"0"
112114,4914,0,5704,"0"
5465,61,16,5679,"0"
18280,354,6,5707,"0"
8690,504,55,5706,"0"
12963.8,592,8,5698,"0"
438,13,27,5697,"0"
3730.6,102,29,5719,"0"
67730.6,2331,1,5718,"0"
3315.4,144,41,5713,"0"
11870,142,27,5708,"0"
21160.2,763,23,5708,"0"
280138,10951,2,5713,"0"
30838.4,1078,1,5713,"0"
12250,1183,8,5714,"0"
3396,100,57,5711,"0"
8126,429,23,5721,"0"
7601.4,129,52,5715,"0"
9100.8,145,35,5714,"0"
6767.6,360,6,5713,"0"
19922.2,262,30,5712,"0"
1661.2,170,34,5711,"1"
5260.67,112,23,5701,"0"
4176.8,138,57,5704,"0"
3245,49,21,5700,"0"
10997.2,618,29,5708,"0"
7573,303,8,5680,"0"
11702,327,3,5713,"0"
23545,413,0,5700,"0"
7818.2,166,9,5707,"0"
3916,225,30,5705,"0"
3123.6,115,3,5687,"0"
46423,1809,0,5657,"0"
6496,186,21,5697,"0"
2040,49,37,5699,"0"
12239.8,490,44,5704,"0"
1789,94,31,5690,"0"
22273.71,4217,7,5699,"0"
313574,17792,2,5694,"0"
5022,243,21,5697,"0"
26915.25,477,9,5663,"0"
7675,107,16,1980,"0"
4596.2,488,8,1977,"0"
4982.4,232,3,1974,"0"
40925.4,773,5,1973,"0"
6889,85,22,5692,"0"
13296,614,22,5694,"0"
41535.2,2277,1,5666,"0"
1853,106,13,5635,"0"
8324,280,8,5699,"0"
59247,1268,1,5691,"0"
91418,4182,14,5690,"0"
4098,219,35,5690,"0"
5864,256,8,5685,"0"
5344,300,2,5693,"0"
2032,77,14,5664,"0"
4197,81,7,5634,"0"
6276,237,7,5672,"0"
5162,184,45,5676,"0"
5108,220,56,5679,"0"
3954.8,166,27,5678,"0"
7761.6,321,29,5684,"0"
23913.6,983,1,5678,"0"
71347,5886,0,5673,"0"
36277.45,1012,6,5683,"0"
108789.4,2932,0,5679,"0"
18882,702,0,5684,"0"
8600.4,341,23,5679,"0"
1594,47,59,5679,"0"
45104.41,1117,2,5620,"0"
7022.2,590,3,5672,"0"
20045,216,30,5669,"0"
3576.4,101,48,5679,"1"
11345,133,43,5672,"0"
4195.8,220,36,5662,"0"
17229.8,637,7,5627,"0"
1863,106,2,5673,"0"
2169,76,51,5657,"0"
8130,146,13,5656,"0"
2413,138,22,5666,"0"
1330,27,30,5665,"0"
6914,396,21,5650,"0"
3432,229,7,5673,"0"
4656.6,417,6,5664,"0"
16210.2,751,6,5663,"0"
19603.6,1094,16,5679,"0"
24363.4,1315,9,5679,"0"
7454,245,3,5673,"0"
53789.1,3205,3,5670,"0"
4340,61,24,5665,"0"
11049.88,223,13,5656,"0"
24235.57,1048,9,5663,"0"
7388.65,181,10,5662,"0"
9965,114,49,5652,"0"
14626,833,16,5652,"0"
4055,47,49,5666,"0"
3713,211,3,5666,"0"
28136.6,975,2,5663,"0"
10060,128,9,5659,"0"
6450,231,8,5634,"0"
17228,427,5,5631,"0"
39439.8,2030,2,5644,"0"
15150.8,778,8,5656,"0"
16113.4,513,6,5652,"0"
203660,9811,2,5599,"0"
2567.6,153,30,5656,"0"
4596.4,229,24,5636,"0"
4974,140,48,5651,"0"
4329,264,23,5636,"0"
5421,310,7,5556,"0"
6044,228,22,5656,"0"
8066,230,27,5656,"0"
4688,177,10,5631,"0"
9835,145,13,5637,"0"
59127.26,2606,20,5636,"0"
48124.2,3586,1,5637,"0"
3560,45,51,5637,"0"
1769.2,187,58,5634,"0"
3313,159,1,5643,"0"
19049,1223,3,5631,"0"
12811,607,37,5655,"0"
3537,202,20,5655,"0"
9294,533,9,5655,"0"
24757.47,793,1,5631,"0"
2270,29,41,5621,"0"
20658.97,410,14,5645,"0"
17052.51,385,6,5637,"0"
22948,1956,1,5636,"0"
81347.6,3663,2,5636,"0"
2350,34,29,5631,"0"
26056.6,1404,0,5630,"0"
5210,62,29,5628,"1"
2349,135,3,5565,"0"
6571.8,264,14,5634,"0"
22880,290,9,5546,"0"
1634,93,22,5629,"0"
47824,2748,1,5613,"0"
10128,124,23,5630,"0"
21576.8,1035,0,5620,"0"
10740,167,3,5620,"0"
63908.4,3426,1,5624,"0"
6657,215,7,5546,"0"
420,24,24,5623,"0"
28575.1,919,0,5630,"0"
14334,1010,8,5620,"0"
4830.4,538,1,5623,"0"
20734.15,489,9,5632,"0"
20620,246,9,5628,"0"
18498.4,990,27,5622,"0"
6098.6,327,36,5620,"0"
14091,647,14,5543,"0"
9342.6,313,3,5628,"0"
20998,1246,9,5628,"0"
8326.4,320,7,5544,"0"
10477.8,325,14,5630,"0"
8468,328,0,5624,"0"
10741.2,536,20,5623,"0"
46012.2,1280,14,5623,"0"
5825,75,22,5610,"0"
10203.4,476,43,5622,"0"
9989,466,8,5565,"0"
3199.6,123,20,5560,"0"
3049.2,143,3,5627,"0"
2757,260,30,5627,"0"
3325,42,23,5627,"0"
8725.2,179,16,5565,"0"
10975,123,14,5523,"0"
10094,579,13,5621,"0"
23580,832,2,5617,"0"
18294,776,2,5621,"0"
2748,80,43,5621,"0"
2066,119,14,5620,"0"
25835.6,972,2,5592,"0"
16165.8,799,1,5592,"0"
15596.4,517,20,5518,"0"
1327.8,55,20,5505,"0"
7585,94,21,5553,"0"
25626,1878,0,5567,"0"
5290,63,56,5561,"0"
1935,25,37,5564,"0"
5511.8,143,37,5559,"0"
17509,437,28,5568,"0"
16476.6,1678,13,5571,"0"
11767.6,1148,0,5567,"0"
2175,34,1,5285,"0"
1725,104,49,5270,"0"
6645,75,6,5272,"0"
2239.2,125,20,5279,"0"
1559.2,201,28,5277,"0"
7632.2,129,0,5274,"0"
36271.6,1663,2,4859,"0"
9797.6,265,50,5259,"0"
9281.8,451,2,5264,"0"
2723,131,35,4816,"0"
2346,82,38,5263,"0"
24708.2,810,15,5088,"0"
2009,66,50,5263,"0"
4000,220,20,5270,"0"
8899.6,418,28,5271,"0"
27732,1972,6,5270,"0"
6816,361,6,4858,"0"
4970,72,8,5214,"0"
3166,149,1,5144,"0"
964,55,30,4689,"0"
2492,110,59,5560,"0"
84279.2,4704,0,5561,"0"
1594,80,52,5560,"0"
4236.33,360,22,5557,"0"
9838,538,3,5554,"0"
7890,103,16,5550,"0"
114596.2,5860,3,5560,"0"
25708.4,1103,22,5561,"0"
48116.6,2034,24,5561,"0"
4426,252,8,5559,"0"
26338.4,1706,10,5530,"0"
6820,74,43,5551,"0"
16604,715,1,5519,"0"
1443,82,36,5524,"0"
14734,495,3,5565,"0"
27411,1299,1,5559,"0"
14343,560,1,5557,"0"
4714,136,30,5565,"0"
4814,277,14,5560,"0"
60552,1702,0,5559,"0"
7392,269,0,5558,"0"
6551.9,144,6,5558,"0"
9093.8,245,9,5558,"0"
4550,237,15,2333,"0"
1899,109,51,5552,"0"
106763.6,3989,27,5553,"0"
44438,1846,15,5553,"0"
7696.6,803,30,5552,"0"
38485,1337,1,5553,"0"
31919.6,1207,1,5554,"0"
4520,258,6,5537,"0"
2596,141,37,5551,"0"
33034.6,1142,6,5547,"0"
12434,457,31,5557,"0"
29431.6,1008,1,5553,"0"
22799.2,546,13,5553,"0"
360,10,9,5552,"0"
1972,29,40,5557,"0"
2318.84,65,44,5553,"0"
11074.29,244,22,5551,"0"
266.4,26,6,5557,"0"
277715.4,11690,1,5554,"0"
12695.6,488,55,5552,"0"
14497.6,817,28,5545,"0"
9233,453,2,5543,"0"
8796,265,52,5536,"1"
1068.8,57,35,5553,"1"
4314.2,437,1,5551,"0"
28904.78,614,1,5518,"0"
29449.07,638,10,5518,"0"
29980.01,657,8,5518,"0"
7561,105,2,5533,"0"
20754,270,0,5522,"0"
14402,170,37,5455,"0"
23312.2,639,0,5546,"0"
47046.8,1314,0,5546,"0"
180,10,15,5545,"0"
1470,14,10,5547,"0"
20269.86,315,22,5543,"0"
13129,758,10,5543,"0"
679.2,32,22,5543,"1"
1778,101,57,5539,"0"
14344,651,41,5539,"0"
6811.2,389,3,5539,"0"
9489.6,549,15,5539,"0"
4893,103,1,5538,"0"
2664,44,36,5505,"0"
8435.2,273,7,5544,"0"
12924.8,352,24,5544,"0"
19911,1040,0,5540,"0"
206518,3628,0,5532,"0"
25954,511,1,5531,"0"
7664.56,583,8,5539,"0"
52042,3077,0,5537,"0"
10935,168,34,5543,"0"
7648.8,289,7,5540,"0"
3446.8,177,21,5538,"0"
5680,404,16,5543,"0"
6601,379,43,5537,"0"
16424.47,355,6,5536,"0"
2928,90,22,5529,"0"
706.4,67,50,5530,"0"
3614.8,274,34,5530,"0"
4259,232,29,5530,"0"
23936,904,15,5525,"0"
6256.6,348,2,5497,"0"
20669.8,920,0,5497,"0"
447126.2,13790,0,5529,"0"
16963.93,486,0,5526,"0"
1103,63,2,5524,"0"
19930,1910,2,5526,"0"
25155,2375,1,5526,"0"
24365,2273,1,5526,"0"
3795,50,51,5532,"0"
8730,477,14,5498,"0"
15833,446,2,5526,"0"
7223.6,311,10,5536,"0"
11192,621,15,5533,"0"
15700.4,670,3,5533,"0"
4960,63,3,5532,"0"
45699.4,3214,10,5532,"0"
4432.8,158,1,5532,"0"
13933.6,778,3,5532,"0"
18531,552,10,5525,"0"
5001.8,171,23,5518,"0"
110255,5442,3,5517,"0"
5547,343,22,5525,"0"
23873.26,334,8,5530,"0"
9518,595,34,5530,"0"
320,5,48,5516,"0"
16155.2,411,16,5523,"0"
5375.4,79,1,5526,"0"
21378,609,48,5511,"0"
18433.04,612,13,5529,"0"
72859.6,1018,1,5525,"0"
3255,44,29,5525,"0"
162437.7,2678,3,5525,"0"
135297.2,4726,3,5529,"0"
4820,70,35,5525,"0"
3210,144,30,5515,"0"
8879.6,904,2,5529,"0"
12956.6,268,37,5482,"0"
24869.8,696,3,5515,"0"
32208,1106,6,5516,"0"
3066.26,70,23,5517,"0"
17412,1274,1,5501,"0"
876,53,51,5503,"1"
30558,391,8,5482,"0"
17035,974,3,5482,"0"
8495,114,29,5516,"0"
13442,401,6,5511,"0"
9200,264,2,5523,"0"
4903,225,2,5517,"0"
13158,375,31,5515,"0"
19483.6,777,9,5523,"0"
17138.8,1036,22,5519,"0"
32452.4,1001,0,5516,"0"
2797,53,29,5516,"0"
4078,163,13,5504,"0"
11072.61,216,21,5518,"0"
23499.2,812,23,5512,"0"
21431.8,1188,1,5508,"0"
10848.4,579,1,5512,"0"
7150,82,9,5463,"0"
50035.2,2466,43,5463,"0"
10296.2,375,15,5511,"0"
71801.6,2210,2,5509,"0"
2472,70,28,5505,"0"
21117.2,623,50,5510,"0"
8675,288,21,5509,"0"
7461.6,404,43,5515,"0"
1975,27,43,5512,"0"
5644.8,279,1,5511,"0"
6860,190,27,5501,"0"
1176,28,55,5509,"0"
3115,40,28,5505,"0"
4580,260,0,5481,"0"
36894,2675,2,5503,"0"
15758.86,1734,0,5509,"0"
14926.2,764,8,5503,"0"
43300,473,3,5503,"0"
21037,1872,0,5502,"0"
657,41,16,5498,"0"
34990,1443,9,5502,"0"
13104,569,41,5502,"0"
901,34,35,5498,"0"
13243.95,629,3,5496,"0"
11664.7,453,7,5502,"0"
1373.2,66,22,5503,"1"
7148.8,392,16,5501,"0"
2110,92,42,5498,"0"
20620,254,1,5504,"0"
13700,382,57,5504,"0"
15910,209,27,5504,"0"
4160,54,29,5454,"0"
4080,233,43,5454,"1"
4316.4,241,28,5494,"0"
1894,73,57,5489,"0"
2800,154,0,5461,"0"
1684,88,58,5482,"0"
1050,60,58,5480,"1"
6540,71,23,5477,"0"
5534,191,6,5495,"0"
15832.09,290,22,5503,"0"
21772.4,735,24,5502,"1"
5336.04,161,38,5502,"1"
13302.02,362,7,5501,"0"
5062,173,3,5498,"0"
151650,2460,2,5489,"0"
74508,3487,1,5489,"0"
22700.55,702,8,5495,"0"
13068.8,795,9,5501,"0"
132488,7663,6,5496,"0"
6638.6,373,8,5483,"0"
4056.4,135,9,5482,"0"
5552,111,51,2290,"0"
6058.4,241,0,5490,"0"
15399,767,0,5488,"0"
2151,107,1,5487,"0"
2758,247,14,5489,"0"
2558,152,57,5489,"1"
7163.6,615,2,5490,"0"
7602.4,313,2,5488,"0"
7182,379,1,5455,"0"
3938,225,10,5452,"0"
46230,2098,2,5490,"0"
9752.4,396,2,5495,"0"
180392.4,4047,0,5467,"0"
1534.8,47,13,5495,"0"
38165,449,3,5495,"0"
15647.6,653,7,5494,"0"
3217,107,23,5495,"0"
6597,355,21,5483,"0"
14364,568,6,5484,"0"
3894.4,204,35,5497,"0"
10817,646,16,5496,"0"
870.81,24,36,5484,"0"
7243,414,6,5483,"0"
139000.2,5280,13,5476,"0"
20424,587,3,5474,"0"
263721.4,12709,7,5476,"0"
3542,159,43,5466,"0"
7568,215,15,5480,"0"
43742,1641,0,5477,"0"
16722.6,886,20,5481,"0"
18149.75,643,8,5482,"0"
15537.35,476,10,5434,"0"
15062.7,422,38,5481,"0"
26814.8,1174,9,5468,"0"
2408.98,73,86,5480,"0"
2080.8,41,22,5476,"0"
27677,1307,9,5469,"0"
1248.4,134,8,5454,"1"
12291.2,513,1,5477,"0"
3145.2,51,34,5477,"0"
102069.2,1402,0,5474,"0"
108,4,57,5463,"1"
8740.8,457,42,5483,"0"
6239,126,5,5482,"0"
20283.45,436,13,5480,"0"
15986,865,1,5468,"0"
29241,1266,10,5462,"0"
2505,31,14,5469,"0"
1998.95,43,1,5474,"0"
68620,1986,1,5432,"0"
1649,95,48,5421,"0"
4567,260,43,5421,"0"
10680,180,14,5414,"0"
27072.72,689,21,5434,"0"
13225.62,579,14,5440,"0"
2052,94,49,5477,"0"
3036.05,74,36,5474,"0"
23071,744,10,5467,"0"
4944,207,1,5466,"0"
3233,183,10,5467,"0"
4817,262,35,5463,"0"
3581.2,179,28,5461,"0"
2923.6,154,56,5476,"0"
6661.4,380,2,5427,"0"
32135,397,3,5466,"0"
17162.4,1007,0,5468,"0"
3012.2,189,23,5459,"0"
7608.8,431,34,5461,"0"
73052,2548,0,5467,"0"
3084.03,71,31,5463,"0"
7450.61,153,20,5461,"0"
6022,191,2,5459,"0"
7101,210,7,5466,"0"
26799,362,21,5459,"0"
76987,1670,0,5453,"0"
24965.4,2245,3,5449,"0"
2903.2,268,31,5445,"0"
18315,241,0,5454,"0"
26681.2,678,0,5449,"0"
1526,75,0,5446,"0"
2098,118,10,5441,"0"
10962,623,34,5440,"0"
10549.2,478,13,5442,"0"
6496,429,9,5420,"0"
2337,45,43,5440,"0"
21212,1173,8,5438,"0"
5420,279,10,5438,"0"
2324.4,73,57,5459,"0"
5325.2,97,6,5455,"0"
7388.8,230,44,5410,"0"
13440.2,397,22,5410,"0"
4270.2,140,37,5455,"0"
5114.8,174,2,5442,"0"
8795.9,171,2,5461,"0"
3495,46,3,5459,"0"
71447.6,3163,0,5403,"0"
16347.2,730,0,5403,"0"
129574.4,5715,0,5461,"0"
2820,123,23,5460,"0"
2348,129,8,5460,"0"
107989.8,4296,2,5449,"0"
54569.41,2555,3,5448,"0"
22344,817,0,5449,"0"
13057.67,327,29,5448,"0"
35821.44,1091,13,5448,"0"
7615,84,37,5447,"0"
11997.6,479,0,5447,"0"
9494.4,434,9,5440,"0"
3514.4,127,0,5447,"0"
3982.6,77,36,5446,"0"
6860.4,132,30,5446,"0"
7577.3,161,3,5446,"0"
34849.6,1163,3,5445,"0"
22230.8,1018,6,5448,"0"
45503.2,3513,14,5446,"0"
77985.2,3801,6,5428,"0"
7135.2,261,15,5434,"0"
3239,188,50,5112,"0"
8440,390,20,5406,"0"
10413.6,550,3,5439,"0"
6955.6,308,2,5434,"0"
10723.4,506,0,5442,"0"
1212,69,14,5439,"0"
1005,10,21,5446,"0"
9473.8,1044,13,5445,"0"
8998,460,8,5433,"0"
5232,267,3,5424,"0"
4852.9,303,14,5425,"0"
7925.6,265,16,5434,"0"
7746,277,49,5433,"0"
15836,653,7,5439,"0"
16138,579,0,5439,"0"
1619.6,85,30,5439,"0"
126548,4892,2,5435,"0"
6744,236,13,5434,"0"
2820,36,58,5427,"0"
8765,112,0,5427,"0"
11352,313,0,5438,"0"
8575.95,170,35,5433,"0"
9866,142,33,5413,"0"
32744.2,1023,6,5438,"0"
2207,126,29,5433,"0"
26865,746,3,2269,"0"
22190,290,0,2267,"0"
4290,76,35,2106,"0"
79007,1998,2,5428,"0"
7667.2,376,0,5431,"0"
186553,10080,2,5431,"0"
3506,106,2,5432,"0"
4432,118,45,5425,"0"
9175,531,10,5412,"0"
5178,81,35,5375,"0"
1758,93,7,5432,"0"
10753.6,478,15,5428,"0"
3829,220,35,5434,"0"
350115.1,11622,1,5432,"0"
2904,121,20,5426,"0"
1949.6,93,31,5428,"0"
9020.8,382,15,5427,"0"
6715.2,351,56,5427,"0"
17293.6,502,3,5428,"0"
1028,40,24,5421,"0"
7817,125,58,5427,"0"
12823,509,0,5417,"0"
45963.6,1745,1,2092,"0"
92992.4,4026,3,2082,"0"
4886,214,23,5412,"0"
1370,18,2,5404,"0"
16100,204,0,5419,"0"
12000,144,0,5404,"0"
6344,332,7,5392,"0"
22493.4,872,8,5412,"0"
2537.6,244,10,5411,"0"
8168,417,9,5425,"0"
20290,252,34,5414,"0"
7682,101,30,5420,"0"
11020,314,13,5419,"0"
1980.4,101,13,5419,"0"
3662.4,107,30,5417,"0"
4024,210,2,5389,"0"
12082,354,38,5417,"0"
4702,256,58,5414,"0"
3635.6,106,2,5413,"0"
3367,177,51,5412,"0"
15940.6,464,22,5414,"0"
5705.22,138,16,5413,"0"
5152,173,45,5407,"0"
5643,301,20,5405,"0"
2186,128,36,2954,"0"
4814,275,10,2950,"0"
5956,170,22,5417,"0"
1038,41,29,2829,"0"
25783.2,1804,14,5412,"0"
58717.4,991,3,5404,"0"
1375,24,36,5397,"0"
2180,28,58,5400,"0"
38687,463,2,5405,"0"
33399.6,967,1,4343,"0"
5186,296,21,5398,"0"
7202,320,27,5406,"0"
8524,460,3,5391,"0"
3062,84,52,5406,"0"
1629,73,2,5411,"0"
47365,509,2,5413,"0"
40206,662,1,5413,"0"
1167,67,30,2877,"0"
4894,183,43,2848,"0"
3215,40,7,5405,"0"
18741.4,1270,29,5407,"0"
11235,137,9,5404,"0"
4802.2,183,20,5404,"0"
15951,187,16,5396,"0"
2865,149,28,5391,"0"
4122,188,48,5369,"0"
4200,307,0,2842,"0"
12017.8,529,7,5406,"0"
10959.4,485,27,5399,"0"
3358,186,23,5396,"0"
840,48,30,5396,"0"
334499.2,15040,3,5396,"0"
26691.11,472,0,5392,"0"
33401.83,1281,3,2841,"0"
24050,250,9,2830,"0"
10264.4,473,0,2829,"0"
11408,621,8,2829,"0"
4425,180,36,5396,"0"
14450,444,30,5404,"0"
3947,149,22,5400,"0"
19974,779,15,5389,"0"
16199.2,633,3,5389,"0"
2445,113,21,4341,"0"
20718.9,403,6,5398,"0"
8768,257,21,5399,"0"
15585.6,1528,14,5400,"0"
16625.8,797,42,5399,"0"
33174.2,1394,6,5397,"0"
9460,355,0,5403,"0"
2160,90,8,5398,"0"
4641.8,259,24,5392,"0"
4315.2,157,8,5391,"0"
38649,574,1,5200,"0"
14101.2,310,24,5137,"0"
35312.4,1481,8,5399,"0"
488056.6,34395,0,5399,"0"
9399.6,464,16,5391,"0"
810,13,45,4774,"0"
5420,82,9,4774,"0"
7856,339,21,4326,"0"
22458,515,6,4325,"0"
1032,57,48,5390,"0"
22940,314,9,2129,"0"
2003.6,63,29,2123,"0"
20387,1029,0,5396,"0"
12495,169,24,5391,"0"
11704.8,427,3,5391,"0"
11040.2,628,6,5386,"0"
8230,383,59,5384,"0"
47602,1055,0,2827,"0"
5323.6,262,15,2961,"0"
11634,525,6,2824,"0"
4258,124,58,5391,"0"
26413,818,6,5382,"0"
1390,62,30,5306,"0"
3799.8,195,15,5181,"0"
41328.4,1120,0,5140,"0"
6962,402,20,5383,"0"
29643.4,1648,6,5376,"0"
13105,157,16,2824,"0"
25025,315,8,5398,"0"
10492,471,2,5397,"0"
18877.15,675,8,4371,"0"
6980,92,56,5375,"0"
13638,602,15,5200,"0"
27970,327,9,2056,"0"
5077,205,30,2821,"0"
12890,1202,13,2820,"0"
9471,457,10,4935,"0"
18631.15,649,13,5378,"0"
43367,972,7,2108,"0"
32252.98,868,2,2654,"0"
23737.8,1162,15,5208,"0"
3870,44,48,2652,"0"
52891.8,1400,0,1883,"0"
6210,75,20,1882,"0"
3200,37,56,4369,"0"
904,24,23,4368,"1"
8141,405,23,4776,"0"
2785,40,2,4773,"0"
10236,212,1,4740,"0"
