"CustomerID","ProductID_1_sum","ProductID_2_sum","ProductID_3_sum","ProductID_4_sum","ProductID_5_sum","ProductID_6_sum","ProductID_7_sum","ProductID_8_sum","Pattern_0000010_sum","Pattern_0000100_sum","Pattern_0001000_sum","Pattern_0010000_sum","Pattern_0100010_sum","Pattern_1000010_sum","Pattern_1001010_sum","Pattern_1111110_sum","PaymentType_BT_sum","PaymentType_DD_sum","PaymentStatus_Paid_sum","PaymentStatus_Not.Paid_sum","StartDate_rec","RenewalDate_rec","PaymentDate_rec","NbrNewspapers_mean","NbrStart_mean","GrossFormulaPrice_mean","NetFormulaPrice_mean","NetNewspaperPrice_mean","ProductDiscount_mean","FormulaDiscount_mean","TotalDiscount_mean","TotalPrice_mean","TotalCredit_mean","Gender","District","ZIP","StreeID","Age","churn"
"100139",0,0,0,0,0,0,0,5,0,0,0,0,0,0,0,5,5,0,5,0,152,192,173,152,16,134.8,134.8,0.8868566,0,0,0,134.8,0,"M","5","3740","44349",46,"0"
"100246",0,0,0,0,0,0,0,3,0,0,0,0,0,0,0,3,3,0,3,0,152,192,167,304,15,247.666666666667,247.666666666667,0.814693,0,0,0,247.666666666667,0,"M","5","3740","44448",76,"0"
"1004392",0,0,0,0,0,0,2,0,1,0,0,0,0,0,0,1,2,0,2,0,107,NA,89,32,12,34.84,28.6,0.55,0,6.24,6.24,29.84,0,"M","1","2560","23762",51,"1"
"1005451",0,1,0,0,0,0,0,0,0,0,0,0,0,0,0,1,1,0,1,0,123,NA,124,152,25,144,72,0.473684,0,72,72,72,0,"M","1","2980","30445",70,"1"
"1005543",0,0,1,0,0,0,0,0,0,0,0,0,0,0,0,1,1,0,1,0,123,NA,124,152,25,144,72,0.473684,0,72,72,72,0,"M","1","2620","24963",61,"1"
"1005565",0,0,0,0,0,0,1,0,0,0,0,0,0,0,0,1,1,0,1,0,123,NA,124,152,25,144,72,0.473684,0,72,72,72,0,"F","1","2811","26383",61,"1"
"1005612",0,0,1,0,0,0,0,0,0,0,0,0,0,0,0,1,1,0,1,0,123,NA,124,152,25,144,72,0.473684,0,72,72,72,0,"M","1","2620","24901",24,"1"
"100579",0,0,0,0,0,0,0,3,0,0,0,0,0,0,0,3,3,0,3,0,152,192,166,304,15,247.666666666667,247.666666666667,0.814693,0,0,0,247.666666666667,0,NA,"5","3740","44455",61,"0"
"100633",0,0,0,0,0,0,0,4,0,0,0,0,0,0,0,4,4,0,4,0,62,91,61,303.5,15,243,243,0.79697125,0,0,0,241.9,-1.1,NA,"5","3740","44376",61,"1"
"1006986",0,0,0,0,0,0,1,0,0,0,0,0,0,0,0,1,1,0,1,0,123,NA,125,304,25,249,249,0.819079,0,0,0,249,0,NA,"2","3000","31086",61,"0"
"1008436",0,0,0,0,0,0,0,1,0,0,0,0,0,0,0,1,1,0,1,0,121,NA,103,152,25,144,88,0.578947,0,56,56,88,0,"F","5","3920","46597",61,"1"
"1008812",0,0,0,0,0,0,0,1,0,0,0,0,0,0,0,1,1,0,1,0,118,NA,105,152,25,144,88,0.578947,0,56,56,88,0,"M","5","3600","40928",61,"0"
"1008816",0,0,0,0,0,0,0,1,0,0,0,0,0,0,0,1,1,0,1,0,118,NA,104,152,25,144,88,0.578947,0,56,56,88,0,"F","5","3920","46597",61,"1"
"1009367",0,0,0,0,0,0,0,1,0,0,0,0,0,0,0,1,1,0,1,0,115,NA,105,152,25,144,88,0.578947,0,56,56,88,0,"M","5","3600","40855",61,"1"
"1010541",2,0,0,0,0,0,0,0,0,0,0,0,0,0,0,2,2,0,1,1,105,NA,96,152,25,144,144,0.947368,0,0,0,144,0,NA,"1","2610","24672",61,"0"
"1011188",0,0,0,0,0,0,0,1,0,0,0,0,0,0,0,1,1,0,1,0,107,NA,87,152,25,144,88,0.578947,0,56,56,88,0,"M","2","3220","0",61,"1"
"1012048",0,0,0,0,0,1,0,0,0,0,0,0,0,0,0,1,1,0,1,0,91,NA,91,304,25,259,259,0,259,0,259,0,0,"F","1","2460","21622",40,"1"
"1012112",0,0,0,0,0,1,0,0,0,0,0,0,0,0,0,1,1,0,1,0,61,NA,55,152,25,144,88,0.578947,0,56,56,88,0,"F","1","2340","19256",61,"1"
"1012128",0,0,0,0,0,0,1,0,0,0,0,0,0,0,0,1,1,0,1,0,91,NA,91,304,25,259,259,0,259,0,259,0,0,"M","2","1880","11467",31,"1"
"1012138",0,1,0,0,0,0,0,0,0,0,0,0,0,0,0,1,1,0,1,0,91,NA,91,304,25,259,259,0,259,0,259,0,0,"M","1","2040","13846",50,"1"
"1012153",0,1,0,0,0,0,0,0,0,0,0,0,0,0,0,1,1,0,1,0,91,NA,91,304,25,259,259,0,259,0,259,0,0,"M","1","2110","14745",46,"1"
"1012206",0,0,0,0,0,1,0,0,0,0,0,0,0,0,0,1,1,0,1,0,91,NA,91,304,25,259,259,0,259,0,259,0,0,"F","1","2275","17542",25,"1"
"1012277",0,0,0,0,0,1,0,0,0,0,0,0,0,0,0,1,1,0,1,0,91,NA,91,304,25,259,259,0,259,0,259,0,0,"F","1","2490","22360",51,"1"
"1012323",1,0,0,0,0,0,0,0,0,0,0,0,0,0,0,1,1,0,1,0,91,NA,91,304,25,259,259,0,259,0,259,0,0,"M","1","2660","25727",48,"1"
"1012360",0,1,0,0,0,0,0,0,0,0,0,0,0,0,0,1,1,0,1,0,91,NA,91,304,25,259,259,0,259,0,259,0,0,"M","1","2960","29685",41,"1"
"1012401",0,0,0,0,1,0,0,0,0,0,0,0,0,0,0,1,1,0,1,0,91,NA,91,304,25,259,259,0,259,0,259,0,0,"M","7","9120","102613",27,"1"
"1012448",0,0,0,0,1,0,0,0,0,0,0,0,0,0,0,1,1,0,1,0,91,NA,91,304,25,259,259,0,259,0,259,0,0,"F","7","9220","71269",27,"1"
"1012450",0,0,2,0,0,0,0,0,0,0,0,0,0,0,0,2,2,0,2,0,62,73,56,50.5,12.5,51.5,27,0.355263,0,24.5,24.5,27,0,"M","1","2640","25176",61,"1"
"1012459",0,2,0,0,0,0,0,0,0,0,0,0,0,0,0,2,2,0,2,0,60,62,55,50.5,12.5,51.5,27,0.355263,0,24.5,24.5,27,0,"F","1","2980","30521",64,"1"
"1012561",0,0,0,0,2,0,0,0,0,0,0,0,0,0,0,2,2,0,2,0,62,67,54,50.5,12.5,51.5,27,0.355263,0,24.5,24.5,27,0,"F","7","9190","70618",61,"1"
"1012984",0,0,0,0,2,0,0,0,0,0,0,0,0,0,0,2,2,0,2,0,60,62,47,44,12.5,44.74,27,0.355263,0,17.74,17.74,27,0,"M","7","9100","68706",50,"1"
"1013062",0,0,0,0,0,0,2,0,0,0,0,0,0,0,0,2,2,0,2,0,62,68,54,50.5,12.5,51.5,27,0.355263,0,24.5,24.5,27,0,"F","1","2560","23719",61,"0"
"1013184",0,0,0,0,1,0,0,0,0,0,0,0,0,0,0,1,1,0,1,0,101,NA,87,152,25,144,88,0.578947,0,56,56,88,0,"F","7","9170","70279",61,"1"
"101454",0,0,0,0,0,0,0,3,0,0,0,0,0,0,0,3,3,0,3,0,243,273,255,304,16.6666666666667,237.666666666667,237.666666666667,0.780687666666667,0,0,0,237.333333333333,-0.333333333333333,"M","5","3770","44677",64,"0"
"101481",0,0,0,0,0,0,0,3,0,0,0,0,0,0,0,3,3,0,3,0,335,364,341,304,16.6666666666667,237.666666666667,237.666666666667,0.780685666666667,0,0,0,237.333333333333,-0.333333333333333,"M","5","3770","44852",61,"0"
"1015231",0,0,0,0,0,0,2,0,0,0,0,0,0,0,0,2,2,0,2,0,31,34,34,66,17.5,66.868421,53,0.759512,0,13.868421,13.868421,53,0,"F","1","2500","22559",61,"0"
"1015557",0,0,0,0,0,1,0,0,0,0,0,0,0,0,0,1,1,0,1,0,86,NA,89,304,25,259,259,0.851974,0,0,0,259,0,"M","1","2370","19762",61,"1"
"1015972",0,0,3,0,0,0,0,0,0,0,0,0,0,0,0,3,3,0,2,1,48,53,53,61,11.6666666666667,54.5394735,38.5,0.469512,0,16.0394735,16.0394735,38.5,0,"F","1","2650","25392",61,"0"
"1016105",0,0,0,0,0,2,0,0,0,0,0,0,0,0,0,2,2,0,2,0,55,60,39,50.5,12.5,51.5,27,0.355263,0,24.5,24.5,27,0,"F","1","2450","21432",61,"1"
"1016126",0,0,0,0,0,0,0,2,0,0,0,0,0,0,0,2,2,0,2,0,32,34,27,107,17.5,103.013158,86.5,0.7290245,0,16.513158,16.513158,86.5,0,"M","5","3800","45206",30,"0"
"1016421",0,0,1,0,0,0,0,0,0,0,0,0,0,0,0,1,1,0,1,0,77,NA,89,152,25,144,72,0.473684,0,72,72,72,0,"M","1","2650","25464",50,"1"
"1016426",1,0,0,0,0,0,0,0,0,0,0,0,0,0,0,1,1,0,1,0,77,NA,89,152,25,144,72,0.473684,0,72,72,72,0,"F","1","2100","14643",45,"1"
"1016489",0,0,0,0,0,0,1,0,0,0,0,0,0,0,0,1,1,0,1,0,77,NA,89,152,25,144,72,0.473684,0,72,72,72,0,"F","2","3140","33936",31,"1"
"1016568",0,0,0,0,0,0,1,0,0,0,0,0,0,0,0,1,1,0,1,0,77,NA,89,152,25,144,72,0.473684,0,72,72,72,0,"F","1","2980","0",23,"1"
"1016574",0,0,0,0,1,0,0,0,0,0,0,0,0,0,0,1,1,0,1,0,77,NA,89,152,25,144,72,0.473684,0,72,72,72,0,"F","7","9140","69498",47,"1"
"1016777",0,0,0,0,2,0,0,0,0,0,0,0,0,0,0,2,2,0,2,0,53,55,42,50.5,12.5,51.5,27,0.355263,0,24.5,24.5,27,0,"F","7","9100","108877",61,"0"
"101693",0,0,0,0,0,0,0,5,0,0,0,0,0,0,0,5,5,0,5,0,152,192,165,152,16,134.8,134.8,0.8855408,0,0,0,134.6,-0.2,NA,"5","3770","44803",61,"0"
"1017458",2,0,0,0,0,0,0,0,0,0,0,0,0,0,0,2,2,0,2,0,53,56,24,50.5,12.5,51.5,27,0.355263,0,24.5,24.5,27,0,"F","1","2140","14872",61,"1"
"1018138",0,0,0,0,2,0,0,0,0,0,0,0,0,0,0,2,2,0,2,0,47,56,35,50.5,12.5,51.5,27,0.355263,0,24.5,24.5,27,0,"M","7","9700","77141",61,"1"
"1018330",0,0,0,0,0,2,0,0,0,0,0,0,0,0,0,2,2,0,2,0,47,60,27,50.5,12.5,51.5,27,0.355263,0,24.5,24.5,27,0,"F","1","2370","19688",61,"1"
"1018685",2,0,0,0,0,0,0,0,0,0,0,0,0,0,0,2,2,0,2,0,42,46,26,50.5,12.5,51.5,27,0.355263,0,24.5,24.5,27,0,"M","1","2000","12751",61,"1"
"1019924",0,0,0,0,0,0,0,2,0,0,0,0,0,0,0,2,2,0,2,0,64,67,54,44,12.5,44.74,27,0.355263,0,17.74,17.74,27,0,"M","5","3630","41743",61,"0"
"1021269",0,1,0,0,0,0,0,0,0,0,0,0,0,0,0,1,1,0,1,0,20,NA,13,152,25,144,88,0.578947,0,56,56,88,0,"M","1","2940","29216",61,"1"
"1022740",0,0,0,0,0,0,1,0,0,0,0,0,0,0,0,1,1,0,1,0,70,NA,75,304,25,259,130,0.427632,0,129,129,130,0,"F","2","3150","33981",61,"1"
"102322",0,0,0,0,0,0,0,3,0,0,0,0,0,0,0,3,3,0,3,0,152,192,164,304,15,247.666666666667,247.666666666667,0.814693,0,0,0,247.666666666667,0,"F","5","3800","45097",61,"0"
"1023477",0,0,1,0,0,0,1,0,0,0,0,0,0,0,0,2,2,0,2,0,33,38,21,50.5,12.5,51.5,27,0.355263,0,24.5,24.5,27,0,"M","1","2870","27687",61,"1"
"1023482",0,0,2,0,0,0,0,0,0,0,0,0,0,0,0,2,2,0,2,0,33,35,7,50.5,12.5,51.5,27,0.355263,0,24.5,24.5,27,0,"M","1","2845","27199",61,"0"
"1024645",0,0,0,0,0,0,0,2,0,0,0,0,0,0,0,2,2,0,2,0,41,42,26,37,12.5,37.6478945,27,0.435484,0,10.6478945,10.6478945,27,0,"M","5","3500","37601",29,"1"
"1024740",0,0,0,0,0,0,0,1,0,0,0,0,0,0,0,1,1,0,1,0,67,NA,55,76,25,77,54,0.710526,0,23,23,54,0,"M","5","3950","47613",61,"1"
"1024762",0,0,0,0,0,0,0,1,0,0,0,0,0,0,0,1,1,0,1,0,67,NA,54,76,25,77,54,0.710526,0,23,23,54,0,"M","5","3630","41831",61,"1"
"1024766",0,0,0,0,0,0,0,1,0,0,0,0,0,0,0,1,1,0,1,0,67,NA,39,76,25,77,54,0.710526,0,23,23,54,0,"F","5","3620","41549",61,"1"
"1025973",1,0,0,0,0,0,0,0,0,0,0,0,0,0,0,1,1,0,1,0,52,NA,38,50,25,50.657895,29,0.58,0,21.657895,21.657895,29,0,"M","1","2610","24665",61,"1"
"1025974",0,0,0,0,0,0,1,0,0,0,0,0,0,0,0,1,1,0,1,0,52,NA,40,50,25,50.657895,29,0.58,0,21.657895,21.657895,29,0,"M","6","1982","12666",61,"1"
"1026090",0,0,0,0,0,0,1,0,0,0,0,0,0,0,0,1,1,0,1,0,52,NA,40,50,25,50.657895,29,0.58,0,21.657895,21.657895,29,0,"M","2","1840","10679",61,"1"
"1026096",0,0,0,0,0,1,0,0,0,0,0,0,0,0,0,1,1,0,1,0,52,NA,45,50,25,50.657895,29,0.58,0,21.657895,21.657895,29,0,"M","1","2322","141545",1,"1"
"1026514",0,0,0,0,2,0,0,0,0,0,0,0,0,0,0,2,2,0,1,1,20,21,52,50.5,12.5,51.5,27,0.355263,0,24.5,24.5,0,0,"M","7","9280","72437",61,"1"
"1026837",0,0,0,0,1,0,0,0,0,0,0,0,0,0,0,1,1,0,1,0,53,NA,55,50,25,50.657895,29,0.58,0,21.657895,21.657895,29,0,"M","7","9220","71199",61,"1"
"1027262",0,0,0,0,0,0,0,1,0,0,0,0,0,0,0,1,1,0,1,0,51,NA,20,50,25,50.657895,29,0.58,0,21.657895,21.657895,29,0,"F","5","3920","46590",61,"1"
"1027575",0,0,0,0,1,0,0,0,0,0,0,0,0,0,0,1,1,0,1,0,47,NA,40,50,25,50.657895,29,0.58,0,21.657895,21.657895,29,0,"M","7","9120","68971",61,"1"
"1027748",0,0,0,0,0,0,0,2,0,0,0,0,0,0,0,2,2,0,1,1,26,26,41,38,12.5,38.6610525,27,0.421875,0,11.6610525,11.6610525,0,0,"F","5","3670","42874",48,"1"
"103528",0,0,0,0,0,0,0,3,0,0,0,0,0,0,0,3,3,0,3,0,152,192,179,304,15,247.666666666667,247.666666666667,0.813596333333333,0,0,0,247.333333333333,-0.333333333333333,NA,"5","3830","45489",61,"1"
"103862",0,0,0,0,0,0,0,3,0,0,0,0,0,0,0,3,3,0,3,0,152,192,146,304,15,247.666666666667,247.666666666667,0.813596333333333,0,0,0,247.333333333333,-0.333333333333333,NA,"5","3840","45639",61,"0"
"103873",0,0,0,0,0,0,0,3,0,0,0,0,0,0,0,3,3,0,3,0,335,364,349,304,16.6666666666667,237.666666666667,237.666666666667,0.779695333333333,0,0,0,237.033333333333,-0.633333333333333,"M","5","3840","45539",64,"0"
"103966",0,0,0,0,0,0,0,3,0,0,0,0,0,0,0,3,3,0,3,0,152,192,173,304,15,247.666666666667,247.666666666667,0.813596333333333,0,0,0,247.333333333333,-0.333333333333333,NA,"5","3840","45580",61,"0"
"104207",0,0,0,0,0,0,0,3,0,0,0,0,0,0,0,3,3,0,3,0,151,192,168,304,15,247.666666666667,247.666666666667,0.813596333333333,0,0,0,247.333333333333,-0.333333333333333,NA,"5","3840","45543",61,"0"
"104407",0,0,0,0,0,0,0,5,0,0,0,0,0,0,0,5,5,0,4,1,333,353,342,182.4,16,160.25,160.25,0.837628,0,0,0,158.45,-1.8,"M","2","3454","37108",61,"0"
"104880",0,0,0,0,0,0,0,10,0,0,0,0,0,0,0,10,0,10,10,0,62,77,75,76,17.5,72.2,72.2,0.9500942,0,0,0,72.2,0,NA,"5","3870","45805",61,"0"
"105058",0,0,0,0,0,0,0,3,0,0,0,0,0,0,0,3,3,0,3,0,152,192,175,304,15,247.666666666667,247.666666666667,0.814693,0,0,0,247.666666666667,0,NA,"5","3870","45815",61,"0"
"105383",0,0,0,0,0,0,0,4,0,0,0,0,0,0,0,4,0,4,4,0,121,138,131,303.75,15,243,243,0.79996375,0,0,0,243,0,"M","5","3891","45998",60,"0"
"105447",0,0,0,0,0,0,0,3,0,0,0,0,0,0,0,3,3,0,3,0,334,364,349,304,16.6666666666667,237.666666666667,237.666666666667,0.781782333333333,0,0,0,237.666666666667,0,"M","5","3900","46035",61,"0"
"105570",0,0,0,0,0,0,0,10,0,0,0,0,0,0,0,10,10,0,10,0,62,91,74,76,16,72.2,72.2,0.9500942,0,0,0,72.2,0,"M","5","3900","46125",54,"0"
"105970",0,0,0,0,0,0,0,3,0,0,0,0,0,0,0,3,3,0,3,0,152,192,173,304,15,247.666666666667,247.666666666667,0.814693,0,0,0,247.666666666667,0,"M","5","3900","46125",89,"1"
"106456",0,0,0,0,0,0,0,3,0,0,0,0,0,0,0,3,3,0,3,0,152,192,147,304,15,247.666666666667,247.666666666667,0.813596333333333,0,0,0,247.333333333333,-0.333333333333333,NA,"5","3910","46293",61,"0"
"106579",0,0,0,0,0,0,0,3,0,0,0,0,0,0,0,3,3,0,3,0,149,180,153,304,15,247.666666666667,247.666666666667,0.814693,0,0,0,247.666666666667,0,NA,"5","3910","46455",61,"0"
"106785",0,0,0,0,0,0,0,3,0,0,0,0,0,0,0,3,3,0,3,0,152,192,175,304,15,247.666666666667,247.666666666667,0.814693,0,0,0,247.666666666667,0,"M","5","3910","46362",74,"0"
"106861",0,0,0,0,0,0,0,3,0,0,0,0,0,0,0,3,3,0,3,0,152,192,161,304,15,247.666666666667,247.666666666667,0.814693,0,0,0,247.666666666667,0,"M","5","3910","46269",61,"0"
"106951",0,0,0,0,0,0,0,3,0,0,0,0,0,0,0,3,3,0,3,0,152,192,172,304,15,247.666666666667,247.666666666667,0.814693,0,0,0,247.666666666667,0,NA,"5","3910","46337",61,"0"
"107108",0,0,0,0,0,0,0,3,0,0,0,0,0,0,0,3,3,0,3,0,152,192,171,304,15,247.666666666667,247.666666666667,0.814693,0,0,0,247.666666666667,0,NA,"5","3920","46702",61,"0"
"107253",0,0,0,0,0,0,0,5,0,0,0,0,0,0,0,5,5,0,5,0,152,192,175,152,16,134.8,134.8,0.8868566,0,0,0,134.8,0,"M","5","3920","46752",78,"0"
"107317",0,0,0,0,0,0,0,10,0,0,0,0,0,0,0,10,0,10,10,0,62,77,75,76,17.5,72.2,72.2,0.9500942,0,0,0,72.2,0,"M","5","3920","46536",74,"0"
"107403",0,0,0,0,0,0,0,10,0,0,0,0,0,0,0,10,10,0,10,0,62,91,75,76,16,72.2,72.2,0.9500942,0,0,0,72.2,0,NA,"5","3920","46607",61,"0"
"107877",0,0,0,0,0,0,0,3,0,0,0,0,0,0,0,3,3,0,3,0,152,192,140,304,15,247.666666666667,247.666666666667,0.814693,0,0,0,247.666666666667,0,NA,"5","3920","46738",61,"1"
"107896",0,0,0,0,0,0,0,3,0,0,0,0,0,0,0,3,3,0,3,0,152,192,165,304,15,247.666666666667,247.666666666667,0.814693,0,0,0,247.666666666667,0,NA,"5","3920","46836",61,"0"
"107909",0,0,0,0,0,0,0,10,0,0,0,0,0,0,0,10,10,0,10,0,62,91,77,76,16,72.2,72.2,0.9500942,0,0,0,72.2,0,NA,"5","3920","142366",61,"0"
"108089",0,0,0,0,0,0,0,3,0,0,0,0,0,0,0,3,3,0,3,0,152,192,171,304,15,247.666666666667,247.666666666667,0.814693,0,0,0,247.666666666667,0,"M","5","3920","46686",61,"0"
"108352",0,0,0,0,0,0,0,3,0,0,0,0,0,0,0,3,3,0,3,0,152,192,175,304,15,247.666666666667,247.666666666667,0.813596333333333,0,0,0,247.333333333333,-0.333333333333333,"F","5","3930","47109",84,"0"
"108424",0,0,0,0,0,0,0,3,0,0,0,0,0,0,0,3,3,0,3,0,243,273,252,304,16.6666666666667,237.666666666667,237.666666666667,0.780687666666667,0,0,0,237.333333333333,-0.333333333333333,NA,"5","3930","47076",61,"0"
"108455",0,0,0,0,0,0,0,3,0,0,0,0,0,0,0,3,3,0,3,0,293,322,297,312.666666666667,16.6666666666667,243.943333333333,237.666666666667,0.760780333333333,0,6.27666666666667,6.27666666666667,237.333333333333,-0.333333333333333,"M","5","3930","47151",61,"0"
"108673",0,0,0,0,0,0,0,10,0,0,0,0,0,0,0,10,10,0,10,0,62,91,63,76,16,72.2,72.2,0.9487955,0,0,0,72.1,-0.1,NA,"5","3930","47068",61,"0"
"108862",0,0,0,0,0,0,0,3,0,0,0,0,0,0,0,3,3,0,3,0,152,192,167,304,15,247.666666666667,247.666666666667,0.814693,0,0,0,247.666666666667,0,"M","5","3940","47193",62,"0"
"108898",0,0,0,0,0,0,0,3,0,0,0,0,0,0,0,3,3,0,3,0,152,192,164,304,15,247.666666666667,247.666666666667,0.814693,0,0,0,247.666666666667,0,"M","5","3940","47223",75,"0"
"109293",0,0,0,0,0,0,0,10,0,0,0,0,0,0,0,10,10,0,10,0,62,91,77,76,16,72.2,72.2,0.9500942,0,0,0,72.2,0,"F","5","3941","47264",50,"0"
"109348",0,0,0,0,0,0,0,3,0,0,0,0,0,0,0,3,3,0,3,0,152,192,167,304,15,247.666666666667,247.666666666667,0.814693,0,0,0,247.666666666667,0,"F","5","3941","47279",80,"0"
"109862",0,0,0,0,0,0,0,4,0,0,0,0,0,0,0,4,0,4,4,0,62,77,75,303.5,15,243,243,0.80060175,0,0,0,243,0,NA,"5","3950","47480",61,"1"
"109965",0,0,0,0,0,0,0,3,0,0,0,0,0,0,0,3,3,0,3,0,152,192,138,304,15,247.666666666667,247.666666666667,0.814693,0,0,0,247.666666666667,0,"M","5","3950","47529",64,"0"
"1100031",0,0,0,0,0,1,0,0,0,0,0,0,0,0,0,1,1,0,1,0,33,NA,35,304,25,259,130,0.427632,0,129,129,130,0,"F","1","2300","18238",18,"1"
"1100239",0,0,0,0,1,0,0,0,0,0,0,0,0,0,0,1,1,0,1,0,45,NA,47,50,25,50.657895,29,0.58,0,21.657895,21.657895,29,0,NA,"7","9220","71206",-213,"1"
"1100313",0,0,0,0,0,0,0,2,1,0,0,0,0,0,0,1,2,0,2,0,20,26,13,32,2,34.84,28.6,0.55,0,6.24,6.24,28.6,0,"M","5","3570","39588",50,"0"
"110062",0,0,0,0,0,0,0,5,0,0,0,0,0,0,0,5,5,0,5,0,152,192,160,152,16,134.8,134.8,0.8868566,0,0,0,134.8,0,"F","5","3950","47521",78,"0"
"1100938",0,1,0,0,0,0,0,0,0,0,0,0,0,0,0,1,1,0,1,0,35,NA,25,152,25,144,144,0.947368,0,0,0,144,0,"M","1","2990","30901",61,"1"
"1100966",0,0,0,0,0,0,0,1,0,0,0,0,0,0,0,1,1,0,1,0,32,NA,18,50,25,50.657895,29,0.58,0,21.657895,21.657895,29,0,"M","5","3511","37903",78,"1"
"1101024",0,0,0,0,0,0,0,1,0,0,0,0,0,0,0,1,1,0,1,0,40,NA,40,217,25,259,259,0.848048,0.851889,0,0.851889,0,-184.0264,"M","5","3990","48311",61,"1"
"1101194",1,0,0,0,0,0,0,0,0,0,0,0,0,0,0,1,1,0,1,0,27,NA,27,25,0,26,0,0,0,26,26,0,0,"F","1","2660","25544",-213,"1"
"1101399",0,0,0,0,0,0,0,1,0,0,0,0,0,0,0,1,1,0,1,0,32,NA,4,50,25,50.657895,29,0.58,0,21.657895,21.657895,29,0,"M","5","3840","0",61,"1"
"1101441",0,1,0,0,0,0,0,0,0,0,0,0,0,0,0,1,1,0,1,0,32,NA,20,152,25,144,88,0.578947,0,56,56,88,0,"M","1","2980","30373",-213,"0"
"1101551",0,0,1,0,0,0,0,0,0,0,0,0,0,0,0,1,1,0,1,0,32,NA,14,50,25,50.657895,29,0.58,0,21.657895,21.657895,29,0,"M","1","2520","23010",61,"1"
"1101593",0,0,0,0,0,1,0,0,0,0,0,0,0,0,0,1,1,0,1,0,32,NA,19,152,25,144,88,0.578947,0,56,56,88,0,"F","1","2310","18545",43,"0"
"1102150",0,0,1,0,0,0,0,0,0,0,0,0,0,0,0,1,1,0,1,0,26,NA,-1,152,25,144,144,0.947368,0,0,0,144,0,"M","1","2160","15213",61,"1"
"1102195",0,0,0,0,0,1,0,0,0,0,0,0,0,0,0,1,1,0,1,0,26,NA,-2,152,25,144,88,0.578947,0,56,56,88,0,"M","1","2260","17108",-213,"1"
"1102303",0,0,0,0,0,0,0,1,0,0,0,0,0,0,0,1,1,0,0,1,24,NA,NA,25,25,26,15,0.6,0,11,11,0,0,"F","5","3550","39270",54,"1"
"1102389",0,0,0,0,0,0,0,1,0,0,0,0,0,0,0,1,1,0,1,0,7,NA,7,25,0,26,0,0,0,26,26,0,0,"M","5","3700","43696",61,"1"
"1102454",0,0,0,0,0,0,0,1,0,0,0,0,0,0,0,1,1,0,1,0,7,NA,7,25,0,26,0,0,0,26,26,0,0,"M","5","3630","41771",61,"1"
"1102477",0,0,0,0,0,0,0,1,0,0,0,0,0,0,0,1,1,0,1,0,7,NA,7,25,0,26,0,0,0,26,26,0,0,NA,"5","3971","48076",61,"1"
"1102535",0,0,1,0,0,0,0,0,0,0,0,0,0,0,0,1,1,0,1,0,26,NA,-14,25,25,26,13,0.52,0,13,13,13,0,"F","1","2850","27288",70,"1"
"1102837",0,0,0,0,0,0,0,1,0,0,0,0,0,0,0,1,1,0,1,0,26,NA,26,25,0,26,0,0,0,26,26,0,0,"M","5","3740","44368",32,"1"
"1102847",0,0,0,0,0,1,0,0,0,0,0,0,0,0,0,1,1,0,1,0,13,NA,-4,25,25,26,15,0.6,0,11,11,15,0,"M","1","2380","19831",-213,"1"
"1102866",0,0,0,0,0,1,0,0,0,0,0,0,0,0,0,1,1,0,1,0,14,NA,-9,152,25,144,88,0.578947,0,56,56,88,0,"M","1","2490","22277",-213,"0"
"1102910",0,0,0,0,0,0,0,1,0,0,0,0,0,0,0,1,1,0,1,0,25,NA,18,50,25,50.657895,29,0.58,0,21.657895,21.657895,29,0,"M","5","3530","38490",-213,"1"
"110330",0,0,0,0,0,0,0,10,0,0,0,0,0,0,0,10,0,10,10,0,62,77,75,76,17.5,72.2,72.2,0.9500942,0,0,0,72.2,0,"M","5","3910","46275",61,"0"
"1103371",1,0,0,0,0,0,0,0,0,0,0,0,0,0,0,1,1,0,1,0,21,NA,21,25,0,26,0,0,0,26,26,0,0,NA,"1","2600","24372",61,"1"
"1103505",0,0,0,0,0,1,0,0,0,0,0,0,0,0,0,1,1,0,1,0,21,NA,13,50,25,50.657895,29,0.58,0,21.657895,21.657895,29,0,"M","1","2275","17627",61,"1"
"1103754",0,0,0,0,0,0,0,1,0,0,0,0,0,0,0,1,1,0,1,0,18,NA,6,152,25,144,88,0.578947,0,56,56,88,0,"F","5","3665","42789",61,"1"
"1103781",0,0,0,0,0,0,0,1,0,0,0,0,0,0,0,1,1,0,0,1,18,NA,NA,152,25,144,88,0.578947,0,56,56,0,0,"F","5","3500","37668",61,"1"
"1103831",0,0,0,0,0,0,0,1,0,0,0,0,0,0,0,1,1,0,1,0,4,NA,4,12,0,12.48,0,0,0,12.48,12.48,0,0,"F","5","3511","37902",31,"1"
"1104132",1,0,0,0,0,0,0,0,0,0,0,0,0,0,0,1,1,0,1,0,17,NA,3,152,25,144,144,0.947368,0,0,0,144,0,"M","1","2600","24405",60,"0"
"1104255",0,0,0,0,0,1,0,0,0,0,0,0,0,0,0,1,1,0,1,0,13,NA,-4,25,25,26,15,0.6,0,11,11,15,0,"M","1","2370","19705",43,"1"
"1104278",0,0,0,0,0,0,0,1,0,0,0,0,0,0,0,1,1,0,1,0,18,NA,-2,36,25,36.473688,30,0.833333,0,6.473688,6.473688,30,0,"M","5","3581","39912",61,"1"
"1104281",0,0,0,0,0,1,0,0,0,0,0,0,0,0,0,1,1,0,1,0,18,NA,4,36,25,36.473688,30,0.833333,0,6.473688,6.473688,30,0,"M","1","2370","19754",61,"1"
"110455",0,0,0,0,0,0,0,4,0,0,0,0,0,0,0,4,4,0,4,0,117,147,109,303.75,18.75,243,243,0.79280925,0,0,0,240.825,-2.175,"M","5","3500","37377",61,"0"
"1104617",0,0,0,0,0,1,0,0,0,0,0,0,0,0,0,1,1,0,0,1,13,NA,NA,25,25,26,15,0.6,0,11,11,0,0,"M","1","2440","21067",61,"1"
"1104836",0,0,0,0,0,0,1,0,0,0,0,0,0,0,0,1,1,0,1,0,12,NA,12,25,0,26,0,0,0,26,26,0,0,"M","1","2580","24162",61,"1"
"1104838",0,0,1,0,0,0,0,0,0,0,0,0,0,0,0,1,1,0,1,0,13,NA,-4,152,25,144,88,0.578947,0,56,56,88,0,"M","1","2650","25451",61,"1"
"1105635",0,0,0,0,0,0,0,1,0,0,0,0,0,0,0,1,1,0,1,0,7,NA,7,25,0,26,0,0,0,26,26,0,0,"M","5","3950","47610",61,"1"
"110694",0,0,0,0,0,0,0,3,0,0,0,0,0,0,0,3,3,0,3,0,152,192,175,304,15,247.666666666667,247.666666666667,0.814693,0,0,0,247.666666666667,0,NA,"5","3960","47764",61,"0"
"110749",0,0,0,0,0,0,0,3,0,0,0,0,0,0,0,3,3,0,3,0,152,192,172,304,15,247.666666666667,247.666666666667,0.814693,0,0,0,247.666666666667,0,"F","5","3960","47799",61,"0"
"110977",0,0,0,0,0,0,0,3,0,0,0,0,0,0,0,3,3,0,3,0,152,192,161,304,15,247.666666666667,247.666666666667,0.814693,0,0,0,247.666666666667,0,NA,"5","3960","47831",61,"0"
"112215",0,0,0,0,0,0,0,3,0,0,0,0,0,0,0,3,3,0,3,0,152,192,172,304,15,247.666666666667,247.666666666667,0.814693,0,0,0,247.666666666667,0,NA,"5","3980","48147",61,"0"
"112332",0,0,0,0,0,0,0,5,0,0,0,0,0,0,0,5,5,0,5,0,152,192,167,152,16,134.8,134.8,0.8868566,0,0,0,134.8,0,"M","5","3980","48225",83,"0"
"112472",0,0,0,0,0,0,0,3,0,0,0,0,0,0,0,3,3,0,3,0,335,364,333,304,16.6666666666667,237.666666666667,237.666666666667,0.781782333333333,0,0,0,237.666666666667,0,NA,"5","3990","48508",61,"0"
"112614",0,0,0,0,0,0,0,4,0,0,0,0,0,0,0,4,4,0,4,0,1,32,18,69.5,13.75,69.17,61.78,0.8607895,0,7.39,7.39,61.78,0,"M","5","3990","48266",65,"0"
"112616",0,0,0,0,0,0,0,4,0,0,0,0,0,0,0,4,4,0,4,0,62,91,62,303.5,15,243,243,0.80060175,0,0,0,243,0,"F","5","3990","135290",79,"1"
"112810",0,0,0,0,0,0,0,3,0,0,0,0,0,0,0,3,3,0,3,0,243,273,256,304,16.6666666666667,237.666666666667,237.666666666667,0.781777,0,0,0,237.666666666667,0,NA,"5","3990","48477",61,"0"
"11301",0,0,0,0,0,0,0,10,0,0,0,0,0,0,0,10,10,0,10,0,61,91,62,76,16,72.2,72.2,0.9500942,0,0,0,72.2,0,"M","5","3590","40353",61,"0"
"113065",0,0,0,0,0,0,0,3,0,0,0,0,0,0,0,3,3,0,3,0,335,364,347,304,16.6666666666667,237.666666666667,237.666666666667,0.781782333333333,0,0,0,237.666666666667,0,"M","5","3990","48428",75,"0"
"113134",0,0,0,0,0,0,0,4,0,0,0,0,0,0,0,4,4,0,4,0,62,91,75,303.5,15,243,243,0.80060175,0,0,0,243,0,"M","5","3990","48303",78,"1"
"113338",0,0,0,0,0,0,0,3,0,0,0,0,0,0,0,3,3,0,3,0,152,192,174,304,15,247.666666666667,247.666666666667,0.814693,0,0,0,247.666666666667,0,"M","5","3990","48499",83,"0"
"113810",0,0,0,0,0,0,0,2,0,0,0,0,0,0,0,2,2,0,2,0,262,263,263,228,17.5,193.5,146.56,0.6038155,0,46.94,46.94,146.56,0,NA,"5","3582","40067",61,"0"
"114210",0,0,0,0,0,0,0,4,0,0,0,0,0,0,0,4,4,0,4,0,61,91,67,303.5,15,243,243,0.7987925,0,0,0,242.45,-0.55,NA,"5","3550","39077",61,"1"
"115310",0,0,0,0,0,0,0,4,0,0,0,0,0,0,0,4,4,0,4,0,165,196,180,95,11.25,87.69894725,77.86,0.6298355,0,9.83894725,9.83894725,77.86,0,"F","5","3950","0",38,"0"
"115366",0,0,0,0,0,0,0,3,0,0,0,0,0,0,0,3,3,0,3,0,152,192,160,304,15,247.666666666667,247.666666666667,0.814693,0,0,0,247.666666666667,0,"M","5","3680","43148",75,"0"
"115674",0,0,0,0,0,0,0,3,0,0,0,0,0,0,0,3,3,0,3,0,152,192,152,304,15,247.666666666667,247.666666666667,0.813651333333333,0,0,0,247.35,-0.316666666666667,"M","5","3590","40426",61,"0"
"115697",0,0,0,0,0,0,0,3,0,0,0,0,0,0,0,3,3,0,3,0,347,353,346,126.666666666667,11.6666666666667,107.931929666667,90.3733333333333,0.511096333333333,0,17.5585963333333,17.5585963333333,90.3733333333333,0,"F","5","3960","47692",51,"0"
"117560",0,0,0,0,0,0,0,7,0,0,0,0,0,0,0,7,7,0,4,3,180,210,175,209.857142857143,14.2857142857143,157.055,145.8,0.754552,0,11.255,11.255,93.94,0,"M","5","3740","44474",61,"0"
"118416",0,0,0,0,0,0,0,3,0,0,0,0,0,0,0,3,3,0,3,0,143,174,153,304,15,247.666666666667,247.666666666667,0.814693,0,0,0,247.666666666667,0,NA,"5","3500","37643",61,"0"
"118522",0,0,0,0,0,0,0,3,0,0,0,0,0,0,0,3,3,0,3,0,221,252,214,304,16.6666666666667,237.666666666667,237.666666666667,0.771193333333333,0,0,0,234.433333333333,-3.23333333333333,NA,"5","3500","37698",61,"0"
"118543",0,0,0,0,0,0,0,3,0,0,0,0,0,0,0,3,3,0,3,0,152,192,152,304,15,247.666666666667,247.666666666667,0,247.666634666667,0,247.666634666667,0,0,NA,"5","3500","37463",61,"0"
"119012",0,0,0,0,0,0,0,10,0,0,0,0,0,0,0,10,10,0,10,0,69,98,74,76,16,71.6,71.6,0.9421673,0,0,0,71.6,0,NA,"5","3500","37776",61,"0"
"119089",0,0,0,0,0,0,0,5,0,0,0,0,0,0,0,5,5,0,4,1,152,192,160,243.2,14,186.5,186.5,0.84538275,0,0,0,186.5,0,"M","5","3511","37994",68,"0"
"11930",0,0,0,0,0,0,0,4,0,0,0,0,0,0,0,4,4,0,3,1,128,160,112,240.5,17.5,197.92,192.75,0.75101975,0,5.17,5.17,130.5,0,"M","5","3500","37722",76,"1"
"119308",0,0,0,0,0,0,0,4,0,0,0,0,0,0,0,4,4,0,4,0,61,91,66,303.5,15,243,243,0.80060175,0,0,0,243,0,"M","5","3520","38122",52,"1"
"119412",0,0,0,0,0,0,0,3,0,0,0,0,0,0,0,3,3,0,3,0,335,364,335,304,16.6666666666667,237.666666666667,237.666666666667,0.781782333333333,0,0,0,237.666666666667,0,"M","5","3520","38216",55,"0"
"119484",0,0,0,0,0,0,0,3,0,0,0,0,0,0,0,3,3,0,3,0,152,192,166,304,15,247.666666666667,247.666666666667,0.814693,0,0,0,247.666666666667,0,"M","5","3520","38079",61,"0"
"119633",0,0,0,0,0,0,0,3,0,0,0,0,0,0,0,3,3,0,3,0,152,192,174,304,15,247.666666666667,247.666666666667,0.812280666666667,0,0,0,246.933333333333,-0.733333333333333,NA,"5","3530","38446",61,"1"
"119743",0,0,0,0,0,0,0,3,0,0,0,0,0,0,0,3,3,0,3,0,152,192,172,304,15,247.666666666667,247.666666666667,0.812280666666667,0,0,0,246.933333333333,-0.733333333333333,NA,"5","3530","38383",61,"0"
"119880",0,0,0,0,0,0,0,3,0,0,0,0,0,0,0,3,3,0,3,0,152,192,159,304,15,247.666666666667,247.666666666667,0.812280666666667,0,0,0,246.933333333333,-0.733333333333333,"M","5","3530","38345",45,"0"
"120121",0,0,0,0,0,0,0,3,0,0,0,0,0,0,0,3,3,0,3,0,152,192,175,304,15,247.666666666667,247.666666666667,0.814693,0,0,0,247.666666666667,0,"M","5","3545","38824",65,"0"
"120305",0,0,0,0,0,0,0,3,0,0,0,0,0,0,0,3,3,0,3,0,151,192,173,304,15,247.666666666667,247.666666666667,0.812280666666667,0,0,0,246.933333333333,-0.733333333333333,NA,"5","3550","39298",61,"1"
"120807",0,0,0,0,0,0,0,3,0,0,0,0,0,0,0,3,3,0,3,0,152,192,172,304,15,247.666666666667,247.666666666667,0.814693,0,0,0,247.666666666667,0,NA,"5","3560","39464",61,"0"
"120980",0,0,0,0,0,0,0,5,0,0,0,0,0,0,0,5,5,0,5,0,152,192,173,152,16,134.8,134.8,0.8868566,0,0,0,134.8,0,"M","5","3570","39570",61,"0"
"121043",0,0,0,0,0,0,0,10,0,0,0,0,0,0,0,10,0,10,10,0,85,102,96,76,16,71.3,71.3,0.9382199,0,0,0,71.3,0,"M","5","3570","39590",73,"0"
"121120",0,0,0,0,0,0,0,3,0,0,0,0,0,0,0,3,3,0,3,0,335,364,348,304,16.6666666666667,237.666666666667,237.666666666667,0.781782333333333,0,0,0,237.666666666667,0,"M","5","3570","39684",82,"0"
"121215",0,0,0,0,0,0,0,3,0,0,0,0,0,0,0,3,3,0,3,0,152,192,173,304,15,247.666666666667,247.666666666667,0.814693,0,0,0,247.666666666667,0,NA,"5","3570","39607",61,"0"
"121443",0,0,0,0,0,0,0,3,0,0,0,0,0,0,0,3,3,0,3,0,152,192,150,304,15,247.666666666667,247.666666666667,0.814693,0,0,0,247.666666666667,0,NA,"5","3582","40093",61,"0"
"121529",0,0,0,0,0,0,0,6,0,0,0,0,0,0,0,6,6,0,6,0,151,192,150,152,15.8333333333333,132.833333333333,132.833333333333,0.873915666666667,0,0,0,132.833333333333,0,"M","5","3670","42833",61,"0"
"121813",0,0,0,0,0,0,0,3,0,0,0,0,0,0,0,3,3,0,3,0,151,192,173,304,15,247.666666666667,247.666666666667,0.814693,0,0,0,247.666666666667,0,NA,"5","3590","0",61,"0"
"121891",0,0,0,0,0,0,0,3,0,0,0,0,0,0,0,3,3,0,3,0,152,192,174,304,15,247.666666666667,247.666666666667,0.814693,0,0,0,247.666666666667,0,NA,"5","3590","40282",61,"0"
"122454",0,0,0,0,0,0,0,3,0,0,0,0,0,0,0,3,3,0,3,0,335,364,340,304,16.6666666666667,237.666666666667,237.666666666667,0.77937,0,0,0,236.933333333333,-0.733333333333333,"M","5","3600","40747",61,"0"
"122507",0,0,0,0,0,0,0,3,0,0,0,0,0,0,0,3,3,0,3,0,152,191,152,304,15,247.666666666667,247.666666666667,0,247.666634666667,0,247.666634666667,0,0,"M","5","3600","40577",61,"0"
"122823",0,0,0,0,0,0,0,10,0,0,0,0,0,0,0,10,10,0,10,0,40,70,59,76,16,72.2,72.2,0.9291851,0,0,0,70.59,-1.61,"F","5","3620","41285",61,"1"
"122874",0,0,0,0,0,0,0,8,0,0,0,0,0,0,0,8,7,1,7,1,20,42,40,120.125,18.125,105.35,105.35,0.885137625,0,0,0,87.35,0,"M","5","3620","41477",71,"0"
"123310",0,0,0,0,0,0,0,3,0,0,0,0,0,0,0,3,3,0,3,0,342,371,343,304.333333333333,16.6666666666667,237.666666666667,237.666666666667,0.780943,0,0,0,237.666666666667,0,NA,"5","3631","42071",61,"0"
"123664",0,0,0,0,0,0,0,5,0,0,0,0,0,0,0,5,5,0,5,0,152,191,164,152,16,134.8,134.8,0.8868566,0,0,0,134.8,0,NA,"5","3650","42342",61,"0"
"123674",0,0,0,0,0,0,0,3,0,0,0,0,0,0,0,3,3,0,3,0,335,364,335,304,16.6666666666667,237.666666666667,237.666666666667,0.781782333333333,0,0,0,237.666666666667,0,"M","5","3650","42342",74,"0"
"123740",0,0,0,0,0,0,0,10,0,0,0,0,0,0,0,10,10,0,10,0,62,91,63,76,16,72.2,72.2,0.947237,0,0,0,71.98,-0.22,"M","5","3600","40893",61,"0"
"123798",0,0,0,0,0,0,0,9,0,0,0,0,0,0,0,9,9,0,8,1,65,96,60,101.333333333333,15,88,88,0.945669375,0,0,0,87.49375,-0.50625,NA,"5","3680","43030",61,"0"
"124054",0,0,0,0,0,0,0,2,0,0,0,0,0,0,0,2,2,0,2,0,363,392,362,304,17.5,242,242,0.7960525,0,0,0,242,0,"F","5","3660","42659",61,"1"
"124718",0,0,0,0,0,0,0,10,0,0,0,0,0,0,0,10,10,0,10,0,62,91,74,76,16,72.2,72.2,0.9500942,0,0,0,72.2,0,NA,"5","3680","43114",61,"0"
"124783",0,0,0,0,0,0,0,3,0,0,0,0,0,0,0,3,3,0,3,0,335,364,347,304,16.6666666666667,237.666666666667,237.666666666667,0.781782333333333,0,0,0,237.666666666667,0,NA,"5","3680","43040",61,"0"
"124875",0,0,0,0,0,0,0,3,0,0,0,0,0,0,0,3,3,0,3,0,152,191,167,304,15,247.666666666667,247.666666666667,0.814693,0,0,0,247.666666666667,0,"M","5","3690","43501",61,"0"
"124888",0,0,0,0,0,0,0,3,0,0,0,0,0,0,0,3,3,0,3,0,243,273,250,304,16.6666666666667,237.666666666667,237.666666666667,0.781777,0,0,0,237.666666666667,0,NA,"5","3690","43491",61,"0"
"125212",0,0,0,0,0,0,0,6,0,0,0,0,0,0,0,6,6,0,6,0,62,91,66,151.833333333333,15.8333333333333,132.833333333333,132.833333333333,0.872453666666667,0,0,0,132.466666666667,-0.366666666666667,NA,"5","3700","43905",61,"1"
"125522",0,0,0,0,0,0,0,3,0,0,0,0,0,0,0,3,3,0,3,0,152,191,175,304,15,247.666666666667,247.666666666667,0.814693,0,0,0,247.666666666667,0,"M","5","3730","44194",47,"0"
"126070",0,0,0,0,0,0,0,3,0,0,0,0,0,0,0,3,3,0,3,0,152,191,173,304,15,247.666666666667,247.666666666667,0.814693,0,0,0,247.666666666667,0,NA,"5","3740","44512",61,"0"
"126156",0,0,0,0,0,0,0,3,0,0,0,0,0,0,0,3,3,0,3,0,152,191,174,304,15,247.666666666667,247.666666666667,0.814693,0,0,0,247.666666666667,0,NA,"5","3742","44651",61,"1"
"126217",0,0,0,0,0,0,0,10,0,0,0,0,0,0,0,10,0,10,10,0,61,77,75,76,17.5,72.2,72.2,0.9487955,0,0,0,72.1,-0.1,"M","5","3770","44781",76,"0"
"126371",0,0,0,0,0,0,0,3,0,0,0,0,0,0,0,3,3,0,3,0,243,273,256,304,16.6666666666667,237.666666666667,237.666666666667,0.780687666666667,0,0,0,237.333333333333,-0.333333333333333,"M","5","3770","44792",57,"0"
"12650",0,0,0,0,0,0,0,4,0,0,0,0,0,0,0,4,4,0,4,0,111,140,130,95,11.25,89.19894725,79.36,0.63970375,0,9.83894725,9.83894725,79.36,0,"F","5","3600","41042",61,"0"
"126557",0,0,0,0,0,0,0,3,0,0,0,0,0,0,0,3,3,0,3,0,152,191,164,304,15,247.666666666667,247.666666666667,0.814693,0,0,0,247.666666666667,0,NA,"8","8300","0",61,"1"
"126908",0,0,0,0,0,0,0,3,0,0,0,0,0,0,0,3,3,0,3,0,237,266,214,304,16.6666666666667,237.666666666667,237.666666666667,0.780687666666667,0,0,0,237.333333333333,-0.333333333333333,NA,"5","3830","45476",61,"1"
"126990",0,0,0,0,0,0,0,3,0,0,0,0,0,0,0,3,3,0,3,0,242,273,262,304,16.6666666666667,237.666666666667,237.666666666667,0.779694333333333,0,0,0,237.033333333333,-0.633333333333333,NA,"5","3840","45681",61,"0"
"127063",0,0,0,0,0,0,0,10,0,0,0,0,0,0,0,10,10,0,10,0,62,91,76,76,16,72.2,72.2,0.9487955,0,0,0,72.1,-0.1,NA,"5","3840","45552",61,"0"
"127157",0,0,0,0,0,0,0,3,0,0,0,0,0,0,0,3,3,0,3,0,152,191,174,304,15,247.666666666667,247.666666666667,0.813596333333333,0,0,0,247.333333333333,-0.333333333333333,NA,"5","3850","45714",61,"1"
"127178",0,0,0,0,0,0,0,3,0,0,0,0,0,0,0,3,3,0,3,0,243,273,255,304,16.6666666666667,237.666666666667,237.666666666667,0.780687666666667,0,0,0,237.333333333333,-0.333333333333333,NA,"5","3850","45703",61,"0"
"127199",0,0,0,0,0,0,0,3,0,0,0,0,0,0,0,3,3,0,3,0,152,191,154,304,15,247.666666666667,247.666666666667,0.813596333333333,0,0,0,247.333333333333,-0.333333333333333,"M","5","3850","45719",61,"0"
"127220",0,0,0,0,0,0,0,3,0,0,0,0,0,0,0,3,3,0,3,0,152,191,172,304,15,247.666666666667,247.666666666667,0.814693,0,0,0,247.666666666667,0,"F","5","3870","45789",65,"0"
"127826",0,0,0,0,0,0,0,3,0,0,0,0,0,0,0,3,3,0,3,0,152,191,173,304,15,247.666666666667,247.666666666667,0.814693,0,0,0,247.666666666667,0,NA,"5","3910","46266",61,"0"
"128230",0,0,0,0,0,0,0,3,0,0,0,0,0,0,0,3,3,0,3,0,152,191,171,304,15,247.666666666667,247.666666666667,0.813596333333333,0,0,0,247.333333333333,-0.333333333333333,NA,"5","3930","47109",61,"0"
"128384",0,0,0,0,0,0,0,3,0,0,0,0,0,0,0,3,3,0,3,0,152,191,145,304,15,247.666666666667,247.666666666667,0.813596333333333,0,0,0,247.333333333333,-0.333333333333333,NA,"5","3930","46932",61,"0"
"128577",0,0,0,0,0,0,0,3,0,0,0,0,0,0,0,3,3,0,3,0,152,191,174,304,15,247.666666666667,247.666666666667,0.814693,0,0,0,247.666666666667,0,NA,"5","3941","47329",61,"0"
"128668",0,0,0,0,0,0,0,3,0,0,0,0,0,0,0,3,3,0,3,0,152,191,168,304,15,247.666666666667,247.666666666667,0.814693,0,0,0,247.666666666667,0,"M","5","3945","47399",61,"0"
"129200",0,0,0,0,0,0,0,6,0,0,0,0,0,0,0,6,6,0,3,3,152,191,159,308.166666666667,15,243,233.6,0.768421,0,9.4,9.4,233.6,0,"M","5","3960","47772",61,"0"
"129450",0,0,0,0,0,0,0,3,0,0,0,0,0,0,0,3,3,0,3,0,307,336,319,304.333333333333,16.6666666666667,237.666666666667,237.666666666667,0.780943,0,0,0,237.666666666667,0,"M","5","3980","48116",61,"0"
"129707",0,0,0,0,0,0,0,4,0,0,0,0,0,0,0,4,4,0,4,0,62,91,80,303.5,15,243,243,0.80060175,0,0,0,243,0,NA,"5","3990","48445",61,"1"
"130693",0,0,0,0,0,0,0,3,0,0,0,0,0,0,0,3,3,0,3,0,263,294,280,304.333333333333,16.6666666666667,237.666666666667,237.666666666667,0.780943,0,0,0,237.666666666667,0,"M","5","3740","133929",61,"1"
"130773",0,0,0,0,0,0,0,3,0,0,0,0,0,0,0,3,3,0,3,0,242,273,245,304,16.6666666666667,237.666666666667,237.666666666667,0.755971,0,0,0,229.796666666667,-7.87,NA,"5","3583","40224",61,"0"
"131240",0,0,0,0,0,0,0,3,0,0,0,0,0,0,0,3,3,0,3,0,152,191,138,304,28.3333333333333,244.333333333333,122.166666666667,0.401863666666667,0,122.166666666667,122.166666666667,122.166666666667,0,NA,"5","3500","37702",61,"0"
"131727",0,0,0,0,0,0,0,4,0,0,0,0,0,0,0,4,4,0,4,0,62,91,73,303.5,15,243,243,0.80060175,0,0,0,243,0,"M","5","3560","39380",55,"1"
"132752",0,0,0,0,0,0,0,3,0,0,0,0,0,0,0,3,3,0,3,0,239,270,245,304.333333333333,16.6666666666667,237.666666666667,237.666666666667,0.780943,0,0,0,237.666666666667,0,NA,"5","3500","37756",61,"0"
"132770",0,0,0,0,0,0,0,3,0,0,0,0,0,0,0,3,3,0,2,1,118,NA,109,253.333333333333,21.6666666666667,202.666666666667,184,0.701733,0,18.6666666666667,18.6666666666667,105.666666666667,0,NA,"5","3582","40066",61,"0"
"132916",0,0,0,0,0,0,0,5,0,0,0,0,0,0,0,5,5,0,5,0,72,103,80,76,13,74.6,72.824,0.9582104,0,1.776,1.776,72.824,0,"M","5","3630","41942",61,"0"
"133012",0,0,0,0,0,0,0,3,0,0,0,0,0,0,0,3,3,0,2,1,11,42,370,219.333333333333,15,185.56,168.706666666667,0.710921,0,16.8533333333333,16.8533333333333,82.3733333333333,0,"M","2","3454","37101",61,"1"
"133388",0,0,0,0,0,0,0,3,0,0,0,0,0,0,0,3,3,0,3,0,152,191,175,304,15,247.666666666667,247.666666666667,0.814693,0,0,0,247.666666666667,0,NA,"5","3870","45771",61,"0"
"134853",0,0,0,0,0,0,0,10,0,0,0,0,0,0,0,10,10,0,10,0,62,91,75,76,16,72.2,72.2,0.947237,0,0,0,71.98,-0.22,"F","5","3600","40825",79,"0"
"135031",0,0,0,0,0,0,0,3,0,0,0,0,0,0,0,3,3,0,3,0,152,191,179,304,15,247.666666666667,247.666666666667,0.813596333333333,0,0,0,247.333333333333,-0.333333333333333,NA,"5","3930","46920",61,"0"
"135159",0,0,0,0,0,0,0,3,0,0,0,0,0,0,0,3,3,0,3,0,152,191,153,304,15,247.666666666667,247.666666666667,0.814693,0,0,0,247.666666666667,0,"M","5","3945","47416",61,"0"
"135532",0,0,0,0,0,0,0,4,0,0,0,0,0,0,0,4,4,0,4,0,29,60,46,304,15,243,243,0.79933025,0,0,0,243,0,NA,"5","3920","46477",61,"1"
"135567",0,0,0,0,0,0,0,3,0,0,0,0,0,0,0,3,3,0,3,0,122,153,137,312.333333333333,20,254.11,247.666666666667,0.795113,0,6.44333333333333,6.44333333333333,247.666666666667,0,NA,"5","3980","48230",61,"0"
"135952",0,0,0,0,0,0,0,4,0,0,0,0,0,0,0,4,4,0,3,1,18,259,5,266,18.75,214.25,200.25,0.7310735,0,14,14,138,0,"M","5","3670","42811",61,"0"
"136172",0,0,0,0,0,0,0,3,0,0,0,0,0,0,0,3,3,0,3,0,341,343,325,126.666666666667,11.6666666666667,107.931929666667,90.3733333333333,0.511096333333333,0,17.5585963333333,17.5585963333333,90.3733333333333,0,"M","5","3740","44461",45,"0"
"136577",0,0,0,0,0,0,0,5,0,0,0,0,0,0,0,5,5,0,5,0,152,191,161,152,16,134.8,134.8,0.8868566,0,0,0,134.8,0,NA,"5","3740","44472",61,"0"
"137890",0,0,0,0,0,0,0,4,0,0,0,0,0,0,0,4,4,0,4,0,117,147,137,303.75,18.75,243,243,0.79996375,0,0,0,243,0,"M","5","3510","37893",61,"0"
"137994",0,0,0,0,0,0,0,3,0,0,0,0,0,0,0,3,3,0,3,0,152,191,147,304,15,247.666666666667,247.666666666667,0.812280666666667,0,0,0,246.933333333333,-0.733333333333333,"M","5","3550","39234",61,"0"
"138905",0,0,0,0,0,0,0,5,0,0,0,0,0,0,0,5,5,0,5,0,52,84,74,76,13,75.2,73.424,0.9661052,0,1.776,1.776,73.424,0,NA,"5","3550","39152",61,"0"
"139859",0,0,0,0,0,0,0,3,0,0,0,0,0,0,0,3,3,0,3,0,254,285,264,304.333333333333,16.6666666666667,237.666666666667,237.666666666667,0.780943,0,0,0,237.666666666667,0,NA,"5","3650","42532",61,"0"
"140343",0,0,0,0,0,0,0,5,0,0,0,0,0,0,0,5,5,0,5,0,171,202,180,152,16,131.4,131.4,0.861637,0,0,0,130.96,-0.44,"M","5","3511","37992",69,"0"
"141231",0,0,0,0,0,3,0,3,0,0,0,0,0,0,0,6,6,0,6,0,152,189,152,304,15,246,246,0,245.999968,0,245.999968,2.235,0,"M","5","3630","41672",47,"0"
"141334",0,0,0,0,0,3,0,0,0,0,0,0,0,0,0,3,3,0,3,0,48,NA,55,33.3333333333333,8.33333333333333,33.9866666666667,13,0.171052666666667,0,20.9866666666667,20.9866666666667,13,0,"F","1","2450","21492",44,"1"
"141523",0,4,0,1,0,0,0,0,0,0,0,0,0,0,0,5,5,0,3,2,135,136,125,104.6,14,91.832,75.8,0.5558556,0,16.032,16.032,55.4,0,"M","1","2950","29315",57,"0"
"141979",0,0,0,0,0,0,0,3,0,0,0,0,0,0,0,3,3,0,3,0,335,364,348,304,16.6666666666667,237.666666666667,237.666666666667,0.77937,0,0,0,236.933333333333,-0.733333333333333,"M","5","3550","38932",51,"0"
"142614",0,1,0,1,0,0,0,0,0,0,0,0,0,0,0,2,2,0,2,0,55,59,55,18.5,12.5,19.24,0,0,0,19.24,19.24,0,0,"F","1","2960","29605",61,"1"
"143719",0,0,0,0,0,0,0,3,0,0,0,0,0,0,0,3,3,0,3,0,285,347,313,303.333333333333,16.6666666666667,237.666666666667,237.666666666667,0.698116333333333,0,0,0,203.8,-33.8666666666667,NA,"5","3680","43193",61,"1"
"145934",0,0,0,0,0,0,0,3,0,0,0,0,0,0,0,3,3,0,3,0,156,191,137,304,15,243,243,0.799342,0,0,0,243,0,"M","5","3530","38562",61,"0"
"146288",0,0,0,0,0,0,0,2,0,0,0,0,0,0,0,2,2,0,2,0,13,NA,-21,50,25,49.6689475,28.5,0.57,0,21.1689475,21.1689475,28.5,0,"F","5","3990","48511",24,"1"
"146680",0,0,0,0,0,0,0,5,1,0,0,0,0,0,0,4,5,0,4,1,37,336,19,45.8,16.8,46.3991578,37.864,0.6738684,0,8.5351578,8.5351578,24.84,0,"F","5","3630","41751",40,"0"
"147636",0,0,0,0,0,0,0,1,0,0,0,0,0,0,0,1,1,0,1,0,136,NA,126,304,25,259,259,0.851974,0,0,0,259,0,"M","5","3720","44027",61,"1"
"148606",0,0,0,0,0,0,0,3,0,0,0,0,0,0,0,3,3,0,3,0,275,306,287,304.333333333333,16.6666666666667,237.666666666667,237.666666666667,0.780943,0,0,0,237.666666666667,0,NA,"5","3910","46290",61,"0"
"150984",0,0,0,0,0,0,0,4,0,0,0,0,0,0,0,4,4,0,4,0,44,75,54,303.75,15,243,243,0.759933,0,0,0,230.845,-12.155,NA,"5","3680","43107",61,"1"
"151034",0,0,0,0,0,0,2,0,0,0,0,0,0,0,0,2,2,0,2,0,36,67,40,304,17.5,254,254,0.8355265,0,0,0,254,0,"M","1","2550","23582",24,"0"
"152589",0,0,0,0,0,0,0,2,0,0,0,0,0,0,0,2,2,0,2,0,87,90,63,101,17.5,96.34,86,0.5892105,25,10.34,35.34,61,0,"M","5","3540","38683",61,"0"
"153239",0,0,0,0,0,0,0,4,0,0,0,0,0,0,0,4,4,0,4,0,82,112,80,310.25,15,247.7075,243,0.78404525,0,4.7075,4.7075,242.7,-0.3,"M","5","3980","48125",61,"1"
"153347",0,0,0,0,0,0,0,4,0,0,0,0,0,0,0,4,4,0,3,1,18,291,-1,133,17.5,122,98.86,0.729342,0,23.14,23.14,64.36,0,"M","5","3640","42283",40,"1"
"154982",0,0,0,0,0,0,0,3,0,0,0,0,0,0,0,3,3,0,3,0,152,191,164,304,15,247.666666666667,247.666666666667,0.814693,0,0,0,247.666666666667,0,"M","5","3803","45411",72,"0"
"155444",0,0,0,0,0,0,0,3,0,0,0,0,0,0,0,3,3,0,3,0,325,356,334,313,16.6666666666667,243.943333333333,237.666666666667,0.758621666666667,0,6.27666666666667,6.27666666666667,236.933333333333,-0.733333333333333,"M","5","3530","38455",61,"0"
"156467",0,0,0,0,0,0,0,4,0,0,0,0,0,0,0,4,4,0,4,0,130,161,132,303.75,18.75,243,243,0.7981545,0,0,0,242.45,-0.55,NA,"5","3530","38337",61,"0"
"157044",0,0,0,0,0,0,0,3,0,0,0,0,0,0,0,3,3,0,3,0,321,350,325,312.666666666667,16.6666666666667,237.666666666667,237.666666666667,0.761873333333333,0,0,0,237.666666666667,0,"M","5","3500","37648",61,"0"
"157522",0,0,0,0,0,0,0,1,0,0,0,0,0,0,0,1,1,0,1,0,39,NA,20,152,25,144,88,0.578947,0,56,56,88,0,"M","5","3550","39072",61,"1"
"158050",0,0,0,0,0,0,0,3,0,0,0,0,0,0,0,3,3,0,3,0,152,191,175,304,15,247.666666666667,247.666666666667,0.812280666666667,0,0,0,246.933333333333,-0.733333333333333,NA,"5","3600","41138",61,"0"
"158789",0,0,0,0,0,0,0,3,0,0,0,0,0,0,0,3,3,0,3,0,303,334,311,313,16.6666666666667,243.943333333333,237.666666666667,0.758637333333333,0,6.27666666666667,6.27666666666667,256.303333333333,-0.733333333333333,"M","5","3550","38997",61,"0"
"158867",0,0,0,0,0,0,0,2,0,0,0,0,0,1,0,1,2,0,2,0,366,NA,362,58,12,34.84,28.6,0.55,0,6.24,6.24,57.2,0,"F","5","3582","40007",69,"0"
"158976",0,0,0,0,0,0,0,3,0,0,0,0,0,0,0,3,3,0,3,0,152,191,171,304,15,247.666666666667,247.666666666667,0.813596333333333,0,0,0,247.333333333333,-0.333333333333333,NA,"5","3830","45500",61,"1"
"162298",0,0,0,0,0,0,0,3,0,0,0,0,0,0,0,3,3,0,3,0,191,222,201,304,11.6666666666667,237.666666666667,237.666666666667,0.781798,0,0,0,237.666666666667,0,"M","5","3680","43251",60,"0"
"163600",0,0,0,0,0,0,0,4,0,0,0,0,0,0,0,4,4,0,4,0,148,179,153,303.75,15,243,243,0.79996375,0,0,0,243,0,"M","5","3720","43993",59,"0"
"164983",0,0,0,0,0,0,0,5,0,0,0,0,0,0,0,5,5,0,5,0,152,191,173,152,16,134.8,134.8,0.8868566,0,0,0,134.8,0,NA,"5","3950","47551",61,"0"
"166418",0,0,0,0,0,0,0,4,0,0,0,0,0,0,0,4,4,0,4,0,107,138,111,303.75,15,243,243,0.7788315,0,0,0,236.58,-6.42,"M","5","3940","47176",61,"1"
"166776",0,0,0,0,0,0,0,4,0,0,0,0,0,0,0,4,4,0,4,0,87,118,104,304,15,243,243,0.797521,0,0,0,242.45,-0.55,"M","5","3600","40753",41,"1"
"166792",0,0,0,0,0,0,0,6,0,0,0,0,0,0,0,6,6,0,6,0,58,89,60,151.833333333333,15.8333333333333,132.833333333333,132.833333333333,0.872453666666667,0,0,0,132.466666666667,-0.366666666666667,NA,"5","3550","38971",61,"0"
"167201",0,0,0,0,0,0,0,10,0,0,0,0,0,0,0,10,10,0,10,0,62,91,80,76,16,72.2,72.2,0.9500942,0,0,0,72.2,0,"M","5","3920","46754",61,"0"
"168511",0,0,0,0,0,0,0,4,0,0,0,0,0,0,0,4,4,0,4,0,45,76,46,303.75,15,243,243,0.79921075,0,0,0,242.775,-0.225,"M","5","3870","45759",45,"1"
"168580",0,0,0,0,0,0,0,3,0,0,0,0,0,0,0,3,3,0,3,0,152,191,173,304,15,247.666666666667,247.666666666667,0.814693,0,0,0,247.666666666667,0,"M","5","3560","39541",61,"0"
"169663",5,0,0,1,0,0,0,0,0,0,0,0,0,0,0,6,6,0,5,1,55,84,45,64.3333333333333,10.8333333333333,63.2726315,58.5,0.779244166666667,0,4.7726315,4.7726315,49.8333333333333,0,"F","1","2018","13217",41,"1"
"169771",0,0,0,0,0,0,0,2,0,0,0,0,0,0,0,2,2,0,2,0,306,307,287,177,17.5,148.84,123.56,0.6403945,0,25.28,25.28,123.56,0,"M","5","3900","46145",50,"0"
"174584",0,0,0,0,0,0,0,1,0,0,0,0,0,0,0,1,1,0,1,0,108,NA,97,152,25,144,88,0.578947,0,56,56,88,0,"M","5","3540","38709",76,"0"
"180225",0,0,0,0,0,0,0,11,0,0,0,0,0,0,0,11,11,0,11,0,29,60,39,75.9090909090909,16.5,71.5454545454545,71.5454545454545,0.942507727272727,0,0,0,71.5454545454545,0,NA,"5","3660","42653",61,"0"
"180811",0,0,0,0,0,0,0,4,0,0,0,0,0,0,0,4,4,0,4,0,148,179,153,234.25,17.5,196.5825,191.75,0.61101975,0,4.8325,4.8325,185.75,-6,"F","5","3511","37914",28,"0"
"18089",0,0,0,0,0,0,0,2,0,0,0,0,0,0,0,2,2,0,2,0,263,294,277,316.5,17.5,242,242,0.7666825,0,0,0,242,0,"F","5","3530","38459",61,"0"
"182620",0,0,0,0,0,0,0,5,0,0,0,0,0,0,0,5,5,0,5,0,3,34,18,65.6,16,65.072,55.024,0.8006316,0,10.048,10.048,55.024,0,"F","5","3960","47769",58,"0"
"18270",0,0,0,0,0,0,0,2,0,0,0,0,0,0,0,2,2,0,2,0,52,NA,27,37.5,12.5,37.3289475,14.5,0.29,0,22.8289475,22.8289475,14.5,0,"M","5","3582","40002",30,"1"
"182806",0,0,0,0,0,0,0,6,0,0,0,0,0,0,0,6,6,0,6,0,85,116,91,152,15.8333333333333,132.833333333333,132.833333333333,0.8738865,0,0,0,132.833333333333,0,NA,"5","3540","38666",61,"0"
"187487",0,0,0,0,0,0,0,3,0,0,0,0,0,0,0,3,3,0,3,0,335,364,350,304,16.6666666666667,237.666666666667,237.666666666667,0.781782333333333,0,0,0,237.666666666667,0,"M","5","3720","44001",75,"0"
"187958",0,0,0,0,0,0,0,6,0,0,0,0,0,0,0,6,6,0,6,0,6,35,26,152,13.3333333333333,132.833333333333,132.833333333333,0.873893166666667,0,0,0,132.833333333333,0,NA,"5","3590","40318",61,"0"
"189702",0,0,0,0,0,0,0,3,0,0,0,0,0,0,0,3,3,0,3,0,225,256,230,313,16.6666666666667,243.943333333333,237.666666666667,0.761034,0,6.27666666666667,6.27666666666667,237.666666666667,0,"M","5","3620","41300",61,"0"
"189721",0,0,0,0,0,0,0,1,0,0,0,0,0,0,0,1,1,0,1,0,18,NA,-2,152,25,144,144,0.947368,0,0,0,144,0,"M","5","3700","43815",61,"0"
"190317",0,0,0,0,0,0,0,3,0,0,0,0,0,0,0,3,3,0,3,0,310,341,328,304.333333333333,16.6666666666667,237.666666666667,237.666666666667,0.780943,0,0,0,237.666666666667,0,"M","5","3941","47327",61,"0"
"193305",0,1,0,0,0,0,0,0,0,0,0,0,0,0,0,1,1,0,1,0,26,NA,17,50,25,50.657895,29,0.58,0,21.657895,21.657895,29,0,"M","1","2950","29495",61,"1"
"19466",5,0,0,3,0,0,0,0,0,0,0,0,0,0,0,8,8,0,8,0,41,70,45,72.75,14.375,69.967105,67.625,0.879144625,0,2.342105,2.342105,65.125,0,"F","1","2100","14514",61,"0"
"194809",2,0,0,0,0,0,0,0,0,0,0,0,0,0,0,2,2,0,2,0,90,101,91,158,17.5,146.6842105,116,0.728498,0,30.6842105,30.6842105,116,0,"M","1","2018","13293",75,"0"
"195095",0,0,0,0,0,0,0,5,0,0,0,0,0,0,0,5,5,0,5,0,162,193,160,132,16,114.948,111.2,0.779406,0,3.748,3.748,108.152,0,"F","5","3580","39723",43,"0"
"195120",0,0,0,0,0,0,0,3,0,0,0,0,0,0,0,3,3,0,3,0,304,335,313,313,16.6666666666667,243.943333333333,237.666666666667,0.758621666666667,0,6.27666666666667,6.27666666666667,236.933333333333,-0.733333333333333,"M","5","3550","38933",61,"0"
"195474",0,0,0,0,0,0,0,4,0,0,0,0,0,0,0,4,4,0,4,0,92,123,103,304,15,243,243,0.797521,0,0,0,242.45,-0.55,NA,"5","3700","43779",61,"0"
"196035",0,0,0,0,0,0,0,10,0,0,0,0,0,0,0,10,10,0,10,0,71,102,67,76,16,71.3,71.3,0.9382199,0,0,0,71.2,-0.1,"M","5","3740","44629",64,"0"
"198700",0,0,0,0,0,0,0,4,0,0,0,0,0,0,0,4,4,0,4,0,45,76,55,303.75,15,243,243,0.79995575,0,0,0,243,0,"M","5","3650","42451",60,"1"
"199691",0,0,0,0,1,0,0,0,0,0,0,0,0,0,0,1,1,0,1,0,138,NA,140,304,25,249,176,0.578947,0,73,73,176,0,"M","7","9130","69347",61,"1"
"200989",0,0,0,0,0,0,2,0,0,0,0,0,0,0,0,2,2,0,2,0,73,75,63,189.5,17.5,165.4786185,144,0.683617,0,21.4786185,21.4786185,144,0,"M","1","2860","27431",61,"1"
"201325",0,0,0,0,0,0,0,3,0,0,0,0,0,0,0,3,3,0,3,0,333,364,346,313,16.6666666666667,243.943333333333,237.666666666667,0.757323,0,6.27666666666667,6.27666666666667,236.533333333333,-1.13333333333333,NA,"5","3800","45171",61,"0"
"202650",0,0,0,0,0,0,0,11,0,0,0,0,0,0,0,11,11,0,11,0,15,46,20,76,14.5454545454545,71.5454545454545,71.5454545454545,0.941575090909091,0,0,0,71.5454545454545,0,NA,"5","3920","46892",61,"0"
"20314",0,3,0,0,0,0,0,0,0,0,0,0,0,0,0,3,3,0,2,1,277,297,279,304,15,242,185.975,0.431727,0,56.025,56.025,131.245,0,"F","1","2990","30725",61,"0"
"203645",0,4,0,0,0,0,0,0,0,0,0,0,0,0,0,4,4,0,3,1,32,235,19,64.5,17.5,63.29447375,51.25,0.75403075,0,12.04447375,12.04447375,32.75,0,"F","1","2240","16777",61,"1"
"204554",1,0,0,0,0,0,0,0,0,0,0,0,0,0,0,1,1,0,1,0,150,NA,160,152,25,138,88,0.578947,0,50,50,88,0,"M","1","2020","13416",61,"0"
"204587",0,0,0,0,0,0,0,10,0,0,0,0,0,0,0,10,10,0,10,0,55,84,75,76,16,72.2,72.2,0.9487955,0,0,0,72.1,-0.1,NA,"5","3930","46912",61,"0"
"204952",0,0,0,0,0,0,0,2,0,0,0,0,0,0,0,2,2,0,2,0,332,339,327,164.5,5,137.5,109.56,0.3603945,0,27.94,27.94,109.56,0,"M","5","3690","43518",61,"0"
"206822",0,0,0,0,0,0,0,1,0,0,0,0,0,0,0,1,1,0,1,0,23,NA,14,152,25,144,88,0.578947,0,56,56,88,0,"M","5","3730","44228",61,"1"
"209850",0,0,0,0,0,0,0,4,0,0,0,0,0,0,0,4,4,0,4,0,82,112,94,126.5,13.75,117.17,107.86,0.8035525,0,9.31,9.31,107.86,0,"M","5","3960","47652",61,"0"
"210927",0,0,0,0,0,0,0,4,0,0,0,0,0,0,0,4,4,0,3,1,18,417,3,234.5,18.75,192.5825,173.75,0.72803025,0,18.8325,18.8325,111.5,-0.55,"M","5","3530","38364",50,"1"
"211228",1,0,0,0,0,0,0,0,0,0,0,0,0,0,0,1,1,0,1,0,243,NA,249,304,25,249,249,0.819079,0,0,0,249,0,"M","1","2020","13468",61,"0"
"214536",0,0,0,0,0,0,0,3,0,0,0,0,0,0,0,3,3,0,3,0,152,191,165,304,15,247.666666666667,247.666666666667,0.814693,0,0,0,247.666666666667,0,NA,"5","3740","44571",61,"0"
"215157",0,0,0,0,0,0,0,3,0,0,0,0,0,0,0,3,3,0,3,0,282,313,299,304.333333333333,16.6666666666667,237.666666666667,237.666666666667,0.778546333333333,0,0,0,236.933333333333,-0.733333333333333,"M","5","3550","39114",61,"0"
"215874",0,0,0,0,1,0,0,0,0,0,0,0,0,0,0,1,1,0,1,0,336,NA,343,304,25,249,249,0.410828,124.108323,0,124.108323,124.89,0,"M","7","9100","68500",55,"0"
"216602",0,0,0,0,0,0,0,3,0,0,0,0,0,0,0,3,3,0,3,0,167,196,167,304,15,239.666666666667,239.666666666667,0.788377,0,0,0,239.666666666667,0,"M","5","3630","41979",61,"0"
"216656",0,0,0,0,0,0,0,11,0,0,0,0,0,0,0,11,11,0,11,0,29,60,19,75.9090909090909,17.2727272727273,71.5454545454545,71.5454545454545,0.942452454545455,0,0,0,71.5454545454545,0,"M","5","3540","38757",76,"0"
"216874",0,0,0,0,0,0,0,3,0,0,0,0,0,0,0,3,3,0,3,0,274,305,285,304,16.6666666666667,237.666666666667,237.666666666667,0.781782333333333,0,0,0,237.666666666667,0,"M","5","3520","38118",61,"0"
"217025",0,0,0,0,0,0,0,5,0,0,0,0,0,0,0,5,5,0,4,1,335,350,339,182.4,16,160.25,160.25,0.84952475,0,0,0,160.25,0,"M","5","3920","46779",80,"0"
"217062",0,0,0,0,0,0,0,3,0,0,0,0,0,0,0,3,3,0,3,0,295,326,313,304.333333333333,16.6666666666667,237.666666666667,237.666666666667,0.780943,0,0,0,237.666666666667,0,NA,"5","3910","46323",61,"0"
"21802",0,0,0,0,0,0,0,3,0,0,0,0,0,0,0,3,3,0,3,0,152,192,166,304,15,247.666666666667,247.666666666667,0.814693,0,0,0,247.666666666667,0,"M","5","3570","39594",70,"0"
"218052",0,0,0,0,0,0,0,3,0,0,0,0,0,0,0,3,3,0,3,0,324,355,319,304.333333333333,16.6666666666667,237.666666666667,237.666666666667,0.780943,0,0,0,237.666666666667,0,NA,"5","3650","42510",61,"0"
"22083",0,0,0,0,0,0,0,3,0,0,0,0,0,0,0,3,3,0,3,0,152,192,168,304,15,247.666666666667,247.666666666667,0.812280666666667,0,0,0,246.933333333333,-0.733333333333333,"M","5","3700","43863",61,"0"
"222398",0,0,0,0,0,0,0,11,0,0,0,0,0,0,0,11,0,11,11,0,37,54,47,75.9090909090909,15,71.5454545454545,71.5454545454545,0.935048909090909,0,0,0,70.9763636363636,-0.569090909090909,NA,"5","3500","37722",61,"0"
"223043",0,0,0,0,0,0,0,3,0,0,0,0,0,0,0,3,3,0,3,0,170,201,174,304,15,239.666666666667,239.666666666667,0.785964666666667,0,0,0,238.933333333333,-0.733333333333333,"M","5","3550","39202",61,"0"
"224695",0,0,0,0,0,1,0,0,0,0,0,0,0,0,0,1,1,0,1,0,150,NA,150,329,25,269.48,249,0.756839,0,20.48,20.48,249,0,"M","1","2310","18529",61,"0"
"229930",0,0,0,0,0,0,0,3,0,0,0,0,0,0,0,3,3,0,3,0,152,191,152,304,15,247.666666666667,247.666666666667,0,247.666634666667,0,247.666634666667,0,0,"F","5","3740","44351",61,"0"
"230643",0,0,0,0,0,0,0,3,0,0,0,0,0,0,0,3,3,0,3,0,214,245,215,303.666666666667,12.5,237.666666666667,237.666666666667,0.782627,0,0,0,237.666666666667,0,"M","5","3560","39391",61,"0"
"232015",0,0,0,0,0,0,0,3,0,0,0,0,0,0,0,3,3,0,3,0,155,191,152,304.333333333333,15,243,243,0.798497333333333,0,0,0,243,0,"M","5","3990","48344",61,"0"
"233091",0,0,0,0,0,0,0,3,0,0,0,0,0,0,0,3,3,0,3,0,180,210,186,304,15,239.666666666667,239.666666666667,0.788377,0,0,0,239.666666666667,0,"M","5","3970","47901",55,"0"
"234121",0,0,0,0,0,0,0,3,0,0,0,0,0,0,0,3,3,0,3,0,110,154,126,304,15,247.666666666667,247.666666666667,0.812280666666667,0,0,0,246.933333333333,-0.733333333333333,"F","5","3550","38926",61,"1"
"235337",0,0,0,0,0,0,0,6,0,0,0,0,0,0,0,6,6,0,6,0,15,46,4,152,13.3333333333333,132.833333333333,132.833333333333,0.867296666666667,0,0,0,131.831666666667,-1.00166666666667,"M","5","3770","44866",61,"0"
"23596",0,0,0,0,0,0,0,4,0,0,0,0,0,0,0,4,4,0,4,0,88,119,108,152.25,13.75,136.75,136.75,0.873404,0,0,0,132.94,0,"M","5","3730","44240",61,"0"
"237341",0,0,0,0,0,0,0,2,0,0,0,0,0,0,0,2,2,0,2,0,240,271,238,304,17.5,242,227.9,0.749671,0,14.1,14.1,227.9,0,NA,"5","3730","44220",61,"0"
"238227",0,0,0,0,0,0,0,3,0,0,0,0,0,0,0,3,3,0,3,0,335,364,341,304.333333333333,16.6666666666667,237.666666666667,237.666666666667,0.780943,0,0,0,237.666666666667,0,"M","5","3600","40669",42,"0"
"238763",0,0,0,0,0,0,0,10,0,0,0,0,0,0,0,10,10,0,10,0,71,102,90,76,16,71.3,71.3,0.9382199,0,0,0,71.3,0,"F","5","3910","46454",61,"0"
"238958",0,0,0,0,0,0,0,10,0,0,0,0,0,0,0,10,10,0,10,0,62,91,80,76.1,16,72.2,72.2,0.948869,0,0,0,72.2,0,NA,"4","4287","109309",61,"0"
"239139",0,0,0,0,0,0,0,3,0,0,0,0,0,0,0,3,3,0,3,0,152,191,164,304,15,247.666666666667,247.666666666667,0.814693,0,0,0,247.666666666667,0,"F","5","3640","42078",79,"0"
"240143",0,0,0,0,0,0,0,3,0,0,0,0,0,0,0,3,3,0,3,0,152,191,161,304,15,247.666666666667,247.666666666667,0.813487,0,0,0,247.3,-0.366666666666667,NA,"5","3511","37927",61,"0"
"243154",0,0,0,0,0,0,0,3,0,0,0,0,0,0,0,3,3,0,3,0,345,376,354,304.333333333333,16.6666666666667,237.666666666667,237.666666666667,0.780943,0,0,0,237.666666666667,0,NA,"5","3665","143139",61,"0"
"245508",0,0,0,0,0,0,0,10,0,0,0,0,0,0,0,10,10,0,10,0,67,98,68,76,16,71.6,71.6,0.9421363,0,0,0,71.6,0,NA,"5","3620","41542",61,"0"
"246652",0,0,0,0,0,0,0,6,0,0,0,0,0,0,0,6,6,0,6,0,134,165,133,152,18.3333333333333,132.833333333333,132.833333333333,0.869362333333333,0,0,0,132.136666666667,-0.696666666666667,"M","5","3620","0",61,"0"
"247619",0,0,0,0,0,0,0,2,0,0,0,0,0,0,0,2,2,0,2,0,32,NA,17,37.5,12.5,38.3289475,14.5,0.29,0,23.8289475,23.8289475,14.5,0,"M","5","3520","38228",61,"1"
"248778",0,0,0,0,0,0,0,5,0,0,0,0,0,0,0,5,5,0,3,2,12,292,-1,68.4,19,64.0947376,62.8,0.9015948,0,1.2947376,1.2947376,33.8,0,"M","5","3670","43017",61,"0"
"248786",0,0,0,0,0,0,0,2,0,0,0,0,0,0,0,2,2,0,2,0,9,NA,-8,50,25,49.6689475,28.5,0.57,0,21.1689475,21.1689475,28.5,0,"M","5","3740","44334",32,"1"
"249832",0,0,0,0,0,0,0,13,0,0,0,0,0,0,0,13,11,2,12,1,11,42,40,64.2307692307692,18.0769230769231,60.1307692307692,60.1307692307692,0.933092230769231,0,0,0,54.2076923076923,0,"M","5","3660","42635",47,"0"
"250717",0,0,0,0,0,0,0,3,0,0,0,0,0,0,0,3,3,0,3,0,152,191,160,304,15,247.666666666667,247.666666666667,0.812280666666667,0,0,0,246.933333333333,-0.733333333333333,NA,"5","3600","40634",61,"0"
"250938",0,0,0,0,0,0,3,0,0,0,0,0,0,0,0,3,3,0,3,0,304,335,314,304.333333333333,16.6666666666667,237.666666666667,237.666666666667,0.776727333333333,0,0,0,236.376666666667,-1.29,NA,"1","2500","22664",56,"0"
"251326",0,0,0,0,0,3,0,0,0,0,0,0,0,0,0,3,3,0,3,0,152,189,152,304,15,244.333333333333,244.333333333333,0.802631333333333,0,0,0,244,-0.333333333333333,"M","1","2321","18758",53,"0"
"252133",0,0,0,0,0,0,0,3,0,0,0,0,0,0,0,3,3,0,3,0,152,191,144,304,15,247.666666666667,247.666666666667,0.814693,0,0,0,247.666666666667,0,NA,"5","3920","46469",61,"0"
"253165",0,0,0,0,0,4,0,0,0,0,0,0,0,0,0,4,4,0,4,0,145,174,152,303.75,15,240.5,240.5,0.79174,0,0,0,240.5,0,"M","1","2960","29610",61,"0"
"253687",0,0,0,0,0,0,0,3,0,0,0,0,0,0,0,3,3,0,3,0,228,259,229,304.333333333333,16.6666666666667,237.666666666667,237.666666666667,0.778546333333333,0,0,0,236.933333333333,-0.733333333333333,NA,"5","3600","41053",61,"0"
"256307",0,0,0,0,0,0,0,4,0,0,0,0,0,0,0,4,4,0,4,0,104,133,109,303.75,15,243,243,0.79996375,0,0,0,243,0,NA,"5","3971","48032",61,"0"
"256376",0,0,0,0,0,3,0,0,0,0,0,0,0,0,0,3,3,0,3,0,226,257,249,304.333333333333,16.6666666666667,237.666666666667,237.666666666667,0.780943,0,0,0,237.666666666667,0,"M","1","2275","17623",76,"0"
"258487",3,0,0,0,0,0,0,0,0,0,0,0,0,0,0,3,3,0,2,1,304,313,300,160.333333333333,15,171.74,161.5,0.8652615,0,10.24,10.24,161.5,0,NA,"1","2100","14628",61,"0"
"260099",0,0,0,0,0,3,0,0,0,0,0,0,0,0,0,3,3,0,3,0,183,214,192,304,16.6666666666667,237.666666666667,237.666666666667,0.788377,0,0,0,239.666666666667,0,"M","1","2480","22060",61,"0"
"260247",0,0,0,0,0,11,0,0,0,0,0,0,0,0,0,11,11,0,10,1,18,49,19,76,15.4545454545455,71.9,71.9,0.8836592,0,0,0,67.112,-4.788,"F","1","2460","21700",68,"0"
"260902",0,0,2,2,0,0,0,0,0,0,0,0,0,0,0,4,4,0,4,0,138,168,138,234.5,21.25,189.25,189.25,0.602796,0,0,0,183.25,-6,"F","1","2150","15032",73,"0"
"261247",0,0,0,0,0,0,0,3,0,0,0,0,0,0,0,3,3,0,3,0,277,308,292,313,16.6666666666667,243.943333333333,237.666666666667,0.750309,0,6.27666666666667,6.27666666666667,234.396666666667,-3.27,NA,"5","3700","43962",61,"0"
"262227",0,0,0,0,0,0,0,4,0,0,0,0,0,0,0,4,4,0,4,0,129,160,143,303.75,18.75,243,243,0.79996375,0,0,0,243,0,NA,"5","3650","42339",61,"0"
"265758",0,0,0,0,0,0,0,6,0,0,0,0,0,0,0,6,6,0,6,0,121,152,109,152.166666666667,18.3333333333333,132.833333333333,132.833333333333,0.856991833333333,0,0,0,130.373333333333,0,"M","5","3800","45360",71,"0"
"266566",0,1,0,2,0,0,0,0,0,0,0,0,0,0,0,3,3,0,3,0,335,364,343,304.333333333333,16.6666666666667,237.666666666667,237.666666666667,0.780953333333333,0,0,0,237.666666666667,0,"M","1","2990","30852",61,"0"
"268257",0,0,0,0,0,3,0,0,0,0,0,0,0,0,0,3,3,0,3,0,380,418,397,304,16.6666666666667,237.666666666667,237.666666666667,0.753356666666667,0,0,0,229.02,-8.64666666666667,"M","1","2300","18377",41,"0"
"268358",0,0,0,0,0,0,1,0,0,0,0,0,0,0,0,1,1,0,1,0,12,NA,-14,152,25,144,88,0.578947,0,56,56,88,0,"M","1","2800","26131",61,"1"
"269120",0,0,0,0,0,3,0,0,0,0,0,0,0,0,0,3,3,0,3,0,166,196,167,304,15,239.666666666667,239.666666666667,0.785964666666667,0,0,0,238.933333333333,-0.733333333333333,"M","1","2200","15769",61,"0"
"27050",0,0,0,0,0,0,0,2,0,0,0,0,0,0,0,2,2,0,2,0,74,NA,70,76,25,72.5,68.42,0.900263,0,4.08,4.08,68.42,0,"F","5","3700","43872",61,"1"
"271592",0,0,1,0,0,0,2,0,0,0,0,0,0,0,0,3,3,0,3,0,274,305,279,304,16.6666666666667,237.666666666667,237.666666666667,0.780462,0,0,0,237.266666666667,-0.4,"M","1","2870","27702",46,"0"
"271705",0,2,0,2,0,0,0,0,4,0,0,0,0,0,0,0,4,0,4,0,113,144,113,114.75,10.75,146.1,146.1,0,38.4560815,0,38.4560815,0,0,"F","1","2960","29819",61,"0"
"271727",0,0,0,0,0,0,0,10,0,0,0,0,0,0,0,10,10,0,9,1,35,215,25,83.8,16.5,78.1111111111111,78.1111111111111,0.826332,0,0,0,70.8888888888889,-7.22222222222222,"M","5","3800","45221",61,"0"
"273071",0,0,0,0,0,0,0,4,0,0,0,0,0,0,0,4,4,0,4,0,107,138,117,303.75,15,243,243,0.79996375,0,0,0,243,0,NA,"5","3600","41180",61,"0"
"273366",0,0,0,0,0,0,5,0,0,0,0,0,0,0,0,5,5,0,5,0,32,63,54,59,19,59.0254736,49.8,0.7901784,0,9.2254736,9.2254736,49.8,0,"M","1","2800","25883",65,"0"
"274943",0,0,0,0,0,0,0,3,0,0,0,0,0,0,0,3,3,0,3,0,260,291,270,304.333333333333,16.6666666666667,237.666666666667,237.666666666667,0.780943,0,0,0,237.666666666667,0,"F","5","3660","42590",61,"0"
"275046",0,2,0,1,0,0,0,0,0,0,0,0,0,0,0,3,3,0,3,0,237,266,248,304.333333333333,16.6666666666667,237.666666666667,237.666666666667,0.755372,0,0,0,229.883333333333,-7.78333333333333,"M","1","2930","29005",37,"0"
"27613",0,0,0,0,0,0,0,7,0,0,0,0,0,0,0,7,7,0,6,1,159,468,160,108.571428571429,20.7142857142857,94.7142857142857,94.7142857142857,0.891213714285714,0,0,0,83.8285714285714,-0.314285714285714,"M","5","3520","38239",61,"0"
"276941",1,0,0,0,0,0,0,0,0,0,0,0,0,0,0,1,1,0,1,0,196,NA,189,304,25,249,249,0.819079,0,0,0,249,0,"F","1","2018","13179",67,"0"
"277835",0,0,0,0,0,11,0,0,0,0,0,0,0,0,0,11,11,0,11,0,58,89,75,75.9090909090909,15.9090909090909,71.2727272727273,71.2727272727273,0.937725181818182,0,0,0,71.1818181818182,-0.0909090909090909,"F","1","2320","18687",61,"0"
"277998",0,2,0,1,0,0,0,0,0,0,0,0,0,0,0,3,3,0,3,0,167,196,182,304.333333333333,20,239.666666666667,239.666666666667,0.787532333333333,0,0,0,239.666666666667,0,NA,"1","2243","16911",71,"0"
"278076",0,2,0,1,0,0,0,0,0,0,0,0,0,0,0,3,3,0,3,0,265,294,279,304.666666666667,16.6666666666667,237.666666666667,237.666666666667,0.746749,0,0,0,227.49,-10.1766666666667,NA,"1","2930","28979",76,"1"
"281030",0,0,0,0,0,0,0,5,0,0,0,0,0,0,0,5,5,0,5,0,167,196,152,181.8,14,151.8,151.8,0.8450914,0,0,0,150.726,-0.874,"M","5","3600","40922",69,"0"
"281658",0,2,0,1,0,0,0,0,0,0,0,0,0,0,0,3,3,0,3,0,228,259,234,304.666666666667,16.6666666666667,237.666666666667,237.666666666667,0.780114,0,0,0,237.666666666667,0,NA,"1","2930","29016",47,"0"
"282163",0,0,0,0,0,3,0,0,0,0,0,0,0,0,0,3,3,0,3,0,223,252,237,304,16.6666666666667,237.666666666667,237.666666666667,0.781782333333333,0,0,0,237.666666666667,0,"M","1","2310","18479",46,"0"
"282493",0,0,0,0,0,3,0,0,0,0,0,0,0,0,0,3,3,0,3,0,321,350,328,304,16.6666666666667,237.666666666667,237.666666666667,0.781782333333333,0,0,0,237.666666666667,0,"M","1","2370","19744",62,"0"
"28271",0,0,0,0,0,0,0,5,0,0,0,0,0,0,0,5,5,0,5,0,146,175,150,152,16,134.8,134.8,0.885532,0,0,0,134.6,-0.2,"M","5","3630","41834",83,"0"
"284707",0,2,0,2,0,0,0,0,0,0,0,0,0,0,0,4,4,0,4,0,72,103,83,253.5,15,202,202,0.73946525,0,0,0,193.885,-3.865,"M","1","2960","29945",61,"1"
"284735",0,2,0,2,0,0,0,0,4,0,0,0,0,0,0,0,4,0,4,0,78,109,81,51.5,4,54.6,54.6,1.05,0,0,0,54.1,0,"M","1","2960","29682",48,"1"
"284905",0,0,0,0,0,0,0,3,0,0,0,0,0,0,0,3,3,0,3,0,152,191,152,304,15,247.666666666667,247.666666666667,0.812280666666667,0,0,0,246.933333333333,-0.733333333333333,"M","5","3700","43724",61,"0"
"285977",0,0,0,0,0,4,0,0,0,0,0,0,0,0,0,4,4,0,4,0,130,161,122,303.75,15,240.5,240.5,0.76203375,0,0,0,231.4775,-9.0225,"F","1","2300","18415",74,"0"
"286499",0,0,0,0,0,0,4,0,0,0,0,0,0,0,0,4,4,0,4,0,121,152,123,303.75,18.75,240.5,240.5,0.79074975,0,0,0,240.2,-0.3,"M","1","2830","26890",70,"0"
"286795",0,0,0,0,0,0,9,0,0,0,0,0,0,0,0,9,9,0,9,0,68,98,90,73.8888888888889,15.5555555555556,69.0818711111111,67,0.869962222222222,0,2.08187111111111,2.08187111111111,65.2644444444445,-1.73555555555556,"M","1","2861","27626",53,"0"
"286997",0,0,0,0,0,0,0,5,0,0,0,0,0,0,0,5,5,0,5,0,108,139,110,136.8,16,123,119,0.826,0,4,4,115.952,0,"M","5","3665","42791",61,"0"
"287148",0,0,0,0,0,0,0,5,0,0,0,0,0,0,0,5,5,0,3,2,163,186,179,248.6,14,217.4575,212.75,0.77590275,0,4.7075,4.7075,143.815,-6.685,"M","5","3500","37802",61,"0"
"287646",0,0,0,0,0,4,0,0,0,0,0,0,0,0,0,4,4,0,3,1,192,194,181,304.25,15,240.5,212.4875,0.67952975,0,28.0125,28.0125,144.5125,-5.725,"M","1","2250","17069",48,"0"
"287734",0,0,0,0,0,0,0,3,0,0,0,0,0,0,0,3,3,0,3,0,137,168,154,304,20,247.666666666667,247.666666666667,0.814693,0,0,0,247.666666666667,0,NA,"5","3920","0",61,"0"
"287928",0,0,0,0,0,0,0,5,0,0,0,0,0,0,0,5,5,0,5,0,152,191,161,152,16,134.8,134.8,0.8868566,0,0,0,134.8,0,NA,"5","3950","47531",61,"0"
"288683",0,0,0,0,0,0,0,1,0,0,0,0,0,0,0,1,1,0,1,0,9,NA,-17,36,25,36.473688,30,0.833333,0,6.473688,6.473688,30,0,"M","5","3550","39280",46,"1"
"290501",0,0,0,0,0,0,0,3,0,0,0,0,0,0,0,3,3,0,3,0,139,172,161,304,15,247.666666666667,247.666666666667,0.814693,0,0,0,247.666666666667,0,NA,"5","3930","46987",61,"0"
"291765",0,0,0,0,0,0,4,0,0,0,0,0,0,0,0,4,4,0,4,0,92,123,109,303.75,15,243,243,0.7830065,0,0,0,237.855,-5.145,"F","2","1930","11888",44,"0"
"292007",0,0,0,0,0,0,0,10,0,0,0,0,0,0,0,10,10,0,10,0,69,102,69,76,16,71.3,71.3,0.9369212,0,0,0,71.2,-0.1,NA,"5","3770","44830",61,"0"
"292489",0,0,0,0,0,0,0,3,0,0,0,0,0,0,0,3,3,0,3,0,185,216,207,304,11.6666666666667,237.666666666667,237.666666666667,0.780482333333333,0,0,0,237.266666666667,-0.4,NA,"2","3300","0",61,"0"
"292740",0,0,0,0,0,0,0,3,0,0,0,0,0,0,0,3,3,0,3,0,163,194,181,312.666666666667,11.6666666666667,243.943333333333,237.666666666667,0.762014666666667,0,6.27666666666667,6.27666666666667,237.666666666667,0,"M","5","3665","42732",76,"0"
"293003",0,0,0,0,0,4,0,0,0,0,0,0,0,0,0,4,4,0,4,0,92,123,94,304,15,243,243,0.79933025,0,0,0,243,0,NA,"1","2440","21374",61,"0"
"294578",0,0,0,0,0,0,0,4,0,0,0,0,0,0,0,4,4,0,4,0,38,69,34,304,15,243,243,0.79933025,0,0,0,243,0,NA,"5","3800","45235",57,"1"
"294795",0,0,0,0,0,0,0,4,0,0,0,0,0,0,0,4,4,0,4,0,61,91,67,126.5,13.75,117.17,107.86,0.8035525,0,9.31,9.31,107.86,0,"M","5","3530","38587",61,"0"
"296533",0,0,2,1,0,0,0,0,0,0,0,0,0,0,0,3,3,0,3,0,183,214,200,304.666666666667,16.6666666666667,237.666666666667,237.666666666667,0.780130333333333,0,0,0,237.666666666667,0,NA,"1","2530","23147",69,"0"
"297435",0,0,1,3,0,0,0,0,0,0,0,0,0,0,0,4,4,0,3,1,339,363,354,234.75,15,163.333333333333,163.333333333333,0.845026333333333,0,0,0,160.68,-2.65333333333333,"M","1","2531","23244",35,"1"
"298338",0,0,0,0,0,3,0,0,0,0,0,0,0,0,0,3,3,0,3,0,153,189,167,304,15,239.666666666667,239.666666666667,0.788377,0,0,0,239.666666666667,0,"M","1","2330","19034",64,"0"
"298867",0,0,0,0,0,0,0,2,0,0,0,0,0,0,0,2,2,0,2,0,145,174,159,304,17.5,254,254,0.8355265,0,0,0,254,0,NA,"5","3793","44975",61,"1"
"299903",0,0,0,0,0,3,0,0,0,0,0,0,0,0,0,3,3,0,3,0,339,370,362,304.333333333333,16.6666666666667,237.666666666667,237.666666666667,0.780943,0,0,0,237.666666666667,0,"M","1","2250","17046",61,"0"
"300189",0,0,0,0,0,2,9,0,0,0,0,0,0,0,0,11,11,0,11,0,38,69,53,75.9090909090909,17.2727272727273,71.2727272727273,71.2727272727273,0.937513,0,0,0,71.1636363636364,-0.109090909090909,"M","1","2230","16539",83,"0"
"301239",0,0,0,0,0,2,0,0,0,0,0,0,0,0,0,2,2,0,2,0,118,122,109,101,25,96.34,58,0.5694735,0,38.34,38.34,58,0,"M","1","2480","22058",61,"1"
"301648",0,0,0,0,0,3,0,0,0,0,0,0,0,0,0,3,3,0,3,0,239,270,230,304.333333333333,16.6666666666667,237.666666666667,237.666666666667,0.780943,0,0,0,237.666666666667,0,"M","1","2450","21426",37,"0"
"302847",0,0,0,0,0,0,0,6,0,0,0,0,0,0,0,6,6,0,5,1,174,180,180,177.333333333333,15,153.6,153.6,0.8467684,0,0,0,153.6,0,"F","5","3511","109890",61,"0"
"303272",0,0,0,0,0,0,0,3,0,0,0,0,0,0,0,3,3,0,3,0,312,343,314,313,16.6666666666667,243.943333333333,237.666666666667,0.749203,0,6.27666666666667,6.27666666666667,234.06,-3.60666666666667,"M","5","3720","43981",62,"0"
"304152",0,0,0,0,0,3,0,0,0,0,0,0,0,0,0,3,3,0,3,0,274,305,280,304,16.6666666666667,237.666666666667,237.666666666667,0.781782333333333,0,0,0,237.666666666667,0,NA,"1","2380","19866",56,"0"
"304563",0,0,0,0,8,0,0,0,0,0,0,0,0,0,0,8,4,4,7,1,20,49,47,129.625,21.25,105.9375,105.9375,0.873898,0,0,0,74.8125,0,NA,"7","9190","70620",86,"1"
"306415",0,0,0,0,0,6,0,0,0,0,0,0,0,0,0,6,6,0,6,0,62,91,60,151.833333333333,15.8333333333333,132.833333333333,132.833333333333,0.873760833333333,0,0,0,132.666666666667,-0.166666666666667,"M","1","2328","18910",73,"0"
"306448",0,0,0,0,0,0,0,3,0,0,0,0,0,0,0,3,3,0,3,0,243,273,259,304,16.6666666666667,237.666666666667,237.666666666667,0.781777,0,0,0,237.666666666667,0,NA,"5","3800","45195",61,"0"
"307229",0,0,0,0,0,4,0,0,0,0,0,0,0,0,0,4,4,0,4,0,121,152,138,303.75,18.75,240.5,240.5,0.79174,0,0,0,240.5,0,"M","1","2440","20980",51,"0"
"307340",0,0,0,0,0,0,0,1,0,0,0,0,0,0,0,1,1,0,1,0,32,NA,17,50,25,50.657895,29,0.58,0,21.657895,21.657895,29,0,"M","5","3550","38913",40,"1"
"307378",0,0,0,0,0,10,0,0,0,0,0,0,0,0,0,10,10,0,10,0,62,91,81,76.1,16,71.9,71.9,0.9436229,0,0,0,71.8,-0.1,"M","1","2491","22444",38,"0"
"307591",0,0,0,0,0,1,0,0,0,0,0,0,0,0,0,1,1,0,1,0,14,NA,5,50,25,50.657895,29,0.58,0,21.657895,21.657895,29,0,"M","1","2460","21604",61,"1"
"307682",0,2,0,1,0,0,0,0,0,0,0,0,0,0,0,3,3,0,3,0,152,189,159,304,15,244.333333333333,244.333333333333,0.803728,0,0,0,244.333333333333,0,"F","1","2910","28656",41,"0"
"30873",0,0,0,0,0,0,0,1,0,0,0,0,0,0,0,1,1,0,1,0,208,NA,189,304,25,249,249,0.819079,0,0,0,249,0,"M","5","3920","46458",61,"0"
"30916",0,0,0,0,0,0,0,2,0,0,0,0,0,0,0,2,2,0,2,0,255,286,266,304,17.5,242,242,0.7960525,0,0,0,242,0,"M","5","3950","47549",58,"0"
"309321",0,0,0,0,0,1,0,0,0,0,0,0,0,0,0,1,1,0,1,0,20,NA,20,25,25,22.9,22.9,0.916,0,0,0,22.9,0,"M","1","2460","21574",44,"0"
"309930",0,0,0,0,4,0,0,0,0,0,0,0,0,0,0,4,4,0,4,0,68,98,53,304,15,243,243,0.79933025,0,0,0,243,0,"M","7","9100","68427",48,"1"
"32244",0,0,0,0,0,0,0,5,0,0,0,0,0,0,0,5,5,0,5,0,151,192,160,152,16,134.8,134.8,0.8868566,0,0,0,134.8,0,"M","5","3520","38285",70,"0"
"32687",0,0,0,0,0,0,0,12,0,0,0,0,0,0,0,12,12,0,10,2,18,20,119,71.6666666666667,17.2727272727273,67.4916666666667,67.4916666666667,0.94029875,0,0,0,59.1666666666667,0,"M","5","3680","43326",61,"1"
"32954",0,0,0,0,0,0,0,3,0,0,0,0,0,0,0,3,3,0,3,0,152,192,152,304,15,247.666666666667,247.666666666667,0,247.666634666667,0,247.666634666667,0,0,"F","5","3970","47990",39,"0"
"32999",0,0,0,0,0,0,0,3,0,0,0,0,0,0,0,3,3,0,3,0,152,192,154,304,15,247.666666666667,247.666666666667,0.814693,0,0,0,247.666666666667,0,"M","5","3570","39675",61,"0"
"34087",0,0,0,0,0,0,0,11,0,0,0,0,0,0,0,11,11,0,9,2,2,33,87,76,14.5454545454545,71.5454545454545,71.5454545454545,0.945032454545454,0,0,0,58.0909090909091,0,"M","5","3511","38016",61,"0"
"343326",0,0,2,0,0,0,2,0,0,0,0,0,0,0,0,4,4,0,4,0,332,363,336,195.75,21.25,155,155,0.83667475,0,0,0,155,0,"F","1","2870","27756",40,"0"
"343367",0,0,0,0,0,0,0,2,0,0,0,0,0,0,0,2,2,0,2,0,339,341,326,177,17.5,148.84,123.56,0.6403945,0,25.28,25.28,123.56,0,"M","5","3600","40869",61,"0"
"34360",4,0,0,3,0,0,0,0,0,0,0,0,0,0,0,7,7,0,7,0,79,110,83,72.2857142857143,14.2857142857143,69.3909771428571,67,0.903233,0,2.39097714285714,2.39097714285714,66.7142857142857,0,"M","1","2170","15457",61,"0"
"35206",0,2,0,0,0,0,0,0,0,0,0,0,0,0,0,2,2,0,2,0,152,189,161,316.5,17.5,251.662829,242,0.7666825,0,9.662829,9.662829,124.5,-117.50005,"M","1","2920","28761",61,"0"
"36045",0,0,0,0,0,0,0,3,0,0,0,0,0,0,0,3,3,0,3,0,152,192,166,304,15,247.666666666667,247.666666666667,0.812280666666667,0,0,0,246.933333333333,-0.733333333333333,"M","5","3530","108597",80,"0"
"36406",0,0,0,0,0,0,0,3,0,0,0,0,0,0,0,3,3,0,3,0,207,238,209,303.666666666667,12.5,237.666666666667,237.666666666667,0.782627,0,0,0,237.666666666667,0,"M","5","3660","42661",47,"0"
"364092",0,0,0,0,0,0,0,10,0,0,0,0,0,0,0,10,10,0,10,0,13,56,33,76,17.5,72.2,72.2,0.9320682,0,0,0,70.812,-1.388,"M","5","3945","47403",61,"0"
"364377",0,0,0,0,0,0,0,4,0,0,0,0,0,0,0,4,4,0,4,0,2,33,18,58.5,11.25,58.718684,51.5,0.6911705,0,7.218684,7.218684,51.5,0,"M","5","3700","43954",60,"0"
"364562",0,0,0,0,0,0,0,10,0,0,0,0,0,0,0,10,10,0,10,0,62,91,75,76,16,72.2,72.2,0.9500942,0,0,0,72.2,0,"M","5","3640","42265",61,"0"
"364568",0,0,0,0,0,0,0,4,0,0,0,0,0,0,0,4,4,0,3,1,3,34,378,241,17.5,196.935,192.25,0.7167175,0,4.685,4.685,120.45,0,"M","5","3500","37645",61,"1"
"36552",0,0,0,0,0,0,0,3,0,0,0,0,0,0,0,3,3,0,3,0,152,192,161,304,15,247.666666666667,247.666666666667,0.814693,0,0,0,247.666666666667,0,"M","5","3665","42693",61,"0"
"372367",0,0,2,1,0,0,0,0,0,0,0,0,0,0,0,3,3,0,3,0,239,270,257,304.666666666667,16.6666666666667,237.666666666667,237.666666666667,0.769094333333333,0,0,0,234.316666666667,-3.35,"M","1","2520","22846",81,"0"
"37838",0,0,0,0,0,0,0,3,0,0,0,0,0,0,0,3,3,0,3,0,115,146,116,304,15,247.666666666667,247.666666666667,0.813596333333333,0,0,0,247.333333333333,-0.333333333333333,"M","5","3511","37902",77,"1"
"384813",0,0,0,0,0,3,0,0,0,0,0,0,0,0,0,3,3,0,3,0,167,196,159,304,20,239.666666666667,239.666666666667,0.788377,0,0,0,239.666666666667,0,"M","1","2340","0",34,"0"
"387241",0,0,0,0,0,0,0,5,0,0,0,0,0,0,0,5,5,0,5,0,163,194,161,152,16,131.4,131.4,0.8645316,0,0,0,131.4,0,NA,"5","3583","40238",61,"0"
"38731",0,0,0,0,0,0,0,3,0,0,0,0,0,0,0,3,3,0,3,0,335,364,335,304,16.6666666666667,237.666666666667,237.666666666667,0.781782333333333,0,0,0,237.666666666667,0,"M","5","3500","37547",61,"0"
"38857",0,0,0,0,0,0,0,4,0,0,0,0,0,0,0,4,4,0,3,1,326,329,319,164.5,17.5,145.20833325,134.11,0.77148025,0,11.09833325,11.09833325,99.61,0,"M","5","3631","42044",61,"0"
"405673",0,0,0,0,0,0,0,3,0,0,0,0,0,0,0,3,3,0,3,0,225,256,243,304.333333333333,16.6666666666667,237.666666666667,237.666666666667,0.780943,0,0,0,237.666666666667,0,NA,"5","3621","41642",61,"0"
"408540",0,0,0,0,0,0,0,4,0,0,0,0,0,0,0,4,4,0,4,0,129,160,125,303.75,18.75,243,243,0.79996375,0,0,0,243,0,"M","5","3920","46582",61,"0"
"410112",0,0,0,0,0,0,0,3,0,0,0,0,0,0,0,3,3,0,3,0,186,217,206,304,11.6666666666667,237.666666666667,237.666666666667,0.779385666666667,0,0,0,236.933333333333,-0.733333333333333,"F","5","3550","39211",61,"0"
"418311",0,0,0,0,0,0,0,3,0,0,0,0,0,0,0,3,3,0,3,0,171,202,185,304,15,239.666666666667,239.666666666667,0.788377,0,0,0,239.666666666667,0,"M","5","3920","46899",61,"0"
"41845",0,0,0,0,0,0,0,3,0,0,0,0,0,0,0,3,3,0,3,0,152,192,160,304,15,247.666666666667,247.666666666667,0.812280666666667,0,0,0,246.933333333333,-0.733333333333333,"M","5","3700","43788",61,"0"
"42801",0,0,0,0,0,0,0,3,0,0,0,0,0,0,0,3,3,0,3,0,237,266,248,304,16.6666666666667,237.666666666667,237.666666666667,0.781782333333333,0,0,0,237.666666666667,0,"M","5","3581","39865",71,"0"
"43291",0,0,0,0,0,0,0,3,0,0,0,0,0,0,0,3,3,0,3,0,335,364,340,304,16.6666666666667,237.666666666667,237.666666666667,0.77937,0,0,0,236.933333333333,-0.733333333333333,"M","5","3530","38403",61,"0"
"434404",0,0,0,0,0,0,0,3,0,0,0,0,0,0,0,3,3,0,3,0,449,480,454,304,16.6666666666667,237.666666666667,237.666666666667,0.77937,0,0,0,236.933333333333,-0.733333333333333,"M","5","3700","43717",61,"0"
"434880",0,0,0,0,0,3,0,0,3,0,0,0,0,0,0,0,3,0,3,0,225,256,244,51.6666666666667,4,19.179822,19.179822,1.03333333333333,0,0,0,53.4,0,"M","1","2275","17667",73,"1"
"4416",0,0,0,0,0,0,0,3,0,0,0,0,0,0,0,3,3,0,3,0,218,258,250,227.666666666667,20,176.246666666667,170,0.684455,0,6.24666666666667,6.24666666666667,170,0,"M","5","3700","43813",61,"0"
"448750",0,10,0,2,0,0,0,0,0,0,0,0,0,0,0,12,7,5,11,1,8,39,33,46.25,11.25,45.5,45.5,1.00578941666667,0,0,0,39.3333333333333,0,"M","1","2990","30721",80,"0"
"451025",0,0,0,0,0,0,0,4,0,0,0,0,0,0,0,4,4,0,4,0,146,174,140,303.75,15,243,243,0.79996375,0,0,0,243,0,NA,"5","3950","47561",61,"0"
"452562",0,0,0,0,0,4,0,0,0,0,0,0,0,0,0,4,4,0,4,0,38,69,41,304,15,243,243,0.7795225,0,0,0,236.965,-6.035,"M","1","2460","21663",36,"1"
"45521",0,0,0,0,0,0,0,3,0,0,0,0,0,0,0,3,3,0,3,0,139,168,153,304,15,247.666666666667,247.666666666667,0.797894666666667,0,0,0,242.56,-5.10666666666667,"M","5","3840","45635",61,"0"
"456330",0,1,0,0,0,0,0,0,0,0,0,0,0,0,0,1,1,0,1,0,111,NA,102,152,25,144,88,0.578947,0,56,56,88,0,"M","1","2920","28889",61,"1"
"458123",0,0,0,0,0,0,3,0,0,0,0,0,0,0,0,3,3,0,3,0,144,174,160,304.333333333333,20,239.666666666667,239.666666666667,0.786220666666667,0,0,0,239.266666666667,-0.4,"M","1","2220","16037",56,"0"
"458124",0,2,0,1,0,0,0,0,0,0,0,0,0,0,0,3,3,0,3,0,274,305,293,304.333333333333,16.6666666666667,237.666666666667,237.666666666667,0.780953333333333,0,0,0,237.666666666667,0,"M","1","2240","16727",65,"0"
"458135",5,0,0,6,0,0,0,0,0,0,0,0,0,0,0,11,11,0,11,0,31,62,46,76.1818181818182,17.2727272727273,71.2727272727273,71.2727272727273,0.935741545454545,0,0,0,71.2727272727273,0,"M","1","2180","15601",70,"0"
"458692",0,0,0,7,1,0,0,0,0,0,0,0,0,0,0,8,8,0,6,2,321,329,318,133.125,20,94.2857142857143,94.2857142857143,0.888115571428571,0,0,0,83.7142857142857,0,"M","7","9120","69036",49,"0"
"459730",0,0,0,0,0,0,0,4,0,0,0,0,0,0,0,4,4,0,4,0,86,117,105,304,15,243,243,0.79933025,0,0,0,243,0,NA,"5","3640","42237",61,"1"
"46022",0,0,0,0,0,0,0,3,0,0,0,0,0,0,0,3,3,0,3,0,335,364,322,304,16.6666666666667,237.666666666667,237.666666666667,0.77937,0,0,0,236.933333333333,-0.733333333333333,"F","5","3500","37601",61,"0"
"460459",0,0,0,0,0,0,3,0,0,0,0,0,0,0,0,3,3,0,3,0,300,329,318,304,16.6666666666667,237.666666666667,237.666666666667,0.781782333333333,0,0,0,237.666666666667,0,"M","1","2590","24233",60,"0"
"46163",0,0,0,0,0,0,0,3,0,0,0,0,0,0,0,3,3,0,3,0,153,192,165,219.333333333333,20,183.277777666667,164.6,0.697412333333333,0,18.6777776666667,18.6777776666667,155.266666666667,-9.33333333333333,"F","5","3511","37930",59,"0"
"461760",2,0,0,1,0,0,0,0,0,0,0,0,0,0,0,3,3,0,3,0,321,350,326,304.333333333333,16.6666666666667,237.666666666667,237.666666666667,0.735762,0,0,0,223.906666666667,-13.76,"M","1","2050","14103",71,"0"
"462539",0,0,0,0,0,3,0,0,0,0,0,0,0,0,0,3,3,0,3,0,288,319,285,304.333333333333,16.6666666666667,237.666666666667,237.666666666667,0.762413666666667,0,0,0,231.996666666667,-5.67,"M","1","2310","18581",66,"0"
"462878",0,0,0,0,0,3,0,0,0,0,0,0,0,0,0,3,3,0,3,0,244,273,248,304.333333333333,16.6666666666667,237.666666666667,237.666666666667,0.779853666666667,0,0,0,237.333333333333,-0.333333333333333,"M","1","2300","18476",71,"0"
"463919",0,0,0,0,0,0,0,4,0,0,0,0,0,0,0,4,4,0,3,1,90,119,97,69.5,13.75,66.56,56.7066666666667,0.81,0,9.85333333333333,9.85333333333333,56.7066666666667,0,"M","5","3511","37976",61,"0"
"465055",0,0,0,0,0,1,0,0,0,0,0,0,0,0,0,1,1,0,1,0,147,NA,137,304,25,249,249,0.819079,0,0,0,249,0,"M","1","2370","19752",61,"0"
"466728",0,0,0,0,0,0,0,8,0,0,0,0,0,0,0,8,8,0,7,1,120,151,122,133.125,21.4285714285714,120.714285714286,120.714285714286,0.870576571428571,0,0,0,120.714285714286,0,"M","5","3721","44036",62,"0"
"46701",0,0,0,0,0,0,0,10,0,0,0,0,0,0,0,10,10,0,10,0,62,91,68,76,16,72.2,72.2,0.9500942,0,0,0,72.2,0,"M","5","3570","39590",61,"0"
"467461",0,0,0,0,0,0,0,3,0,0,0,0,0,0,0,3,3,0,3,0,323,354,334,304.333333333333,16.6666666666667,237.666666666667,237.666666666667,0.779635666666667,0,0,0,237.266666666667,-0.4,NA,"5","3960","47660",61,"0"
"468405",0,0,0,0,0,3,0,0,0,0,0,0,0,0,0,3,3,0,3,0,348,378,361,237,20,239.666666666667,239.666666666667,0.719112666666667,0,0,0,177,-0.333333333333333,"M","1","2490","22203",65,"0"
"47128",0,0,0,0,0,0,0,3,0,0,0,0,0,0,0,3,3,0,3,0,152,192,171,304,15,247.666666666667,247.666666666667,0.814693,0,0,0,247.666666666667,0,"M","5","3960","47656",61,"0"
"476789",0,2,0,1,0,0,0,0,0,0,0,0,0,0,0,3,3,0,3,0,117,168,117,304.333333333333,15,239.666666666667,239.666666666667,0.715686,0,0,0,217.79,-21.8766666666667,"M","1","2960","29951",66,"1"
"477669",0,0,0,0,3,0,0,0,0,0,0,0,0,0,0,3,3,0,3,0,260,291,279,304.333333333333,16.6666666666667,237.666666666667,237.666666666667,0.775079,0,0,0,235.886666666667,-1.78,"M","7","9250","71877",64,"0"
"478242",0,0,0,0,0,0,0,10,10,0,0,0,0,0,0,0,10,0,10,0,57,88,56,12.9,4,13.91,13.91,1.0507692,0,0,0,13.54,-0.14,"M","5","3680","43068",42,"0"
"47878",0,0,0,0,0,0,0,2,0,0,0,0,0,0,0,2,2,0,2,0,27,32,14,50,25,53.245614,28.5,0.57,0,24.745614,24.745614,28.5,0,"M","5","3740","44637",61,"1"
"482314",0,0,0,0,0,0,0,4,0,0,0,0,0,0,0,4,4,0,4,0,127,158,59,303.75,18.75,243,243,0.79595875,0,0,0,241.7825,-1.2175,"M","5","3930","47137",58,"0"
"482621",0,0,0,0,0,0,4,0,4,0,0,0,0,0,0,0,4,0,4,0,127,158,137,51.75,4,54.6,54.6,1.05,0,0,0,54.35,0,"M","1","2590","24302",61,"0"
"48296",0,2,0,0,0,0,0,0,0,0,0,0,0,0,0,2,2,0,2,0,194,224,195,304,17.5,242,242,0.7960525,0,0,0,242,0,"M","1","2980","30440",61,"0"
"487392",0,0,0,0,0,0,0,4,0,0,0,0,0,0,0,4,4,0,4,0,51,82,70,303.75,15,243,243,0.79995575,0,0,0,243,0,"M","5","3800","45069",83,"1"
"49090",0,0,0,0,0,4,0,0,0,0,0,0,0,0,0,4,4,0,3,1,102,133,111,189.75,21.25,191.07228,178.666666666667,0.722937666666667,0,12.4056133333333,12.4056133333333,178.666666666667,0,"M","1","2400","20312",61,"1"
"493334",0,0,0,0,0,3,0,0,0,0,0,0,0,0,0,3,3,0,3,0,243,273,248,304.333333333333,16.6666666666667,237.666666666667,237.666666666667,0.780943,0,0,0,237.666666666667,0,"M","1","2310","18602",66,"0"
"493667",0,0,0,0,0,0,0,3,0,0,0,0,0,0,0,3,3,0,3,0,165,196,182,304,15,239.666666666667,239.666666666667,0.785964666666667,0,0,0,238.933333333333,-0.733333333333333,"M","2","3454","37102",61,"0"
"49396",0,0,0,0,0,2,0,0,0,0,0,0,0,0,0,2,2,0,2,0,26,NA,18,75,25,70.0657895,48.5,0.63,0,21.5657895,21.5657895,48.5,0,"M","1","2470","21833",61,"1"
"494173",0,0,0,0,0,0,0,3,0,0,0,0,0,0,0,3,3,0,3,0,221,252,235,304.333333333333,16.6666666666667,237.666666666667,237.666666666667,0.779853666666667,0,0,0,237.333333333333,-0.333333333333333,"M","5","3770","44740",61,"0"
"494289",0,0,0,0,0,0,0,3,0,0,0,0,0,0,0,3,3,0,3,0,198,229,209,303.666666666667,12.5,237.666666666667,237.666666666667,0.782627,0,0,0,237.666666666667,0,NA,"5","3510","37891",61,"0"
"494542",0,0,0,0,0,0,0,3,0,0,0,0,0,0,0,3,3,0,3,0,220,251,224,303.666666666667,12.5,237.666666666667,237.666666666667,0.782627,0,0,0,237.666666666667,0,"M","5","3730","44158",61,"0"
"494693",0,0,0,0,0,0,0,10,0,0,0,0,0,0,0,10,0,10,10,0,62,77,75,76,17.5,72.2,72.2,0.9500942,0,0,0,72.2,0,"M","5","3690","43444",61,"0"
"496557",0,0,0,0,0,10,0,0,0,0,0,0,0,0,0,10,10,0,10,0,78,109,63,76,17.5,71.3,71.3,0.9274865,0,0,0,70.495,-0.805,"M","1","2440","21096",79,"0"
"497381",0,0,0,0,0,0,0,10,0,0,0,0,0,0,0,10,10,0,10,0,72,103,70,76,16,71.3,71.3,0.9382199,0,0,0,71.3,0,"M","5","3540","38653",64,"0"
"497901",0,0,0,0,0,0,0,10,0,0,0,0,0,0,0,10,10,0,10,0,18,49,26,75.9,13.5,71.9,69.9,0.9101403,0,2,2,69.084,0,"M","5","3970","47874",73,"0"
"497954",0,0,0,0,0,0,0,4,0,0,0,0,0,0,0,4,4,0,4,0,62,91,68,310.25,15,247.7075,243,0.785032,0,4.7075,4.7075,243,0,"M","5","3920","46886",61,"1"
"498890",0,0,0,0,0,3,0,0,0,0,0,0,0,0,0,3,3,0,3,0,398,427,398,304,16.6666666666667,237.666666666667,237.666666666667,0.779365333333333,0,0,0,236.933333333333,-0.733333333333333,"M","1","2300","18373",61,"0"
"500939",0,0,0,0,0,0,0,11,0,0,0,0,0,0,0,11,11,0,11,0,58,90,63,75.9090909090909,15.9090909090909,71.5454545454545,71.5454545454545,0.939878272727273,0,0,0,71.3454545454545,-0.2,"M","5","3550","38985",61,"0"
"501664",0,0,0,0,0,0,0,3,0,0,0,0,0,0,0,3,3,0,3,0,353,384,375,304.333333333333,16.6666666666667,237.666666666667,237.666666666667,0.778856,0,0,0,237.033333333333,-0.633333333333333,"F","5","3840","45694",61,"0"
"502082",0,0,0,0,0,0,0,3,0,0,0,0,0,0,0,3,3,0,3,0,152,191,175,304,15,247.666666666667,247.666666666667,0.814693,0,0,0,247.666666666667,0,NA,"5","3630","41703",46,"0"
"502178",0,0,0,0,0,0,0,1,0,0,0,0,0,0,0,1,1,0,1,0,38,NA,40,99,25,101.315789,58,0.58,0,43.315789,43.315789,57.42,0,"M","5","3520","38150",61,"1"
"502433",0,0,2,1,0,0,0,0,0,0,0,0,0,0,0,3,3,0,3,0,159,189,154,304,15,239.666666666667,239.666666666667,0.788377,0,0,0,239.666666666667,0,"M","1","2540","23270",69,"0"
"503008",0,2,0,1,0,0,0,0,0,0,0,0,0,0,0,3,3,0,3,0,152,189,172,304,15,244.333333333333,244.333333333333,0.803728,0,0,0,244.333333333333,0,"M","1","2990","30607",80,"0"
"503222",0,0,0,0,0,0,0,4,0,0,0,0,0,0,0,4,4,0,4,0,148,179,159,246.75,15,206.8325,202,0.8276865,0,4.8325,4.8325,202,0,"M","5","3920","0",70,"0"
"503671",0,0,0,0,0,0,0,6,0,0,0,0,0,0,0,6,6,0,6,0,148,179,152,152,15.8333333333333,132.833333333333,132.833333333333,0.873915666666667,0,0,0,132.833333333333,0,"F","5","3560","39381",81,"0"
"505079",0,4,0,6,0,0,0,0,0,0,0,0,0,0,0,10,10,0,10,0,89,119,98,76.1,17.5,71.3,71.3,0.9370269,0,0,0,71.3,0,"M","1","2970","30002",78,"0"
"505285",0,0,0,0,5,0,0,0,0,0,0,0,0,0,0,5,5,0,4,1,345,371,354,182.4,19,157.5,157.5,0.81291775,0,0,0,154.6775,-2.8225,"M","7","9170","70325",61,"0"
"505488",0,0,0,0,0,6,0,0,0,0,0,0,0,0,0,6,6,0,6,0,6,35,4,151.833333333333,15.8333333333333,132.833333333333,132.833333333333,0.872387166666667,0,0,0,132.466666666667,-0.366666666666667,"M","1","2200","15853",61,"0"
"505586",0,0,0,0,0,3,0,0,0,0,0,0,0,0,0,3,3,0,3,0,220,251,236,304.333333333333,16.6666666666667,237.666666666667,237.666666666667,0.764953,0,0,0,232.806666666667,-4.86,"M","1","2280","17863",66,"0"
"513323",0,0,2,2,0,0,0,0,0,0,0,0,0,0,0,4,4,0,4,0,115,146,109,304,18.75,243,243,0.799342,0,0,0,243,0,"M","1","2530","23091",61,"0"
"514330",0,0,0,0,0,0,4,0,0,0,0,0,0,0,0,4,4,0,4,0,92,123,95,304,15,243,243,0.79933025,0,0,0,243,0,"M","1","2560","23734",61,"0"
"514923",0,0,0,0,0,0,0,6,0,0,0,0,0,0,0,6,6,0,6,0,92,123,105,152.5,15.8333333333333,132.833333333333,132.833333333333,0.868845166666667,0,0,0,132.466666666667,-0.366666666666667,"M","5","3700","43667",67,"0"
"515045",0,0,0,0,0,0,5,0,0,0,0,0,0,0,0,5,5,0,4,1,123,153,138,304,19,242,242,0.75411175,0,0,0,229.25,0,"M","1","2570","24008",45,"0"
"54085",1,0,0,0,0,0,0,0,0,0,0,0,0,0,0,1,1,0,1,0,83,NA,70,76,25,77,54,0.710526,0,23,23,54,0,"M","1","2180","15566",61,"1"
"54653",0,0,0,0,0,0,0,3,0,0,0,0,0,0,0,3,3,0,3,0,152,192,173,304,15,247.666666666667,247.666666666667,0.814693,0,0,0,247.666666666667,0,"M","5","3511","37955",61,"0"
"55101",0,0,0,0,0,2,0,0,0,0,0,0,0,0,0,2,2,0,2,0,152,189,165,304,17.5,249,249,0.819079,0,0,0,249,0,"M","1","2300","18256",61,"0"
"55870",0,0,0,0,0,0,0,3,0,0,0,0,0,0,0,3,3,0,3,0,152,192,173,304,15,247.666666666667,247.666666666667,0.814693,0,0,0,247.666666666667,0,"M","5","3511","38017",61,"0"
"56394",0,0,0,0,0,0,0,3,0,0,0,0,0,0,0,3,3,0,3,0,152,192,161,304,15,247.666666666667,247.666666666667,0.812280666666667,0,0,0,246.933333333333,-0.733333333333333,"M","5","3530","38418",63,"0"
"56691",0,0,0,0,0,0,0,2,0,0,0,0,0,0,0,2,2,0,2,0,32,NA,18,63,25,59.3289475,38.5,0.6057895,0,20.8289475,20.8289475,38.5,0,"M","5","3640","42140",61,"0"
"57032",0,0,0,0,0,0,0,5,0,0,0,0,0,0,0,5,5,0,4,1,176,207,179,217.6,15,188.3325,183.5,0.7958575,0,4.8325,4.8325,183.5,0,"M","5","3590","40456",56,"0"
"57533",0,0,0,0,0,0,0,11,0,0,0,0,0,0,0,11,11,0,11,0,58,89,61,75.9090909090909,15.9090909090909,71.5454545454545,71.5454545454545,0.942509909090909,0,0,0,71.5454545454545,0,NA,"5","3660","42655",61,"0"
"580611",0,0,0,0,0,3,0,0,0,0,0,0,0,0,0,3,3,0,3,0,229,259,249,304.333333333333,16.6666666666667,237.666666666667,237.666666666667,0.770733666666667,0,0,0,234.57,-3.09666666666667,"M","1","2490","22158",48,"0"
"590581",0,0,0,0,0,10,0,0,0,0,0,0,0,0,0,10,10,0,10,0,85,116,101,76,17.5,71.3,71.3,0.9382199,0,0,0,71.3,0,"M","1","2280","17877",86,"0"
"591502",4,0,0,6,0,0,0,0,0,0,0,0,0,0,0,10,10,0,10,0,78,109,96,76.1,17.5,71.3,71.3,0.9370269,0,0,0,71.3,0,"M","1","2660","25715",45,"0"
"591609",0,0,0,0,0,0,0,4,0,0,0,0,0,0,0,4,4,0,4,0,61,91,81,303.75,15,243,243,0.79996375,0,0,0,243,0,"M","5","3545","38794",46,"1"
"59259",0,0,0,0,0,0,0,2,0,0,0,0,0,0,0,2,2,0,2,0,156,192,164,304,17.5,254,239.06,0.7863815,0,14.94,14.94,239.06,0,"M","5","3583","40128",61,"0"
"592774",0,0,0,0,0,4,0,0,0,0,0,0,0,0,0,4,4,0,4,0,115,146,133,303.75,18.75,243,243,0.79996375,0,0,0,243,0,NA,"1","2400","20351",66,"0"
"592938",0,0,3,1,0,0,0,0,0,0,0,0,0,0,0,4,4,0,4,0,82,112,102,152,13.75,136.75,136.75,0.899671,0,0,0,136.75,0,"M","1","2640","25272",83,"0"
"59304",0,0,3,0,0,0,0,0,0,0,0,0,0,0,0,3,3,0,3,0,123,125,110,83.6666666666667,20,80.5789473333333,70.3333333333333,0.772253,0,10.245614,10.245614,70.3333333333333,0,"M","1","2520","22916",61,"0"
"594164",0,0,0,0,0,0,0,2,0,0,0,0,0,0,0,2,2,0,2,0,67,NA,41,63,25,62.84,41,0.635263,0,21.84,21.84,41,0,"M","5","3640","42310",61,"1"
"594963",3,0,0,1,0,0,0,0,0,0,0,0,0,0,0,4,4,0,3,1,180,194,165,196.25,13.75,178.16,171.333333333333,0.83342,0,6.82666666666667,6.82666666666667,171.333333333333,0,"M","1","2018","13292",58,"0"
"595177",6,0,0,6,0,0,0,0,0,0,0,0,0,0,0,12,9,3,11,1,11,42,40,76.1666666666667,15.4166666666667,71.5454545454545,71.5454545454545,0.939479545454545,0,0,0,71.5454545454545,0,"M","1","2100","14729",82,"0"
"59580",0,0,0,0,0,0,0,3,0,0,0,0,0,0,0,3,3,0,3,0,260,291,279,304.333333333333,16.6666666666667,237.666666666667,237.666666666667,0.778546333333333,0,0,0,236.933333333333,-0.733333333333333,"M","5","3600","40731",59,"0"
"598303",0,0,0,0,0,1,0,0,0,0,0,0,0,0,0,1,1,0,1,0,122,NA,90,152,25,144,88,0.578947,0,56,56,88,0,"M","1","2380","19808",61,"1"
"599124",0,0,2,2,0,0,0,0,0,0,0,0,0,0,0,4,4,0,4,0,92,123,95,304.25,15,243,243,0.7987085,0,0,0,243,0,"M","1","2160","15114",60,"0"
"599273",0,0,0,0,0,0,0,3,0,0,0,0,0,0,0,3,3,0,3,0,365,396,383,304,16.6666666666667,237.666666666667,237.666666666667,0.732630666666667,0,0,0,222.736666666667,-14.93,"M","5","3570","39675",48,"0"
"60000",0,0,0,0,0,0,0,2,0,0,0,0,0,0,0,2,2,0,2,0,39,NA,21,101,25,96.34,58,0.5694735,0,38.34,38.34,58,0,"M","5","3670","43004",75,"0"
"600133",0,0,5,0,0,0,0,0,1,0,0,0,0,0,0,4,5,0,4,1,35,151,19,62,18.8,62.675579,53.04,0.8311194,0,9.635579,9.635579,37.64,0,"M","1","2627","24972",61,"0"
"60076",0,0,0,0,0,0,0,3,0,0,0,0,0,0,0,3,3,0,3,0,152,192,180,304,15,247.666666666667,247.666666666667,0.814693,0,0,0,247.666666666667,0,"M","5","3511","37971",81,"0"
"60536",0,0,0,0,0,2,0,0,0,0,0,0,0,0,0,2,2,0,2,0,152,189,137,304,17.5,249,249,0.819079,0,0,0,249,0,"M","1","2340","19113",61,"0"
"607066",0,0,0,0,0,3,0,0,0,0,0,0,0,0,0,3,3,0,3,0,178,180,166,135,11.6666666666667,114.758596333333,100.333333333333,0.523113,0,14.425263,14.425263,100.333333333333,0,"F","1","2290","18037",61,"1"
"608896",0,0,6,2,0,0,0,0,0,0,0,0,0,0,0,8,6,2,6,2,22,53,47,164.5,21.875,148.671428571429,148.671428571429,0.820405142857143,0,0,0,102.875714285714,-8.79571428571429,NA,"1","2650","25470",69,"0"
"610490",0,0,0,0,0,0,0,2,0,0,0,0,0,0,0,2,2,0,2,0,67,NA,55,50.5,12.5,51.5,27,0.355263,0,24.5,24.5,27,0,"M","5","3620","41324",29,"1"
"610909",0,4,0,0,0,0,0,0,0,0,0,0,0,0,0,4,4,0,4,0,20,49,35,71,13.75,70.63,64,0.87218875,0,6.63,6.63,64,0,"M","1","2900","28362",61,"0"
"613450",0,3,0,0,0,0,0,0,0,0,0,0,0,0,0,3,3,0,2,1,8,39,76,94.6666666666667,20,93.9122806666667,60,0.668622,0,33.9122806666667,33.9122806666667,34.3333333333333,0,"M","1","2920","28669",61,"1"
"61494",0,0,0,0,4,0,0,0,0,0,0,0,0,0,0,4,4,0,3,1,93,124,115,183.5,13.75,185.56,178.666666666667,0.743684333333333,0,6.89333333333333,6.89333333333333,178.666666666667,0,"M","7","9120","69155",61,"1"
"615206",0,0,0,0,0,0,0,3,0,0,0,0,0,0,0,3,3,0,3,0,44,75,53,105.333333333333,6.66666666666667,98.16,88.48,0.582105,0,9.68,9.68,88.48,0,"F","5","3500","37722",54,"1"
"615999",2,0,0,2,0,0,0,0,0,0,0,0,0,0,0,4,4,0,4,0,110,140,126,304,18.75,243,243,0.7339885,0,0,0,223.1325,-19.8675,"M","1","2140","14831",68,"1"
"617861",0,0,0,0,0,1,0,0,0,0,0,0,0,0,0,1,1,0,1,0,245,NA,227,304,25,249,249,0.819079,0,0,0,249,0,"M","1","2322","18821",62,"0"
"617931",2,0,0,0,0,0,0,0,0,0,0,0,0,0,0,2,2,0,2,0,35,39,-9,25,17.5,26,20.5,0.82,0,5.5,5.5,20.5,0,"M","1","2600","24508",61,"1"
"618810",2,0,0,1,0,0,0,0,0,0,0,0,0,0,0,3,3,0,3,0,194,224,203,304.333333333333,16.6666666666667,237.666666666667,237.666666666667,0.740571333333333,0,0,0,225.366666666667,-12.3,"M","1","2140","14936",55,"0"
"619493",0,0,0,0,0,0,0,4,0,0,0,0,0,0,0,4,4,0,3,1,8,39,101,58.5,11.25,58.718684,51.5,0.6911705,0,7.218684,7.218684,32.25,0,"F","5","3520","0",39,"1"
"622510",0,0,0,0,0,0,3,0,0,0,0,0,0,0,0,3,3,0,3,0,25,33,19,42,16.6666666666667,43,23,0.436842,0,20,20,23,0,"F","1","2800","26257",61,"1"
"623253",0,2,0,1,0,0,0,0,0,0,0,0,0,0,0,3,3,0,3,0,249,280,269,304.666666666667,16.6666666666667,237.666666666667,237.666666666667,0.780114,0,0,0,237.666666666667,0,"M","1","2970","30222",61,"0"
"62360",0,0,0,0,0,0,0,3,0,0,0,0,0,0,0,3,3,0,3,0,335,364,333,304,16.6666666666667,237.666666666667,237.666666666667,0.781782333333333,0,0,0,237.666666666667,0,"M","5","3660","42645",71,"0"
"625846",0,0,0,0,0,3,0,0,0,0,0,0,0,0,0,3,3,0,3,0,152,189,152,304,15,244.333333333333,244.333333333333,0.803728,0,0,0,244.333333333333,0,"M","1","2290","18103",61,"0"
"626815",2,0,0,1,0,0,0,0,0,0,0,0,0,0,0,3,3,0,3,0,152,189,171,304,15,244.333333333333,244.333333333333,0.803728,0,0,0,244.333333333333,0,"F","1","2600","24475",66,"0"
"627399",0,4,0,0,0,0,0,0,0,0,0,0,0,0,0,4,4,0,4,0,18,49,19,61.25,17.5,61.611842,55.25,0.847723,0,6.361842,6.361842,55.25,0,"F","1","2940","29169",61,"1"
"63060",0,0,0,0,0,0,0,4,0,0,0,0,0,0,0,4,4,0,4,0,86,117,105,126.5,13.75,117.17,107.86,0.8035525,0,9.31,9.31,107.86,0,"M","5","3583","40176",74,"0"
"639397",0,0,0,0,0,0,0,5,0,0,0,0,0,0,0,5,4,1,4,1,20,21,19,91,17,80.1790262,71.36,0.6863468,0,8.8190262,8.8190262,19.56,0,"M","5","3980","48207",52,"0"
"639562",0,0,0,0,0,0,0,3,0,0,0,0,0,0,0,3,3,0,2,1,2,NA,-8,71.3333333333333,16.6666666666667,31.5689475,14.5,0.29,0,17.0689475,17.0689475,14.5,0,"F","5","3500","37722",77,"1"
"640930",3,0,0,0,0,0,0,0,0,0,0,0,0,0,0,3,3,0,2,1,122,124,115,227.666666666667,15,195.993114,182,0.733069333333333,0,13.993114,13.993114,95.6666666666667,0,"F","1","2610","24714",61,"0"
"640955",0,0,0,0,0,3,0,0,0,0,0,0,0,0,0,3,3,0,3,0,274,305,292,304,16.6666666666667,237.666666666667,237.666666666667,0.781782333333333,0,0,0,237.666666666667,0,NA,"1","2280","17786",67,"0"
"640995",2,0,0,1,0,0,0,0,0,0,0,0,0,0,0,3,3,0,3,0,151,189,151,304,15,244.333333333333,244.333333333333,0,244.333301333333,0,244.333301333333,0,0,NA,"1","2000","130077",55,"0"
"643523",0,0,0,0,0,0,2,0,0,0,0,0,0,0,0,2,2,0,2,0,116,118,108,107,17.5,102.0242105,86,0.7190245,0,16.0242105,16.0242105,86,0,"M","1","2860","27490",89,"0"
"644766",0,0,0,0,0,4,0,0,0,0,0,0,0,0,0,4,4,0,4,0,73,104,80,310.25,15,243,243,0.76981025,0,0,0,238.3725,-4.6275,NA,"1","2200","102093",72,"0"
"646755",0,0,2,1,0,0,0,0,0,0,0,0,0,0,0,3,3,0,3,0,152,189,152,304,15,244.333333333333,244.333333333333,0,244.333301333333,0,244.333301333333,0,0,"M","1","2640","25283",63,"0"
"646884",0,0,0,0,3,0,0,0,0,0,0,0,0,0,0,3,3,0,3,0,152,189,152,304,15,244.333333333333,244.333333333333,0,244.333301333333,0,244.333301333333,0,0,"M","7","9140","69410",73,"0"
"646994",2,0,0,1,0,0,0,0,0,0,0,0,0,0,0,3,3,0,3,0,305,336,327,304.666666666667,16.6666666666667,237.666666666667,237.666666666667,0.780114,0,0,0,237.666666666667,0,"M","1","2180","15512",57,"0"
"647326",0,0,0,0,0,0,3,0,0,0,0,0,0,0,0,3,3,0,3,0,152,189,172,304,15,244.333333333333,244.333333333333,0.803728,0,0,0,244.333333333333,0,"M","1","2500","22578",82,"0"
"647500",0,0,0,0,0,3,0,0,0,0,0,0,0,0,0,3,3,0,3,0,152,189,173,304,15,244.333333333333,244.333333333333,0.803728,0,0,0,244.333333333333,0,"M","1","2387","20060",74,"0"
"647661",0,0,0,0,0,3,0,0,0,0,0,0,0,0,0,3,3,0,3,0,152,189,152,304,15,244.333333333333,244.333333333333,0.803728,0,0,0,244.333333333333,0,"M","1","2470","21904",61,"0"
"647828",0,2,0,2,0,0,0,0,0,0,0,0,0,0,0,4,4,0,4,0,62,91,74,303.75,15,243,243,0.79998,0,0,0,243,0,"M","1","2520","22869",43,"1"
"648235",0,0,1,0,0,0,2,0,0,0,0,0,0,0,0,3,3,0,3,0,274,305,276,304,16.6666666666667,237.666666666667,237.666666666667,0.777150666666667,0,0,0,236.263333333333,-1.40333333333333,"M","1","2870","27680",72,"0"
"648354",0,2,0,2,0,0,0,0,0,0,0,0,0,0,0,4,4,0,4,0,90,119,103,304.25,15,243,243,0.7987085,0,0,0,243,0,"M","1","2910","28567",69,"0"
"648941",0,2,0,2,0,0,0,0,0,0,0,0,0,0,0,4,4,0,4,0,92,123,96,304.25,15,243,243,0.7987085,0,0,0,243,0,"M","1","2940","29281",67,"0"
"649119",0,12,0,18,0,0,0,0,0,0,0,0,0,0,0,30,0,30,30,0,5,21,19,25.1333333333333,15.9,25.2,25.2,0.9794336,0,0,0,24.5873333333333,-0.612666666666667,"M","1","2930","28899",76,"0"
"649235",0,2,0,2,0,0,0,0,0,0,0,0,0,0,0,4,4,0,4,0,92,123,104,304.25,15,243,243,0.7987085,0,0,0,243,0,"M","1","2390","20101",83,"0"
"649347",0,0,0,0,0,4,0,0,0,0,0,0,0,0,0,4,4,0,4,0,92,123,95,304,15,243,243,0.79933025,0,0,0,243,0,"M","1","2275","17757",61,"0"
"649716",0,2,0,1,0,0,0,0,0,0,0,0,0,0,0,3,3,0,3,0,270,301,286,304.666666666667,16.6666666666667,237.666666666667,237.666666666667,0.780114,0,0,0,237.666666666667,0,"M","1","2970","30187",61,"0"
"650025",0,0,0,0,0,3,0,0,0,0,0,0,0,0,0,3,3,0,3,0,152,189,172,304,15,244.333333333333,244.333333333333,0.803728,0,0,0,244.333333333333,0,"M","1","2310","18529",96,"1"
"650049",0,0,0,0,0,4,0,0,0,0,0,0,0,0,0,4,4,0,4,0,92,123,104,304,15,243,243,0.79850775,0,0,0,242.75,-0.25,"M","1","2322","18837",71,"0"
"650093",0,0,0,0,0,4,0,0,0,0,0,0,0,0,0,4,4,0,4,0,92,123,90,304,15,243,243,0.79933025,0,0,0,243,0,"M","1","2340","19118",64,"0"
"650126",0,0,0,0,0,3,0,0,0,0,0,0,0,0,0,3,3,0,3,0,316,347,336,304.333333333333,16.6666666666667,237.666666666667,237.666666666667,0.661219666666667,0,0,0,201.206666666667,-36.46,"M","1","2360","19634",78,"0"
"650225",0,0,0,0,0,4,0,0,0,0,0,0,0,0,0,4,4,0,4,0,92,123,91,304,15,243,243,0.79933025,0,0,0,243,0,"M","1","2400","20596",72,"0"
"651106",0,0,0,0,4,0,0,0,0,0,0,0,0,0,0,4,4,0,4,0,83,112,103,304,15,243,243,0.79933025,0,0,0,243,0,"M","7","9100","68528",54,"1"
"651363",0,0,0,0,0,0,4,0,0,0,0,0,0,0,0,4,4,0,4,0,121,152,133,303.75,18.75,240.5,240.5,0.78827725,0,0,0,239.45,-1.05,"M","1","2861","27602",61,"1"
"65149",0,0,0,0,0,0,0,6,0,0,0,0,0,0,0,6,6,0,6,0,61,91,61,151.833333333333,15.8333333333333,132.833333333333,132.833333333333,0.872453666666667,0,0,0,132.466666666667,-0.366666666666667,"M","2","3290","35442",61,"0"
"651944",0,2,0,1,0,0,0,0,0,0,0,0,0,0,0,3,3,0,3,0,152,189,168,304,15,244.333333333333,244.333333333333,0.803728,0,0,0,244.333333333333,0,"M","1","2040","13997",56,"0"
"651977",2,0,0,1,0,0,0,0,0,0,0,0,0,0,0,3,3,0,3,0,212,243,228,304.666666666667,16.6666666666667,237.666666666667,237.666666666667,0.780114,0,0,0,237.666666666667,0,"M","1","2170","15386",80,"0"
"652043",0,2,0,1,0,0,0,0,0,0,0,0,0,0,0,3,3,0,3,0,152,189,153,304,15,244.333333333333,244.333333333333,0.803728,0,0,0,244.333333333333,0,"M","1","2950","29475",55,"0"
"652358",0,2,0,2,0,0,0,0,0,0,0,0,0,0,0,4,4,0,4,0,121,152,132,304,18.75,240.5,240.5,0.79111825,0,0,0,240.5,0,"M","1","2990","30610",86,"0"
"652684",0,0,2,1,0,0,0,0,0,0,0,0,0,0,0,3,3,0,3,0,233,264,230,304.666666666667,16.6666666666667,237.666666666667,237.666666666667,0.780114,0,0,0,237.666666666667,0,"M","1","2520","22799",63,"0"
"652799",0,0,0,0,0,3,0,0,0,0,0,0,0,0,0,3,3,0,3,0,152,189,164,304,15,244.333333333333,244.333333333333,0.803728,0,0,0,244.333333333333,0,"M","1","2310","18522",89,"0"
"652924",0,0,0,0,0,3,0,0,0,0,0,0,0,0,0,3,3,0,3,0,152,189,168,304,15,244.333333333333,244.333333333333,0.802631333333333,0,0,0,244,-0.333333333333333,"M","1","2322","18817",61,"0"
"652937",0,0,0,0,0,3,0,0,0,0,0,0,0,0,0,3,3,0,3,0,152,189,168,304,15,244.333333333333,244.333333333333,0.802631333333333,0,0,0,244,-0.333333333333333,"F","1","2328","18895",61,"0"
"653005",0,0,0,0,0,4,0,0,0,0,0,0,0,0,0,4,4,0,3,1,152,189,174,304,17.5,244.333333333333,244.333333333333,0.803728,0,0,0,244.333333333333,0,"M","1","2328","18930",61,"0"
"653093",0,0,0,0,0,5,0,0,0,0,0,0,0,0,0,5,5,0,4,1,121,152,118,243.4,14,185,185,0.834885,0,0,0,185,0,"M","1","2360","19622",64,"0"
"653360",0,0,0,0,0,3,0,0,0,0,0,0,0,0,0,3,3,0,3,0,335,364,343,304,16.6666666666667,237.666666666667,237.666666666667,0.781782333333333,0,0,0,237.666666666667,0,NA,"1","2440","21379",37,"0"
"653487",0,0,0,0,0,1,0,0,0,0,0,0,0,0,0,1,1,0,1,0,145,NA,131,304,25,249,249,0.819079,0,0,0,249,0,"M","1","2460","21784",61,"0"
"653526",0,0,0,0,0,3,0,0,0,0,0,0,0,0,0,3,3,0,3,0,152,189,164,304,15,244.333333333333,244.333333333333,0.803728,0,0,0,244.333333333333,0,"M","1","2460","21628",80,"0"
"653546",0,0,0,0,0,3,0,0,0,0,0,0,0,0,0,3,3,0,3,0,152,189,165,304,15,244.333333333333,244.333333333333,0.803728,0,0,0,244.333333333333,0,"M","1","2470","21950",61,"0"
"653573",0,0,0,0,0,4,0,0,0,0,0,0,0,0,0,4,4,0,4,0,62,91,76,303.5,15,243,243,0.80060175,0,0,0,243,0,"M","1","2470","21949",56,"1"
"653662",0,0,2,2,0,0,0,0,0,0,0,0,0,0,0,4,4,0,4,0,106,147,131,304,18.75,243,243,0.799342,0,0,0,243,0,NA,"1","2650","25369",61,"0"
"653911",12,0,0,18,0,0,0,0,0,0,0,0,0,0,0,30,0,30,30,0,6,21,19,25.1333333333333,15.9,25.2,25.2,1.00356696666667,0,0,0,25.2,0,"M","1","2660","25547",79,"0"
"654047",0,0,0,0,0,0,4,0,0,0,0,0,0,0,0,4,4,0,4,0,109,140,123,303.75,18.75,243,243,0.7973235,0,0,0,242.2,-0.8,"M","1","2580","24084",60,"0"
"654570",0,2,0,2,0,0,0,0,0,0,0,0,0,0,0,4,4,0,4,0,31,62,35,304.25,15,243,243,0.7987085,0,0,0,243,0,"M","1","2390","20101",50,"1"
"654649",2,0,0,2,0,0,0,0,0,0,0,0,0,0,0,4,4,0,4,0,62,91,76,303.75,15,243,243,0.79998,0,0,0,243,0,"M","1","2018","13335",61,"1"
"654912",1,1,0,1,0,0,0,0,0,0,0,0,0,0,0,3,3,0,3,0,212,243,229,304.666666666667,16.6666666666667,237.666666666667,237.666666666667,0.780114,0,0,0,237.666666666667,0,"F","1","2900","28115",93,"0"
"655327",0,2,0,1,0,0,0,0,0,0,0,0,0,0,0,3,3,0,3,0,241,272,238,304.666666666667,16.6666666666667,237.666666666667,237.666666666667,0.780114,0,0,0,237.666666666667,0,"M","1","2900","28133",74,"0"
"655449",0,12,0,17,0,0,0,0,0,0,0,0,0,0,0,29,0,29,29,0,19,35,33,25.1379310344828,16.1034482758621,25.1724137931034,25.1724137931034,0.98090375862069,0,0,0,24.6427586206897,-0.529655172413793,"F","1","2930","29029",67,"0"
"655659",0,2,0,2,0,0,0,0,0,0,0,0,0,0,0,4,4,0,4,0,121,152,138,304,18.75,240.5,240.5,0.79111825,0,0,0,240.5,0,"M","1","2980","30373",81,"0"
"655732",0,2,0,1,0,0,0,0,0,0,0,0,0,0,0,3,3,0,3,0,304,335,321,304.666666666667,16.6666666666667,237.666666666667,237.666666666667,0.780114,0,0,0,237.666666666667,0,"M","1","2990","30614",61,"0"
"655981",11,0,0,18,1,0,0,0,0,0,0,0,0,0,0,30,0,30,30,0,6,21,19,25.1333333333333,15.9,25.2,25.2,1.00356696666667,0,0,0,25.2,0,"M","1","2000","12858",61,"0"
"65601",0,0,0,0,0,0,0,3,0,0,0,0,0,0,0,3,3,0,3,0,75,105,80,219.333333333333,15,185.56,168.706666666667,0.710921,0,16.8533333333333,16.8533333333333,168.706666666667,0,"M","5","3890","45939",61,"1"
"656112",0,2,0,1,0,0,0,0,0,0,0,0,0,0,0,3,3,0,3,0,321,364,335,304.333333333333,16.6666666666667,237.666666666667,237.666666666667,0.705882333333333,0,0,0,214.816666666667,-22.85,"M","1","2520","22901",71,"0"
"656346",0,0,2,2,0,0,0,0,0,0,0,0,0,0,0,4,4,0,4,0,31,62,46,304.25,15,243,243,0.7987085,0,0,0,243,0,"M","1","2520","22842",70,"1"
"65658",0,0,0,0,0,0,0,6,0,0,0,0,0,0,0,6,6,0,6,0,19,49,27,151.833333333333,14,132.833333333333,132.833333333333,0.866647166666667,0,0,0,131.588333333333,-1.245,"M","5","3770","44745",61,"0"
"656647",0,0,0,0,0,4,0,0,0,0,0,0,0,0,0,4,4,0,4,0,62,91,60,303.5,15,243,243,0.7987925,0,0,0,242.45,-0.55,"M","1","2350","19435",73,"1"
"657046",0,0,0,0,0,3,0,0,0,0,0,0,0,0,0,3,3,0,3,0,304,335,298,304.333333333333,16.6666666666667,237.666666666667,237.666666666667,0.780943,0,0,0,237.666666666667,0,"M","1","2460","21643",63,"0"
"657219",0,0,2,2,0,0,0,0,0,0,0,0,0,0,0,4,4,0,4,0,31,62,27,304.25,15,243,243,0.7987085,0,0,0,243,0,"M","1","2640","25265",66,"1"
"657637",2,0,0,2,0,0,0,0,0,0,0,0,0,0,0,4,4,0,4,0,31,62,46,304.25,15,243,243,0.7987085,0,0,0,243,0,"M","1","2610","24691",68,"1"
"65777",0,0,0,0,0,0,0,3,0,0,0,0,0,0,0,3,3,0,3,0,335,364,340,304,16.6666666666667,237.666666666667,237.666666666667,0.781782333333333,0,0,0,237.666666666667,0,NA,"5","3520","38223",61,"0"
"658043",0,0,0,0,4,0,0,0,0,0,0,0,0,0,0,4,4,0,4,0,52,83,47,304,15,243,243,0.79933025,0,0,0,243,0,"M","7","9140","69635",58,"1"
"65825",0,0,0,0,0,0,0,10,0,0,0,0,0,0,0,10,10,0,10,0,44,75,55,76,16,72.2,72.2,0.9500942,0,0,0,72.2,0,"F","5","3501","37840",61,"0"
"658311",0,0,0,0,0,0,4,0,0,0,0,0,0,0,0,4,4,0,4,0,31,62,33,304,15,243,243,0.79669,0,0,0,242.2,-0.8,"M","1","2800","25758",61,"1"
"658395",0,0,0,0,0,0,4,0,0,0,0,0,0,0,0,4,4,0,4,0,29,60,39,304,15,243,243,0.79669,0,0,0,242.2,-0.8,"M","1","2800","25758",74,"1"
"658485",0,0,0,0,0,0,4,0,0,0,0,0,0,0,0,4,4,0,4,0,62,91,68,303.5,15,243,243,0.797139,0,0,0,241.95,-1.05,"M","1","2861","27587",66,"1"
"658552",0,0,0,0,0,0,6,0,0,0,0,0,0,0,0,6,6,0,6,0,121,152,129,152.166666666667,18.3333333333333,131.833333333333,131.833333333333,0.8664915,0,0,0,131.833333333333,0,"M","1","2800","25862",85,"0"
"658570",0,0,0,0,0,0,5,0,0,0,0,0,0,0,0,5,5,0,4,1,46,77,47,303.6,14,244.2,244.2,0.770206,0,0,0,185.038,-9.362,"M","6","1982","12689",78,"1"
"658574",0,0,0,0,0,0,5,0,0,0,0,0,0,0,0,5,5,0,4,1,31,53,32,273.6,14,214.25,214.25,0.8205385,0,0,0,213.45,-0.8,"M","1","2812","26508",94,"0"
"658714",0,0,0,0,0,30,0,0,0,0,0,0,0,0,0,30,0,30,30,0,5,21,19,25.1333333333333,15.9,25.2,25.2,1.00356696666667,0,0,0,25.2,0,"M","1","2260","17286",64,"0"
"658817",0,0,0,0,0,4,0,0,0,0,0,0,0,0,0,4,4,0,4,0,92,123,84,304,15,243,243,0.79850775,0,0,0,242.75,-0.25,"F","1","2431","20900",61,"1"
"659050",0,0,0,0,30,0,0,0,0,0,0,0,0,0,0,30,0,30,30,0,2,19,12,25.1333333333333,15.9,25.2,25.2,0.994405466666667,0,0,0,24.968,-0.232,"M","7","9280","72453",73,"0"
"659214",0,2,0,2,0,0,0,0,0,0,0,0,0,0,0,4,4,0,4,0,121,152,125,304,18.75,240.5,240.5,0.79111825,0,0,0,240.5,0,"M","1","2920","28816",61,"0"
"659301",0,1,0,2,0,0,0,0,0,0,0,0,0,0,0,3,3,0,3,0,342,371,343,304.666666666667,16.6666666666667,237.666666666667,237.666666666667,0.780130333333333,0,0,0,237.666666666667,0,"M","1","2990","30614",72,"0"
"659691",0,0,2,1,0,0,0,0,0,0,0,0,0,0,0,3,3,0,3,0,152,189,152,304,15,244.333333333333,244.333333333333,0,244.333301333333,0,244.333301333333,0,0,"M","1","2650","25492",61,"0"
"659785",0,0,0,0,3,0,0,0,0,0,0,0,0,0,0,3,3,0,3,0,330,361,349,304.333333333333,16.6666666666667,237.666666666667,237.666666666667,0.780943,0,0,0,237.666666666667,0,"M","7","9420","74244",73,"0"
"659856",0,0,0,0,0,0,3,0,0,0,0,0,0,0,0,3,3,0,3,0,152,189,173,304,15,244.333333333333,244.333333333333,0.803728,0,0,0,244.333333333333,0,"F","2","3118","33520",74,"0"
"660064",0,0,0,0,0,3,0,0,0,0,0,0,0,0,0,3,3,0,3,0,152,189,150,304,15,244.333333333333,244.333333333333,0.803728,0,0,0,244.333333333333,0,"F","1","2260","17279",59,"0"
"660112",0,0,0,0,0,3,0,0,0,0,0,0,0,0,0,3,3,0,3,0,135,166,150,304,15,244.333333333333,244.333333333333,0.803728,0,0,0,244.333333333333,0,"M","1","2330","19004",61,"0"
"660151",0,0,0,0,0,3,0,0,0,0,0,0,0,0,0,3,3,0,3,0,152,189,152,304,15,244.333333333333,244.333333333333,0,244.333301333333,0,244.333301333333,0,0,"M","1","2340","19218",84,"0"
"66016",0,0,0,0,0,0,0,4,0,0,0,0,0,0,0,4,4,0,4,0,137,139,124,120.25,15,105.77378275,89.75,0.55782825,0,16.02378275,16.02378275,89.75,0,"M","5","3840","45611",47,"0"
"660314",0,0,0,0,0,4,0,0,0,0,0,0,0,0,0,4,4,0,4,0,117,147,131,303.75,18.75,243,243,0.79914125,0,0,0,242.75,-0.25,"M","1","2321","18772",47,"0"
"660436",0,0,0,0,4,0,0,0,0,0,0,0,0,0,0,4,4,0,4,0,142,173,159,303.75,15,240.5,240.5,0.7909175,0,0,0,240.25,-0.25,"M","7","9200","70985",55,"0"
"660607",0,0,0,0,0,3,0,0,0,0,0,0,0,0,0,3,3,0,3,0,152,189,153,304,15,244.333333333333,244.333333333333,0.802631333333333,0,0,0,244,-0.333333333333333,"F","1","2300","18221",63,"0"
"66062",0,0,0,0,0,0,0,3,0,0,0,0,0,0,0,3,3,0,3,0,152,192,152,304,15,247.666666666667,247.666666666667,0,247.666634666667,0,247.666634666667,0,0,NA,"5","3500","37838",61,"0"
"660924",0,0,0,0,0,3,0,0,0,0,0,0,0,0,0,3,3,0,3,0,152,189,152,304,15,244.333333333333,244.333333333333,0.803728,0,0,0,244.333333333333,0,"M","1","2460","21712",61,"0"
"660928",0,0,0,0,0,3,0,0,0,0,0,0,0,0,0,3,3,0,3,0,152,189,154,304,15,244.333333333333,244.333333333333,0.803728,0,0,0,244.333333333333,0,"M","1","2480","22015",88,"1"
"660939",0,0,0,0,0,11,0,0,0,0,0,0,0,0,0,11,11,0,11,0,53,84,69,76.0909090909091,17.2727272727273,71.2727272727273,71.2727272727273,0.935582090909091,0,0,0,71.1818181818182,-0.0909090909090909,"M","1","2323","18873",61,"0"
"660979",0,0,0,0,0,3,0,0,0,0,0,0,0,0,0,3,3,0,3,0,152,189,172,304,15,244.333333333333,244.333333333333,0.802631333333333,0,0,0,244,-0.333333333333333,"M","1","2300","18427",61,"1"
"66121",0,0,0,0,0,0,0,3,0,0,0,0,0,0,0,3,3,0,3,0,152,192,173,304,15,247.666666666667,247.666666666667,0.814693,0,0,0,247.666666666667,0,NA,"5","3690","43402",61,"0"
"661871",0,3,0,1,0,0,0,0,0,0,0,0,0,0,0,4,4,0,3,1,123,333,124,266.5,18.75,214.25,196.25,0.7035065,0,18,18,134,0,"F","1","2910","28567",61,"1"
"662701",0,2,0,2,0,0,0,0,0,0,0,0,0,0,0,4,4,0,4,0,31,62,33,304.25,15,243,243,0.7987085,0,0,0,243,0,"M","1","2960","29973",50,"1"
"662721",0,2,0,1,0,0,0,0,0,0,0,0,0,0,0,3,3,0,3,0,152,189,161,304,15,244.333333333333,244.333333333333,0.803728,0,0,0,244.333333333333,0,"M","1","2920","28867",82,"0"
"66373",0,0,0,0,0,0,0,10,0,0,0,0,0,0,0,10,10,0,10,0,62,91,81,76,16,72.2,72.2,0.9500942,0,0,0,72.2,0,NA,"5","3500","37603",61,"0"
"663907",0,2,0,1,0,0,0,0,0,0,0,0,0,0,0,3,3,0,3,0,274,305,277,304.333333333333,16.6666666666667,237.666666666667,237.666666666667,0.780953333333333,0,0,0,237.666666666667,0,"M","1","2520","22947",79,"0"
"663946",0,0,0,0,0,30,0,0,0,0,0,0,0,0,0,30,0,30,30,0,6,21,19,25.1333333333333,15.9,25.2,25.2,1.00356696666667,0,0,0,25.2,0,"M","1","2382","19979",52,"0"
"664053",0,0,0,0,0,6,0,0,0,0,0,0,0,0,0,6,6,0,6,0,31,62,18,151.833333333333,15.8333333333333,132.833333333333,132.833333333333,0.873695,0,0,0,132.666666666667,-0.166666666666667,"M","1","2328","18917",49,"0"
"664407",0,2,0,1,0,0,0,0,0,0,0,0,0,0,0,3,3,0,3,0,304,335,312,304.666666666667,16.6666666666667,237.666666666667,237.666666666667,0.780114,0,0,0,237.666666666667,0,"M","1","2960","111553",61,"0"
"664459",0,0,0,0,3,0,0,0,0,0,0,0,0,0,0,3,3,0,3,0,174,203,185,304,20,239.666666666667,239.666666666667,0.788377,0,0,0,239.666666666667,0,"M","7","9112","68865",71,"0"
"664705",2,0,0,1,0,0,0,0,0,0,0,0,0,0,0,3,3,0,3,0,127,158,137,304,15,244.333333333333,244.333333333333,0.780307,0,0,0,237.213333333333,-7.12,"M","1","2600","24389",74,"1"
"664828",0,2,0,1,0,0,0,0,0,0,0,0,0,0,0,3,3,0,3,0,152,189,173,304,15,244.333333333333,244.333333333333,0.803728,0,0,0,244.333333333333,0,"M","1","2970","30181",61,"0"
"664959",1,0,0,2,0,0,0,0,0,0,0,0,0,0,0,3,3,0,3,0,335,364,334,304.333333333333,16.6666666666667,237.666666666667,237.666666666667,0.780953333333333,0,0,0,237.666666666667,0,"M","1","2100","14606",77,"0"
"665197",0,0,0,0,3,0,0,0,0,0,0,0,0,0,0,3,3,0,3,0,296,327,318,304.333333333333,16.6666666666667,237.666666666667,237.666666666667,0.780943,0,0,0,237.666666666667,0,"M","7","9100","0",88,"1"
"665396",0,0,0,0,0,4,0,0,0,0,0,0,0,0,0,4,4,0,4,0,61,91,74,303.5,15,243,243,0.80060175,0,0,0,243,0,"M","1","2260","17078",44,"1"
"665402",3,0,0,3,0,0,0,0,0,0,0,0,0,0,0,6,6,0,6,0,24,55,42,152.166666666667,15.8333333333333,132.833333333333,132.833333333333,0.872993333333333,0,0,0,132.833333333333,0,"M","1","2660","25694",61,"0"
"665568",0,0,0,0,0,3,0,0,0,0,0,0,0,0,0,3,3,0,3,0,152,189,154,304,15,244.333333333333,244.333333333333,0.803728,0,0,0,244.333333333333,0,"F","1","2480","22059",61,"0"
"665830",0,0,0,0,0,3,0,0,0,0,0,0,0,0,0,3,3,0,3,0,152,189,175,304,15,244.333333333333,244.333333333333,0.802631333333333,0,0,0,244,-0.333333333333333,"F","1","2300","18347",61,"0"
"666035",0,0,0,0,0,0,3,0,0,0,0,0,0,0,0,3,3,0,3,0,152,189,178,304,15,244.333333333333,244.333333333333,0.791008666666667,0,0,0,240.466666666667,-3.86666666666667,"M","1","2500","22793",63,"1"
"666058",0,0,2,1,0,0,0,0,0,0,0,0,0,0,0,3,3,0,3,0,152,189,164,304,15,244.333333333333,244.333333333333,0.803728,0,0,0,244.333333333333,0,"M","1","2630","25122",87,"0"
"666148",2,0,0,1,0,0,0,0,0,0,0,0,0,0,0,3,3,0,3,0,152,189,146,304,15,244.333333333333,244.333333333333,0.803728,0,0,0,247.81,0,"M","1","2070","14326",66,"0"
"666421",0,2,0,1,0,0,0,0,0,0,0,0,0,0,0,3,3,0,3,0,243,273,263,304.333333333333,16.6666666666667,237.666666666667,237.666666666667,0.780943,0,0,0,237.666666666667,0,"M","1","2242","16842",61,"0"
"666941",0,0,0,0,0,4,0,0,0,0,0,0,0,0,0,4,4,0,4,0,92,123,89,304,15,243,243,0.79933025,0,0,0,243,0,"M","1","2480","22081",71,"0"
"66741",6,0,0,1,0,0,0,0,0,0,0,0,0,0,0,7,7,0,6,1,36,67,27,76,12.1428571428571,74.5,74.5,0.980263,0,0,0,74.5,0,"F","1","2100","14494",61,"0"
"667763",0,1,0,2,0,0,0,0,0,0,0,0,0,0,0,3,3,0,3,0,335,364,343,304.333333333333,16.6666666666667,237.666666666667,237.666666666667,0.780953333333333,0,0,0,237.666666666667,0,"M","1","2920","28837",94,"0"
"667858",0,0,1,2,0,0,0,0,0,0,0,0,0,0,0,3,3,0,3,0,365,396,374,304.333333333333,16.6666666666667,237.666666666667,237.666666666667,0.747483333333333,0,0,0,227.446666666667,-10.22,"M","1","2150","15061",61,"0"
"668063",0,2,0,1,0,0,0,0,0,0,0,0,0,0,0,3,3,0,3,0,304,335,322,304.666666666667,16.6666666666667,237.666666666667,237.666666666667,0.767558666666667,0,0,0,233.84,-3.82666666666667,"M","1","2240","16811",61,"0"
"668238",0,0,2,2,0,0,0,0,0,0,0,0,0,0,0,4,4,0,4,0,90,119,94,304.25,15,243,243,0.796373,0,0,0,242.29,-0.71,"M","1","2640","25200",77,"0"
"668466",0,0,0,0,0,3,0,0,0,0,0,0,0,0,0,3,3,0,3,0,152,189,175,304,15,244.333333333333,244.333333333333,0.803728,0,0,0,244.333333333333,0,"M","1","2380","19859",74,"0"
"668492",0,0,0,0,0,3,0,0,0,0,0,0,0,0,0,3,3,0,3,0,152,189,153,304,15,244.333333333333,244.333333333333,0.803728,0,0,0,244.333333333333,0,"M","1","2460","21787",67,"0"
"668567",0,2,0,1,0,0,0,0,0,0,0,0,0,0,0,3,3,0,3,0,218,249,236,286.333333333333,20,203.666666666667,203.666666666667,0.511121666666667,0,0,0,161.333333333333,-56.5,"M","1","2920","28665",66,"0"
"66910",0,0,0,0,3,0,0,0,0,0,0,0,0,0,0,3,3,0,2,1,290,313,300,215,15,209.185,193.5,0.799151,0,15.685,15.685,193.5,0,"M","7","9120","69013",61,"0"
"669306",0,0,0,0,4,0,0,0,0,0,0,0,0,0,0,4,4,0,4,0,143,174,152,303.75,15,240.5,240.5,0.79075325,0,0,0,240.2,-0.3,"M","7","9120","69209",74,"0"
"669688",0,0,0,0,0,4,0,0,0,0,0,0,0,0,0,4,4,0,4,0,121,200,200,272,18.75,218.425,212.75,0.7818855,0,5.675,5.675,212.75,0,"M","1","2275","17737",58,"0"
"670127",0,2,0,1,0,0,0,0,0,0,0,0,0,0,0,3,3,0,3,0,243,273,263,304.333333333333,16.6666666666667,237.666666666667,237.666666666667,0.780943,0,0,0,237.666666666667,0,"M","1","2930","28899",77,"0"
"670155",0,0,0,0,0,3,0,0,0,0,0,0,0,0,0,3,3,0,3,0,152,189,173,304,15,244.333333333333,244.333333333333,0.802412333333333,0,0,0,243.933333333333,-0.4,"M","1","2222","16343",38,"0"
"67030",0,0,0,0,0,0,0,4,0,0,0,0,0,0,0,4,4,0,4,0,93,124,101,303.75,18.75,243,243,0.77285175,0,0,0,234.7675,-8.2325,"M","5","3800","45117",61,"0"
"670403",0,0,2,1,0,0,0,0,0,0,0,0,0,0,0,3,3,0,3,0,285,315,287,304.666666666667,16.6666666666667,237.666666666667,237.666666666667,0.763096666666667,0,0,0,232.483333333333,-5.18333333333333,"F","1","2640","25311",45,"0"
"670664",0,3,0,3,0,0,0,0,0,0,0,0,0,0,0,6,6,0,6,0,82,112,89,152.166666666667,15.8333333333333,132.833333333333,132.833333333333,0.871896833333333,0,0,0,132.666666666667,-0.166666666666667,NA,"1","2930","29123",50,"0"
"671025",0,0,0,0,0,0,4,0,0,0,0,0,0,0,0,4,4,0,4,0,121,152,119,303.75,18.75,240.5,240.5,0.78909975,0,0,0,239.7,-0.8,"M","1","2812","26464",70,"0"
"671074",0,0,0,0,0,3,0,0,0,0,0,0,0,0,0,3,3,0,3,0,243,273,265,304,16.6666666666667,237.666666666667,237.666666666667,0.781777,0,0,0,237.666666666667,0,"M","1","2330","19010",61,"0"
"671127",12,0,0,18,0,0,0,0,0,0,0,0,0,0,0,30,0,30,30,0,5,21,19,25.1333333333333,15.9,25.2,25.2,1.00356696666667,0,0,0,25.2,0,"M","1","2020","13421",74,"0"
"671830",0,0,12,0,0,0,18,0,0,0,0,0,0,0,0,30,0,30,30,0,5,21,19,25.1333333333333,15.9,25.2,25.2,1.00356696666667,0,0,0,25.2,0,"M","1","2850","27302",64,"0"
"671995",0,12,0,18,0,0,0,0,0,0,0,0,0,0,0,30,0,30,30,0,6,21,19,25.1333333333333,15.9,25.2,25.2,1.00356696666667,0,0,0,25.2,0,"M","1","2930","28929",40,"0"
"672046",0,0,2,1,0,0,0,0,0,0,0,0,0,0,0,3,3,0,3,0,183,214,192,304.333333333333,16.6666666666667,237.666666666667,237.666666666667,0.787532333333333,0,0,0,239.666666666667,0,"M","1","2650","25503",61,"0"
"672099",2,0,0,1,0,0,0,0,0,0,0,0,0,0,0,3,3,0,3,0,243,273,262,304.333333333333,16.6666666666667,237.666666666667,237.666666666667,0.780943,0,0,0,237.666666666667,0,"M","1","2180","15629",72,"0"
"672274",0,0,0,0,0,0,29,0,0,0,0,0,0,0,0,29,0,29,29,0,22,39,33,25.1379310344828,16.1034482758621,25.1724137931034,25.1724137931034,0.994365827586207,0,0,0,24.9737931034483,-0.198620689655172,"M","1","2830","26997",80,"0"
"672460",0,0,0,0,0,3,0,0,0,0,0,0,0,0,0,3,3,0,3,0,274,305,277,304,16.6666666666667,237.666666666667,237.666666666667,0.781782333333333,0,0,0,237.666666666667,0,"M","1","2360","19674",53,"0"
"672495",0,0,0,0,0,3,0,0,0,0,0,0,0,0,0,3,3,0,3,0,152,189,174,304,15,244.333333333333,244.333333333333,0.803728,0,0,0,244.333333333333,0,"M","1","2400","20406",84,"1"
"672514",0,0,0,0,0,3,0,0,0,0,0,0,0,0,0,3,3,0,3,0,304,335,327,304.333333333333,16.6666666666667,237.666666666667,237.666666666667,0.778546333333333,0,0,0,236.933333333333,-0.733333333333333,"M","1","2200","15868",61,"0"
"672622",0,0,0,0,0,0,3,0,0,0,0,0,0,0,0,3,3,0,3,0,183,214,200,304,16.6666666666667,237.666666666667,237.666666666667,0.788377,0,0,0,239.666666666667,0,"M","1","2560","23680",61,"0"
"67278",0,0,0,0,0,0,0,7,0,0,0,0,0,0,0,7,7,0,6,1,152,192,166,141.142857142857,18.5714285714286,130,130,0.870395166666667,0,0,0,129.633333333333,-0.366666666666667,NA,"5","3530","38404",61,"0"
"67296",0,0,0,0,0,0,0,3,0,0,0,0,0,0,0,3,3,0,3,0,144,174,154,304,15,247.666666666667,247.666666666667,0.814693,0,0,0,247.666666666667,0,"M","1","2400","20485",61,"0"
"673104",0,2,0,2,0,0,0,0,0,0,0,0,0,0,0,4,4,0,4,0,121,152,136,304,18.75,240.5,240.5,0.79111825,0,0,0,240.5,0,"M","1","2930","29059",75,"0"
"673513",0,2,0,2,0,0,0,0,0,0,0,0,0,0,0,4,4,0,4,0,121,152,125,304,18.75,240.5,240.5,0.79111825,0,0,0,240.5,0,"M","1","2980","30475",64,"0"
"6737",0,0,0,0,0,0,0,5,0,0,0,0,0,0,0,5,5,0,5,0,95,126,109,131.6,16,118.348,114.6,0.8036842,0,3.748,3.748,111.552,0,"M","5","3530","38619",61,"0"
"673836",2,0,0,1,0,0,0,0,0,0,0,0,0,0,0,3,3,0,3,0,152,189,160,304,15,244.333333333333,244.333333333333,0.801535,0,0,0,243.666666666667,-0.666666666666667,"F","1","2000","13028",82,"0"
"674436",2,0,0,2,0,0,0,0,0,0,0,0,0,0,0,4,4,0,4,0,62,91,68,303.75,15,243,243,0.79998,0,0,0,243,0,"M","1","2070","14404",71,"1"
"674488",0,0,2,1,0,0,0,0,0,0,0,0,0,0,0,3,3,0,3,0,152,189,150,304,15,244.333333333333,244.333333333333,0.803728,0,0,0,244.333333333333,0,"M","1","2530","23083",72,"0"
"674503",0,2,0,2,0,0,0,0,0,0,0,0,0,0,0,4,4,0,4,0,31,62,26,304.25,15,243,243,0.7987085,0,0,0,243,0,"M","1","2980","30500",62,"1"
"674586",0,0,0,0,3,0,26,0,0,0,0,0,0,0,0,29,0,29,29,0,29,46,-18,25.1379310344828,16.1034482758621,25.1724137931034,25.1724137931034,1.00071913793103,0,0,0,25.1310344827586,-0.0413793103448276,"M","7","9240","111605",61,"1"
"674825",0,2,0,1,0,0,0,0,0,0,0,0,0,0,0,3,3,0,3,0,274,305,278,304.333333333333,16.6666666666667,237.666666666667,237.666666666667,0.780953333333333,0,0,0,237.666666666667,0,"F","1","2960","29693",58,"0"
"6750",0,0,0,0,0,0,0,3,0,0,0,0,0,0,0,3,3,0,3,0,277,308,299,220,20,176.246666666667,170,0.671632,0,6.24666666666667,6.24666666666667,160.6,0,"M","5","3803","45387",61,"0"
"676232",0,0,0,0,0,3,0,0,0,0,0,0,0,0,0,3,3,0,3,0,304,335,307,304.333333333333,16.6666666666667,237.666666666667,237.666666666667,0.780943,0,0,0,237.666666666667,0,"F","1","2275","17548",62,"0"
"676356",0,2,0,1,0,0,0,0,0,0,0,0,0,0,0,3,3,0,3,0,307,336,306,304.333333333333,16.6666666666667,237.666666666667,237.666666666667,0.780953333333333,0,0,0,237.666666666667,0,"F","1","2910","28567",26,"0"
"676441",0,2,0,2,0,0,0,0,0,0,0,0,0,0,0,4,4,0,4,0,121,152,124,304,18.75,240.5,240.5,0.79111825,0,0,0,240.5,0,"M","1","2960","29778",59,"0"
"676836",0,4,0,6,0,0,0,0,0,0,0,0,0,0,0,10,0,10,10,0,90,105,103,76.1,15,71,71,0.9370269,0,0,0,71.3,0,"M","1","2960","29821",50,"0"
"67720",0,0,0,0,0,0,0,10,0,0,0,0,0,0,0,10,0,10,10,0,62,77,75,76,17.5,72.2,72.2,0.9500942,0,0,0,72.2,0,"M","5","3500","37489",71,"0"
"677422",0,0,0,0,0,2,0,0,0,0,0,0,0,0,0,2,2,0,2,0,138,140,130,189.5,17.5,159.08,138.5,0.6584195,0,20.58,20.58,138.5,0,"M","1","2440","21116",61,"0"
"677614",0,0,0,0,0,4,0,0,0,0,0,0,0,0,0,4,4,0,4,0,62,91,75,303.5,15,243,243,0.80060175,0,0,0,243,0,"F","1","2400","0",96,"1"
"677725",0,0,0,0,0,11,0,0,0,0,0,0,0,0,0,11,0,11,11,0,31,48,47,75.9090909090909,15.9090909090909,71.5454545454545,71.5454545454545,0.941342181818182,0,0,0,71.4545454545455,-0.0909090909090909,"M","1","2490","22360",46,"0"
"678132",0,2,0,2,0,0,0,0,0,0,0,0,0,0,0,4,4,0,4,0,62,91,66,303.75,15,243,243,0.79998,0,0,0,243,0,"M","1","2910","28518",66,"1"
"679190",0,0,0,0,0,4,0,0,0,0,0,0,0,0,0,4,4,0,4,0,131,161,147,303.75,18.75,240.5,240.5,0.79174,0,0,0,240.5,0,"F","1","2290","18040",68,"0"
"679420",0,0,0,0,0,0,3,0,0,0,0,0,0,0,0,3,3,0,3,0,123,201,201,316.333333333333,16.6666666666667,247.49562,237.666666666667,0.73454,0,9.82895333333333,9.82895333333333,232.33,-5.33666666666667,"M","1","2812","26465",63,"0"
"67962",0,0,0,0,0,0,0,10,0,0,0,0,0,0,0,10,10,0,10,0,61,91,69,76,16,72.2,72.2,0.9500942,0,0,0,72.2,0,"M","5","3960","47791",61,"0"
"679638",0,2,0,2,0,0,0,0,0,0,0,0,0,0,0,4,4,0,4,0,80,111,96,304.25,15,243,243,0.7987085,0,0,0,243,0,"M","1","2243","16915",61,"1"
"680201",0,1,0,2,0,0,0,0,0,0,0,0,0,0,0,3,3,0,3,0,372,403,375,304.333333333333,16.6666666666667,237.666666666667,237.666666666667,0.654703,0,0,0,199.233333333333,-38.4333333333333,"M","1","2970","30132",72,"0"
"680741",0,0,0,0,0,0,4,0,0,0,0,0,0,0,0,4,4,0,4,0,121,152,117,303.75,18.75,240.5,240.5,0.79074975,0,0,0,240.2,-0.3,"M","1","2830","26893",78,"0"
"680875",0,0,0,0,0,4,0,0,0,0,0,0,0,0,0,4,4,0,4,0,92,123,102,304,15,243,243,0.79850775,0,0,0,242.75,-0.25,"M","1","2300","18417",63,"0"
"681400",0,0,0,0,0,0,4,0,0,0,0,0,0,0,0,4,4,0,4,0,31,62,38,304,15,243,243,0.79669,0,0,0,242.2,-0.8,"M","1","2801","26360",57,"1"
"681524",0,2,0,2,0,0,0,0,4,0,0,0,0,0,0,0,4,0,4,0,120,151,140,51.5,4,54.6,54.6,1.05,0,0,0,54.1,0,"F","1","2990","30591",63,"0"
"681654",0,0,0,0,0,0,4,0,0,0,0,0,0,0,0,4,4,0,4,0,121,152,110,303.75,18.75,240.5,240.5,0.79074975,0,0,0,240.2,-0.3,"M","2","3128","33683",61,"1"
"681690",0,0,0,0,0,0,4,0,0,0,0,0,0,0,0,4,4,0,4,0,121,152,130,303.75,18.75,240.5,240.5,0.79074975,0,0,0,240.2,-0.3,"F","2","3110","33372",83,"0"
"682105",0,2,0,2,0,0,0,0,0,0,0,0,0,0,0,4,4,0,4,0,31,62,28,304.25,15,243,243,0.7987085,0,0,0,243,0,"M","1","2980","30428",74,"1"
"682262",0,2,0,2,0,0,0,0,0,0,0,0,0,0,0,4,4,0,4,0,121,152,137,304,18.75,240.5,240.5,0.79111825,0,0,0,240.5,0,"M","1","2930","29047",75,"0"
"682281",0,2,0,2,0,0,0,0,0,0,0,0,0,0,0,4,4,0,4,0,121,152,129,304,18.75,240.5,240.5,0.79111825,0,0,0,240.5,0,"M","1","2930","28987",48,"0"
"682368",0,0,0,0,0,0,4,0,0,0,0,0,0,0,0,4,4,0,4,0,121,152,129,303.75,18.75,240.5,240.5,0.7909175,0,0,0,240.25,-0.25,"F","2","1980","12446",61,"0"
"682635",0,0,0,0,4,0,0,0,0,0,0,0,0,0,0,4,4,0,4,0,114,145,132,303.75,18.75,243,243,0.79996375,0,0,0,243,0,"M","7","9150","69761",62,"0"
"682645",0,0,0,0,4,0,0,0,0,0,0,0,0,0,0,4,4,0,4,0,117,147,117,303.75,18.75,243,243,0.7968635,0,0,0,242.0575,-0.9425,"M","7","9100","68636",61,"0"
"682856",0,0,0,0,0,3,0,0,0,0,0,0,0,0,0,3,3,0,3,0,363,392,368,303.666666666667,16.6666666666667,237.666666666667,237.666666666667,0.782616333333333,0,0,0,237.666666666667,0,"M","1","2400","20287",87,"0"
"682869",0,0,0,0,0,4,0,0,0,0,0,0,0,0,0,4,4,0,4,0,121,152,124,303.75,18.75,240.5,240.5,0.79174,0,0,0,240.5,0,"M","1","2400","20461",76,"0"
"682942",0,0,0,0,0,4,0,0,0,0,0,0,0,0,0,4,4,0,4,0,121,152,136,303.75,18.75,240.5,240.5,0.79174,0,0,0,240.5,0,"M","1","2290","18048",71,"0"
"682997",0,0,0,0,0,4,0,0,0,0,0,0,0,0,0,4,4,0,4,0,121,152,137,303.75,18.75,240.5,240.5,0.79174,0,0,0,240.5,0,"F","1","2340","19163",64,"0"
"683611",0,0,0,0,0,4,0,0,0,0,0,0,0,0,0,4,4,0,4,0,121,152,133,303.75,18.75,240.5,240.5,0.79174,0,0,0,240.5,0,"M","1","2380","19831",66,"0"
"683693",0,0,0,0,0,4,0,0,0,0,0,0,0,0,0,4,4,0,4,0,121,152,136,303.75,18.75,240.5,240.5,0.79174,0,0,0,240.5,0,"M","1","2360","19600",70,"0"
"684010",0,0,0,0,0,4,0,0,0,0,0,0,0,0,0,4,4,0,4,0,121,152,125,303.75,18.75,240.5,240.5,0.79174,0,0,0,240.5,0,"M","1","2440","20956",72,"0"
"684047",0,0,0,0,0,4,0,0,0,0,0,0,0,0,0,4,4,0,4,0,121,152,138,303.75,18.75,240.5,240.5,0.79174,0,0,0,240.5,0,"M","1","2330","19059",74,"0"
"684284",0,0,0,0,0,4,0,0,0,0,0,0,0,0,0,4,4,0,4,0,121,152,129,303.75,18.75,240.5,240.5,0.79174,0,0,0,240.5,0,"M","1","2250","16965",61,"0"
"684319",0,2,0,2,0,0,0,0,0,0,0,0,0,0,0,4,4,0,4,0,121,152,138,304,18.75,240.5,240.5,0.79111825,0,0,0,240.5,0,"M","1","2920","28752",69,"0"
"684448",2,0,0,2,0,0,0,0,0,0,0,0,0,0,0,4,4,0,4,0,121,152,124,304,18.75,240.5,240.5,0.79111825,0,0,0,240.5,0,"M","1","2180","15534",89,"0"
"685398",0,0,2,2,0,0,0,0,0,0,0,0,0,0,0,4,4,0,4,0,121,152,132,304,18.75,240.5,240.5,0.79111825,0,0,0,240.5,0,"M","1","2550","23589",71,"0"
"685953",0,0,0,0,0,4,0,0,0,0,0,0,0,0,0,4,4,0,4,0,62,91,81,303.5,15,243,243,0.80060175,0,0,0,243,0,"M","1","2288","18017",65,"1"
"686073",0,0,11,18,0,0,0,0,0,0,0,0,0,0,0,29,0,29,29,0,25,42,40,25.1379310344828,16.1034482758621,25.1724137931034,25.1724137931034,0.981514896551724,0,0,0,24.6427586206897,-0.529655172413793,"M","1","2630","25128",42,"0"
"686509",0,11,0,18,0,0,0,0,0,0,0,0,0,0,0,29,0,29,29,0,23,40,33,25.1379310344828,16.1034482758621,25.1724137931034,25.1724137931034,1.00231065517241,0,0,0,25.1724137931034,0,"M","1","2960","29977",46,"0"
"686971",0,0,0,0,10,0,0,0,0,0,0,0,0,0,0,10,0,10,10,0,62,77,75,76,17.5,71.9,71.9,0.9461468,0,0,0,71.9,0,"M","7","9170","70233",57,"0"
"688548",0,2,0,2,0,0,0,0,0,0,0,0,0,0,0,4,4,0,4,0,47,77,53,304,15,243,243,0.79933025,0,0,0,243,0,"M","1","2980","30304",60,"1"
"688663",0,0,0,0,4,0,0,0,0,0,0,0,0,0,0,4,4,0,4,0,121,152,136,303.75,18.75,240.5,240.5,0.79174,0,0,0,240.5,0,"M","7","9220","0",72,"0"
"688688",2,0,0,1,0,0,0,0,0,0,0,0,0,0,0,3,3,0,3,0,227,258,237,304.333333333333,16.6666666666667,237.666666666667,237.666666666667,0.719125,0,0,0,218.846666666667,-18.82,"M","1","2100","14523",50,"0"
"688731",0,2,0,6,0,0,0,0,0,0,0,0,0,0,0,8,8,0,8,0,261,292,265,98,22.75,78.5,78.5,0.908551,0,0,0,78.5,0,"M","1","2930","29075",51,"0"
"688993",0,1,0,2,0,0,0,0,0,0,0,0,0,0,0,3,3,0,3,0,335,364,328,304.333333333333,16.6666666666667,237.666666666667,237.666666666667,0.780953333333333,0,0,0,237.666666666667,0,"M","1","2240","16733",70,"0"
"689119",0,0,0,0,0,0,3,0,0,0,0,0,0,0,0,3,3,0,3,0,243,273,262,304,16.6666666666667,237.666666666667,237.666666666667,0.780469666666667,0,0,0,237.266666666667,-0.4,"M","1","2220","16088",92,"0"
"69031",0,0,0,0,0,0,0,4,0,0,0,0,0,0,0,4,4,0,4,0,62,91,61,303.5,15,243,243,0.799859,0,0,0,242.775,-0.225,"M","5","3665","42777",71,"1"
"692030",0,0,0,0,0,0,0,2,0,0,0,0,0,0,0,2,2,0,2,0,78,80,68,44,12.5,44.74,27,0.355263,0,17.74,17.74,27,0,"M","5","3500","37683",59,"0"
"695041",0,0,0,0,0,0,0,2,0,0,0,0,0,0,0,2,2,0,1,1,8,39,90,186,17.5,259,259,0.8259385,1.7704055,0,1.7704055,0,-27.1967,"M","5","3550","39232",56,"1"
"697799",0,0,1,0,0,0,0,0,0,0,0,0,0,0,0,1,1,0,1,0,166,NA,150,152,25,138,138,0.907895,0,0,0,138,0,"F","1","2845","27204",61,"1"
"69926",0,0,0,0,0,0,0,3,0,0,0,0,0,0,0,3,3,0,3,0,307,336,321,304.333333333333,16.6666666666667,237.666666666667,237.666666666667,0.778530666666667,0,0,0,236.933333333333,-0.733333333333333,"M","5","3700","43703",63,"0"
"699915",2,0,0,0,0,0,0,0,0,0,0,0,0,0,0,2,2,0,2,0,67,74,24,79,17.5,78.5394735,75.5,0.956354,0,3.0394735,3.0394735,75.5,0,"M","1","2100","14690",61,"0"
"703931",0,0,0,0,0,10,0,0,0,0,0,0,0,0,0,10,10,0,10,0,92,123,83,76,16.5,71,71,0.9369212,0,0,0,71.2,-0.1,NA,"1","2430","20877",46,"0"
"704300",4,0,0,0,0,0,0,0,0,0,0,0,0,0,0,4,4,0,4,0,18,19,7,31.25,25,29.345,24.175,0.827,0,5.17,5.17,24.175,0,"M","1","2600","24481",61,"1"
"704808",0,0,0,0,0,0,3,0,0,0,0,0,0,0,0,3,3,0,3,0,355,385,355,236.666666666667,20,239.666666666667,239.666666666667,0.719610666666667,0,0,0,176.933333333333,-0.4,NA,"1","2222","16325",61,"0"
"704809",0,0,0,0,0,1,0,0,0,0,0,0,0,0,0,1,1,0,1,0,150,NA,152,304,25,249,249,0.819079,0,0,0,249,0,"M","1","2275","17559",30,"0"
"70483",0,0,0,0,0,0,0,3,0,0,0,0,0,0,0,3,3,0,3,0,360,367,349,126.666666666667,11.6666666666667,107.931929666667,90.3733333333333,0.511096333333333,0,17.5585963333333,17.5585963333333,90.3733333333333,0,"M","5","3700","43905",61,"0"
"708169",0,0,0,0,0,0,0,2,0,0,0,0,0,0,0,2,2,0,2,0,39,NA,39,35,12.5,44.74,38.5,0.506579,0,6.24,6.24,0,-29.3816,"F","5","3960","47657",51,"0"
"709132",0,0,0,0,0,2,0,0,0,0,0,0,0,0,0,2,2,0,2,0,75,80,80,189.5,17.5,164.489671,143.5,0.673617,0,20.989671,20.989671,143.5,0,NA,"1","2300","18270",61,"1"
"709160",0,0,0,0,0,3,0,0,0,0,0,0,0,0,0,3,3,0,3,0,262,293,284,304.333333333333,16.6666666666667,237.666666666667,237.666666666667,0.774799,0,0,0,235.786666666667,-1.88,"M","1","2320","18704",52,"0"
"709265",0,0,0,0,0,3,0,0,0,0,0,0,0,0,0,3,3,0,3,0,243,273,210,304,16.6666666666667,237.666666666667,237.666666666667,0.780687666666667,0,0,0,237.333333333333,-0.333333333333333,NA,"1","2320","18699",45,"0"
"709884",0,0,0,0,0,0,0,1,0,0,0,0,0,0,0,1,1,0,1,0,147,NA,144,152,25,144,144,0.947368,0,0,0,144,0,"M","5","3920","46552",61,"1"
"710374",0,0,2,0,0,0,0,0,0,0,0,0,0,0,0,2,2,0,0,2,25,NA,NA,76,25,77,77,1.013158,0,0,0,0,0,NA,"1","2530","23083",61,"1"
"71100",0,0,0,0,0,0,0,3,0,0,0,0,0,0,0,3,3,0,3,0,335,364,349,304,16.6666666666667,237.666666666667,237.666666666667,0.781782333333333,0,0,0,237.666666666667,0,NA,"5","3740","44350",61,"0"
"71104",0,0,0,0,0,0,0,4,0,0,0,0,0,0,0,4,4,0,4,0,61,91,68,303.5,15,243,243,0.79977925,0,0,0,242.75,-0.25,NA,"5","3770","44780",61,"1"
"712387",0,3,0,0,0,0,0,0,0,0,0,0,0,0,0,3,3,0,2,1,4,12,35,42,25,43,23,0.436842,0,20,20,5,0,"M","1","2940","29231",31,"1"
"713976",0,0,2,1,0,0,0,0,0,0,0,0,0,0,0,3,3,0,3,0,145,174,147,313,16.6666666666667,237.666666666667,237.666666666667,0.76117,0,0,0,237.666666666667,0,"M","1","2640","25229",39,"0"
"714533",0,0,0,0,0,0,1,0,0,0,0,0,0,0,0,1,1,0,1,0,55,NA,39,50,25,50.657895,29,0.58,0,21.657895,21.657895,29,0,"M","1","2800","26315",61,"1"
"716249",1,0,0,0,0,0,0,0,0,0,0,0,0,0,0,1,1,0,1,0,26,NA,18,50,25,50.657895,29,0.58,0,21.657895,21.657895,29,0,"M","1","2018","13263",61,"1"
"719842",0,0,2,2,0,0,0,0,0,0,0,0,0,0,0,4,4,0,4,0,92,123,108,304.25,15,243,243,0.7987085,0,0,0,243,0,"M","1","2550","23576",61,"0"
"722095",0,0,2,1,0,0,0,0,0,0,0,0,0,0,0,3,3,0,3,0,202,231,213,304.333333333333,16.6666666666667,237.666666666667,237.666666666667,0.765912666666667,0,0,0,233.086666666667,-4.58,"M","1","2530","23170",66,"0"
"722331",0,1,0,0,0,0,0,0,0,0,0,0,0,0,0,1,1,0,1,0,139,NA,139,304,25,249,249,0,249,0,249,0,0,"F","1","2960","29772",61,"0"
"72290",0,0,0,0,0,0,0,4,0,0,0,0,0,0,0,4,4,0,4,0,62,91,55,303.5,15,243,243,0.80060175,0,0,0,243,0,"M","5","3920","46481",65,"1"
"72328",0,0,0,0,0,0,0,3,0,0,0,0,0,0,0,3,3,0,3,0,142,173,132,304,15,247.666666666667,247.666666666667,0.808004333333333,0,0,0,245.633333333333,-2.03333333333333,"F","2","1702","8146",73,"0"
"723311",0,0,0,0,0,4,0,0,0,0,0,0,0,0,0,4,4,0,3,1,121,124,111,265.75,18.75,214.25,200.25,0.731699,0,14,14,138,0,"F","1","2250","16934",61,"1"
"724712",0,3,0,0,0,0,0,0,0,0,0,0,0,0,0,3,3,0,3,0,36,42,25,52.6666666666667,11.6666666666667,53.4670173333333,43.6666666666667,0.594258,0,9.80035066666667,9.80035066666667,43.6666666666667,0,"M","1","2900","28141",49,"0"
"724763",0,4,0,0,0,0,0,0,0,0,0,0,0,0,0,4,4,0,3,1,75,76,68,100.75,17.5,96.4342105,88.75,0.81603175,0,7.6842105,7.6842105,52.75,0,"M","1","2980","30369",59,"0"
"725845",0,2,0,1,0,0,0,0,0,0,0,0,0,0,0,3,3,0,3,0,237,266,229,313.333333333333,16.6666666666667,237.666666666667,237.666666666667,0.760330666666667,0,0,0,237.666666666667,0,"F","1","2920","28822",85,"0"
"725848",0,2,0,1,0,0,0,0,0,0,0,0,0,0,0,3,3,0,3,0,243,273,243,304.333333333333,16.6666666666667,237.666666666667,237.666666666667,0.770964666666667,0,0,0,234.613333333333,-3.05333333333333,"M","1","2920","28848",70,"0"
"726595",0,0,0,0,0,5,0,0,0,0,0,0,0,0,0,5,5,0,3,2,137,145,139,168.2,13,132.666666666667,117,0.739759333333333,0,15.6666666666667,15.6666666666667,117,0,"F","1","2300","18111",62,"1"
"728870",5,0,0,6,0,0,0,0,0,0,0,0,0,0,0,11,11,0,11,0,57,88,69,76,15.9090909090909,71.2727272727273,71.2727272727273,0.937884636363636,0,0,0,71.2727272727273,0,"M","1","2180","15598",71,"0"
"729366",2,0,0,1,0,0,0,0,0,0,0,0,0,0,0,3,3,0,3,0,152,189,152,304,15,244.333333333333,244.333333333333,0,244.333301333333,0,244.333301333333,0,0,"M","1","2020","13543",52,"0"
"730207",0,0,0,0,0,0,10,0,0,0,0,0,0,0,0,10,10,0,10,0,97,126,108,76,16.5,71,71,0.9112949,0,0,0,69.235,-1.765,NA,"1","2800","25952",62,"0"
"732299",0,2,0,1,0,0,0,0,0,0,0,0,0,0,0,3,3,0,3,0,207,238,217,304.666666666667,16.6666666666667,237.666666666667,237.666666666667,0.775158,0,0,0,236.16,-1.50666666666667,"M","1","2950","29553",26,"0"
"733034",0,2,0,1,0,0,0,0,0,0,0,0,0,0,0,3,3,0,3,0,193,224,207,304.666666666667,16.6666666666667,237.666666666667,237.666666666667,0.780130333333333,0,0,0,237.666666666667,0,"M","1","2910","28526",54,"0"
"733039",0,0,0,0,0,3,0,0,0,0,0,0,0,0,0,3,3,0,3,0,193,224,201,304.333333333333,16.6666666666667,237.666666666667,237.666666666667,0.772253666666667,0,0,0,235.013333333333,-2.65333333333333,"M","1","2300","18204",61,"0"
"735141",0,0,7,6,0,0,0,0,4,1,4,4,0,0,0,0,13,0,13,0,3,105,-8,49.7692307692308,5.53846153846154,54.8,54.8,1.05384615384615,0,0,0,52.4,0,"F","1","2627","25043",63,"0"
"736906",0,0,0,0,0,0,0,3,0,0,0,0,0,0,0,3,3,0,3,0,351,382,355,304.333333333333,16.6666666666667,237.666666666667,237.666666666667,0.780943,0,0,0,237.666666666667,0,"M","5","3520","38218",61,"0"
"737598",0,0,2,1,0,0,0,0,0,0,0,0,0,0,0,3,3,0,3,0,304,335,321,304.666666666667,16.6666666666667,237.666666666667,237.666666666667,0.780114,0,0,0,237.666666666667,0,"M","1","2547","23404",77,"0"
"73887",0,0,0,0,0,0,0,10,0,0,0,0,0,0,0,10,10,0,10,0,60,91,59,76,16,72.2,72.2,0.9500942,0,0,0,72.2,0,"M","2","3130","33708",61,"0"
"740131",0,0,2,1,0,0,0,0,0,0,0,0,0,0,0,3,3,0,3,0,195,224,196,304.333333333333,16.6666666666667,237.666666666667,237.666666666667,0.780975,0,0,0,237.666666666667,0,NA,"1","2547","23389",61,"0"
"74250",0,0,0,0,0,0,0,3,0,0,0,0,0,0,0,3,3,0,3,0,152,192,179,304,15,247.666666666667,247.666666666667,0.814693,0,0,0,247.666666666667,0,"M","2","3454","37108",61,"0"
"743108",0,2,0,1,0,0,0,0,0,0,0,0,0,0,0,3,3,0,3,0,298,329,292,304.666666666667,16.6666666666667,237.666666666667,237.666666666667,0.780114,0,0,0,237.666666666667,0,"M","1","2990","30805",63,"0"
"743298",0,0,0,0,0,0,3,0,0,0,0,0,0,0,0,3,3,0,3,0,152,189,152,304,15,244.333333333333,244.333333333333,0,244.333301333333,0,244.333301333333,0,0,"M","1","2580","24075",46,"0"
"744773",0,0,0,0,0,0,0,3,0,0,0,0,0,0,0,3,3,0,3,0,253,284,250,304.333333333333,16.6666666666667,237.666666666667,237.666666666667,0.778546333333333,0,0,0,236.933333333333,-0.733333333333333,"M","5","3530","38418",61,"0"
"745180",1,0,0,0,0,0,0,0,0,0,0,0,0,0,0,1,1,0,1,0,150,NA,167,152,25,138,88,0.578947,0,50,50,88,0,"F","1","2020","13456",61,"0"
"74535",0,2,0,0,0,0,0,0,0,0,0,0,0,0,0,2,2,0,2,0,69,98,69,316.5,17.5,264.24,254,0.8044065,0,10.24,10.24,254,0,"M","1","2950","29406",25,"1"
"745470",0,0,0,0,0,0,0,3,0,0,0,0,0,0,0,3,3,0,3,0,277,308,279,304.333333333333,16.6666666666667,237.666666666667,237.666666666667,0.780943,0,0,0,237.666666666667,0,"M","5","3650","42401",61,"0"
"745598",0,0,0,0,0,0,0,9,0,0,0,0,0,0,0,9,9,0,9,0,85,116,101,76.1111111111111,16.6666666666667,71.6666666666667,71.6666666666667,0.912028777777778,0,0,0,69.38,-2.28666666666667,"M","5","3910","46264",76,"1"
"746052",0,0,0,0,0,0,0,3,0,0,0,0,0,0,0,3,3,0,3,0,96,126,115,219.333333333333,15,185.56,168.706666666667,0.710921,0,16.8533333333333,16.8533333333333,168.706666666667,0,"M","5","3670","43000",60,"1"
"750239",0,0,0,0,0,0,0,2,0,0,0,0,0,0,0,2,2,0,2,0,39,NA,20,101,25,96.34,58,0.5694735,0,38.34,38.34,58,0,"M","5","3512","38062",61,"1"
"75070",0,0,0,0,0,0,0,3,0,0,0,0,0,0,0,3,3,0,3,0,152,192,165,304,15,247.666666666667,247.666666666667,0.814693,0,0,0,247.666666666667,0,"M","5","3720","43993",61,"1"
"752673",0,0,0,0,4,0,0,0,0,0,0,0,0,0,0,4,4,0,4,0,33,63,32,303.75,15,243,243,0.79996375,0,0,0,243,0,"M","7","9140","69501",49,"1"
"753098",0,0,0,0,0,0,0,5,0,0,0,0,0,0,0,5,5,0,4,1,365,384,376,182.4,14,156.5,156.5,0.83148675,0,0,0,157.5,0,"M","5","3650","42542",61,"0"
"754597",0,0,0,0,0,0,0,4,0,0,0,0,0,0,0,4,4,0,4,0,90,119,90,304,15,243,243,0.79933025,0,0,0,243,0,"M","5","3650","42435",67,"0"
"755387",0,0,0,0,0,0,0,10,0,0,0,0,0,0,0,10,10,0,10,0,71,102,69,76,16,71.3,71.3,0.9067014,0,0,0,68.885,-2.415,"M","5","3630","0",66,"0"
"755835",0,2,0,1,0,0,0,0,0,0,0,0,0,0,0,3,3,0,3,0,270,301,272,304.666666666667,16.6666666666667,237.666666666667,237.666666666667,0.780114,0,0,0,237.666666666667,0,"M","1","2390","20238",58,"0"
"75683",0,0,0,0,0,1,0,0,0,0,0,0,0,0,0,1,1,0,1,0,118,NA,122,152,25,144,88,0.578947,0,56,56,88,0,NA,"1","2200","15675",63,"1"
"757126",0,0,0,0,0,0,0,3,0,0,0,0,0,0,0,3,3,0,3,0,158,191,159,304,15,243,243,0.799342,0,0,0,243,0,"M","5","3900","46103",61,"0"
"757625",0,0,0,0,0,0,0,4,0,0,0,0,0,0,0,4,4,0,4,0,149,180,160,303.75,15,243,243,0.7981545,0,0,0,242.45,-0.55,"F","5","3600","41196",61,"0"
"757988",0,0,2,0,0,0,1,0,0,0,0,0,0,0,0,3,3,0,3,0,206,237,167,304,16.6666666666667,237.666666666667,237.666666666667,0.730671666666667,0,0,0,222.133333333333,-15.5333333333333,"M","1","2840","27079",71,"1"
"758961",0,0,0,0,0,0,0,1,0,0,0,0,0,0,0,1,1,0,1,0,77,NA,75,76,25,77,77,1.013158,0,0,0,77,0,"M","5","3630","41657",61,"1"
"75988",0,0,0,0,0,0,0,5,0,0,0,0,0,0,0,5,5,0,5,0,146,174,145,152,16,134.8,134.8,0.8839618,0,0,0,134.36,-0.44,"M","2","3290","35589",61,"0"
"76018",0,0,0,0,0,0,0,3,0,0,0,0,0,0,0,3,3,0,3,0,152,192,165,304,15,247.666666666667,247.666666666667,0.812280666666667,0,0,0,246.933333333333,-0.733333333333333,NA,"2","3290","35568",61,"0"
"760219",0,0,0,0,0,0,0,3,0,0,0,0,0,0,0,3,3,0,3,0,156,191,164,304,15,243,243,0.789156,0,0,0,239.903333333333,-3.09666666666667,"M","5","3850","45718",61,"0"
"760267",0,0,0,0,0,0,0,10,0,0,0,0,0,0,0,10,10,0,10,0,62,91,75,76,16,72.2,72.2,0.9500942,0,0,0,72.2,0,"M","5","3520","38191",61,"0"
"76089",0,0,0,0,0,0,0,3,0,0,0,0,0,0,0,3,3,0,3,0,152,192,166,304,15,247.666666666667,247.666666666667,0.804780666666667,0,0,0,244.653333333333,-3.01333333333333,"M","2","3200","34483",61,"0"
"760914",0,0,0,0,0,0,3,0,0,0,0,0,0,0,0,3,3,0,3,0,152,189,166,304,15,244.333333333333,244.333333333333,0.803728,0,0,0,244.333333333333,0,"M","1","2220","15992",86,"1"
"761254",0,2,0,1,0,0,0,0,0,0,0,0,0,0,0,3,3,0,3,0,152,189,166,304,15,244.333333333333,244.333333333333,0.803728,0,0,0,244.333333333333,0,"M","1","2950","29429",93,"1"
"761393",0,0,0,0,0,0,0,4,0,0,0,0,0,0,0,4,4,0,4,0,29,60,14,304,15,243,243,0.79674225,0,0,0,242.2125,-0.7875,"F","5","3530","38403",61,"1"
"761505",0,0,0,0,3,0,0,0,0,0,0,0,0,0,0,3,3,0,3,0,333,364,333,304.333333333333,16.6666666666667,237.666666666667,237.666666666667,0.780943,0,0,0,237.666666666667,0,"M","7","9160","69893",46,"0"
"762867",0,0,0,0,0,1,0,0,0,0,0,0,0,0,0,1,1,0,1,0,147,NA,146,304,25,249,249,0.819079,0,0,0,249,0,"M","1","2270","17515",61,"1"
"764010",0,3,0,0,0,0,0,0,0,0,0,0,0,0,0,3,3,0,3,0,152,153,138,134.666666666667,20,114.72,97.3333333333333,0.638946333333333,0,17.3866666666667,17.3866666666667,97.3333333333333,0,"M","1","2242","16852",61,"0"
"76460",0,0,0,0,0,0,0,10,0,0,0,0,0,0,0,10,10,0,10,0,62,91,76,76,16,72.2,72.2,0.9500942,0,0,0,72.2,0,"F","5","3500","37826",65,"0"
"76481",0,0,0,0,0,0,0,5,0,0,0,0,0,0,0,5,5,0,5,0,152,192,179,152,16,134.8,134.8,0.8868566,0,0,0,134.8,0,"F","5","3500","37574",61,"0"
"76534",0,0,0,0,0,0,0,10,0,0,0,0,0,0,0,10,10,0,10,0,62,91,60,76,16,72.2,72.2,0.9500942,0,0,0,72.2,0,NA,"5","3500","37794",61,"0"
"765373",2,0,0,2,0,0,0,0,0,0,0,0,0,0,0,4,4,0,4,0,111,140,115,304,15,243,243,0.799342,0,0,0,243,0,"F","1","2610","24603",70,"0"
"765834",0,0,0,0,3,0,0,0,0,0,0,0,0,0,0,3,3,0,3,0,286,315,293,304.333333333333,16.6666666666667,237.666666666667,237.666666666667,0.779635666666667,0,0,0,237.266666666667,-0.4,NA,"7","9120","69186",45,"0"
"766847",0,0,0,0,0,0,0,5,2,0,0,0,0,0,0,3,5,0,4,1,1,32,350,152.4,18.6,125.416,121.28,0.8572536,0,4.136,4.136,109.84,0,"M","5","3590","40383",34,"1"
"76755",0,0,0,0,0,0,0,3,0,0,0,0,0,0,0,3,3,0,3,0,152,192,174,304,15,247.666666666667,247.666666666667,0.814693,0,0,0,247.666666666667,0,"F","5","3500","37816",61,"1"
"768283",0,0,0,0,0,0,0,3,0,0,0,0,0,0,0,3,3,0,3,0,225,256,242,304.333333333333,16.6666666666667,237.666666666667,237.666666666667,0.711499666666667,0,0,0,216.476666666667,-21.19,"M","5","3520","38218",66,"1"
"768448",0,0,0,0,0,0,0,3,0,0,0,0,0,0,0,3,3,0,3,0,323,354,332,304.333333333333,16.6666666666667,237.666666666667,237.666666666667,0.778907666666667,0,0,0,237.05,-0.616666666666667,"M","5","3520","38263",52,"0"
"768488",0,0,0,0,0,0,0,3,0,0,0,0,0,0,0,3,3,0,3,0,149,180,154,304,15,247.666666666667,247.666666666667,0.814693,0,0,0,247.666666666667,0,"F","5","3540","38654",51,"1"
"76865",0,0,0,0,0,0,0,30,0,0,0,0,0,0,0,30,0,30,30,0,6,21,19,25.1333333333333,15.4,25.2,25.2,1.00356696666667,0,0,0,25.2,0,"F","5","3583","40201",61,"0"
"768765",0,0,0,0,0,0,0,4,0,0,0,0,0,0,0,4,4,0,4,0,134,165,145,234.25,21.25,196.5825,191.75,0.6092105,0,4.8325,4.8325,185.2,-6.55,"F","5","3530","38350",61,"0"
"769131",0,0,0,0,0,0,0,4,0,0,0,0,0,0,0,4,4,0,4,0,86,117,104,304,15,243,243,0.7985875,0,0,0,245.3825,-0.225,"M","5","3665","42695",61,"1"
"76917",0,0,0,0,0,0,0,10,0,0,0,0,0,0,0,10,10,0,10,0,62,91,81,76,16,72.2,72.2,0.9500942,0,0,0,72.2,0,NA,"5","3500","37761",61,"0"
"76949",0,0,0,0,0,0,0,3,0,0,0,0,0,0,0,3,0,3,3,0,151,168,166,304,20,247.666666666667,247.666666666667,0.814693,0,0,0,247.666666666667,0,"M","5","3500","37415",61,"0"
"769644",0,0,0,0,0,0,0,3,0,0,0,0,0,0,0,3,3,0,3,0,152,191,154,304,15,247.666666666667,247.666666666667,0.812280666666667,0,0,0,246.933333333333,-0.733333333333333,"M","5","3600","41179",61,"0"
"76969",0,0,0,0,0,0,0,3,0,0,0,0,0,0,0,3,3,0,3,0,152,192,123,304,15,247.666666666667,247.666666666667,0.814693,0,0,0,247.666666666667,0,"M","5","3500","37606",61,"1"
"770362",0,2,0,2,0,0,0,0,0,0,0,0,0,0,0,4,4,0,4,0,62,91,80,303.75,15,243,243,0.79998,0,0,0,243,0,"M","1","2390","20253",58,"1"
"77081",0,0,0,0,0,0,0,10,0,0,0,0,0,0,0,10,10,0,10,0,62,91,56,76,16,72.2,72.2,0.9500942,0,0,0,72.2,0,"F","5","3500","37342",89,"0"
"77132",0,0,0,0,0,0,0,11,0,0,0,0,0,0,0,11,11,0,10,1,70,67,59,76,17.5,71.8181818181818,70,0.909012181818182,0,1.81818181818182,1.81818181818182,62.0763636363636,0,NA,"5","3500","37791",61,"0"
"772345",0,2,0,0,0,0,0,0,0,0,0,0,0,0,0,2,2,0,2,0,152,189,175,152,17.5,138,138,0.907895,0,0,0,138,0,"M","1","2900","28418",61,"0"
"77318",0,0,0,0,0,0,0,3,0,0,0,0,0,0,0,3,3,0,3,0,152,192,166,304,15,247.666666666667,247.666666666667,0.814693,0,0,0,247.666666666667,0,"M","5","3500","37642",79,"0"
"773549",0,0,0,0,0,0,0,4,0,0,0,0,0,4,0,0,4,0,4,0,92,123,96,86,6,44.85,44.85,0.942798,0,0,0,88.75,-1.3,"M","5","3600","41225",49,"1"
"773650",1,0,0,0,0,0,0,0,0,0,0,0,0,0,0,1,1,0,1,0,26,NA,14,50,25,50.657895,29,0.58,0,21.657895,21.657895,29,0,"M","1","2610","24694",61,"1"
"773854",0,0,0,0,3,0,0,0,0,0,0,0,0,0,0,3,3,0,3,0,176,207,186,304.333333333333,20,239.666666666667,239.666666666667,0.786220666666667,0,0,0,239.266666666667,-0.4,"M","7","9120","69191",79,"1"
"773992",0,0,0,0,0,2,0,0,0,0,0,0,0,0,0,2,2,0,2,0,126,130,118,189.5,17.5,164.489671,143.5,0.673617,0,20.989671,20.989671,143.5,0,"M","1","2440","21019",61,"0"
"774120",0,0,0,0,0,0,0,4,0,0,0,0,0,0,0,4,4,0,4,0,55,84,76,303.5,15,243,243,0.79977925,0,0,0,242.75,-0.25,"M","5","3590","40282",75,"1"
"774766",0,5,0,4,0,0,0,0,0,0,0,0,0,0,0,9,9,0,9,0,6,35,24,73.8888888888889,13.8888888888889,70.0818711111111,68,0.905937444444444,0,2.08187111111111,2.08187111111111,68,0,"M","1","2900","28249",61,"0"
"775096",0,0,0,0,0,10,0,0,0,0,0,0,0,0,0,10,10,0,10,0,68,98,77,76,16,71.3,71.3,0.9382199,0,0,0,71.3,0,"M","1","2400","20428",45,"0"
"775138",4,0,0,5,0,0,0,0,0,0,0,0,0,0,0,9,9,0,9,0,92,123,91,77,16.6666666666667,71.6666666666667,71.6666666666667,0.902628111111111,0,0,0,69.4444444444444,0,"M","1","2610","24822",69,"0"
"775169",0,0,0,0,0,4,0,0,0,0,0,0,0,0,0,4,4,0,4,0,163,194,174,152,13.75,132.5,132.5,0.86809225,0,0,0,131.95,-0.55,"F","1","2360","19652",61,"0"
"775373",0,0,0,1,3,0,0,0,0,0,0,0,0,0,0,4,4,0,4,0,92,123,74,304,15,243,243,0.7828945,0,0,0,238,-5,"M","9","6941","112598",70,"1"
"775416",0,0,0,0,0,0,0,3,0,0,0,0,0,0,0,3,3,0,3,0,349,378,360,304,16.6666666666667,237.666666666667,237.666666666667,0.77937,0,0,0,236.933333333333,-0.733333333333333,"M","5","3530","38345",61,"0"
"77635",0,0,0,0,0,0,0,4,0,0,0,0,0,0,0,4,4,0,4,0,41,70,61,303.5,15,243,243,0.79170375,0,0,0,240.295,-2.705,"F","5","3500","37608",61,"1"
"777710",0,0,0,0,0,0,0,1,0,0,0,0,0,0,0,1,1,0,1,0,110,NA,89,152,25,144,88,0.578947,0,56,56,88,0,"F","5","3630","41792",61,"1"
"778798",0,2,0,0,0,0,0,0,0,0,0,0,0,0,0,2,2,0,2,0,59,NA,59,36,0,24.9697295,0,0,0,24.9697295,24.9697295,0,0,"M","1","2980","30340",49,"1"
"779150",0,2,0,3,0,0,0,0,0,0,0,0,0,0,5,0,5,0,3,2,274,305,369,107.2,8.8,33.15,33.15,1.01568525,0,0,0,207.695,-4.93,"M","6","04347","132924",61,"1"
"779906",0,0,0,0,0,4,0,0,0,0,0,0,0,0,0,4,4,0,4,0,85,116,94,304,15,243,243,0.79933025,0,0,0,243,0,"M","1","2400","20459",75,"1"
"78062",0,0,0,0,0,0,0,3,0,0,0,0,0,0,0,3,3,0,3,0,127,158,125,304,15,247.666666666667,247.666666666667,0.798026333333333,0,0,0,242.6,-5.06666666666667,"F","5","3500","37454",69,"0"
"781229",1,0,0,0,0,0,0,0,0,0,0,0,0,0,0,1,1,0,1,0,91,NA,154,152,25,138,88,0.578947,0,50,50,88,0,"F","1","2020","13416",76,"0"
"781988",2,0,0,1,0,0,0,0,0,0,0,0,0,0,0,3,3,0,3,0,223,252,235,313.333333333333,16.6666666666667,237.666666666667,237.666666666667,0.752553,0,0,0,235.1,-2.56666666666667,"M","1","2070","14414",61,"0"
"782497",0,0,0,0,0,3,0,0,0,0,0,0,0,0,0,3,3,0,3,0,237,266,245,313,16.6666666666667,237.666666666667,237.666666666667,0.761034,0,0,0,237.666666666667,0,"F","1","2400","20425",61,"0"
"783523",0,0,0,0,0,0,0,1,0,0,0,0,0,0,0,1,1,0,1,0,88,NA,77,76,25,77,54,0.710526,0,23,23,54,0,"F","5","3600","41014",61,"1"
"78403",0,0,0,0,0,0,0,3,0,0,0,0,0,0,0,3,3,0,3,0,335,364,342,304,16.6666666666667,237.666666666667,237.666666666667,0.781782333333333,0,0,0,237.666666666667,0,"M","5","3500","37344",61,"0"
"784650",0,0,0,0,0,0,3,0,0,0,0,0,0,0,0,3,3,0,3,0,214,245,213,304.333333333333,16.6666666666667,237.666666666667,237.666666666667,0.780943,0,0,0,237.666666666667,0,"F","1","2570","23949",80,"0"
"78470",0,0,0,0,0,0,0,10,0,0,0,0,0,0,0,10,0,10,10,0,62,77,75,76,17.5,72.2,72.2,0.9500942,0,0,0,72.2,0,NA,"5","3500","37752",61,"0"
"785255",0,0,0,0,0,2,0,0,0,0,0,0,0,0,0,2,2,0,2,0,91,NA,91,158,12.5,135.74,129.5,0,129.5,6.24,135.74,0,0,"M","1","2290","18084",41,"1"
"78610",0,0,0,0,0,0,0,3,0,0,0,0,0,0,0,3,3,0,3,0,152,192,159,304,15,247.666666666667,247.666666666667,0.814693,0,0,0,247.666666666667,0,"M","5","3510","0",65,"0"
"78633",0,0,0,0,0,0,0,10,0,0,0,0,0,0,0,10,10,0,10,0,62,91,66,76,16,72.2,72.2,0.9500942,0,0,0,72.2,0,"M","5","3510","37868",61,"0"
"786776",0,0,3,0,0,0,3,0,0,0,0,0,0,0,0,6,6,0,6,0,146,174,160,152,15.8333333333333,131.833333333333,131.833333333333,0.867336833333333,0,0,0,131.833333333333,0,"M","1","2850","27339",81,"0"
"78719",0,0,0,0,0,0,0,10,0,0,0,0,0,0,0,10,10,0,10,0,62,91,62,76,16,72.2,72.2,0.9500942,0,0,0,72.2,0,"M","5","3510","37891",61,"0"
"78722",0,0,0,0,0,0,0,3,0,0,0,0,0,0,0,3,3,0,3,0,152,192,139,304,15,247.666666666667,247.666666666667,0.814693,0,0,0,247.666666666667,0,"M","5","3510","37864",61,"0"
"787486",0,0,0,0,0,0,0,6,0,0,0,0,0,0,0,6,6,0,6,0,72,103,81,152,15.8333333333333,132.833333333333,132.833333333333,0.8738865,0,0,0,132.833333333333,0,"M","5","3920","46901",61,"0"
"788096",0,0,0,0,0,0,0,4,0,0,0,0,0,0,0,4,4,0,2,2,183,195,195,133,17.5,161.5,157.06,0.8379605,0,4.44,4.44,157.06,0,"F","5","3540","38737",61,"0"
"78833",0,0,0,0,0,0,0,3,0,0,0,0,0,0,0,3,3,0,3,0,243,273,245,304,16.6666666666667,237.666666666667,237.666666666667,0.781777,0,0,0,237.666666666667,0,"M","5","3510","37876",61,"0"
"78911",0,0,0,0,0,0,0,6,0,0,0,0,0,0,0,6,6,0,6,0,62,91,68,151.833333333333,15.8333333333333,132.833333333333,132.833333333333,0.874850166666667,0,0,0,132.833333333333,0,"M","5","3511","38008",61,"0"
"79027",0,0,0,0,0,0,0,3,0,0,0,0,0,0,0,3,3,0,3,0,152,192,138,304,28.3333333333333,244.333333333333,122.166666666667,0.401863666666667,0,122.166666666667,122.166666666667,122.166666666667,0,"M","5","3511","37993",47,"0"
"79227",0,0,0,0,0,0,0,3,0,0,0,0,0,0,0,3,3,0,3,0,152,192,164,304,15,247.666666666667,247.666666666667,0.814693,0,0,0,247.666666666667,0,"M","5","3511","38023",64,"0"
"792661",0,0,0,0,0,0,0,3,0,0,0,0,0,0,0,3,3,0,3,0,223,252,236,304,16.6666666666667,237.666666666667,237.666666666667,0.761974,0,0,0,231.66,-6.00666666666667,"M","5","3530","38418",61,"0"
"793482",0,0,0,0,0,0,0,4,0,0,0,0,0,0,0,4,4,0,4,0,34,63,33,304,15,243,243,0.79933025,0,0,0,243,0,"M","5","3900","46047",61,"1"
"793506",0,0,2,1,0,0,0,0,0,0,0,0,0,0,0,3,3,0,3,0,279,308,279,304.666666666667,16.6666666666667,237.666666666667,237.666666666667,0.780114,0,0,0,237.666666666667,0,NA,"1","2650","25364",61,"0"
"79460",0,0,0,0,0,0,0,3,0,0,0,0,0,0,0,3,3,0,3,0,152,192,160,304,15,247.666666666667,247.666666666667,0.814693,0,0,0,247.666666666667,0,"M","5","3511","38022",64,"0"
"795758",0,0,0,0,0,0,0,10,0,0,0,0,0,0,0,10,10,0,10,0,62,91,69,76,16,72.2,72.2,0.9500942,0,0,0,72.2,0,"M","5","3630","41900",78,"0"
"795924",0,0,0,0,0,0,0,3,0,0,0,0,0,0,0,3,3,0,3,0,139,168,146,219.333333333333,20,187.944444333333,168.706666666667,0.710921,0,19.2377776666667,19.2377776666667,168.706666666667,0,"M","5","3800","45110",34,"0"
"79722",0,0,0,0,0,0,0,3,0,0,0,0,0,0,0,3,3,0,3,0,152,192,175,304,15,247.666666666667,247.666666666667,0.814693,0,0,0,247.666666666667,0,"F","5","3512","38036",61,"0"
"79751",0,0,0,0,0,0,0,6,0,0,0,0,0,0,0,6,6,0,6,0,62,91,75,151.833333333333,15.8333333333333,132.833333333333,132.833333333333,0.874850166666667,0,0,0,132.833333333333,0,NA,"5","3512","38055",61,"0"
"797994",0,0,0,0,0,3,0,0,0,0,0,0,0,0,0,3,3,0,3,0,232,263,229,304.333333333333,16.6666666666667,237.666666666667,237.666666666667,0.780943,0,0,0,237.666666666667,0,"F","1","2230","16458",61,"0"
"798554",0,0,0,0,0,0,0,5,0,0,0,0,0,0,0,5,5,0,4,1,113,144,116,197.6,16,175.75,170.75,0.75947375,0,5,5,166.94,0,"M","5","3511","37907",61,"1"
"79899",0,0,0,0,0,0,0,3,0,0,0,0,0,0,0,3,3,0,3,0,152,192,138,304,28.3333333333333,244.333333333333,122.166666666667,0.401863666666667,0,122.166666666667,122.166666666667,122.166666666667,0,"M","5","3520","38200",61,"0"
"79958",0,0,0,0,0,0,0,6,0,0,0,0,0,0,0,6,6,0,6,0,62,91,68,151.833333333333,15.8333333333333,132.833333333333,132.833333333333,0.874850166666667,0,0,0,132.833333333333,0,"M","5","3520","38248",61,"0"
"80051",0,0,0,0,0,0,0,3,0,0,0,0,0,0,0,3,3,0,3,0,152,192,154,304,15,247.666666666667,247.666666666667,0.814693,0,0,0,247.666666666667,0,NA,"5","3520","38132",61,"0"
"800557",0,0,0,0,0,1,0,0,0,0,0,0,0,0,0,1,1,0,1,0,118,NA,109,152,25,144,88,0.578947,0,56,56,88,0,"M","1","2400","20427",61,"0"
"800576",0,0,0,0,0,3,0,0,0,0,0,0,0,0,0,3,3,0,3,0,318,349,339,313,16.6666666666667,237.666666666667,237.666666666667,0.759937333333333,0,0,0,237.333333333333,-0.333333333333333,"F","1","2430","20879",57,"0"
"801022",0,0,0,0,0,11,0,0,0,0,0,0,0,0,0,11,11,0,11,0,58,89,80,75.9090909090909,15.9090909090909,71.2727272727273,71.2727272727273,0.938921363636364,0,0,0,71.2727272727273,0,"F","1","2400","20382",72,"0"
"801200",0,0,0,0,0,0,0,5,0,0,0,0,0,0,0,5,5,0,4,1,115,117,70,86,16,82.936,65.824,0.7886314,0,17.112,17.112,51.024,0,"F","5","3910","46309",61,"1"
"80187",0,0,0,0,0,0,0,4,0,0,0,0,0,0,0,4,4,0,4,0,120,151,139,310.25,18.75,247.7075,243,0.785032,0,4.7075,4.7075,243,0,"M","5","3520","38209",56,"0"
"802664",0,0,0,0,0,0,0,11,0,0,0,0,0,0,0,11,11,0,11,0,50,81,46,75.9090909090909,17.2727272727273,71.5454545454545,71.5454545454545,0.939820818181818,0,0,0,71.3454545454545,-0.2,"F","5","3600","41045",40,"0"
"80273",0,0,0,0,0,0,0,10,0,0,0,0,0,0,0,10,10,0,10,0,62,91,70,76,16,72.2,72.2,0.9500942,0,0,0,72.2,0,"M","5","3520","38209",61,"1"
"802967",0,0,0,0,0,0,0,10,0,0,0,0,0,0,0,10,10,0,9,1,43,74,61,98.7,18,92.3333333333333,92.3333333333333,0.909196333333333,0,0,0,92.3333333333333,0,"F","5","3500","37785",61,"0"
"80308",0,0,0,0,0,0,0,3,0,0,0,0,0,0,0,3,3,0,3,0,152,192,172,304,15,247.666666666667,247.666666666667,0.814693,0,0,0,247.666666666667,0,"M","5","3520","38117",61,"0"
"80340",0,0,0,0,0,0,0,3,0,0,0,0,0,0,0,3,3,0,3,0,243,273,262,304,16.6666666666667,237.666666666667,237.666666666667,0.781777,0,0,0,237.666666666667,0,NA,"5","3520","38118",61,"0"
"80408",0,0,0,0,0,0,0,3,0,0,0,0,0,0,0,3,3,0,3,0,152,192,166,304,15,247.666666666667,247.666666666667,0.814693,0,0,0,247.666666666667,0,NA,"5","3520","38180",61,"0"
"805680",0,0,0,0,0,0,0,5,0,0,0,0,0,0,0,5,5,0,5,0,152,191,154,152,16,134.8,134.8,0.8868566,0,0,0,134.8,0,"M","5","3560","39403",61,"0"
"805958",5,0,0,6,0,0,0,0,0,0,0,0,0,0,0,11,11,0,11,0,58,89,80,76,15.9090909090909,71.2727272727273,71.2727272727273,0.937884636363636,0,0,0,71.2727272727273,0,"M","1","2070","14348",80,"0"
"806075",0,0,0,0,0,0,0,3,0,0,0,0,0,0,0,3,3,0,3,0,152,191,159,304,15,247.666666666667,247.666666666667,0.813596333333333,0,0,0,247.333333333333,-0.333333333333333,"F","5","3840","45660",67,"0"
"80648",0,0,0,0,0,0,0,3,0,0,0,0,0,0,0,3,3,0,3,0,152,192,146,304,15,247.666666666667,247.666666666667,0.814693,0,0,0,247.666666666667,0,"M","5","3520","38298",61,"0"
"806897",0,0,0,0,0,0,0,3,0,0,0,0,0,0,0,3,3,0,3,0,152,191,168,304,15,247.666666666667,247.666666666667,0.814693,0,0,0,247.666666666667,0,"M","5","3680","43032",61,"0"
"807995",0,0,0,0,0,0,0,4,0,0,0,0,0,0,0,4,4,0,4,0,135,166,133,269.5,15,216.5,216.5,0.601579,0,0,0,182.88,-9.345,"M","5","3550","39318",61,"0"
"808194",0,0,0,0,0,0,0,4,0,0,0,0,0,0,0,4,4,0,4,0,64,95,63,303.75,15,243,243,0.79996375,0,0,0,243,0,"M","5","3540","38751",61,"1"
"808580",0,0,2,0,0,0,1,0,0,0,0,0,0,0,0,3,3,0,3,0,152,189,166,304,15,244.333333333333,244.333333333333,0.803728,0,0,0,244.333333333333,0,"M","1","2627","24982",83,"0"
"80869",0,0,0,0,0,0,0,10,0,0,0,0,0,0,0,10,10,0,10,0,62,91,80,76,16,72.2,72.2,0.947237,0,0,0,71.98,-0.22,NA,"5","3530","38350",61,"0"
"809169",0,4,0,6,0,0,0,0,0,0,0,0,0,0,0,10,10,0,10,0,78,109,75,76.1,17.5,71.3,71.3,0.9370269,0,0,0,71.3,0,"F","1","2940","0",36,"1"
"809515",0,0,0,0,0,0,0,4,0,0,0,0,0,0,0,4,4,0,4,0,134,165,126,303.75,15,243,243,0.79996375,0,0,0,243,0,"M","5","3560","39511",61,"0"
"809857",0,0,0,0,3,0,0,0,0,0,0,0,0,0,0,3,3,0,3,0,274,305,287,304.333333333333,16.6666666666667,237.666666666667,237.666666666667,0.780943,0,0,0,237.666666666667,0,"M","7","9100","68548",80,"0"
"810771",0,0,0,0,0,10,0,0,0,0,0,0,0,0,0,10,10,0,10,0,62,91,61,76,16,71.9,71.9,0.9461468,0,0,0,71.9,0,"M","1","2330","18998",66,"0"
"811886",0,0,0,0,0,0,0,4,0,0,0,0,0,0,0,4,4,0,4,0,123,154,124,303.75,18.75,243,243,0.79996375,0,0,0,243,0,"M","5","3950","47540",61,"0"
"81333",0,0,0,0,0,0,0,3,0,0,0,0,0,0,0,3,3,0,3,0,152,192,173,304,15,247.666666666667,247.666666666667,0.812280666666667,0,0,0,246.933333333333,-0.733333333333333,"M","5","3530","38574",61,"0"
"813507",0,0,0,0,0,4,0,0,0,0,0,0,0,0,0,4,4,0,4,0,104,133,101,303.75,15,243,243,0.79996375,0,0,0,243,0,"M","1","2360","19527",66,"0"
"813975",0,0,0,0,4,0,0,0,0,0,0,0,0,0,0,4,4,0,4,0,92,123,103,304,15,243,243,0.79933025,0,0,0,243,0,"M","7","9240","71691",44,"0"
"81576",0,0,0,0,0,0,0,10,0,0,0,0,0,0,0,10,10,0,10,0,62,91,77,76,16,72.2,72.2,0.947237,0,0,0,71.98,-0.22,"M","5","3530","38597",61,"0"
"815809",0,0,0,0,0,0,0,6,0,0,0,0,0,0,0,6,6,0,6,0,78,109,70,152,15.8333333333333,132.833333333333,132.833333333333,0.87149,0,0,0,132.466666666667,-0.366666666666667,"F","5","3600","40606",61,"0"
"816903",0,0,0,0,0,0,0,4,0,0,0,0,0,0,0,4,4,0,4,0,69,98,75,304,15,243,243,0.793158,0,0,0,241.1175,-1.8825,"F","5","3940","47241",28,"1"
"818341",0,0,0,0,0,0,4,0,0,0,0,0,0,0,0,4,4,0,4,0,58,89,77,303.75,15,243,243,0.79996375,0,0,0,243,0,"M","1","2560","23858",56,"1"
"819332",0,0,0,0,0,0,0,3,0,0,0,0,0,0,0,3,3,0,3,0,162,193,146,126.666666666667,15,116.666666666667,103.813333333333,0.797017666666667,0,12.8533333333333,12.8533333333333,103.813333333333,0,"M","5","3990","48269",24,"0"
"82075",0,0,0,0,0,0,0,3,0,0,0,0,0,0,0,3,3,0,3,0,152,192,147,304,15,247.666666666667,247.666666666667,0.814693,0,0,0,247.666666666667,0,"M","5","3540","38747",55,"0"
"828228",0,0,0,0,0,5,0,0,0,0,0,0,0,0,0,5,5,0,3,2,9,40,196,169.4,13,149.81,139.4,0.802713,0,10.41,10.41,60.8,0,"M","1","2300","18439",61,"1"
"828560",0,1,0,0,0,0,0,0,0,0,0,0,0,0,0,1,1,0,1,0,196,NA,181,304,25,249,249,0.819079,0,0,0,249,0,"M","1","2960","29961",36,"0"
"82955",0,0,0,0,0,0,0,3,0,0,0,0,0,0,0,3,3,0,3,0,152,192,175,304,15,247.666666666667,247.666666666667,0.812280666666667,0,0,0,246.933333333333,-0.733333333333333,NA,"5","3550","39172",61,"0"
"829912",0,0,0,0,0,0,0,4,0,0,0,0,0,0,0,4,4,0,4,0,165,196,152,95,11.25,87.69894725,77.86,0.6298355,0,9.83894725,9.83894725,77.86,0,"M","5","3590","40317",42,"0"
"831106",0,0,0,0,0,0,3,0,0,0,0,0,0,0,0,3,3,0,3,0,295,326,304,304.333333333333,16.6666666666667,237.666666666667,237.666666666667,0.780943,0,0,0,237.666666666667,0,"F","1","2220","16058",64,"0"
"831146",0,0,0,0,0,10,0,0,0,0,0,0,0,0,0,10,10,0,10,0,83,112,89,76,17.5,71.3,71.3,0.9382199,0,0,0,71.3,0,NA,"8","8200","0",47,"0"
"831384",0,0,0,0,0,3,0,0,0,0,0,0,0,0,0,3,3,0,3,0,324,355,342,304.333333333333,16.6666666666667,237.666666666667,237.666666666667,0.780943,0,0,0,237.666666666667,0,"M","1","2230","16534",64,"0"
"832068",0,0,0,0,0,0,3,0,0,0,0,0,0,0,0,3,3,0,3,0,313,343,320,304,16.6666666666667,237.666666666667,237.666666666667,0.724988333333333,0,0,0,220.403333333333,-17.2633333333333,"M","1","2500","22535",71,"0"
"832098",0,0,0,0,0,0,3,0,0,0,0,0,0,0,0,3,3,0,3,0,276,307,283,304.333333333333,16.6666666666667,237.666666666667,237.666666666667,0.780943,0,0,0,237.666666666667,0,"M","1","2560","23869",61,"0"
"83231",0,0,0,0,0,0,0,3,0,0,0,0,0,0,0,3,3,0,3,0,320,350,319,304,16.6666666666667,237.666666666667,237.666666666667,0.764991666666667,0,0,0,232.573333333333,-5.09333333333333,"M","5","3550","39066",71,"0"
"83235",0,0,0,0,0,0,0,3,0,0,0,0,0,0,0,3,3,0,3,0,152,192,172,304,15,247.666666666667,247.666666666667,0.812280666666667,0,0,0,246.933333333333,-0.733333333333333,"M","5","3550","39239",70,"0"
"83269",0,0,0,0,0,0,0,10,0,0,0,0,0,0,0,10,10,0,10,0,61,91,82,76,16,72.2,72.2,0.947237,0,0,0,71.98,-0.22,NA,"5","3550","39072",61,"0"
"83274",0,0,0,0,0,0,0,3,0,0,0,0,0,0,0,3,3,0,3,0,152,192,175,304,15,247.666666666667,247.666666666667,0.812280666666667,0,0,0,246.933333333333,-0.733333333333333,NA,"5","3550","39038",61,"0"
"834314",0,0,0,0,0,0,0,6,0,0,0,0,0,0,0,6,6,0,6,0,125,154,119,152.166666666667,18.3333333333333,132.833333333333,132.833333333333,0.873070333333333,0,0,0,132.833333333333,0,"M","5","3920","46806",61,"0"
"834895",0,0,0,0,0,10,0,0,0,0,0,0,0,0,0,10,10,0,9,1,46,77,46,92.5,16,87.4327485555556,86.2222222222222,0.919724555555556,0,1.21052633333333,1.21052633333333,86.2222222222222,0,"M","1","2260","17217",38,"0"
"83675",0,0,0,0,0,0,0,3,0,0,0,0,0,0,0,3,3,0,3,0,152,192,154,304,15,247.666666666667,247.666666666667,0.812280666666667,0,0,0,246.933333333333,-0.733333333333333,"M","5","3550","39086",61,"0"
"83829",0,0,0,0,0,0,0,3,0,0,0,0,0,0,0,3,3,0,3,0,243,273,266,304,16.6666666666667,237.666666666667,237.666666666667,0.779380333333333,0,0,0,236.933333333333,-0.733333333333333,"M","5","3550","39228",66,"0"
"838475",4,0,0,6,0,0,0,0,0,0,0,0,0,0,0,10,10,0,10,0,62,91,66,76.1,16,71.9,71.9,0.9449216,0,0,0,71.9,0,"F","1","2170","15453",87,"0"
"839338",2,0,0,1,0,0,0,0,0,0,0,0,0,0,0,3,3,0,3,0,282,313,287,304.666666666667,16.6666666666667,237.666666666667,237.666666666667,0.738606,0,0,0,224.983333333333,-12.6833333333333,NA,"1","2610","24857",61,"0"
"84348",0,0,0,0,0,0,0,3,0,0,0,0,0,0,0,3,3,0,3,0,151,192,165,304,15,247.666666666667,247.666666666667,0.814693,0,0,0,247.666666666667,0,NA,"5","3560","39555",61,"0"
"843481",0,0,0,0,0,0,0,3,0,0,0,0,0,0,0,3,3,0,3,0,191,222,192,304,11.6666666666667,237.666666666667,237.666666666667,0.781798,0,0,0,237.666666666667,0,"F","5","3990","48426",58,"0"
"84496",0,0,0,0,0,0,0,3,0,0,0,0,0,0,0,3,3,0,3,0,152,192,166,304,15,247.666666666667,247.666666666667,0.814693,0,0,0,247.666666666667,0,"M","5","3560","39461",61,"0"
"845555",0,0,0,0,0,0,0,5,0,0,0,0,0,0,0,5,5,0,5,0,125,154,117,137,19,123,119,0.825039,0,4,4,115.952,0,"M","5","3700","43678",49,"0"
"84564",0,0,0,0,0,0,0,3,0,0,0,0,0,0,0,3,3,0,3,0,152,192,164,304,15,247.666666666667,247.666666666667,0.814693,0,0,0,247.666666666667,0,NA,"5","3560","39425",61,"0"
"84740",0,0,0,0,0,0,0,3,0,0,0,0,0,0,0,3,3,0,3,0,152,192,146,304,15,247.666666666667,247.666666666667,0.814693,0,0,0,247.666666666667,0,"M","5","3560","39531",61,"0"
"850845",0,0,0,0,0,0,0,11,0,0,0,0,0,0,0,11,11,0,10,1,27,56,133,75.9090909090909,16.5,71.5454545454545,71.5454545454545,0.939897909090909,0,0,0,64.3454545454545,-0.2,"M","5","3550","39196",61,"1"
"851071",0,0,0,0,0,3,0,0,0,0,0,0,0,0,0,3,3,0,3,0,265,294,264,304.333333333333,16.6666666666667,237.666666666667,237.666666666667,0.780943,0,0,0,237.666666666667,0,NA,"1","2260","17254",64,"0"
"851341",0,0,0,0,0,0,0,7,0,0,0,0,0,0,0,7,7,0,5,2,179,182,182,173.714285714286,12.8571428571429,150.333333333333,150.333333333333,0.852511666666667,0,0,0,127.333333333333,0,"M","5","3950","47490",63,"0"
"852612",0,0,0,0,0,4,0,0,0,0,0,0,0,0,0,4,4,0,4,0,64,95,70,310.25,15,243,243,0.7842095,0,0,0,242.75,-0.25,"M","1","2490","22227",61,"1"
"85306",0,0,0,0,0,0,0,3,0,0,0,0,0,0,0,3,3,0,3,0,152,192,160,304,15,247.666666666667,247.666666666667,0.814693,0,0,0,247.666666666667,0,"M","5","3570","39683",61,"0"
"853103",0,0,0,0,0,0,0,9,0,0,0,0,0,0,0,9,9,0,8,1,62,91,54,76,16.6666666666667,72,72,0.947437333333333,0,0,0,64.4444444444444,0,"M","5","3680","43226",61,"0"
"85354",0,0,0,0,0,0,0,4,0,0,0,0,0,0,0,4,4,0,4,0,62,91,80,303.5,15,243,243,0.80060175,0,0,0,243,0,NA,"5","3570","39610",61,"1"
"854388",0,0,0,0,0,0,4,0,0,0,0,0,0,0,0,4,4,0,3,1,59,459,47,240.25,18.75,190.91447375,185.5,0.73197025,0,5.41447375,5.41447375,123.25,0,"M","1","2500","22654",65,"0"
"855200",0,0,0,0,0,0,0,2,0,0,0,0,0,0,0,2,2,0,2,0,78,101,53,46.5,7.5,45.1,45.1,0.964782,1.56055,0,1.56055,38.5,-7.78945,"F","5","3530","38415",61,"1"
"85627",0,0,0,0,0,0,0,3,0,0,0,0,0,0,0,3,3,0,3,0,152,192,154,304,15,247.666666666667,247.666666666667,0.814693,0,0,0,247.666666666667,0,"M","5","3580","39743",52,"0"
"85713",0,0,0,0,0,0,0,3,0,0,0,0,0,0,0,3,3,0,3,0,243,273,259,304,16.6666666666667,237.666666666667,237.666666666667,0.781777,0,0,0,237.666666666667,0,"M","5","3580","39728",87,"0"
"857875",0,0,0,0,0,0,0,1,0,0,0,0,0,0,0,1,1,0,1,0,18,NA,13,152,25,144,88,0.578947,0,56,56,88,0,"M","5","3512","38053",61,"1"
"858129",0,0,0,0,0,0,0,4,0,0,0,0,0,0,0,4,4,0,4,0,61,91,75,272.25,15,221.3325,216.5,0.7986375,0,4.8325,4.8325,216.5,0,"M","5","3990","48442",70,"1"
"86158",0,0,0,0,0,0,0,3,0,0,0,0,0,0,0,3,3,0,3,0,152,192,152,304,15,247.666666666667,247.666666666667,0.814693,0,0,0,247.666666666667,0,NA,"5","3582","39995",61,"0"
"86236",0,0,0,0,0,0,0,3,0,0,0,0,0,0,0,3,3,0,3,0,152,192,174,304,15,247.666666666667,247.666666666667,0.814693,0,0,0,247.666666666667,0,NA,"5","3582","39960",61,"0"
"862454",0,0,0,0,0,0,0,4,0,0,0,0,0,0,0,4,4,0,4,0,86,117,94,253.5,15,206.8325,202,0.81011325,0,4.8325,4.8325,201.45,-0.55,"M","5","3530","38564",64,"1"
"86254",0,0,0,0,0,0,0,3,0,0,0,0,0,0,0,3,3,0,3,0,152,192,152,304,15,247.666666666667,247.666666666667,0,247.666634666667,0,247.666634666667,0,0,"M","5","3582","40066",63,"0"
"86460",0,0,0,0,0,0,0,3,0,0,0,0,0,0,0,3,3,0,3,0,152,192,147,304,15,247.666666666667,247.666666666667,0.814693,0,0,0,247.666666666667,0,"M","5","3582","40032",65,"0"
"865501",0,0,0,0,0,0,0,2,0,0,0,0,0,0,0,2,2,0,2,0,39,NA,19,101,25,94.37,57,0.5494735,0,37.37,37.37,57,0,"M","5","3680","43334",61,"0"
"865819",0,0,0,0,0,0,0,11,0,0,0,0,0,0,0,11,11,0,11,0,50,81,63,75.9090909090909,17.2727272727273,71.5454545454545,71.5454545454545,0.929434272727273,0,0,0,70.5690909090909,-0.976363636363636,"F","5","3800","45237",61,"0"
"866789",0,0,0,0,0,0,0,1,0,0,0,0,0,0,0,1,1,0,1,0,177,NA,189,304,25,249,219.12,0.720789,0,29.88,29.88,219.12,0,"M","5","3512","38062",38,"1"
"868609",0,0,0,0,0,0,0,11,0,0,0,0,0,0,0,11,11,0,11,0,38,69,34,75.9090909090909,16.5,71.5454545454545,71.5454545454545,0.942537,0,0,0,71.5454545454545,0,"M","5","3510","37850",61,"1"
"869174",0,1,0,0,0,0,0,0,0,0,0,0,0,0,0,1,1,0,1,0,230,NA,223,304,25,249,249,0.819079,0,0,0,249,0,"M","1","2240","16799",48,"0"
"869784",0,0,0,0,0,0,0,2,0,0,0,0,0,0,0,2,2,0,2,0,74,NA,70,76,25,72.5,72.5,0.9539475,0,0,0,72.5,0,NA,"5","3700","43625",61,"1"
"86995",0,0,0,0,0,0,0,4,0,0,0,0,0,0,0,4,4,0,4,0,101,132,104,303.75,15,243,243,0.79996375,0,0,0,243,0,"M","5","3583","40254",61,"0"
"870631",2,0,0,2,0,0,0,0,0,0,0,0,0,0,0,4,4,0,4,0,99,130,104,304,15,243,243,0.7977795,0,0,0,242.525,-0.475,"M","1","2610","24707",49,"1"
"870644",0,1,0,2,0,0,0,0,0,0,0,0,0,0,0,3,3,0,3,0,361,392,377,304.333333333333,16.6666666666667,237.666666666667,237.666666666667,0.780943,0,0,0,237.666666666667,0,"M","1","2910","28618",49,"0"
"870967",0,1,0,2,0,0,0,0,0,0,0,0,0,0,0,3,3,0,3,0,359,390,370,304.666666666667,16.6666666666667,237.666666666667,237.666666666667,0.780114,0,0,0,237.666666666667,0,"M","1","2930","29121",55,"0"
"872250",0,0,2,1,0,0,0,0,0,0,0,0,0,0,0,3,3,0,3,0,320,350,334,236,20,184,184,0.755155,0,0,0,166.106666666667,-17.8933333333333,"M","1","2650","25338",77,"1"
"873818",0,2,0,1,0,0,0,0,0,0,0,0,0,0,0,3,3,0,3,0,158,189,166,304,15,239.666666666667,239.666666666667,0.776513,0,0,0,236.06,-3.60666666666667,"F","1","2900","28113",31,"0"
"874246",0,0,0,0,0,0,0,3,0,0,0,0,0,0,0,3,3,0,3,0,152,191,140,304,15,247.666666666667,247.666666666667,0.814693,0,0,0,247.666666666667,0,"F","5","3890","45890",61,"0"
"874291",0,0,0,0,3,0,0,0,0,0,0,0,0,0,0,3,3,0,3,0,139,168,139,304,15,244.333333333333,244.333333333333,0.780109666666667,0,0,0,237.153333333333,-7.18,"M","7","9120","68923",66,"0"
"874542",0,0,0,0,0,0,0,6,0,0,0,0,0,0,0,6,6,0,4,2,88,119,94,190,12.5,159.666666666667,159.666666666667,0.895285,0,0,0,76.6666666666667,0,"M","5","3890","45895",61,"0"
"875114",0,0,0,0,0,5,0,0,0,0,0,0,0,0,0,5,5,0,5,0,233,264,235,172,22,137.6,137.6,0.8453552,0,0,0,137.4,-0.2,"M","1","2320","18690",58,"0"
"87584",0,0,0,0,0,0,0,3,0,0,0,0,0,0,0,3,3,0,3,0,151,192,154,304,15,247.666666666667,247.666666666667,0.814693,0,0,0,247.666666666667,0,"M","5","3590","40493",74,"0"
"875997",2,0,0,3,0,0,0,0,0,0,0,0,0,0,0,5,5,0,3,2,25,56,410,309,14,248.12,243,0.783782,0,5.12,5.12,178.25,0,"F","1","2600","24550",58,"1"
"879039",0,0,0,0,0,0,0,10,0,0,0,0,0,0,0,10,10,0,10,0,62,91,70,76,16,72.2,72.2,0.947237,0,0,0,71.98,-0.22,"M","5","3700","43788",61,"0"
"87904",0,0,0,0,0,0,0,7,0,0,0,0,0,0,0,7,7,0,7,0,75,105,76,76,12.1428571428571,72.7142857142857,72.7142857142857,0.956766857142857,0,0,0,72.7142857142857,0,"M","5","3590","40363",77,"0"
"87992",0,0,0,0,0,0,0,3,0,0,0,0,0,0,0,3,3,0,3,0,151,192,160,304,15,247.666666666667,247.666666666667,0.814693,0,0,0,247.666666666667,0,NA,"5","3590","40441",61,"0"
"88037",0,0,0,0,0,0,0,3,0,0,0,0,0,0,0,3,3,0,3,0,152,192,145,304,15,247.666666666667,247.666666666667,0.814693,0,0,0,247.666666666667,0,"M","5","3590","40363",64,"0"
"880770",0,0,0,0,0,0,0,3,0,0,0,0,0,0,0,3,3,0,2,1,5,35,182,118,15,110.226666666667,97.8133333333333,0.768771666666667,0,12.4133333333333,12.4133333333333,49.8133333333333,0,"F","5","3740","44325",31,"1"
"881258",0,0,0,0,0,11,0,0,0,0,0,0,0,0,0,11,11,0,11,0,8,39,5,76.0909090909091,15.9090909090909,71.5454545454545,71.5454545454545,0.938014454545455,0,0,0,71.3454545454545,-0.2,"M","1","2350","19412",61,"0"
"882085",1,0,0,0,0,0,0,0,0,0,0,0,0,0,0,1,1,0,1,0,88,NA,75,76,25,77,54,0.710526,0,23,23,54,0,"M","1","2170","15269",61,"1"
"88253",0,0,0,0,0,0,0,3,0,0,0,0,0,0,0,3,3,0,3,0,109,140,112,304,20,247.666666666667,247.666666666667,0.762028666666667,0,0,0,231.656666666667,-16.01,"M","5","3600","40985",65,"1"
"88255",0,0,0,0,0,0,0,3,0,0,0,0,0,0,0,3,3,0,3,0,152,192,159,304,15,247.666666666667,247.666666666667,0.812280666666667,0,0,0,258.093333333333,-0.733333333333333,NA,"5","3600","41085",50,"0"
"884279",0,0,0,0,0,0,4,0,0,0,0,0,0,0,0,4,4,0,4,0,85,116,98,304,15,243,243,0.79933025,0,0,0,243,0,"M","1","2500","22535",77,"1"
"884484",0,0,0,0,0,0,0,4,0,0,0,0,0,0,0,4,4,0,4,0,333,364,347,239.25,17,188.9575,184.25,0.5698635,0,4.7075,4.7075,177.95,-4.8,"F","5","3800","45376",61,"0"
"885942",0,0,0,0,0,3,0,0,0,0,0,0,0,0,0,3,3,0,3,0,102,133,117,304,15,247.666666666667,247.666666666667,0.814693,0,0,0,247.666666666667,0,"M","1","2450","21506",53,"0"
"887398",0,0,0,0,0,1,0,0,0,0,0,0,0,0,0,1,1,0,1,0,161,NA,145,304,25,249,249,0.819079,0,0,0,249,0,"M","1","2300","18348",61,"0"
"88747",0,0,0,0,0,0,0,3,0,0,0,0,0,0,0,3,3,0,3,0,152,192,164,304,15,247.666666666667,247.666666666667,0.812280666666667,0,0,0,246.933333333333,-0.733333333333333,"M","5","3600","40708",61,"0"
"888696",0,0,2,1,0,0,0,0,0,0,0,0,0,0,0,3,3,0,3,0,226,257,244,304.666666666667,16.6666666666667,237.666666666667,237.666666666667,0.778038,0,0,0,237.033333333333,-0.633333333333333,"F","1","2160","15095",45,"0"
"88880",0,0,0,0,0,0,0,3,0,0,0,0,0,0,0,3,3,0,3,0,243,273,257,304,16.6666666666667,237.666666666667,237.666666666667,0.779380333333333,0,0,0,236.933333333333,-0.733333333333333,"M","5","3600","40939",88,"0"
"892031",0,0,0,0,0,0,0,3,0,0,0,0,0,0,0,3,3,0,3,0,328,357,342,317,16.6666666666667,244.11,237.666666666667,0.778555333333333,0,6.44333333333333,6.44333333333333,246.703333333333,-0.963333333333333,"M","5","3740","44293",61,"0"
"892613",0,0,0,0,0,0,0,4,0,0,0,0,1,0,0,3,4,0,4,0,116,147,136,236.5,16,189,189,0.71282075,0,0,0,182.9475,0,"M","5","3512","38060",61,"0"
"89299",0,0,0,0,0,0,0,3,0,0,0,0,0,0,0,3,3,0,3,0,152,192,138,304,28.3333333333333,244.333333333333,122.166666666667,0.401863666666667,0,122.166666666667,122.166666666667,122.166666666667,0,"M","5","3600","40605",44,"0"
"893088",0,0,5,6,0,0,0,0,0,0,0,0,0,0,0,11,11,0,11,0,4,35,13,76.1818181818182,15.9090909090909,71.5454545454545,71.5454545454545,0.939594636363636,0,0,0,71.5454545454545,0,"M","1","2530","23050",57,"0"
"89348",0,0,0,0,0,0,0,3,0,0,0,0,0,0,0,3,3,0,3,0,174,203,175,304,15,239.666666666667,239.666666666667,0.785964666666667,0,0,0,238.933333333333,-0.733333333333333,"M","5","3600","40967",61,"0"
"89370",0,0,0,0,0,0,0,3,0,0,0,0,0,0,0,3,3,0,3,0,335,364,341,304,16.6666666666667,237.666666666667,237.666666666667,0.773887666666667,0,0,0,235.266666666667,-2.4,"M","5","3600","40622",67,"0"
"893796",0,0,0,0,0,0,0,3,0,0,0,0,0,0,0,3,3,0,3,0,92,123,91,219.333333333333,15,185.56,168.706666666667,0.710921,0,16.8533333333333,16.8533333333333,168.706666666667,0,"F","5","3840","45549",61,"1"
"89647",0,0,0,0,0,0,0,3,0,0,0,0,0,0,0,3,3,0,3,0,47,77,56,168.666666666667,20,155.13,118.666666666667,0.705792666666667,0,36.4633333333333,36.4633333333333,118.666666666667,0,"F","5","3940","47193",61,"0"
"898236",0,0,5,4,0,0,0,0,0,0,0,0,0,0,0,9,9,0,9,0,22,53,24,73.2222222222222,13.8888888888889,70.0818711111111,68,0.868488555555556,0,2.08187111111111,2.08187111111111,64.5855555555556,-1.19222222222222,"M","1","2547","23364",46,"0"
"89898",0,0,0,0,0,0,0,5,0,0,0,0,0,0,0,5,5,0,5,0,225,256,228,172,22,141.466,137.6,0.820759,0,3.866,3.866,135.37,-0.44,"M","5","3600","41127",45,"0"
"899471",0,0,0,0,0,0,0,2,0,0,0,0,0,0,0,2,2,0,2,0,26,28,14,44,12.5,44.74,27,0.355263,0,17.74,17.74,27,0,"F","5","3500","0",59,"0"
"90009",0,0,0,0,0,0,0,8,0,0,0,0,0,0,0,8,8,0,7,1,62,91,69,133,17.5,122,122,0.889232428571429,0,0,0,122,0,"M","5","3620","41455",61,"1"
"900737",0,0,0,0,0,0,0,5,0,0,0,0,0,0,0,5,5,0,4,1,200,231,206,217.8,18.75,188.3325,183.5,0.788882,0,4.8325,4.8325,181.2025,-2.2975,"M","5","3650","42360",58,"0"
"90119",0,0,0,0,0,0,0,3,0,0,0,0,0,0,0,3,3,0,3,0,335,364,354,304,16.6666666666667,237.666666666667,237.666666666667,0.781782333333333,0,0,0,237.666666666667,0,"M","5","3620","41548",60,"0"
"90198",0,0,0,0,0,0,0,3,0,0,0,0,0,0,0,3,3,0,3,0,152,192,173,304,15,247.666666666667,247.666666666667,0.814693,0,0,0,247.666666666667,0,NA,"5","3620","41336",61,"0"
"90221",0,0,0,0,0,0,0,2,0,0,0,0,0,0,0,2,2,0,1,1,24,26,41,38,12.5,38.6610525,27,0.421875,0,11.6610525,11.6610525,0,0,"M","7","9200","0",57,"1"
"902382",0,0,0,0,0,0,0,6,0,0,0,0,0,0,0,6,6,0,5,1,115,579,109,88.6666666666667,20.8333333333333,80.1666666666667,70.8333333333333,0.837446666666667,0,9.33333333333333,9.33333333333333,59.6333333333333,-0.366666666666667,"F","5","3600","40933",58,"1"
"903837",0,0,0,0,4,0,0,0,0,0,0,0,0,0,0,4,3,1,4,0,80,111,110,310.5,15,243,243,0.7843985,0,0,0,243,0,"M","7","9140","69403",86,"1"
"90481",0,0,0,0,0,0,0,3,0,0,0,0,0,0,0,3,3,0,3,0,214,245,231,303.666666666667,12.5,237.666666666667,237.666666666667,0.782627,0,0,0,237.666666666667,0,"F","5","3620","41442",61,"0"
"906534",0,0,0,0,4,0,0,0,0,0,0,0,0,0,0,4,4,0,4,0,78,109,87,307.5,15,243,243,0.789094,0,0,0,242.425,-0.575,"M","7","9120","68935",90,"1"
"90782",0,0,0,0,0,0,0,3,0,0,0,0,0,0,0,3,3,0,3,0,152,192,164,304,15,247.666666666667,247.666666666667,0.814693,0,0,0,247.666666666667,0,"M","5","3620","41442",74,"0"
"909047",0,0,0,0,0,0,0,4,0,0,0,0,0,0,0,4,4,0,4,0,72,103,75,310,15,247.7075,243,0.78546275,0,4.7075,4.7075,243,0,"M","5","3500","37593",65,"1"
"90947",0,0,0,0,0,0,0,10,0,0,0,0,0,0,0,10,10,0,10,0,62,91,63,76,16,72.2,72.2,0.9500942,0,0,0,72.2,0,NA,"5","3621","41604",61,"0"
"90987",0,0,0,0,0,0,0,4,0,0,0,0,0,0,0,4,4,0,4,0,62,91,66,303.5,15,243,243,0.80060175,0,0,0,243,0,"M","5","3621","41640",63,"1"
"910489",0,0,0,0,0,0,0,1,0,0,0,0,0,0,0,1,1,0,1,0,84,NA,68,76,25,77,54,0.710526,0,23,23,54,0,"M","5","3800","45267",61,"1"
"910596",0,0,0,0,0,0,0,4,0,0,0,0,0,0,0,4,4,0,3,1,101,103,94,142.25,11.25,127.615888,113.75,0.61944575,0,13.865888,13.865888,49,0,"M","5","3930","47096",56,"0"
"91087",0,0,0,0,0,0,0,3,0,0,0,0,0,0,0,3,3,0,3,0,151,192,153,304,15,247.666666666667,247.666666666667,0.814693,0,0,0,247.666666666667,0,"M","5","3630","41985",63,"0"
"91106",0,0,0,0,0,0,0,3,0,0,0,0,0,0,0,3,3,0,3,0,152,192,175,304,15,247.666666666667,247.666666666667,0.814693,0,0,0,247.666666666667,0,NA,"5","3630","41968",61,"0"
"911458",0,0,0,0,0,0,0,3,0,0,0,0,0,0,0,3,3,0,3,0,267,298,270,228.666666666667,20,184,177.333333333333,0.708825,0,6.66666666666667,6.66666666666667,167.933333333333,0,"M","5","3980","48215",69,"0"
"91165",0,0,0,0,0,0,0,3,0,0,0,0,0,0,0,3,3,0,3,0,152,192,171,304,15,247.666666666667,247.666666666667,0.814693,0,0,0,247.666666666667,0,NA,"5","3630","41710",61,"0"
"911798",0,0,0,0,0,0,0,3,0,0,0,0,0,0,0,3,3,0,3,0,184,215,174,304,11.6666666666667,237.666666666667,237.666666666667,0.788377,0,0,0,239.666666666667,0,"M","5","3971","48036",61,"0"
"91191",0,0,0,0,0,0,0,10,0,0,0,0,0,0,0,10,10,0,10,0,62,91,74,76,16,72.2,72.2,0.9500942,0,0,0,72.2,0,NA,"5","3630","41978",61,"0"
"91226",0,0,0,0,0,0,0,3,0,0,0,0,0,0,0,3,3,0,3,0,152,192,168,304,15,247.666666666667,247.666666666667,0.814693,0,0,0,247.666666666667,0,NA,"5","3630","41745",61,"0"
"91244",0,0,0,0,0,0,0,3,0,0,0,0,0,0,0,3,3,0,3,0,152,192,173,304,15,247.666666666667,247.666666666667,0.814693,0,0,0,247.666666666667,0,NA,"5","3630","41768",61,"0"
"91261",0,0,0,0,0,0,0,3,0,0,0,0,0,0,0,3,3,0,3,0,152,192,160,304,15,247.666666666667,247.666666666667,0.814693,0,0,0,247.666666666667,0,NA,"5","3630","41664",61,"0"
"91272",0,0,0,0,0,0,0,10,0,0,0,0,0,0,0,10,10,0,10,0,60,91,63,76,16,72.2,72.2,0.9500942,0,0,0,72.2,0,"M","5","3630","41812",61,"0"
"913085",0,0,0,0,0,0,0,2,0,0,0,0,0,0,0,2,2,0,2,0,278,308,299,304,17.5,242,242,0.7960525,0,0,0,242,0,"M","5","3500","37513",61,"0"
"915486",0,0,0,0,0,0,0,10,0,0,0,0,0,0,0,10,10,0,10,0,92,123,103,76,15,71,71,0.9382199,0,0,0,71.3,0,"F","5","3545","38827",61,"0"
"915936",0,0,0,0,0,3,0,0,0,0,0,0,0,0,0,3,3,0,3,0,213,244,223,304.333333333333,16.6666666666667,237.666666666667,237.666666666667,0.780943,0,0,0,237.666666666667,0,"M","1","2275","17641",73,"1"
"91665",0,0,0,0,0,0,0,3,0,0,0,0,0,0,0,3,3,0,3,0,177,208,185,304,15,239.666666666667,239.666666666667,0.757456,0,0,0,230.266666666667,0,"F","5","3630","41914",40,"0"
"916926",5,0,0,6,0,0,0,0,0,0,0,0,0,0,0,11,11,0,11,0,45,76,66,76,15.9090909090909,71.2727272727273,71.2727272727273,0.935013818181818,0,0,0,71.0545454545455,-0.218181818181818,"M","1","2170","15359",53,"0"
"917029",0,0,0,0,0,0,11,0,0,0,0,0,0,0,0,11,11,0,11,0,59,90,60,75.9090909090909,15.9090909090909,71.2727272727273,71.2727272727273,0.938921363636364,0,0,0,71.2727272727273,0,"M","2","1130","3493",83,"0"
"918652",2,0,0,1,0,0,0,0,0,0,0,0,0,0,0,3,3,0,3,0,152,189,152,304,15,244.333333333333,244.333333333333,0,244.333301333333,0,244.333301333333,0,0,"F","1","2600","24358",81,"0"
"91895",0,0,0,0,0,0,0,3,0,0,0,0,0,0,0,3,3,0,3,0,152,192,175,304,15,247.666666666667,247.666666666667,0.814693,0,0,0,247.666666666667,0,NA,"5","3630","41827",61,"1"
"91907",0,0,0,0,0,0,0,3,0,0,0,0,0,0,0,3,3,0,3,0,152,192,168,304,15,247.666666666667,247.666666666667,0.814693,0,0,0,247.666666666667,0,NA,"5","3630","41731",61,"0"
"919315",0,0,0,0,5,0,0,0,0,0,0,0,0,0,0,5,5,0,5,0,253,284,271,167,20,132.947368,129.2,0.7159362,0,3.747368,3.747368,125.2,0,"M","7","9150","111174",37,"0"
"921818",0,0,0,0,0,0,0,3,0,0,0,0,0,0,0,3,3,0,3,0,274,305,283,312.666666666667,16.6666666666667,243.943333333333,237.666666666667,0.761873333333333,0,6.27666666666667,6.27666666666667,237.666666666667,0,"M","5","3980","48216",55,"0"
"922330",0,0,0,0,0,3,0,0,0,0,0,0,0,0,0,3,3,0,3,0,356,385,342,313,16.6666666666667,237.666666666667,237.666666666667,0.759109,0,0,0,237.033333333333,-0.633333333333333,"M","1","2382","20018",61,"0"
"922675",0,0,0,0,0,1,0,0,0,0,0,0,0,0,0,1,1,0,1,0,10,NA,-2,50,25,50.657895,29,0.58,0,21.657895,21.657895,29,0,"M","1","2260","17206",76,"1"
"92340",0,0,0,0,0,0,0,3,0,0,0,0,0,0,0,3,3,0,3,0,303,334,314,313,16.6666666666667,243.943333333333,237.666666666667,0.761034,0,6.27666666666667,6.27666666666667,237.666666666667,0,"F","5","3640","42218",61,"0"
"923623",0,0,0,0,0,0,0,4,0,0,0,0,0,0,0,4,4,0,4,0,151,191,152,304,15,243,243,0.77493425,0,0,0,235.58,-0.55,"M","5","3700","43628",68,"0"
"92384",0,0,0,0,0,0,0,3,0,0,0,0,0,0,0,3,3,0,3,0,152,192,152,304,15,247.666666666667,247.666666666667,0.814693,0,0,0,247.666666666667,0,NA,"5","3640","42258",61,"0"
"924628",0,0,0,0,0,5,0,0,0,0,0,0,0,0,0,5,5,0,3,2,125,153,136,304,13,242,242,0.7960525,0,0,0,183.25,0,"M","1","2400","20671",28,"0"
"92478",0,0,0,0,0,0,0,4,0,0,0,0,0,0,0,4,4,0,4,0,62,91,75,303.5,15,243,243,0.80060175,0,0,0,243,0,NA,"5","3640","42096",61,"1"
"925863",0,0,0,0,0,0,0,4,0,0,0,0,0,0,0,4,4,0,4,0,148,179,154,303.75,15,243,243,0.77548125,0,0,0,235.58,-0.55,"M","5","3700","43843",61,"0"
"925903",0,0,0,0,0,0,0,4,0,0,0,0,0,0,0,4,4,0,4,0,115,146,130,310.25,18.75,243,243,0.7641505,0,0,0,236.13,0,"F","5","3582","40014",61,"0"
"925943",0,0,0,0,0,0,0,3,0,0,0,0,0,0,0,3,3,0,3,0,324,355,328,313,16.6666666666667,243.943333333333,237.666666666667,0.750086333333333,0,6.27666666666667,6.27666666666667,234.316666666667,-3.35,"M","5","3620","41566",66,"0"
"92704",0,0,0,0,0,0,0,10,0,0,0,0,0,0,0,10,10,0,10,0,62,91,61,76.1,16,72.2,72.2,0.948869,0,0,0,72.2,0,NA,"5","3640","42283",61,"0"
"92765",0,0,0,0,0,0,0,5,0,0,0,0,0,0,0,5,5,0,5,0,152,192,175,152,16,134.8,134.8,0.8868566,0,0,0,134.8,0,NA,"5","3640","42140",61,"0"
"92826",0,0,0,0,0,0,0,3,0,0,0,0,0,0,0,3,3,0,3,0,152,192,153,304,15,247.666666666667,247.666666666667,0.814693,0,0,0,247.666666666667,0,"F","5","3640","42284",61,"0"
"928311",0,0,0,0,0,0,0,3,0,0,0,0,0,0,0,3,3,0,3,0,260,291,265,304.333333333333,16.6666666666667,237.666666666667,237.666666666667,0.748315333333333,0,0,0,227.773333333333,-0.733333333333333,"M","5","3700","109051",61,"1"
"92892",0,0,0,0,0,0,0,3,0,0,0,0,0,0,0,3,3,0,3,0,178,209,181,304,15,246.11,239.666666666667,0.757456,0,6.44333333333333,6.44333333333333,230.266666666667,0,NA,"5","3640","42090",61,"0"
"92913",0,0,0,0,0,0,0,3,0,0,0,0,0,0,0,3,3,0,3,0,152,192,153,304,15,247.666666666667,247.666666666667,0.814693,0,0,0,247.666666666667,0,"M","5","3640","0",46,"0"
"92916",0,0,0,0,0,0,0,3,0,0,0,0,0,0,0,3,3,0,3,0,152,192,145,304,15,247.666666666667,247.666666666667,0.814693,0,0,0,247.666666666667,0,"M","5","3640","42274",77,"0"
"93006",0,0,0,0,0,0,0,30,0,0,0,0,0,0,0,30,0,30,30,0,6,21,19,25.1333333333333,15.4,25.2,25.2,1.00356696666667,0,0,0,25.2,0,"M","5","3650","42402",61,"0"
"93017",0,0,0,0,0,0,0,3,0,0,0,0,0,0,0,3,3,0,3,0,152,192,168,304,15,247.666666666667,247.666666666667,0.814693,0,0,0,247.666666666667,0,"M","5","3650","42455",61,"0"
"93173",0,0,0,0,0,0,0,3,0,0,0,0,0,0,0,3,3,0,3,0,152,192,152,304,15,247.666666666667,247.666666666667,0.814693,0,0,0,247.666666666667,0,NA,"5","3650","42542",61,"0"
"93331",0,0,0,0,0,0,0,3,0,0,0,0,0,0,0,3,0,3,3,0,152,168,166,304,20,247.666666666667,247.666666666667,0.814693,0,0,0,247.666666666667,0,"M","5","3650","42527",74,"0"
"93358",0,0,0,0,0,0,0,2,0,0,0,0,0,0,0,2,2,0,2,0,32,NA,19,63,25,62.3289475,40.5,0.6321055,0,21.8289475,21.8289475,40.5,0,"M","5","3650","42436",61,"1"
"933851",1,0,0,2,0,0,0,0,0,0,0,0,0,0,0,3,3,0,3,0,396,427,404,304.333333333333,16.6666666666667,237.666666666667,237.666666666667,0.780953333333333,0,0,0,237.666666666667,0,"M","1","2000","12743",61,"0"
"9366",0,0,0,0,0,0,0,5,0,0,0,0,0,0,0,5,5,0,4,1,59,90,46,106,22,97.7991578,85.752,0.7893684,0,12.0471578,12.0471578,58.152,0,"M","5","3840","45649",61,"1"
"937920",0,2,0,1,0,0,0,0,0,0,0,0,0,0,0,3,3,0,3,0,207,238,217,313.333333333333,16.6666666666667,237.666666666667,237.666666666667,0.760330666666667,0,0,0,237.666666666667,0,"M","1","2960","29638",81,"0"
"94004",0,0,0,0,0,0,0,3,0,0,0,0,0,0,0,3,3,0,3,0,152,192,159,304,15,247.666666666667,247.666666666667,0.814693,0,0,0,247.666666666667,0,"M","5","3660","42604",46,"0"
"94129",0,0,0,0,0,0,0,3,0,0,0,0,0,0,0,3,3,0,3,0,152,192,159,304,15,247.666666666667,247.666666666667,0.814693,0,0,0,247.666666666667,0,"M","5","3660","42597",76,"0"
"941562",0,0,0,0,0,0,0,1,0,0,0,0,0,0,0,1,1,0,1,0,10,NA,-52,50,25,50.657895,29,0.58,0,21.657895,21.657895,29,0,"F","5","3740","44377",61,"1"
"94179",0,0,0,0,0,0,0,4,0,0,0,0,0,0,0,4,4,0,4,0,124,154,124,303.75,18.75,243,243,0.79996375,0,0,0,243,0,"M","5","3660","42654",61,"0"
"94230",0,0,0,0,0,0,0,3,0,0,0,0,0,0,0,3,3,0,3,0,152,192,161,304,15,247.666666666667,247.666666666667,0.814693,0,0,0,247.666666666667,0,NA,"5","3665","42695",61,"0"
"944612",0,0,0,0,0,0,0,2,0,0,0,0,0,0,0,2,2,0,2,0,347,356,346,190,17.5,161.5,135.56,0.7025,0,25.94,25.94,135.56,0,"M","5","3600","40760",61,"0"
"945253",2,0,0,3,0,0,0,0,0,0,0,0,0,0,0,5,5,0,5,0,176,207,181,152.2,19,131.4,131.4,0.8634102,0,0,0,131.4,0,"M","1","2070","14304",61,"0"
"94638",0,0,0,0,0,0,0,3,0,0,0,0,0,0,0,3,3,0,3,0,152,192,174,304,15,247.666666666667,247.666666666667,0.814693,0,0,0,247.666666666667,0,"M","5","3670","43012",61,"0"
"94699",0,0,0,0,0,0,0,3,0,0,0,0,0,0,0,3,3,0,3,0,93,124,112,152,15,140,113.146666666667,0.744385666666667,0,26.8533333333333,26.8533333333333,113.146666666667,0,"M","5","3630","41848",61,"0"
"947385",0,0,0,0,0,7,0,0,0,0,0,0,0,0,0,7,7,0,6,1,122,153,133,155.714285714286,18.5714285714286,132.5,132.5,0.847389166666667,0,0,0,131.833333333333,0,"M","1","2360","19600",61,"0"
"947564",0,0,5,1,0,0,0,0,0,0,0,0,0,0,0,6,6,0,6,0,13,42,19,64.3333333333333,10.8333333333333,63.7726315,59,0.785823166666667,0,4.7726315,4.7726315,59,0,"M","1","2150","15075",52,"0"
"95008",0,0,0,0,0,0,0,3,0,0,0,0,0,0,0,3,3,0,3,0,152,192,152,304,15,247.666666666667,247.666666666667,0.814693,0,0,0,247.666666666667,0,"M","5","3670","43013",73,"0"
"95125",0,0,0,0,0,0,0,3,0,0,0,0,0,0,0,3,3,0,3,0,172,203,186,304,15,239.666666666667,239.666666666667,0.788377,0,0,0,239.666666666667,0,"M","5","3670","42975",73,"0"
"95209",0,0,0,0,0,0,0,3,0,0,0,0,0,0,0,3,3,0,3,0,152,192,168,304,15,247.666666666667,247.666666666667,0.814693,0,0,0,247.666666666667,0,"M","5","3670","43023",84,"0"
"953172",0,0,0,0,0,0,0,3,0,0,0,0,0,0,0,3,3,0,3,0,152,191,159,304,15,247.666666666667,247.666666666667,0.813596333333333,0,0,0,247.333333333333,-0.333333333333333,"M","5","3770","44688",77,"0"
"95355",0,0,0,0,0,0,0,3,0,0,0,0,0,0,0,3,3,0,3,0,152,192,172,304,15,247.666666666667,247.666666666667,0.814693,0,0,0,247.666666666667,0,NA,"5","3670","42966",61,"0"
"95412",0,0,0,0,0,0,0,3,0,0,0,0,0,0,0,3,3,0,3,0,152,192,160,304,15,247.666666666667,247.666666666667,0.814693,0,0,0,247.666666666667,0,NA,"5","3670","42979",61,"0"
"956024",4,0,0,6,0,0,0,0,0,0,0,0,0,0,0,10,10,0,10,0,62,91,47,76,16,71.9,71.9,0.9461468,0,0,0,71.9,0,"F","1","2610","24724",61,"0"
"95634",0,0,0,0,0,0,0,3,0,0,0,0,0,0,0,3,3,0,3,0,152,192,175,304,15,247.666666666667,247.666666666667,0.814693,0,0,0,247.666666666667,0,NA,"5","3680","43111",61,"0"
"95660",0,0,0,0,0,0,0,10,0,0,0,0,0,0,0,10,0,10,10,0,62,77,75,76,17.5,72.2,72.2,0.9500942,0,0,0,72.2,0,"M","5","3680","43361",61,"0"
"95777",0,0,0,0,0,0,0,3,0,0,0,0,0,0,0,3,3,0,3,0,335,364,354,304,16.6666666666667,237.666666666667,237.666666666667,0.781782333333333,0,0,0,237.666666666667,0,NA,"5","3680","43346",61,"0"
"958963",0,0,0,0,0,0,1,0,0,0,0,0,0,0,0,1,1,0,1,0,18,NA,12,50,25,50.657895,29,0.58,0,21.657895,21.657895,29,0,"M","1","2221","16238",61,"1"
"959735",0,0,0,0,0,0,3,0,0,0,0,0,0,0,0,3,3,0,3,0,167,196,188,312.333333333333,16.6666666666667,237.666666666667,237.666666666667,0.761621666666667,0,0,0,237.333333333333,-0.333333333333333,"M","1","2860","27547",61,"0"
"961949",0,0,0,0,0,2,0,0,0,0,0,0,0,0,0,2,2,0,1,1,387,404,452,189.5,17.5,48.68,28,0.56,0,20.68,20.68,28,0,"F","1","2490","22313",61,"1"
"962147",0,3,0,2,0,0,0,0,0,0,0,0,0,0,0,5,5,0,4,1,59,61,47,207.6,16,176.736,122.88,0.5925264,0,53.856,53.856,71.08,0,"F","1","2920","28722",61,"0"
"96311",0,0,0,0,0,0,0,5,0,0,0,0,0,0,0,5,5,0,5,0,152,192,166,152,16,134.8,134.8,0.8868566,0,0,0,134.8,0,"M","5","3680","43069",85,"0"
"96325",0,0,0,0,0,0,0,10,0,0,0,0,0,0,0,10,10,0,10,0,62,91,77,76,16,72.2,72.2,0.9500942,0,0,0,72.2,0,NA,"5","3680","43081",61,"0"
"963283",0,0,0,0,0,0,4,0,0,0,0,0,0,0,0,4,4,0,4,0,80,111,90,253.25,15,202,202,0.746828,0,0,0,197,-0.25,"M","1","2860","27510",61,"1"
"96369",0,0,0,0,0,0,0,3,0,0,0,0,0,0,0,3,3,0,3,0,152,192,174,304,15,247.666666666667,247.666666666667,0.814693,0,0,0,247.666666666667,0,NA,"5","3680","43334",61,"0"
"96490",0,0,0,0,0,0,0,5,0,0,0,0,0,0,0,5,5,0,5,0,152,192,171,152,16,134.8,134.8,0.8868566,0,0,0,134.8,0,"M","5","3680","43039",61,"0"
"96557",0,0,0,0,0,0,0,3,0,0,0,0,0,0,0,3,3,0,3,0,152,192,173,304,15,247.666666666667,247.666666666667,0.814693,0,0,0,247.666666666667,0,NA,"5","3680","43359",61,"0"
"965578",0,0,0,0,0,0,0,3,0,0,0,0,0,0,0,3,3,0,3,0,165,196,182,304,15,246.11,239.666666666667,0.757456,0,6.44333333333333,6.44333333333333,230.266666666667,0,"F","5","3870","45860",61,"0"
"967060",2,0,0,3,0,0,0,0,0,0,0,0,0,0,0,5,5,0,5,0,29,60,42,218.2,17,175.2,171.4,0.7731718,0,3.8,3.8,171.4,0,"F","1","2170","15469",61,"1"
"96717",0,0,0,0,0,0,0,3,0,0,0,0,0,0,0,3,3,0,3,0,152,192,168,304,15,247.666666666667,247.666666666667,0.814693,0,0,0,247.666666666667,0,"M","5","3680","43255",67,"0"
"96823",0,0,0,0,0,0,0,6,0,0,0,0,0,0,0,6,6,0,5,1,183,214,185,156.166666666667,21.25,141.466,137.6,0.8437036,0,3.866,3.866,137.6,0,"M","5","3690","43538",53,"0"
"968619",0,0,0,0,0,0,3,0,0,0,0,0,0,0,0,3,3,0,3,0,220,251,229,304.666666666667,16.6666666666667,237.666666666667,237.666666666667,0.780114,0,0,0,237.666666666667,0,"M","1","2590","24250",61,"0"
"969290",0,0,0,0,0,0,0,4,4,0,0,0,0,0,0,0,4,0,4,0,106,137,122,47.5,4,44.85,44.85,0.925,0,0,0,45.85,0,"M","5","3990","48328",61,"1"
"970777",0,0,0,0,0,0,0,1,0,0,0,0,0,0,0,1,1,0,1,0,67,NA,41,76,25,77,54,0.710526,0,23,23,54,0,"F","5","3680","43334",61,"1"
"970908",0,0,0,0,0,0,0,4,0,0,0,0,0,0,0,4,4,0,3,1,12,434,-16,186.5,21.25,151.950922,145.5,0.78797525,0,6.450922,6.450922,81.21,0,"M","5","3990","48515",61,"1"
"97103",0,0,0,0,0,0,0,3,0,0,0,0,0,0,0,3,3,0,3,0,152,192,166,304,15,247.666666666667,247.666666666667,0.814693,0,0,0,247.666666666667,0,"F","5","3690","43395",61,"0"
"97127",0,0,0,0,0,0,0,3,0,0,0,0,0,0,0,3,3,0,3,0,152,192,159,304,15,247.666666666667,247.666666666667,0.814693,0,0,0,247.666666666667,0,"M","5","3690","43423",61,"0"
"97160",0,0,0,0,0,0,0,3,0,0,0,0,0,0,0,3,3,0,3,0,152,192,153,304,15,247.666666666667,247.666666666667,0.814693,0,0,0,247.666666666667,0,NA,"5","3690","43424",61,"0"
"972441",0,0,0,0,1,0,0,0,0,0,0,0,0,0,0,1,1,0,1,0,73,NA,60,76,25,77,54,0.710526,0,23,23,54,0,"M","7","9170","70232",61,"0"
"972941",0,0,0,0,0,0,0,9,0,0,0,0,0,0,0,9,9,0,8,1,10,12,12,101.222222222222,21.6666666666667,90.0777777777778,87.8555555555556,0.852929222222222,0,2.22222222222222,2.22222222222222,69.7766666666667,0,"M","5","3870","45833",61,"0"
"973065",0,0,0,0,0,11,0,0,0,0,0,0,0,0,0,11,11,0,11,0,55,88,67,73.5454545454545,15.9090909090909,69.4306218181818,67.7272727272727,0.881524727272727,0,1.70334909090909,1.70334909090909,65.7272727272727,-0.0909090909090909,"M","1","2300","18405",61,"0"
"97399",0,0,0,0,0,0,0,5,0,0,0,0,0,0,0,5,5,0,5,0,152,192,160,152,16,134.8,134.8,0.8839618,0,0,0,134.36,-0.44,NA,"5","3700","43856",61,"0"
"975563",0,0,0,0,0,0,0,9,0,0,0,0,0,0,0,9,9,0,9,0,152,199,187,101.333333333333,16.6666666666667,90.7777777777778,90.7777777777778,0.921522777777778,0,0,0,90.7777777777778,0,"M","5","3740","44563",61,"0"
"976258",0,0,0,0,0,0,0,4,0,0,0,0,0,0,0,4,4,0,4,0,318,349,319,189.75,21.25,154.0175,144.5,0.695379,0,9.5175,9.5175,139.1275,-3.0825,"M","5","3620","41553",61,"0"
"977891",0,3,0,2,0,0,0,0,0,0,0,0,0,0,0,5,5,0,5,0,65,96,76,152,16,134.8,134.8,0.886842,0,0,0,134.8,0,"M","1","2960","29914",61,"0"
"978000",0,0,0,0,0,0,0,5,0,0,0,0,0,0,0,5,5,0,5,0,149,180,130,152.2,16,134.8,134.8,0.8656972,0,0,0,131.752,0,"M","2","3290","35578",61,"0"
"978465",0,2,0,1,0,0,0,0,0,0,0,0,0,0,0,3,3,0,3,0,166,196,154,304.333333333333,15,239.666666666667,239.666666666667,0.787532333333333,0,0,0,239.666666666667,0,"F","1","2920","28733",61,"0"
"978548",0,0,2,1,0,0,0,0,0,0,0,0,0,0,0,3,3,0,3,0,167,196,150,304.666666666667,20,239.666666666667,239.666666666667,0.786687666666667,0,0,0,239.666666666667,0,"M","1","2540","23268",61,"0"
"978729",2,0,0,1,0,0,0,0,0,0,0,0,0,0,0,3,3,0,3,0,170,223,180,304.333333333333,15,239.666666666667,239.666666666667,0.787532333333333,0,0,0,239.666666666667,0,"M","1","2100","14655",61,"1"
"97924",0,0,0,0,0,0,0,3,0,0,0,0,0,0,0,3,3,0,3,0,243,273,257,304,16.6666666666667,237.666666666667,237.666666666667,0.779380333333333,0,0,0,236.933333333333,-0.733333333333333,"M","5","3700","43708",61,"0"
"980062",0,0,2,2,0,0,0,0,0,0,0,0,0,0,0,4,4,0,3,1,72,103,74,196.25,13.75,198.826666666667,192,0.834516666666667,0,6.82666666666667,6.82666666666667,192,0,"F","1","2150","15068",61,"1"
"98078",0,0,0,0,0,0,0,4,0,0,0,0,0,0,0,4,4,0,3,1,152,180,133,266,13.75,209.333333333333,209.333333333333,0.844078666666667,0,0,0,208.6,-0.733333333333333,NA,"5","3700","43930",61,"0"
"98118",0,0,0,0,0,0,0,3,0,0,0,0,0,0,0,3,3,0,3,0,152,192,172,304,15,247.666666666667,247.666666666667,0.812280666666667,0,0,0,246.933333333333,-0.733333333333333,NA,"5","3700","43779",61,"1"
"981275",0,3,0,2,0,0,0,0,0,0,0,0,0,0,0,5,5,0,3,2,136,138,129,304,16,245.5,163.0375,0.531217,0,82.4625,82.4625,99.24,-1.545,"F","1","2990","30594",61,"0"
"98130",0,0,0,0,0,0,0,3,0,0,0,0,0,0,0,3,3,0,3,0,152,192,153,304,15,247.666666666667,247.666666666667,0.812280666666667,0,0,0,246.933333333333,-0.733333333333333,NA,"5","3700","43795",61,"0"
"98263",0,0,0,0,0,0,0,3,0,0,0,0,0,0,0,3,3,0,3,0,152,192,168,304,15,247.666666666667,247.666666666667,0.812280666666667,0,0,0,246.933333333333,-0.733333333333333,NA,"5","3700","43864",61,"0"
"98313",0,0,0,0,0,0,0,6,0,0,0,0,0,0,0,6,6,0,6,0,62,91,66,151.833333333333,15.8333333333333,132.833333333333,132.833333333333,0.874850166666667,0,0,0,132.833333333333,0,"M","5","3720","44019",61,"0"
"984244",4,0,0,6,0,0,0,0,0,0,0,0,0,0,0,10,10,0,10,0,67,98,89,73.5,15,68.973684,67.1,0.8716479,0,1.873684,1.873684,64.98,-0.12,"M","1","2610","24780",61,"0"
"98470",0,0,0,0,0,0,0,4,0,0,0,0,0,0,0,4,4,0,4,0,125,154,126,303.75,18.75,243,243,0.79996375,0,0,0,243,0,"M","5","3723","44064",61,"0"
"985688",0,0,0,0,0,0,0,1,0,0,0,0,0,0,0,1,1,0,1,0,115,NA,87,152,25,144,88,0.578947,0,56,56,88,0,"F","5","3511","136064",61,"1"
"987808",0,0,0,0,0,0,0,8,0,0,0,0,0,0,0,8,8,0,7,1,81,84,76,76.25,14.2857142857143,73.25,73.25,0.960948,0,0,0,63.625,0,"F","5","3740","44465",61,"0"
"987888",2,0,0,0,0,0,0,0,0,0,0,0,0,0,0,2,2,0,2,0,32,NA,17,50,25,49.6689475,28.5,0.57,0,21.1689475,21.1689475,28.5,0,"F","1","2018","13335",61,"1"
"98824",0,0,0,0,0,0,0,5,0,0,0,0,0,0,0,5,5,0,5,0,152,192,152,152,16,134.8,134.8,0.8868566,0,0,0,134.8,0,"M","5","3730","44157",75,"0"
"992336",0,0,0,0,0,0,0,2,0,0,0,0,0,0,0,2,2,0,2,0,32,NA,6,50,25,49.6689475,28.5,0.57,0,21.1689475,21.1689475,28.5,0,"M","5","3740","44455",61,"1"
"992812",0,2,0,1,0,0,0,0,0,0,0,0,0,0,0,3,3,0,3,0,158,189,160,231,20,184,184,0.788899333333333,0,0,0,178,0,"M","1","2900","28440",61,"0"
"993957",0,2,0,2,0,0,0,0,0,0,0,0,0,0,0,4,4,0,4,0,188,217,209,189.75,21.25,155,155,0.656435,0,0,0,134.9325,-4.5675,"M","1","2950","29349",70,"0"
"99483",0,0,0,0,0,0,0,3,0,0,0,0,0,0,0,3,3,0,3,0,152,192,171,304,15,247.666666666667,247.666666666667,0.814693,0,0,0,247.666666666667,0,NA,"5","3740","44534",61,"0"
"994863",0,0,0,0,0,0,0,5,0,0,0,0,0,0,0,5,5,0,5,0,160,191,160,131.6,16,116.148,112.4,0.7892104,0,3.748,3.748,109.352,0,"F","5","3900","46119",61,"0"
"995137",0,0,0,0,0,0,3,0,0,0,0,0,0,0,0,3,3,0,3,0,307,336,322,228,16.6666666666667,176.245613333333,170,0.683733333333333,0,6.24561333333333,6.24561333333333,170,0,"M","1","2500","22795",61,"0"
"995855",0,0,0,0,0,0,0,1,0,0,0,0,0,0,0,1,1,0,1,0,52,NA,40,50,25,50.657895,29,0.58,0,21.657895,21.657895,29,0,"M","5","3590","40450",32,"1"
"996186",0,0,0,0,0,0,3,0,0,0,0,0,0,0,0,3,3,0,3,0,295,326,307,228.666666666667,16.6666666666667,176.245613333333,170,0.681206666666667,0,6.24561333333333,6.24561333333333,169.666666666667,-0.333333333333333,"F","2","1980","12490",61,"0"
"996304",0,0,0,0,0,0,0,9,0,0,0,0,0,0,0,9,0,9,9,0,8,25,19,76,13.3333333333333,72.6666666666667,70.4444444444444,0.911754333333333,0,2.22222222222222,2.22222222222222,69.2933333333333,-0.244444444444444,"M","5","3600","41055",61,"0"
"996611",0,0,0,0,0,0,0,6,0,0,0,0,0,0,0,6,6,0,4,2,39,313,19,71.6666666666667,19,67.1096491666667,60.1666666666667,0.806842,0,6.9429825,6.9429825,35.14,0,"M","5","3900","46228",61,"1"
"996845",0,0,0,0,0,0,0,4,0,0,0,0,0,0,0,4,4,0,3,1,11,14,5,234.25,17.5,191.475,191.475,0.79363825,0,0,0,112.625,-7.05,"F","5","3590","40329",61,"0"
